Ref,Val,Package,PosX,PosY,Rot,Side
"CM3","2.4pF","C_0402_1005Metric",29.454200,27.962400,0.000000,bottom
"H1","BAT-HLD-006-SMT","BATHLD006SMT",22.282000,13.840000,180.000000,bottom
"LM1","120nH","L_0603_1608Metric",26.583900,27.962400,0.000000,bottom
