ISO-10303-21;
HEADER;
FILE_DESCRIPTION (( 'STEP AP214' ),
    '1' );
FILE_NAME ('CUI_DEVICES_TS02-66-100-BK-160-SCR-D.step',
    '2021-12-18T19:15:21',
    ( '' ),
    ( '' ),
    'SwSTEP 2.0',
    'SolidWorks 2021',
    '' );
FILE_SCHEMA (( 'AUTOMOTIVE_DESIGN' ));
ENDSEC;

DATA;
#1 = DIRECTION ( 'NONE',  ( 0.0000000000000000000, 0.0000000000000000000, -1.000000000000000000 ) ) ;
#2 = EDGE_LOOP ( 'NONE', ( #3090, #725, #852, #2173, #364, #1299, #2438, #88, #404, #668, #523 ) ) ;
#3 = DIRECTION ( 'NONE',  ( 1.000000000000000000, 0.0000000000000000000, 0.0000000000000000000 ) ) ;
#4 = CARTESIAN_POINT ( 'NONE',  ( -0.1338584372998307126, -0.03149606299212598381, -0.1023622047244094474 ) ) ;
#5 = EDGE_LOOP ( 'NONE', ( #2261, #2563 ) ) ;
#6 = EDGE_CURVE ( 'NONE', #2156, #35, #1924, .T. ) ;
#7 = DIRECTION ( 'NONE',  ( 1.000000000000000000, 0.0000000000000000000, 0.0000000000000000000 ) ) ;
#8 = CARTESIAN_POINT ( 'NONE',  ( 0.0000000000000000000, 0.0000000000000000000, 0.04921259842519685318 ) ) ;
#9 = LINE ( 'NONE', #1856, #1952 ) ;
#10 = EDGE_CURVE ( 'NONE', #2473, #1301, #3025, .T. ) ;
#11 = LINE ( 'NONE', #1349, #315 ) ;
#12 = DIRECTION ( 'NONE',  ( 0.0000000000000000000, 1.000000000000000000, 0.0000000000000000000 ) ) ;
#13 = CARTESIAN_POINT ( 'NONE',  ( 0.08858267716535432601, 0.1496062992125984370, 0.1122047244094488139 ) ) ;
#14 = EDGE_LOOP ( 'NONE', ( #2493, #2946, #1558, #860 ) ) ;
#15 = LINE ( 'NONE', #2149, #817 ) ;
#16 = FACE_OUTER_BOUND ( 'NONE', #3430, .T. ) ;
#17 = ORIENTED_EDGE ( 'NONE', *, *, #1328, .T. ) ;
#18 = CARTESIAN_POINT ( 'NONE',  ( -0.1338584372998307126, -0.03149606299212598381, -0.1023622047244094474 ) ) ;
#19 = EDGE_CURVE ( 'NONE', #784, #3185, #2962, .T. ) ;
#20 = VERTEX_POINT ( 'NONE', #2981 ) ;
#21 = EDGE_CURVE ( 'NONE', #1176, #3054, #2208, .T. ) ;
#22 = LINE ( 'NONE', #3062, #883 ) ;
#23 = LINE ( 'NONE', #767, #3103 ) ;
#24 = VECTOR ( 'NONE', #1986, 39.37007874015748143 ) ;
#25 = AXIS2_PLACEMENT_3D ( 'NONE', #2682, #1398, #1320 ) ;
#26 = CIRCLE ( 'NONE', #1670, 0.02362204724409448092 ) ;
#27 = CARTESIAN_POINT ( 'NONE',  ( -0.1408568301426933178, -0.03510474995793744224, 0.1023622047244094474 ) ) ;
#28 = AXIS2_PLACEMENT_3D ( 'NONE', #3162, #1244, #724 ) ;
#29 = AXIS2_PLACEMENT_3D ( 'NONE', #663, #2338, #3393 ) ;
#30 = CYLINDRICAL_SURFACE ( 'NONE', #3279, 0.02362204724409448092 ) ;
#31 = CIRCLE ( 'NONE', #3170, 0.02362204724409448092 ) ;
#32 = DIRECTION ( 'NONE',  ( 0.0000000000000000000, -1.000000000000000000, 0.0000000000000000000 ) ) ;
#33 = EDGE_CURVE ( 'NONE', #1455, #2125, #2285, .T. ) ;
#34 = CYLINDRICAL_SURFACE ( 'NONE', #3391, 0.07283464566929134798 ) ;
#35 = VERTEX_POINT ( 'NONE', #556 ) ;
#36 = VECTOR ( 'NONE', #1740, 39.37007874015748143 ) ;
#37 = CARTESIAN_POINT ( 'NONE',  ( -0.1185480476730569055, -0.06118778250134625923, -0.09251968503937008093 ) ) ;
#38 = AXIS2_PLACEMENT_3D ( 'NONE', #1946, #2780, #596 ) ;
#39 = CARTESIAN_POINT ( 'NONE',  ( 0.1338584372998307126, -0.03149606299212598381, -0.1023622047244094474 ) ) ;
#40 =( NAMED_UNIT ( * ) SI_UNIT ( $, .STERADIAN. ) SOLID_ANGLE_UNIT ( ) );
#41 = VERTEX_POINT ( 'NONE', #2224 ) ;
#42 = FACE_OUTER_BOUND ( 'NONE', #2902, .T. ) ;
#43 = ORIENTED_EDGE ( 'NONE', *, *, #1476, .T. ) ;
#44 = DIRECTION ( 'NONE',  ( 0.0000000000000000000, 0.0000000000000000000, 1.000000000000000000 ) ) ;
#45 = CARTESIAN_POINT ( 'NONE',  ( 0.1122047244094488277, 0.1377952755905511861, 0.1122047244094488277 ) ) ;
#46 = LINE ( 'NONE', #2200, #526 ) ;
#47 = DIRECTION ( 'NONE',  ( 0.0000000000000000000, -1.000000000000000000, 0.0000000000000000000 ) ) ;
#48 = DIRECTION ( 'NONE',  ( 0.0000000000000000000, 0.0000000000000000000, 1.000000000000000000 ) ) ;
#49 = ORIENTED_EDGE ( 'NONE', *, *, #432, .T. ) ;
#50 = DIRECTION ( 'NONE',  ( 0.0000000000000000000, 0.0000000000000000000, 1.000000000000000000 ) ) ;
#51 = LINE ( 'NONE', #2223, #1223 ) ;
#52 = DIRECTION ( 'NONE',  ( -0.4153637994577553672, -0.8055226371389487827, -0.4226182617407003850 ) ) ;
#53 = ORIENTED_EDGE ( 'NONE', *, *, #2883, .T. ) ;
#54 = CARTESIAN_POINT ( 'NONE',  ( -0.1259842519685039353, 0.001910576577067484277, -0.1023622047244094474 ) ) ;
#55 = ORIENTED_EDGE ( 'NONE', *, *, #1647, .T. ) ;
#56 = CARTESIAN_POINT ( 'NONE',  ( 0.1409035942525671270, -0.02797954660348830891, 0.1023622047244094474 ) ) ;
#57 = MANIFOLD_SOLID_BREP ( 'Imported4', #357 ) ;
#58 = DIRECTION ( 'NONE',  ( -1.000000000000000000, 0.0000000000000000000, 0.0000000000000000000 ) ) ;
#59 = EDGE_CURVE ( 'NONE', #2679, #2156, #2770, .T. ) ;
#60 = EDGE_CURVE ( 'NONE', #708, #647, #2721, .T. ) ;
#61 = VERTEX_POINT ( 'NONE', #843 ) ;
#62 = DIRECTION ( 'NONE',  ( -0.8887958910435519444, 0.4583032446580520558, 0.0000000000000000000 ) ) ;
#63 = EDGE_CURVE ( 'NONE', #685, #2371, #291, .T. ) ;
#64 = CARTESIAN_POINT ( 'NONE',  ( -0.1181102362204724532, 0.1299212598425196763, 0.1181102362204724532 ) ) ;
#65 = FACE_OUTER_BOUND ( 'NONE', #2580, .T. ) ;
#66 = ORIENTED_EDGE ( 'NONE', *, *, #1823, .F. ) ;
#67 = DIRECTION ( 'NONE',  ( 0.0000000000000000000, 0.0000000000000000000, 1.000000000000000000 ) ) ;
#68 = EDGE_LOOP ( 'NONE', ( #3531, #1408, #3182, #1228 ) ) ;
#69 = DIRECTION ( 'NONE',  ( -0.4465975813569838526, 0.8947349329975285981, 0.0000000000000000000 ) ) ;
#70 = CARTESIAN_POINT ( 'NONE',  ( -0.08858267716535432601, 0.1377952755905511861, -0.1122047244094488139 ) ) ;
#71 = VECTOR ( 'NONE', #3307, 39.37007874015748143 ) ;
#72 = LINE ( 'NONE', #2252, #414 ) ;
#73 = AXIS2_PLACEMENT_3D ( 'NONE', #1332, #2185, #1650 ) ;
#74 = LENGTH_MEASURE_WITH_UNIT ( LENGTH_MEASURE( 0.02539999999999999897 ), #2518 );
#75 = AXIS2_PLACEMENT_3D ( 'NONE', #375, #3064, #861 ) ;
#76 = VECTOR ( 'NONE', #1195, 39.37007874015748143 ) ;
#77 = VERTEX_POINT ( 'NONE', #325 ) ;
#78 = ORIENTED_EDGE ( 'NONE', *, *, #2278, .F. ) ;
#79 = PRODUCT_CONTEXT ( 'NONE', #1750, 'mechanical' ) ;
#80 = DIRECTION ( 'NONE',  ( 0.0000000000000000000, 0.0000000000000000000, 1.000000000000000000 ) ) ;
#81 = AXIS2_PLACEMENT_3D ( 'NONE', #530, #2735, #2980 ) ;
#82 = CARTESIAN_POINT ( 'NONE',  ( 0.1122047244094488277, 0.1377952755905511861, 0.1181102362204724532 ) ) ;
#83 = EDGE_CURVE ( 'NONE', #2155, #1518, #1609, .T. ) ;
#84 = CIRCLE ( 'NONE', #3058, 0.007874015748031499423 ) ;
#85 = LINE ( 'NONE', #941, #24 ) ;
#86 = VERTEX_POINT ( 'NONE', #3009 ) ;
#87 = PLANE ( 'NONE',  #994 ) ;
#88 = ORIENTED_EDGE ( 'NONE', *, *, #2794, .T. ) ;
#89 = EDGE_CURVE ( 'NONE', #784, #211, #2458, .T. ) ;
#90 = DIRECTION ( 'NONE',  ( -1.000000000000000000, 0.0000000000000000000, 0.0000000000000000000 ) ) ;
#91 = LINE ( 'NONE', #2263, #1044 ) ;
#92 = AXIS2_PLACEMENT_3D ( 'NONE', #902, #630, #1718 ) ;
#93 = EDGE_CURVE ( 'NONE', #1293, #3433, #85, .T. ) ;
#94 = CARTESIAN_POINT ( 'NONE',  ( -0.08858267716535432601, 0.1496062992125984370, 0.1122047244094488139 ) ) ;
#95 = CARTESIAN_POINT ( 'NONE',  ( 0.1417324530478622224, -0.03149606299212598381, -0.1023622047244094474 ) ) ;
#96 = VERTEX_POINT ( 'NONE', #2024 ) ;
#97 = ORIENTED_EDGE ( 'NONE', *, *, #2813, .T. ) ;
#98 = CARTESIAN_POINT ( 'NONE',  ( -0.1408568301426933178, -0.03510474995793744224, 0.07480314960629921850 ) ) ;
#99 = DIRECTION ( 'NONE',  ( 0.0000000000000000000, 0.0000000000000000000, -1.000000000000000000 ) ) ;
#100 = DIRECTION ( 'NONE',  ( 0.0000000000000000000, 1.000000000000000000, 0.0000000000000000000 ) ) ;
#101 = VERTEX_POINT ( 'NONE', #652 ) ;
#102 = DIRECTION ( 'NONE',  ( 0.0000000000000000000, -1.000000000000000000, 0.0000000000000000000 ) ) ;
#103 = ORIENTED_EDGE ( 'NONE', *, *, #2016, .T. ) ;
#104 = CARTESIAN_POINT ( 'NONE',  ( -0.08858267716535432601, 0.1377952755905511861, 0.06496062992125983815 ) ) ;
#105 = EDGE_LOOP ( 'NONE', ( #2078, #2891, #2782, #78, #780, #3482, #1868, #2034, #2734, #1239, #1318 ) ) ;
#106 = CARTESIAN_POINT ( 'NONE',  ( -0.1122047244094488277, 0.1299212598425196763, 0.1122047244094488277 ) ) ;
#107 = EDGE_CURVE ( 'NONE', #945, #1103, #2463, .T. ) ;
#108 = UNCERTAINTY_MEASURE_WITH_UNIT (LENGTH_MEASURE( 1.000000000000000082E-05 ), #2192, 'distance_accuracy_value', 'NONE');
#109 = DIRECTION ( 'NONE',  ( 0.0000000000000000000, -1.000000000000000000, 0.0000000000000000000 ) ) ;
#110 = CARTESIAN_POINT ( 'NONE',  ( -0.1083935435132570846, -0.03220340707415822457, -0.1023622047244094474 ) ) ;
#111 = PRESENTATION_STYLE_ASSIGNMENT (( #2609 ) ) ;
#112 = ORIENTED_EDGE ( 'NONE', *, *, #562, .T. ) ;
#113 = DIRECTION ( 'NONE',  ( 0.0000000000000000000, 0.0000000000000000000, 1.000000000000000000 ) ) ;
#114 = DIRECTION ( 'NONE',  ( 0.0000000000000000000, 0.0000000000000000000, 1.000000000000000000 ) ) ;
#115 = DIRECTION ( 'NONE',  ( 0.4583032446580520558, -0.8887958910435519444, 0.0000000000000000000 ) ) ;
#116 = ORIENTED_EDGE ( 'NONE', *, *, #2238, .F. ) ;
#117 = CARTESIAN_POINT ( 'NONE',  ( -0.1259842519685039353, 0.02755905511811023584, 0.1023622047244094474 ) ) ;
#118 = ORIENTED_EDGE ( 'NONE', *, *, #451, .T. ) ;
#119 = EDGE_CURVE ( 'NONE', #841, #1033, #2756, .T. ) ;
#120 = DIRECTION ( 'NONE',  ( 1.000000000000000000, 0.0000000000000000000, 0.0000000000000000000 ) ) ;
#121 = DIRECTION ( 'NONE',  ( 2.168404344971010446E-15, -1.000000000000000000, 0.0000000000000000000 ) ) ;
#122 = EDGE_CURVE ( 'NONE', #1080, #1854, #2271, .T. ) ;
#123 = DIRECTION ( 'NONE',  ( 0.0000000000000000000, 1.000000000000000000, 0.0000000000000000000 ) ) ;
#124 = EDGE_CURVE ( 'NONE', #339, #2396, #3378, .T. ) ;
#125 = CARTESIAN_POINT ( 'NONE',  ( 0.08858267716535432601, 0.1496062992125984370, -0.08858267716535432601 ) ) ;
#126 = DIRECTION ( 'NONE',  ( 0.0000000000000000000, 0.0000000000000000000, 1.000000000000000000 ) ) ;
#127 = COLOUR_RGB ( '',0.8313725490196077761, 0.8392156862745098200, 0.8313725490196077761 ) ;
#128 = VECTOR ( 'NONE', #2503, 39.37007874015748143 ) ;
#129 = ORIENTED_EDGE ( 'NONE', *, *, #3102, .T. ) ;
#130 = LINE ( 'NONE', #2896, #2587 ) ;
#131 = VECTOR ( 'NONE', #354, 39.37007874015748143 ) ;
#132 = VECTOR ( 'NONE', #165, 39.37007874015748143 ) ;
#133 = EDGE_CURVE ( 'NONE', #2371, #242, #631, .T. ) ;
#134 = CARTESIAN_POINT ( 'NONE',  ( 0.0000000000000000000, 0.1299212598425196763, 0.06889763779527559306 ) ) ;
#135 = DIRECTION ( 'NONE',  ( -1.000000000000000000, 0.0000000000000000000, 0.0000000000000000000 ) ) ;
#136 = EDGE_LOOP ( 'NONE', ( #2864, #3164, #1544, #3088 ) ) ;
#137 = VECTOR ( 'NONE', #3417, 39.37007874015748143 ) ;
#138 = AXIS2_PLACEMENT_3D ( 'NONE', #261, #3306, #2487 ) ;
#139 = DIRECTION ( 'NONE',  ( 0.0000000000000000000, 1.000000000000000000, 0.0000000000000000000 ) ) ;
#140 = ORIENTED_EDGE ( 'NONE', *, *, #2797, .F. ) ;
#141 = CARTESIAN_POINT ( 'NONE',  ( 0.08858267716535432601, 0.1299212598425196763, 0.06496062992125983815 ) ) ;
#142 = ORIENTED_EDGE ( 'NONE', *, *, #3046, .T. ) ;
#143 = LINE ( 'NONE', #1441, #2413 ) ;
#144 = AXIS2_PLACEMENT_3D ( 'NONE', #3217, #1579, #3429 ) ;
#145 = MECHANICAL_DESIGN_GEOMETRIC_PRESENTATION_REPRESENTATION (  '', ( #771 ), #1059 ) ;
#146 = DIRECTION ( 'NONE',  ( 0.0000000000000000000, -1.000000000000000000, 0.0000000000000000000 ) ) ;
#147 = CARTESIAN_POINT ( 'NONE',  ( -0.1338584372998307126, -0.03149606299212598381, 0.07480314960629921850 ) ) ;
#148 = SURFACE_STYLE_FILL_AREA ( #1251 ) ;
#149 = ORIENTED_EDGE ( 'NONE', *, *, #1087, .T. ) ;
#150 = CARTESIAN_POINT ( 'NONE',  ( -0.1338584372998307126, -0.03149606299212598381, 0.1023622047244094474 ) ) ;
#151 = DIRECTION ( 'NONE',  ( 0.0000000000000000000, 0.0000000000000000000, 1.000000000000000000 ) ) ;
#152 = CARTESIAN_POINT ( 'NONE',  ( 0.0000000000000000000, 0.1299212598425196763, 0.0000000000000000000 ) ) ;
#153 = ORIENTED_EDGE ( 'NONE', *, *, #1212, .T. ) ;
#154 = LINE ( 'NONE', #1472, #2716 ) ;
#155 = ORIENTED_EDGE ( 'NONE', *, *, #1951, .F. ) ;
#156 = LINE ( 'NONE', #2870, #2188 ) ;
#157 = ORIENTED_EDGE ( 'NONE', *, *, #3286, .T. ) ;
#158 = ORIENTED_EDGE ( 'NONE', *, *, #917, .T. ) ;
#159 = FACE_OUTER_BOUND ( 'NONE', #171, .T. ) ;
#160 = SPHERICAL_SURFACE ( 'NONE', #411, 0.03937007874015747977 ) ;
#161 = DIRECTION ( 'NONE',  ( 0.0000000000000000000, 0.0000000000000000000, -1.000000000000000000 ) ) ;
#162 = EDGE_CURVE ( 'NONE', #86, #1188, #1719, .T. ) ;
#163 = ORIENTED_EDGE ( 'NONE', *, *, #3214, .T. ) ;
#164 = EDGE_CURVE ( 'NONE', #2975, #2964, #2562, .T. ) ;
#165 = DIRECTION ( 'NONE',  ( 0.0000000000000000000, -1.000000000000000000, 0.0000000000000000000 ) ) ;
#166 = CARTESIAN_POINT ( 'NONE',  ( 7.084781862897258660E-18, 0.3937007874015748254, -0.05588432940647960340 ) ) ;
#167 = CARTESIAN_POINT ( 'NONE',  ( 0.0000000000000000000, 0.1377952755905511861, 0.07283464566929134798 ) ) ;
#168 = EDGE_CURVE ( 'NONE', #3247, #823, #3072, .T. ) ;
#169 = VERTEX_POINT ( 'NONE', #1434 ) ;
#170 = FACE_OUTER_BOUND ( 'NONE', #490, .T. ) ;
#171 = EDGE_LOOP ( 'NONE', ( #2225, #303, #2550, #3141 ) ) ;
#172 = DIRECTION ( 'NONE',  ( -1.000000000000000000, 0.0000000000000000000, 0.0000000000000000000 ) ) ;
#173 = ORIENTED_EDGE ( 'NONE', *, *, #897, .T. ) ;
#174 = VERTEX_POINT ( 'NONE', #665 ) ;
#175 = DIRECTION ( 'NONE',  ( 0.0000000000000000000, -1.000000000000000000, 0.0000000000000000000 ) ) ;
#176 = LINE ( 'NONE', #1266, #2871 ) ;
#177 = ORIENTED_EDGE ( 'NONE', *, *, #849, .T. ) ;
#178 = CIRCLE ( 'NONE', #3154, 0.007874015748031499423 ) ;
#179 = CARTESIAN_POINT ( 'NONE',  ( -0.1352200082310885954, -0.04603634211220338640, 0.07480314960629921850 ) ) ;
#180 = AXIS2_PLACEMENT_3D ( 'NONE', #1817, #2103, #1833 ) ;
#181 = AXIS2_PLACEMENT_3D ( 'NONE', #3277, #304, #822 ) ;
#182 = DIRECTION ( 'NONE',  ( 0.0000000000000000000, 0.0000000000000000000, 1.000000000000000000 ) ) ;
#183 = ORIENTED_EDGE ( 'NONE', *, *, #3076, .T. ) ;
#184 = LINE ( 'NONE', #1559, #3120 ) ;
#185 = VECTOR ( 'NONE', #1306, 39.37007874015748143 ) ;
#186 = AXIS2_PLACEMENT_3D ( 'NONE', #1478, #951, #48 ) ;
#187 = CARTESIAN_POINT ( 'NONE',  ( 0.08858267716535432601, 0.1377952755905511861, -0.1122047244094488139 ) ) ;
#188 = ORIENTED_EDGE ( 'NONE', *, *, #2016, .F. ) ;
#189 = VECTOR ( 'NONE', #1142, 39.37007874015748143 ) ;
#190 = PLANE ( 'NONE',  #2533 ) ;
#191 = CIRCLE ( 'NONE', #256, 0.005905511811023620231 ) ;
#192 = VERTEX_POINT ( 'NONE', #1756 ) ;
#193 = ORIENTED_EDGE ( 'NONE', *, *, #2529, .T. ) ;
#194 = ORIENTED_EDGE ( 'NONE', *, *, #3372, .T. ) ;
#195 = AXIS2_PLACEMENT_3D ( 'NONE', #1646, #3251, #832 ) ;
#196 = ADVANCED_FACE ( 'NONE', ( #2549 ), #2786, .T. ) ;
#197 = FACE_OUTER_BOUND ( 'NONE', #554, .T. ) ;
#198 = CIRCLE ( 'NONE', #1734, 0.007874015748031499423 ) ;
#199 = CARTESIAN_POINT ( 'NONE',  ( -0.1122047244094488277, 0.1377952755905511861, 0.1122047244094488277 ) ) ;
#200 = EDGE_CURVE ( 'NONE', #1103, #945, #752, .T. ) ;
#201 = AXIS2_PLACEMENT_3D ( 'NONE', #3242, #210, #452 ) ;
#202 = ORIENTED_EDGE ( 'NONE', *, *, #520, .T. ) ;
#203 = AXIS2_PLACEMENT_3D ( 'NONE', #3270, #2451, #850 ) ;
#204 = CARTESIAN_POINT ( 'NONE',  ( -0.1408568301426933178, -0.03510474995793744224, -0.1023622047244094474 ) ) ;
#205 = DIRECTION ( 'NONE',  ( 1.000000000000000000, 0.0000000000000000000, 0.0000000000000000000 ) ) ;
#206 = SURFACE_SIDE_STYLE ('',( #3444 ) ) ;
#207 = ORIENTED_EDGE ( 'NONE', *, *, #2142, .F. ) ;
#208 = ORIENTED_EDGE ( 'NONE', *, *, #1943, .T. ) ;
#209 = FILL_AREA_STYLE_COLOUR ( '', #3357 ) ;
#210 = DIRECTION ( 'NONE',  ( 0.0000000000000000000, -1.000000000000000000, 0.0000000000000000000 ) ) ;
#211 = VERTEX_POINT ( 'NONE', #2835 ) ;
#212 = SURFACE_STYLE_FILL_AREA ( #496 ) ;
#213 = VERTEX_POINT ( 'NONE', #3397 ) ;
#214 = VERTEX_POINT ( 'NONE', #2847 ) ;
#215 = ORIENTED_EDGE ( 'NONE', *, *, #2546, .T. ) ;
#216 = EDGE_CURVE ( 'NONE', #1526, #2975, #1835, .T. ) ;
#217 = CARTESIAN_POINT ( 'NONE',  ( -0.08858267716535432601, 0.1299212598425196763, -0.06496062992125983815 ) ) ;
#218 = ADVANCED_FACE ( 'NONE', ( #65 ), #2579, .T. ) ;
#219 = CARTESIAN_POINT ( 'NONE',  ( -0.1352200082310885954, -0.04603634211220338640, -0.1023622047244094474 ) ) ;
#220 = EDGE_CURVE ( 'NONE', #1466, #20, #2239, .T. ) ;
#221 = ORIENTED_EDGE ( 'NONE', *, *, #2206, .T. ) ;
#222 = LINE ( 'NONE', #2414, #306 ) ;
#223 = FACE_OUTER_BOUND ( 'NONE', #3007, .T. ) ;
#224 = CARTESIAN_POINT ( 'NONE',  ( -0.08858267716535432601, 0.1496062992125984370, -0.06496062992125983815 ) ) ;
#225 = ORIENTED_EDGE ( 'NONE', *, *, #910, .T. ) ;
#226 = DIRECTION ( 'NONE',  ( -0.4583032446580520558, -0.8887958910435519444, 0.0000000000000000000 ) ) ;
#227 = CARTESIAN_POINT ( 'NONE',  ( 0.1181102362204724532, 0.0000000000000000000, -0.1122047244094488277 ) ) ;
#228 = ORIENTED_EDGE ( 'NONE', *, *, #1487, .F. ) ;
#229 = DIRECTION ( 'NONE',  ( 1.000000000000000000, 0.0000000000000000000, 0.0000000000000000000 ) ) ;
#230 = ORIENTED_EDGE ( 'NONE', *, *, #1723, .T. ) ;
#231 = ORIENTED_EDGE ( 'NONE', *, *, #1960, .T. ) ;
#232 = ORIENTED_EDGE ( 'NONE', *, *, #1354, .T. ) ;
#233 = EDGE_CURVE ( 'NONE', #1012, #20, #903, .T. ) ;
#234 = PLANE ( 'NONE',  #2007 ) ;
#235 = LINE ( 'NONE', #1056, #2465 ) ;
#236 = CYLINDRICAL_SURFACE ( 'NONE', #3231, 0.005905511811023620231 ) ;
#237 = EDGE_LOOP ( 'NONE', ( #3196, #1152 ) ) ;
#238 = CARTESIAN_POINT ( 'NONE',  ( -0.08858267716535432601, 0.1299212598425196763, 0.06496062992125983815 ) ) ;
#239 = ADVANCED_FACE ( 'NONE', ( #1973 ), #616, .T. ) ;
#240 = CARTESIAN_POINT ( 'NONE',  ( 0.1259842519685039353, 0.001910576577067480157, 0.1023622047244094474 ) ) ;
#241 = CARTESIAN_POINT ( 'NONE',  ( -0.1181102362204724532, 0.1377952755905511861, -0.1181102362204724532 ) ) ;
#242 = VERTEX_POINT ( 'NONE', #3364 ) ;
#243 = DIRECTION ( 'NONE',  ( 0.0000000000000000000, 0.0000000000000000000, -1.000000000000000000 ) ) ;
#244 = CIRCLE ( 'NONE', #2231, 0.005905511811023620231 ) ;
#245 = EDGE_CURVE ( 'NONE', #2427, #978, #1557, .T. ) ;
#246 = CARTESIAN_POINT ( 'NONE',  ( -0.1181102362204724532, 0.0000000000000000000, -0.1181102362204724532 ) ) ;
#247 = ORIENTED_EDGE ( 'NONE', *, *, #1496, .F. ) ;
#248 = CARTESIAN_POINT ( 'NONE',  ( -0.1259842519685039353, 0.001910576577067480157, 0.07480314960629921850 ) ) ;
#249 = ORIENTED_EDGE ( 'NONE', *, *, #1716, .T. ) ;
#250 = DIRECTION ( 'NONE',  ( 0.0000000000000000000, 0.0000000000000000000, 1.000000000000000000 ) ) ;
#251 = ORIENTED_EDGE ( 'NONE', *, *, #1520, .F. ) ;
#252 = AXIS2_PLACEMENT_3D ( 'NONE', #2431, #1292, #789 ) ;
#253 = AXIS2_PLACEMENT_3D ( 'NONE', #1275, #2093, #3195 ) ;
#254 = ORIENTED_EDGE ( 'NONE', *, *, #1830, .T. ) ;
#255 = VECTOR ( 'NONE', #278, 39.37007874015748143 ) ;
#256 = AXIS2_PLACEMENT_3D ( 'NONE', #106, #2318, #894 ) ;
#257 = CARTESIAN_POINT ( 'NONE',  ( 0.08858267716535432601, 0.1377952755905511861, -0.06496062992125983815 ) ) ;
#258 = VECTOR ( 'NONE', #2097, 39.37007874015748143 ) ;
#259 = DIRECTION ( 'NONE',  ( 0.0000000000000000000, -1.000000000000000000, 0.0000000000000000000 ) ) ;
#260 = AXIS2_PLACEMENT_3D ( 'NONE', #603, #873, #2498 ) ;
#261 = CARTESIAN_POINT ( 'NONE',  ( 0.0000000000000000000, 0.3899011791208760180, 0.0000000000000000000 ) ) ;
#262 = CARTESIAN_POINT ( 'NONE',  ( -0.08858267716535432601, 0.1299212598425196763, 0.1122047244094488139 ) ) ;
#263 = CIRCLE ( 'NONE', #483, 0.02362204724409448092 ) ;
#264 = CARTESIAN_POINT ( 'NONE',  ( 0.1338584372998307126, -0.03149606299212598381, -0.1023622047244094474 ) ) ;
#265 = AXIS2_PLACEMENT_3D ( 'NONE', #3363, #2815, #2863 ) ;
#266 = ORIENTED_EDGE ( 'NONE', *, *, #629, .T. ) ;
#267 = ADVANCED_FACE ( 'NONE', ( #2653 ), #701, .F. ) ;
#268 = DIRECTION ( 'NONE',  ( 0.0000000000000000000, 1.000000000000000000, 0.0000000000000000000 ) ) ;
#269 = ADVANCED_FACE ( 'NONE', ( #2914 ), #2326, .F. ) ;
#270 = CYLINDRICAL_SURFACE ( 'NONE', #2133, 0.005905511811023620231 ) ;
#271 = VERTEX_POINT ( 'NONE', #468 ) ;
#272 =( NAMED_UNIT ( * ) PLANE_ANGLE_UNIT ( ) SI_UNIT ( $, .RADIAN. ) );
#273 = DIRECTION ( 'NONE',  ( -0.4583032446580520558, -0.8887958910435519444, 0.0000000000000000000 ) ) ;
#274 = VERTEX_POINT ( 'NONE', #1021 ) ;
#275 = ADVANCED_FACE ( 'NONE', ( #1238 ), #2629, .T. ) ;
#276 = ORIENTED_EDGE ( 'NONE', *, *, #2909, .F. ) ;
#277 = CARTESIAN_POINT ( 'NONE',  ( -0.1181102362204724532, 0.02755905511811023584, 0.07480314960629921850 ) ) ;
#278 = DIRECTION ( 'NONE',  ( 0.0000000000000000000, -1.000000000000000000, 0.0000000000000000000 ) ) ;
#279 = CYLINDRICAL_SURFACE ( 'NONE', #3098, 0.005905511811023620231 ) ;
#280 = CARTESIAN_POINT ( 'NONE',  ( -0.1282216153882259901, -0.04242765514639196961, 0.07480314960629921850 ) ) ;
#281 = CYLINDRICAL_SURFACE ( 'NONE', #694, 0.007874015748031499423 ) ;
#282 = EDGE_CURVE ( 'NONE', #286, #1455, #3427, .T. ) ;
#283 = CARTESIAN_POINT ( 'NONE',  ( 0.1189390950157675347, -0.001605939811570186943, -0.1023622047244094474 ) ) ;
#284 = ADVANCED_FACE ( 'NONE', ( #958 ), #2054, .F. ) ;
#285 = SURFACE_STYLE_USAGE ( .BOTH. , #2713 ) ;
#286 = VERTEX_POINT ( 'NONE', #3156 ) ;
#287 = DIRECTION ( 'NONE',  ( 0.0000000000000000000, 1.000000000000000000, 0.0000000000000000000 ) ) ;
#288 = LINE ( 'NONE', #1135, #1847 ) ;
#289 = ORIENTED_EDGE ( 'NONE', *, *, #3110, .T. ) ;
#290 = PLANE ( 'NONE',  #2874 ) ;
#291 = LINE ( 'NONE', #2443, #2917 ) ;
#292 = ORIENTED_EDGE ( 'NONE', *, *, #2753, .F. ) ;
#293 = DIRECTION ( 'NONE',  ( -0.9779175499833030472, 0.0000000000000000000, 0.2089910654421710257 ) ) ;
#294 = DIRECTION ( 'NONE',  ( 0.0000000000000000000, 0.0000000000000000000, 1.000000000000000000 ) ) ;
#295 = EDGE_CURVE ( 'NONE', #1230, #1358, #1792, .T. ) ;
#296 = CARTESIAN_POINT ( 'NONE',  ( 0.1181102362204724532, 0.1299212598425196763, -0.1181102362204724532 ) ) ;
#297 =( NAMED_UNIT ( * ) SI_UNIT ( $, .STERADIAN. ) SOLID_ANGLE_UNIT ( ) );
#298 = DIRECTION ( 'NONE',  ( 0.0000000000000000000, 0.0000000000000000000, -1.000000000000000000 ) ) ;
#299 = FACE_OUTER_BOUND ( 'NONE', #2558, .T. ) ;
#300 = EDGE_LOOP ( 'NONE', ( #363, #2615, #2655, #276 ) ) ;
#301 = CYLINDRICAL_SURFACE ( 'NONE', #2348, 0.005905511811023620231 ) ;
#302 = CARTESIAN_POINT ( 'NONE',  ( 0.1189390950157675347, -0.001605939811570186943, 0.07480314960629921850 ) ) ;
#303 = ORIENTED_EDGE ( 'NONE', *, *, #1547, .F. ) ;
#304 = DIRECTION ( 'NONE',  ( 0.0000000000000000000, 0.0000000000000000000, -1.000000000000000000 ) ) ;
#305 = ORIENTED_EDGE ( 'NONE', *, *, #2388, .T. ) ;
#306 = VECTOR ( 'NONE', #1309, 39.37007874015748854 ) ;
#307 = VECTOR ( 'NONE', #250, 39.37007874015748143 ) ;
#308 = CARTESIAN_POINT ( 'NONE',  ( 0.1409035942525671270, -0.02797954660348830891, -0.07480314960629921850 ) ) ;
#309 = AXIS2_PLACEMENT_3D ( 'NONE', #2949, #2120, #517 ) ;
#310 = CARTESIAN_POINT ( 'NONE',  ( 0.1181102362204724532, 0.02755905511811023584, 0.1023622047244094474 ) ) ;
#311 = PRESENTATION_LAYER_ASSIGNMENT (  '', '', ( #360 ) ) ;
#312 = EDGE_CURVE ( 'NONE', #3272, #3157, #734, .T. ) ;
#313 = VECTOR ( 'NONE', #2516, 39.37007874015748143 ) ;
#314 = CARTESIAN_POINT ( 'NONE',  ( -0.08858267716535432601, 0.1377952755905511861, 0.1122047244094488139 ) ) ;
#315 = VECTOR ( 'NONE', #2971, 39.37007874015748143 ) ;
#316 = CARTESIAN_POINT ( 'NONE',  ( -0.1189390950157675347, -0.001605939811570186943, 0.1023622047244094474 ) ) ;
#317 = CARTESIAN_POINT ( 'NONE',  ( -0.1185480476730569055, -0.06118778250134625923, 0.1023622047244094474 ) ) ;
#318 = PLANE ( 'NONE',  #73 ) ;
#319 = ORIENTED_EDGE ( 'NONE', *, *, #787, .T. ) ;
#320 = DIRECTION ( 'NONE',  ( 1.000000000000000000, 0.0000000000000000000, 0.0000000000000000000 ) ) ;
#321 = AXIS2_PLACEMENT_3D ( 'NONE', #2834, #1703, #385 ) ;
#322 = CARTESIAN_POINT ( 'NONE',  ( -0.1181102362204724532, 0.0000000000000000000, 0.1181102362204724532 ) ) ;
#323 =( GEOMETRIC_REPRESENTATION_CONTEXT ( 3 ) GLOBAL_UNCERTAINTY_ASSIGNED_CONTEXT ( ( #2066 ) ) GLOBAL_UNIT_ASSIGNED_CONTEXT ( ( #2366, #777, #2691 ) ) REPRESENTATION_CONTEXT ( 'NONE', 'WORKASPACE' ) );
#324 = CARTESIAN_POINT ( 'NONE',  ( 0.1181102362204724532, 0.1299212598425196763, -0.1181102362204724532 ) ) ;
#325 = CARTESIAN_POINT ( 'NONE',  ( 0.08858267716535432601, 0.1377952755905511861, -0.1122047244094488139 ) ) ;
#326 = VERTEX_POINT ( 'NONE', #167 ) ;
#327 = DIRECTION ( 'NONE',  ( 0.0000000000000000000, -1.000000000000000000, 0.0000000000000000000 ) ) ;
#328 = VERTEX_POINT ( 'NONE', #3210 ) ;
#329 = EDGE_CURVE ( 'NONE', #1884, #2441, #2379, .T. ) ;
#330 = LINE ( 'NONE', #3044, #3108 ) ;
#331 = EDGE_CURVE ( 'NONE', #1145, #515, #592, .T. ) ;
#332 = CARTESIAN_POINT ( 'NONE',  ( -0.1181102362204724532, 0.03543307086614173179, -0.1023622047244094474 ) ) ;
#333 = ADVANCED_FACE ( 'NONE', ( #1593 ), #2730, .T. ) ;
#334 = DIRECTION ( 'NONE',  ( 0.0000000000000000000, 0.0000000000000000000, -1.000000000000000000 ) ) ;
#335 = EDGE_LOOP ( 'NONE', ( #2817, #2496, #782, #3010, #1599, #844 ) ) ;
#336 = DIRECTION ( 'NONE',  ( -0.4153637994577553672, 0.8055226371389487827, -0.4226182617407003850 ) ) ;
#337 = CARTESIAN_POINT ( 'NONE',  ( -0.08858267716535432601, 0.1377952755905511861, -0.08858267716535432601 ) ) ;
#338 = DIRECTION ( 'NONE',  ( 0.0000000000000000000, -1.000000000000000000, 0.0000000000000000000 ) ) ;
#339 = VERTEX_POINT ( 'NONE', #3495 ) ;
#340 = DIRECTION ( 'NONE',  ( -0.4465975813569838526, 0.8947349329975285981, 0.0000000000000000000 ) ) ;
#341 = VERTEX_POINT ( 'NONE', #1897 ) ;
#342 = CARTESIAN_POINT ( 'NONE',  ( 0.1181102362204724532, 0.03543307086614173179, 0.07480314960629921850 ) ) ;
#343 = CARTESIAN_POINT ( 'NONE',  ( -0.1181102362204724532, 0.003937007874015747977, -0.1181102362204724532 ) ) ;
#344 = PLANE ( 'NONE',  #2183 ) ;
#345 = ORIENTED_EDGE ( 'NONE', *, *, #1995, .F. ) ;
#346 = LINE ( 'NONE', #2766, #3227 ) ;
#347 = ADVANCED_FACE ( 'NONE', ( #2472 ), #318, .T. ) ;
#348 = DIRECTION ( 'NONE',  ( -1.000000000000000000, 0.0000000000000000000, 0.0000000000000000000 ) ) ;
#349 = DIRECTION ( 'NONE',  ( 1.000000000000000000, 0.0000000000000000000, 0.0000000000000000000 ) ) ;
#350 = ORIENTED_EDGE ( 'NONE', *, *, #3389, .T. ) ;
#351 = EDGE_CURVE ( 'NONE', #77, #3246, #26, .T. ) ;
#352 = CARTESIAN_POINT ( 'NONE',  ( -0.1259842519685039353, 0.001910576577067484277, 0.1023622047244094474 ) ) ;
#353 = ORIENTED_EDGE ( 'NONE', *, *, #3448, .T. ) ;
#354 = DIRECTION ( 'NONE',  ( 0.0000000000000000000, 0.0000000000000000000, 1.000000000000000000 ) ) ;
#355 = DIRECTION ( 'NONE',  ( 0.4583032446580520558, -0.8887958910435519444, 0.0000000000000000000 ) ) ;
#356 = PRESENTATION_LAYER_ASSIGNMENT (  '', '', ( #2406 ) ) ;
#357 = CLOSED_SHELL ( 'NONE', ( #3032, #2996, #2321, #3346, #370, #269, #2398, #2742, #3122, #3151, #2018, #3317, #1052, #1754, #682, #383, #3003, #1872, #2501, #1377 ) ) ;
#358 = LINE ( 'NONE', #1749, #2865 ) ;
#359 = AXIS2_PLACEMENT_3D ( 'NONE', #3541, #816, #1595 ) ;
#360 = STYLED_ITEM ( 'NONE', ( #3413 ), #269 ) ;
#361 = CIRCLE ( 'NONE', #826, 0.07283464566929134798 ) ;
#362 = VECTOR ( 'NONE', #1415, 39.37007874015748854 ) ;
#363 = ORIENTED_EDGE ( 'NONE', *, *, #351, .T. ) ;
#364 = ORIENTED_EDGE ( 'NONE', *, *, #3493, .T. ) ;
#365 = FACE_OUTER_BOUND ( 'NONE', #3404, .T. ) ;
#366 = VECTOR ( 'NONE', #2757, 39.37007874015748143 ) ;
#367 = DIRECTION ( 'NONE',  ( -0.4153637994577553672, 0.8055226371389487827, 0.4226182617407003850 ) ) ;
#368 = AXIS2_PLACEMENT_3D ( 'NONE', #2788, #859, #340 ) ;
#369 = DIRECTION ( 'NONE',  ( 0.0000000000000000000, 1.000000000000000000, 0.0000000000000000000 ) ) ;
#370 = ADVANCED_FACE ( 'NONE', ( #2746 ), #34, .F. ) ;
#371 = VERTEX_POINT ( 'NONE', #794 ) ;
#372 = VECTOR ( 'NONE', #2548, 39.37007874015748143 ) ;
#373 = DIRECTION ( 'NONE',  ( 0.0000000000000000000, 0.0000000000000000000, 1.000000000000000000 ) ) ;
#374 = EDGE_LOOP ( 'NONE', ( #1827, #1479 ) ) ;
#375 = CARTESIAN_POINT ( 'NONE',  ( -0.1338584372998307126, -0.03149606299212598381, -0.1023622047244094474 ) ) ;
#376 = DIRECTION ( 'NONE',  ( 0.0000000000000000000, 0.0000000000000000000, -1.000000000000000000 ) ) ;
#377 = MECHANICAL_DESIGN_GEOMETRIC_PRESENTATION_REPRESENTATION (  '', ( #1915 ), #1290 ) ;
#378 = CARTESIAN_POINT ( 'NONE',  ( 0.0000000000000000000, 0.1299212598425196763, 0.0000000000000000000 ) ) ;
#379 = DIRECTION ( 'NONE',  ( 0.4583032446580520558, -0.8887958910435519444, 0.0000000000000000000 ) ) ;
#380 = EDGE_LOOP ( 'NONE', ( #2880, #2083, #445, #2227 ) ) ;
#381 = ORIENTED_EDGE ( 'NONE', *, *, #2488, .T. ) ;
#382 = PLANE ( 'NONE',  #2297 ) ;
#383 = ADVANCED_FACE ( 'NONE', ( #299 ), #3254, .F. ) ;
#384 = EDGE_CURVE ( 'NONE', #3248, #1473, #1117, .T. ) ;
#385 = DIRECTION ( 'NONE',  ( 0.0000000000000000000, 0.0000000000000000000, -1.000000000000000000 ) ) ;
#386 = CARTESIAN_POINT ( 'NONE',  ( -0.1259842519685039353, 0.001910576577067480157, 0.07480314960629921850 ) ) ;
#387 = VERTEX_POINT ( 'NONE', #3271 ) ;
#388 = EDGE_CURVE ( 'NONE', #1276, #286, #1211, .T. ) ;
#389 = CARTESIAN_POINT ( 'NONE',  ( 0.1328516659854228621, -0.03344851307380460742, 0.1070731206436911498 ) ) ;
#390 = EDGE_LOOP ( 'NONE', ( #2480, #3316, #2386, #188 ) ) ;
#391 = CARTESIAN_POINT ( 'NONE',  ( -0.08858267716535432601, 0.1299212598425196763, -0.1122047244094488139 ) ) ;
#392 = CARTESIAN_POINT ( 'NONE',  ( 0.1185480476730569055, -0.06118778250134625923, 0.09251968503937008093 ) ) ;
#393 = CYLINDRICAL_SURFACE ( 'NONE', #2290, 0.007874015748031499423 ) ;
#394 = EDGE_CURVE ( 'NONE', #3240, #213, #579, .T. ) ;
#395 = ORIENTED_EDGE ( 'NONE', *, *, #943, .T. ) ;
#396 = DIMENSIONAL_EXPONENTS ( 1.000000000000000000, 0.0000000000000000000, 0.0000000000000000000, 0.0000000000000000000, 0.0000000000000000000, 0.0000000000000000000, 0.0000000000000000000 ) ;
#397 = FACE_OUTER_BOUND ( 'NONE', #2055, .T. ) ;
#398 = CARTESIAN_POINT ( 'NONE',  ( 0.08858267716535432601, 0.1377952755905511861, -0.08858267716535432601 ) ) ;
#399 = CARTESIAN_POINT ( 'NONE',  ( -0.1338584372998307126, -0.03149606299212598381, -0.1023622047244094474 ) ) ;
#400 = ORIENTED_EDGE ( 'NONE', *, *, #6, .F. ) ;
#401 = CARTESIAN_POINT ( 'NONE',  ( -0.1352200082310885954, -0.04603634211220338640, 0.07480314960629921850 ) ) ;
#402 = ORIENTED_EDGE ( 'NONE', *, *, #3079, .T. ) ;
#403 = DIRECTION ( 'NONE',  ( 0.0000000000000000000, 0.0000000000000000000, 1.000000000000000000 ) ) ;
#404 = ORIENTED_EDGE ( 'NONE', *, *, #2573, .T. ) ;
#405 = LINE ( 'NONE', #3146, #2931 ) ;
#406 = CARTESIAN_POINT ( 'NONE',  ( 8.919671568592926781E-18, 0.1299212598425196763, -0.07283464566929134798 ) ) ;
#407 = CARTESIAN_POINT ( 'NONE',  ( 0.08858267716535432601, 0.1299212598425196763, -0.06496062992125983815 ) ) ;
#408 = EDGE_CURVE ( 'NONE', #2155, #2610, #3521, .T. ) ;
#409 = AXIS2_PLACEMENT_3D ( 'NONE', #3233, #773, #1858 ) ;
#410 = AXIS2_PLACEMENT_3D ( 'NONE', #525, #1082, #3020 ) ;
#411 = AXIS2_PLACEMENT_3D ( 'NONE', #967, #3386, #2032 ) ;
#412 = ORIENTED_EDGE ( 'NONE', *, *, #787, .F. ) ;
#413 = DIRECTION ( 'NONE',  ( 0.0000000000000000000, -1.000000000000000000, 0.0000000000000000000 ) ) ;
#414 = VECTOR ( 'NONE', #896, 39.37007874015748854 ) ;
#415 = CIRCLE ( 'NONE', #3163, 0.02362204724409448092 ) ;
#416 = CARTESIAN_POINT ( 'NONE',  ( 0.08858267716535432601, 0.1377952755905511861, -0.06496062992125983815 ) ) ;
#417 = CARTESIAN_POINT ( 'NONE',  ( 0.1259842519685039353, 0.02755905511811023584, -0.1023622047244094474 ) ) ;
#418 = EDGE_LOOP ( 'NONE', ( #653, #2559, #1857, #2100 ) ) ;
#419 = AXIS2_PLACEMENT_3D ( 'NONE', #511, #2695, #3504 ) ;
#420 = AXIS2_PLACEMENT_3D ( 'NONE', #2244, #588, #1155 ) ;
#421 = FACE_OUTER_BOUND ( 'NONE', #1539, .T. ) ;
#422 = ORIENTED_EDGE ( 'NONE', *, *, #388, .T. ) ;
#423 = DIRECTION ( 'NONE',  ( -0.4583032446580520558, -0.8887958910435519444, 0.0000000000000000000 ) ) ;
#424 = ORIENTED_EDGE ( 'NONE', *, *, #644, .T. ) ;
#425 = ORIENTED_EDGE ( 'NONE', *, *, #746, .T. ) ;
#426 = AXIS2_PLACEMENT_3D ( 'NONE', #2368, #2329, #2633 ) ;
#427 = EDGE_CURVE ( 'NONE', #3259, #741, #1877, .T. ) ;
#428 = EDGE_CURVE ( 'NONE', #2955, #3261, #1953, .T. ) ;
#429 = PLANE ( 'NONE',  #2354 ) ;
#430 = PLANE ( 'NONE',  #2532 ) ;
#431 = PLANE ( 'NONE',  #2916 ) ;
#432 = EDGE_CURVE ( 'NONE', #2921, #192, #2927, .T. ) ;
#433 = EDGE_LOOP ( 'NONE', ( #820, #2045 ) ) ;
#434 = DIRECTION ( 'NONE',  ( 1.000000000000000000, 0.0000000000000000000, 0.0000000000000000000 ) ) ;
#435 = CARTESIAN_POINT ( 'NONE',  ( -0.1181102362204724532, 0.03543307086614173179, -0.1023622047244094474 ) ) ;
#436 = DIRECTION ( 'NONE',  ( 0.0000000000000000000, -1.000000000000000000, 0.0000000000000000000 ) ) ;
#437 = ORIENTED_EDGE ( 'NONE', *, *, #63, .F. ) ;
#438 = CYLINDRICAL_SURFACE ( 'NONE', #426, 0.007874015748031499423 ) ;
#439 = ORIENTED_EDGE ( 'NONE', *, *, #60, .T. ) ;
#440 = DIRECTION ( 'NONE',  ( 1.445602896647339903E-16, 0.0000000000000000000, 1.000000000000000000 ) ) ;
#441 = VERTEX_POINT ( 'NONE', #3118 ) ;
#442 = ORIENTED_EDGE ( 'NONE', *, *, #1024, .F. ) ;
#443 = DIRECTION ( 'NONE',  ( 0.0000000000000000000, 0.0000000000000000000, 1.000000000000000000 ) ) ;
#444 = DIRECTION ( 'NONE',  ( 0.0000000000000000000, -1.000000000000000000, 0.0000000000000000000 ) ) ;
#445 = ORIENTED_EDGE ( 'NONE', *, *, #2104, .T. ) ;
#446 = DIRECTION ( 'NONE',  ( 0.0000000000000000000, 1.000000000000000000, 0.0000000000000000000 ) ) ;
#447 = EDGE_CURVE ( 'NONE', #3185, #3075, #1131, .T. ) ;
#448 = DIRECTION ( 'NONE',  ( -1.000000000000000000, 0.0000000000000000000, 0.0000000000000000000 ) ) ;
#449 = VERTEX_POINT ( 'NONE', #2858 ) ;
#450 =( NAMED_UNIT ( * ) PLANE_ANGLE_UNIT ( ) SI_UNIT ( $, .RADIAN. ) );
#451 = EDGE_CURVE ( 'NONE', #3456, #1230, #1494, .T. ) ;
#452 = DIRECTION ( 'NONE',  ( 0.0000000000000000000, 0.0000000000000000000, -1.000000000000000000 ) ) ;
#453 = ORIENTED_EDGE ( 'NONE', *, *, #1070, .T. ) ;
#454 = CYLINDRICAL_SURFACE ( 'NONE', #594, 0.007874015748031499423 ) ;
#455 = ORIENTED_EDGE ( 'NONE', *, *, #2485, .T. ) ;
#456 = EDGE_LOOP ( 'NONE', ( #2051, #856, #1384, #900 ) ) ;
#457 = VERTEX_POINT ( 'NONE', #2492 ) ;
#458 = ADVANCED_FACE ( 'NONE', ( #2829 ), #160, .T. ) ;
#459 = CARTESIAN_POINT ( 'NONE',  ( -0.1338584372998307126, -0.03149606299212598381, -0.07480314960629921850 ) ) ;
#460 = PLANE ( 'NONE',  #3338 ) ;
#461 = ORIENTED_EDGE ( 'NONE', *, *, #669, .T. ) ;
#462 = CLOSED_SHELL ( 'NONE', ( #1643, #2039, #2280, #547, #2327, #347, #218, #3334, #2571, #2375, #1804, #2616, #2537, #1127, #284 ) ) ;
#463 = DIMENSIONAL_EXPONENTS ( 1.000000000000000000, 0.0000000000000000000, 0.0000000000000000000, 0.0000000000000000000, 0.0000000000000000000, 0.0000000000000000000, 0.0000000000000000000 ) ;
#464 = CARTESIAN_POINT ( 'NONE',  ( -0.1181102362204724532, 0.1299212598425196763, 0.04921259842519685318 ) ) ;
#465 = AXIS2_PLACEMENT_3D ( 'NONE', #3523, #1041, #3273 ) ;
#466 = FACE_BOUND ( 'NONE', #1192, .T. ) ;
#467 = EDGE_CURVE ( 'NONE', #2610, #2765, #2410, .T. ) ;
#468 = CARTESIAN_POINT ( 'NONE',  ( -0.1259842519685039353, 0.02755905511811023584, -0.1023622047244094474 ) ) ;
#469 = EDGE_LOOP ( 'NONE', ( #1829, #1512, #671, #1528 ) ) ;
#470 = AXIS2_PLACEMENT_3D ( 'NONE', #2515, #2536, #1440 ) ;
#471 = EDGE_CURVE ( 'NONE', #96, #2921, #930, .T. ) ;
#472 = CARTESIAN_POINT ( 'NONE',  ( 0.1338584372998307126, -0.03149606299212598381, 0.1023622047244094474 ) ) ;
#473 = ORIENTED_EDGE ( 'NONE', *, *, #83, .T. ) ;
#474 = EDGE_CURVE ( 'NONE', #706, #1838, #2015, .T. ) ;
#475 = CIRCLE ( 'NONE', #28, 0.02362204724409448092 ) ;
#476 = LINE ( 'NONE', #2662, #3399 ) ;
#477 = VECTOR ( 'NONE', #1753, 39.37007874015748143 ) ;
#478 = ORIENTED_EDGE ( 'NONE', *, *, #119, .F. ) ;
#479 = ORIENTED_EDGE ( 'NONE', *, *, #2642, .F. ) ;
#480 = VERTEX_POINT ( 'NONE', #3407 ) ;
#481 = AXIS2_PLACEMENT_3D ( 'NONE', #1242, #684, #2026 ) ;
#482 = CARTESIAN_POINT ( 'NONE',  ( -0.1255464405159194829, -0.06479646946715768296, -0.09251968503937008093 ) ) ;
#483 = AXIS2_PLACEMENT_3D ( 'NONE', #1525, #2095, #3160 ) ;
#484 = CARTESIAN_POINT ( 'NONE',  ( -0.1408568301426933178, -0.03510474995793744224, 0.1023622047244094474 ) ) ;
#485 = CIRCLE ( 'NONE', #3116, 0.05588432940647960340 ) ;
#486 = VERTEX_POINT ( 'NONE', #3149 ) ;
#487 = LINE ( 'NONE', #2106, #1436 ) ;
#488 = LINE ( 'NONE', #2884, #887 ) ;
#489 =( NAMED_UNIT ( * ) SI_UNIT ( $, .STERADIAN. ) SOLID_ANGLE_UNIT ( ) );
#490 = EDGE_LOOP ( 'NONE', ( #2681, #2211, #231, #1707 ) ) ;
#491 = SURFACE_SIDE_STYLE ('',( #2631 ) ) ;
#492 = CARTESIAN_POINT ( 'NONE',  ( -0.1189390950157675347, -0.001605939811570186943, -0.07480314960629921850 ) ) ;
#493 = EDGE_CURVE ( 'NONE', #2089, #2603, #2320, .T. ) ;
#494 = DIRECTION ( 'NONE',  ( 0.0000000000000000000, -1.000000000000000000, 0.0000000000000000000 ) ) ;
#495 = EDGE_LOOP ( 'NONE', ( #2630, #655, #2511, #1000 ) ) ;
#496 = FILL_AREA_STYLE ('',( #1048 ) ) ;
#497 = ORIENTED_EDGE ( 'NONE', *, *, #3171, .T. ) ;
#498 = ORIENTED_EDGE ( 'NONE', *, *, #3529, .T. ) ;
#499 = ORIENTED_EDGE ( 'NONE', *, *, #83, .F. ) ;
#500 = FACE_OUTER_BOUND ( 'NONE', #1735, .T. ) ;
#501 = DIRECTION ( 'NONE',  ( 0.8887958910435520554, 0.4583032446580521113, 0.0000000000000000000 ) ) ;
#502 = ORIENTED_EDGE ( 'NONE', *, *, #520, .F. ) ;
#503 = EDGE_CURVE ( 'NONE', #1397, #1370, #2476, .T. ) ;
#504 = DIRECTION ( 'NONE',  ( -0.4153637994577553672, -0.8055226371389487827, 0.4226182617407003850 ) ) ;
#505 = LINE ( 'NONE', #548, #1969 ) ;
#506 = ORIENTED_EDGE ( 'NONE', *, *, #1660, .T. ) ;
#507 = DIRECTION ( 'NONE',  ( 0.0000000000000000000, 1.000000000000000000, 0.0000000000000000000 ) ) ;
#508 = PLANE ( 'NONE',  #359 ) ;
#509 = LINE ( 'NONE', #472, #2652 ) ;
#510 = EDGE_LOOP ( 'NONE', ( #53, #289, #783, #249 ) ) ;
#511 = CARTESIAN_POINT ( 'NONE',  ( -0.08858267716535432601, 0.1377952755905511861, 0.08858267716535432601 ) ) ;
#512 = ORIENTED_EDGE ( 'NONE', *, *, #1606, .F. ) ;
#513 = FILL_AREA_STYLE_COLOUR ( '', #1326 ) ;
#514 = VERTEX_POINT ( 'NONE', #2877 ) ;
#515 = VERTEX_POINT ( 'NONE', #407 ) ;
#516 = LINE ( 'NONE', #1645, #2641 ) ;
#517 = DIRECTION ( 'NONE',  ( 0.0000000000000000000, 0.0000000000000000000, 1.000000000000000000 ) ) ;
#518 = EDGE_CURVE ( 'NONE', #2483, #2921, #1497, .T. ) ;
#519 = FACE_OUTER_BOUND ( 'NONE', #2809, .T. ) ;
#520 = EDGE_CURVE ( 'NONE', #2951, #271, #1675, .T. ) ;
#521 = FACE_OUTER_BOUND ( 'NONE', #1970, .T. ) ;
#522 = CARTESIAN_POINT ( 'NONE',  ( 0.1181102362204724532, 0.1299212598425196763, 0.1122047244094488277 ) ) ;
#523 = ORIENTED_EDGE ( 'NONE', *, *, #3286, .F. ) ;
#524 = DIRECTION ( 'NONE',  ( 0.0000000000000000000, 0.0000000000000000000, 1.000000000000000000 ) ) ;
#525 = CARTESIAN_POINT ( 'NONE',  ( 0.1259842519685039353, 0.001910576577067484277, 0.1023622047244094474 ) ) ;
#526 = VECTOR ( 'NONE', #2230, 39.37007874015748143 ) ;
#527 = CLOSED_SHELL ( 'NONE', ( #2839, #275, #1093, #333, #3305, #2969, #2421, #805, #2849, #267, #2057, #2161, #3190, #3435, #1584 ) ) ;
#528 = CARTESIAN_POINT ( 'NONE',  ( -0.08858267716535432601, 0.1377952755905511861, -0.08858267716535432601 ) ) ;
#529 = VERTEX_POINT ( 'NONE', #2049 ) ;
#530 = CARTESIAN_POINT ( 'NONE',  ( -0.1122047244094488277, 0.0000000000000000000, -0.1122047244094488277 ) ) ;
#531 = PRESENTATION_STYLE_ASSIGNMENT (( #2697 ) ) ;
#532 = ORIENTED_EDGE ( 'NONE', *, *, #447, .T. ) ;
#533 = VECTOR ( 'NONE', #2454, 39.37007874015748143 ) ;
#534 = VECTOR ( 'NONE', #3349, 39.37007874015748143 ) ;
#535 = ORIENTED_EDGE ( 'NONE', *, *, #1874, .F. ) ;
#536 = CIRCLE ( 'NONE', #3451, 0.02362204724409448092 ) ;
#537 = VECTOR ( 'NONE', #3094, 39.37007874015748143 ) ;
#538 = CARTESIAN_POINT ( 'NONE',  ( -0.1122047244094488277, 0.0000000000000000000, 0.1181102362204724532 ) ) ;
#539 = FACE_BOUND ( 'NONE', #1974, .T. ) ;
#540 = CARTESIAN_POINT ( 'NONE',  ( 0.0000000000000000000, 0.1377952755905511861, 0.0000000000000000000 ) ) ;
#541 = EDGE_CURVE ( 'NONE', #1358, #3063, #1393, .T. ) ;
#542 = EDGE_CURVE ( 'NONE', #2699, #2441, #3437, .T. ) ;
#543 = AXIS2_PLACEMENT_3D ( 'NONE', #2774, #828, #2513 ) ;
#544 = DIRECTION ( 'NONE',  ( 0.0000000000000000000, 0.0000000000000000000, 1.000000000000000000 ) ) ;
#545 = DIRECTION ( 'NONE',  ( 0.1936873206075088449, -0.3756213745151027461, 0.9063077870366497146 ) ) ;
#546 = CIRCLE ( 'NONE', #2879, 0.02362204724409448092 ) ;
#547 = ADVANCED_FACE ( 'NONE', ( #692 ), #430, .T. ) ;
#548 = CARTESIAN_POINT ( 'NONE',  ( 0.1185480476730569055, -0.06118778250134625923, 0.1023622047244094474 ) ) ;
#549 = VECTOR ( 'NONE', #32, 39.37007874015748143 ) ;
#550 = DIRECTION ( 'NONE',  ( 0.0000000000000000000, 0.0000000000000000000, 1.000000000000000000 ) ) ;
#551 = ORIENTED_EDGE ( 'NONE', *, *, #2966, .T. ) ;
#552 = DIRECTION ( 'NONE',  ( 0.0000000000000000000, 0.0000000000000000000, 1.000000000000000000 ) ) ;
#553 = FACE_OUTER_BOUND ( 'NONE', #390, .T. ) ;
#554 = EDGE_LOOP ( 'NONE', ( #2738, #2113, #735, #1745 ) ) ;
#555 = FACE_OUTER_BOUND ( 'NONE', #510, .T. ) ;
#556 = CARTESIAN_POINT ( 'NONE',  ( 0.1255464405159194829, -0.06479646946715768296, -0.08464566929133858497 ) ) ;
#557 = ORIENTED_EDGE ( 'NONE', *, *, #1322, .T. ) ;
#558 = DIRECTION ( 'NONE',  ( 1.000000000000000000, 0.0000000000000000000, 0.0000000000000000000 ) ) ;
#559 = CARTESIAN_POINT ( 'NONE',  ( -8.437527159479795937E-18, 0.1299212598425196763, -0.06889763779527559306 ) ) ;
#560 = CARTESIAN_POINT ( 'NONE',  ( -0.08858267716535432601, 0.1299212598425196763, -0.06496062992125983815 ) ) ;
#561 = DIRECTION ( 'NONE',  ( 0.0000000000000000000, 0.0000000000000000000, -1.000000000000000000 ) ) ;
#562 = EDGE_CURVE ( 'NONE', #1428, #211, #1463, .T. ) ;
#563 = CARTESIAN_POINT ( 'NONE',  ( 0.1185480476730569055, -0.06118778250134625923, 0.09251968503937008093 ) ) ;
#564 = LINE ( 'NONE', #2745, #2723 ) ;
#565 = DIRECTION ( 'NONE',  ( -0.4583032446580521113, -0.8887958910435520554, 0.0000000000000000000 ) ) ;
#566 = ORIENTED_EDGE ( 'NONE', *, *, #3308, .T. ) ;
#567 = DIRECTION ( 'NONE',  ( 0.0000000000000000000, 0.0000000000000000000, -1.000000000000000000 ) ) ;
#568 = DIRECTION ( 'NONE',  ( 0.0000000000000000000, -1.000000000000000000, 0.0000000000000000000 ) ) ;
#569 = EDGE_LOOP ( 'NONE', ( #1815, #3069, #1004, #702 ) ) ;
#570 = PRESENTATION_STYLE_ASSIGNMENT (( #3024 ) ) ;
#571 = EDGE_LOOP ( 'NONE', ( #183, #1563, #2105, #3026 ) ) ;
#572 = ORIENTED_EDGE ( 'NONE', *, *, #768, .F. ) ;
#573 = DIRECTION ( 'NONE',  ( 0.0000000000000000000, 1.000000000000000000, 0.0000000000000000000 ) ) ;
#574 = DIRECTION ( 'NONE',  ( 0.0000000000000000000, -1.000000000000000000, 0.0000000000000000000 ) ) ;
#575 = ADVANCED_FACE ( 'NONE', ( #2844 ), #2353, .T. ) ;
#576 = CARTESIAN_POINT ( 'NONE',  ( 0.1122047244094488277, 0.1299212598425196763, 0.1181102362204724532 ) ) ;
#577 = FILL_AREA_STYLE ('',( #1144 ) ) ;
#578 = LINE ( 'NONE', #1876, #2659 ) ;
#579 = LINE ( 'NONE', #2416, #1269 ) ;
#580 = EDGE_LOOP ( 'NONE', ( #2193, #1270, #2522, #112 ) ) ;
#581 = CARTESIAN_POINT ( 'NONE',  ( 0.1352200082310885954, -0.04603634211220338640, 0.07480314960629921850 ) ) ;
#582 = EDGE_CURVE ( 'NONE', #662, #2610, #176, .T. ) ;
#583 = CARTESIAN_POINT ( 'NONE',  ( 0.08858267716535432601, 0.1377952755905511861, 0.08858267716535432601 ) ) ;
#584 = ORIENTED_EDGE ( 'NONE', *, *, #2238, .T. ) ;
#585 = CIRCLE ( 'NONE', #1491, 0.007874015748031499423 ) ;
#586 = VECTOR ( 'NONE', #1741, 39.37007874015748854 ) ;
#587 = EDGE_CURVE ( 'NONE', #441, #1261, #191, .T. ) ;
#588 = DIRECTION ( 'NONE',  ( 0.0000000000000000000, 0.0000000000000000000, 1.000000000000000000 ) ) ;
#589 = VERTEX_POINT ( 'NONE', #672 ) ;
#590 = VECTOR ( 'NONE', #3189, 39.37007874015748143 ) ;
#591 = DIRECTION ( 'NONE',  ( -2.168404344971010446E-15, -1.000000000000000000, 0.0000000000000000000 ) ) ;
#592 = CIRCLE ( 'NONE', #3159, 0.02362204724409448092 ) ;
#593 = CARTESIAN_POINT ( 'NONE',  ( 0.1259842519685039353, 0.001910576577067484277, -0.1023622047244094474 ) ) ;
#594 = AXIS2_PLACEMENT_3D ( 'NONE', #2044, #1206, #1564 ) ;
#595 = AXIS2_PLACEMENT_3D ( 'NONE', #1677, #1140, #573 ) ;
#596 = DIRECTION ( 'NONE',  ( -1.000000000000000000, 0.0000000000000000000, 0.0000000000000000000 ) ) ;
#597 = EDGE_LOOP ( 'NONE', ( #2665, #1414, #2694, #2831, #1303, #225, #3107, #2506 ) ) ;
#598 = AXIS2_PLACEMENT_3D ( 'NONE', #3481, #738, #1824 ) ;
#599 = CARTESIAN_POINT ( 'NONE',  ( 0.08858267716535432601, 0.1377952755905511861, 0.1122047244094488139 ) ) ;
#600 = DIRECTION ( 'NONE',  ( -0.8947349329975287091, -0.4465975813569839081, 0.0000000000000000000 ) ) ;
#601 = CARTESIAN_POINT ( 'NONE',  ( -0.08858267716535432601, 0.1299212598425196763, 0.08858267716535432601 ) ) ;
#602 = ORIENTED_EDGE ( 'NONE', *, *, #408, .F. ) ;
#603 = CARTESIAN_POINT ( 'NONE',  ( -0.1181102362204724532, 0.02755905511811023584, -0.1023622047244094474 ) ) ;
#604 = ORIENTED_EDGE ( 'NONE', *, *, #3173, .F. ) ;
#605 = CARTESIAN_POINT ( 'NONE',  ( -0.1189390950157675347, -0.001605939811570186943, -0.1023622047244094474 ) ) ;
#606 = ORIENTED_EDGE ( 'NONE', *, *, #3147, .T. ) ;
#607 = EDGE_CURVE ( 'NONE', #1435, #2371, #405, .T. ) ;
#608 = EDGE_CURVE ( 'NONE', #3398, #3218, #1490, .T. ) ;
#609 = CARTESIAN_POINT ( 'NONE',  ( -0.1259842519685039353, 0.02755905511811023584, 0.1023622047244094474 ) ) ;
#610 = EDGE_CURVE ( 'NONE', #211, #1996, #2855, .T. ) ;
#611 = DIRECTION ( 'NONE',  ( 0.0000000000000000000, -1.000000000000000000, 0.0000000000000000000 ) ) ;
#612 = ADVANCED_FACE ( 'NONE', ( #2046 ), #2277, .F. ) ;
#613 = VERTEX_POINT ( 'NONE', #1978 ) ;
#614 = DIRECTION ( 'NONE',  ( 1.000000000000000000, 0.0000000000000000000, 0.0000000000000000000 ) ) ;
#615 = FACE_OUTER_BOUND ( 'NONE', #2664, .T. ) ;
#616 = PLANE ( 'NONE',  #928 ) ;
#617 = ORIENTED_EDGE ( 'NONE', *, *, #3079, .F. ) ;
#618 = PRODUCT ( 'CUI_DEVICES_TS02-66-100-BK-160-SCR-D', 'CUI_DEVICES_TS02-66-100-BK-160-SCR-D', '', ( #79 ) ) ;
#619 = CARTESIAN_POINT ( 'NONE',  ( -0.1181102362204724532, 0.02755905511811023584, 0.1023622047244094474 ) ) ;
#620 = ORIENTED_EDGE ( 'NONE', *, *, #1850, .F. ) ;
#621 = CARTESIAN_POINT ( 'NONE',  ( -0.1189390950157675347, -0.001605939811570186943, -0.07480314960629921850 ) ) ;
#622 = DIRECTION ( 'NONE',  ( 1.000000000000000000, 0.0000000000000000000, 0.0000000000000000000 ) ) ;
#623 = DIRECTION ( 'NONE',  ( 1.000000000000000000, 0.0000000000000000000, 0.0000000000000000000 ) ) ;
#624 = FACE_OUTER_BOUND ( 'NONE', #2219, .T. ) ;
#625 = ADVANCED_FACE ( 'NONE', ( #3383 ), #3092, .T. ) ;
#626 = ORIENTED_EDGE ( 'NONE', *, *, #629, .F. ) ;
#627 = ORIENTED_EDGE ( 'NONE', *, *, #858, .F. ) ;
#628 = CARTESIAN_POINT ( 'NONE',  ( 0.1185480476730569055, -0.06118778250134625923, 0.1023622047244094474 ) ) ;
#629 = EDGE_CURVE ( 'NONE', #1651, #2186, #415, .T. ) ;
#630 = DIRECTION ( 'NONE',  ( 0.0000000000000000000, 1.000000000000000000, 0.0000000000000000000 ) ) ;
#631 = LINE ( 'NONE', #386, #586 ) ;
#632 = ORIENTED_EDGE ( 'NONE', *, *, #3126, .T. ) ;
#633 = CARTESIAN_POINT ( 'NONE',  ( -0.08858267716535432601, 0.1377952755905511861, 0.08858267716535432601 ) ) ;
#634 = ORIENTED_EDGE ( 'NONE', *, *, #518, .T. ) ;
#635 = DIRECTION ( 'NONE',  ( -0.8887958910435519444, 0.4583032446580520558, 0.0000000000000000000 ) ) ;
#636 = CARTESIAN_POINT ( 'NONE',  ( -0.08858267716535432601, 0.1181102362204724532, 0.08858267716535432601 ) ) ;
#637 = COLOUR_RGB ( '',0.8313725490196077761, 0.8392156862745098200, 0.8313725490196077761 ) ;
#638 = VECTOR ( 'NONE', #259, 39.37007874015748143 ) ;
#639 = DIRECTION ( 'NONE',  ( 0.0000000000000000000, -1.000000000000000000, 0.0000000000000000000 ) ) ;
#640 = DIRECTION ( 'NONE',  ( -1.000000000000000000, 0.0000000000000000000, 0.0000000000000000000 ) ) ;
#641 = EDGE_CURVE ( 'NONE', #3023, #326, #143, .T. ) ;
#642 = VECTOR ( 'NONE', #2667, 39.37007874015748143 ) ;
#643 = MECHANICAL_DESIGN_GEOMETRIC_PRESENTATION_REPRESENTATION (  '', ( #360 ), #2866 ) ;
#644 = EDGE_CURVE ( 'NONE', #2125, #1455, #699, .T. ) ;
#645 = AXIS2_PLACEMENT_3D ( 'NONE', #1531, #444, #2624 ) ;
#646 = ORIENTED_EDGE ( 'NONE', *, *, #60, .F. ) ;
#647 = VERTEX_POINT ( 'NONE', #3419 ) ;
#648 = CARTESIAN_POINT ( 'NONE',  ( 0.0000000000000000000, 0.1299212598425196763, 0.0000000000000000000 ) ) ;
#649 = AXIS2_PLACEMENT_3D ( 'NONE', #1378, #2460, #3415 ) ;
#650 = PLANE ( 'NONE',  #2363 ) ;
#651 = AXIS2_PLACEMENT_3D ( 'NONE', #2750, #2733, #1620 ) ;
#652 = CARTESIAN_POINT ( 'NONE',  ( 0.1259842519685039353, 0.001910576577067480157, -0.07480314960629921850 ) ) ;
#653 = ORIENTED_EDGE ( 'NONE', *, *, #2547, .F. ) ;
#654 = DIRECTION ( 'NONE',  ( 0.0000000000000000000, -1.000000000000000000, 0.0000000000000000000 ) ) ;
#655 = ORIENTED_EDGE ( 'NONE', *, *, #3021, .T. ) ;
#656 = DIRECTION ( 'NONE',  ( 0.0000000000000000000, 0.0000000000000000000, -1.000000000000000000 ) ) ;
#657 = DIRECTION ( 'NONE',  ( 0.0000000000000000000, 0.0000000000000000000, -1.000000000000000000 ) ) ;
#658 = EDGE_CURVE ( 'NONE', #3248, #3247, #3133, .T. ) ;
#659 = DIRECTION ( 'NONE',  ( -0.8887958910435519444, 0.4583032446580520558, 0.0000000000000000000 ) ) ;
#660 = CARTESIAN_POINT ( 'NONE',  ( -0.1181102362204724532, 0.02755905511811023584, -0.1023622047244094474 ) ) ;
#661 =( LENGTH_UNIT ( ) NAMED_UNIT ( * ) SI_UNIT ( $, .METRE. ) );
#662 = VERTEX_POINT ( 'NONE', #1460 ) ;
#663 = CARTESIAN_POINT ( 'NONE',  ( 0.0000000000000000000, 0.0000000000000000000, 0.0000000000000000000 ) ) ;
#664 = CYLINDRICAL_SURFACE ( 'NONE', #2936, 0.02362204724409448092 ) ;
#665 = CARTESIAN_POINT ( 'NONE',  ( 0.1282216153882259901, -0.04242765514639196961, 0.07480314960629921850 ) ) ;
#666 = ORIENTED_EDGE ( 'NONE', *, *, #474, .F. ) ;
#667 = CARTESIAN_POINT ( 'NONE',  ( -0.08858267716535432601, 0.1496062992125984370, -0.08858267716535432601 ) ) ;
#668 = ORIENTED_EDGE ( 'NONE', *, *, #168, .T. ) ;
#669 = EDGE_CURVE ( 'NONE', #2259, #613, #1762, .T. ) ;
#670 = LINE ( 'NONE', #1229, #3056 ) ;
#671 = ORIENTED_EDGE ( 'NONE', *, *, #1647, .F. ) ;
#672 = CARTESIAN_POINT ( 'NONE',  ( 0.1181102362204724532, 0.1299212598425196763, -0.1122047244094488277 ) ) ;
#673 = UNCERTAINTY_MEASURE_WITH_UNIT (LENGTH_MEASURE( 1.000000000000000082E-05 ), #1765, 'distance_accuracy_value', 'NONE');
#674 = CARTESIAN_POINT ( 'NONE',  ( -0.1259842519685039353, 0.02755905511811023584, -0.07480314960629921850 ) ) ;
#675 = CARTESIAN_POINT ( 'NONE',  ( -0.1338584372998307126, -0.03149606299212598381, -0.07480314960629921850 ) ) ;
#676 = FILL_AREA_STYLE_COLOUR ( '', #637 ) ;
#677 = ORIENTED_EDGE ( 'NONE', *, *, #2771, .T. ) ;
#678 = LINE ( 'NONE', #179, #813 ) ;
#679 = CARTESIAN_POINT ( 'NONE',  ( 0.0000000000000000000, 0.3897637795275590844, 0.0000000000000000000 ) ) ;
#680 =( LENGTH_UNIT ( ) NAMED_UNIT ( * ) SI_UNIT ( $, .METRE. ) );
#681 = EDGE_LOOP ( 'NONE', ( #2442, #266 ) ) ;
#682 = ADVANCED_FACE ( 'NONE', ( #2554 ), #2538, .F. ) ;
#683 = ADVANCED_FACE ( 'NONE', ( #2841 ), #924, .F. ) ;
#684 = DIRECTION ( 'NONE',  ( 0.0000000000000000000, 1.000000000000000000, 0.0000000000000000000 ) ) ;
#685 = VERTEX_POINT ( 'NONE', #2567 ) ;
#686 = DIRECTION ( 'NONE',  ( 1.000000000000000000, 0.0000000000000000000, 0.0000000000000000000 ) ) ;
#687 = ORIENTED_EDGE ( 'NONE', *, *, #2040, .T. ) ;
#688 = CARTESIAN_POINT ( 'NONE',  ( 0.1181102362204724532, 0.1377952755905511861, -0.1181102362204724532 ) ) ;
#689 = EDGE_CURVE ( 'NONE', #480, #2473, #1775, .T. ) ;
#690 = CARTESIAN_POINT ( 'NONE',  ( -0.1181102362204724532, 0.0000000000000000000, 0.1122047244094488277 ) ) ;
#691 = DIMENSIONAL_EXPONENTS ( 1.000000000000000000, 0.0000000000000000000, 0.0000000000000000000, 0.0000000000000000000, 0.0000000000000000000, 0.0000000000000000000, 0.0000000000000000000 ) ;
#692 = FACE_OUTER_BOUND ( 'NONE', #764, .T. ) ;
#693 = FILL_AREA_STYLE_COLOUR ( '', #127 ) ;
#694 = AXIS2_PLACEMENT_3D ( 'NONE', #2163, #1035, #3252 ) ;
#695 = AXIS2_PLACEMENT_3D ( 'NONE', #399, #2311, #1482 ) ;
#696 = VERTEX_POINT ( 'NONE', #3356 ) ;
#697 = DIRECTION ( 'NONE',  ( 0.0000000000000000000, 1.000000000000000000, 0.0000000000000000000 ) ) ;
#698 = VECTOR ( 'NONE', #175, 39.37007874015748143 ) ;
#699 = CIRCLE ( 'NONE', #3440, 0.02362204724409448092 ) ;
#700 = DIRECTION ( 'NONE',  ( 0.0000000000000000000, 0.0000000000000000000, 1.000000000000000000 ) ) ;
#701 = PLANE ( 'NONE',  #1158 ) ;
#702 = ORIENTED_EDGE ( 'NONE', *, *, #2737, .F. ) ;
#703 = STYLED_ITEM ( 'NONE', ( #570 ), #2405 ) ;
#704 = VECTOR ( 'NONE', #3128, 39.37007874015748143 ) ;
#705 = CARTESIAN_POINT ( 'NONE',  ( 0.1255464405159194829, -0.06479646946715768296, 0.09251968503937008093 ) ) ;
#706 = VERTEX_POINT ( 'NONE', #70 ) ;
#707 = LINE ( 'NONE', #2889, #258 ) ;
#708 = VERTEX_POINT ( 'NONE', #1709 ) ;
#709 = ORIENTED_EDGE ( 'NONE', *, *, #2703, .F. ) ;
#710 = AXIS2_PLACEMENT_3D ( 'NONE', #1848, #2918, #2660 ) ;
#711 = VECTOR ( 'NONE', #2415, 39.37007874015748143 ) ;
#712 = DIRECTION ( 'NONE',  ( 1.000000000000000000, 0.0000000000000000000, 0.0000000000000000000 ) ) ;
#713 = DIRECTION ( 'NONE',  ( -1.000000000000000000, 0.0000000000000000000, 0.0000000000000000000 ) ) ;
#714 = EDGE_CURVE ( 'NONE', #192, #274, #91, .T. ) ;
#715 = EDGE_LOOP ( 'NONE', ( #2714, #1813, #1989, #3375, #1118, #572 ) ) ;
#716 = DIMENSIONAL_EXPONENTS ( 1.000000000000000000, 0.0000000000000000000, 0.0000000000000000000, 0.0000000000000000000, 0.0000000000000000000, 0.0000000000000000000, 0.0000000000000000000 ) ;
#717 = LINE ( 'NONE', #150, #477 ) ;
#718 = ADVANCED_FACE ( 'NONE', ( #1729 ), #382, .T. ) ;
#719 = DIRECTION ( 'NONE',  ( 0.0000000000000000000, 1.000000000000000000, 0.0000000000000000000 ) ) ;
#720 = FILL_AREA_STYLE ('',( #1508 ) ) ;
#721 = ORIENTED_EDGE ( 'NONE', *, *, #2842, .F. ) ;
#722 = CARTESIAN_POINT ( 'NONE',  ( 0.1338584372998307126, -0.03149606299212598381, -0.07480314960629921850 ) ) ;
#723 = VERTEX_POINT ( 'NONE', #901 ) ;
#724 = DIRECTION ( 'NONE',  ( 0.0000000000000000000, 0.0000000000000000000, 1.000000000000000000 ) ) ;
#725 = ORIENTED_EDGE ( 'NONE', *, *, #1070, .F. ) ;
#726 = ORIENTED_EDGE ( 'NONE', *, *, #1697, .T. ) ;
#727 = ORIENTED_EDGE ( 'NONE', *, *, #2527, .T. ) ;
#728 = CARTESIAN_POINT ( 'NONE',  ( 0.1259842519685039353, 0.02755905511811023584, 0.07480314960629921850 ) ) ;
#729 = PLANE ( 'NONE',  #3508 ) ;
#730 = ORIENTED_EDGE ( 'NONE', *, *, #2206, .F. ) ;
#731 = DIRECTION ( 'NONE',  ( 0.0000000000000000000, 0.0000000000000000000, -1.000000000000000000 ) ) ;
#732 = EDGE_CURVE ( 'NONE', #1435, #2417, #2783, .T. ) ;
#733 = CARTESIAN_POINT ( 'NONE',  ( 0.1259842519685039353, 0.001910576577067484277, 0.07480314960629921850 ) ) ;
#734 = LINE ( 'NONE', #2037, #3049 ) ;
#735 = ORIENTED_EDGE ( 'NONE', *, *, #2771, .F. ) ;
#736 =( LENGTH_UNIT ( ) NAMED_UNIT ( * ) SI_UNIT ( $, .METRE. ) );
#737 = EDGE_CURVE ( 'NONE', #101, #2621, #3100, .T. ) ;
#738 = DIRECTION ( 'NONE',  ( 0.0000000000000000000, -1.000000000000000000, 0.0000000000000000000 ) ) ;
#739 = ORIENTED_EDGE ( 'NONE', *, *, #1024, .T. ) ;
#740 = FACE_OUTER_BOUND ( 'NONE', #1574, .T. ) ;
#741 = VERTEX_POINT ( 'NONE', #886 ) ;
#742 = EDGE_LOOP ( 'NONE', ( #1666, #975, #646, #1065 ) ) ;
#743 = EDGE_LOOP ( 'NONE', ( #1486, #2135 ) ) ;
#744 = CARTESIAN_POINT ( 'NONE',  ( 0.1417324530478622224, -0.03149606299212598381, -0.1023622047244094474 ) ) ;
#745 = CARTESIAN_POINT ( 'NONE',  ( 0.1181102362204724532, 0.003937007874015747977, 0.04921259842519685318 ) ) ;
#746 = EDGE_CURVE ( 'NONE', #2951, #3129, #916, .T. ) ;
#747 = ORIENTED_EDGE ( 'NONE', *, *, #2157, .F. ) ;
#748 = ADVANCED_FACE ( 'NONE', ( #365 ), #1950, .F. ) ;
#749 = STYLED_ITEM ( 'NONE', ( #531 ), #57 ) ;
#750 = CARTESIAN_POINT ( 'NONE',  ( -0.1338584372998307126, -0.03149606299212598381, -0.07480314960629921850 ) ) ;
#751 = AXIS2_PLACEMENT_3D ( 'NONE', #3250, #3488, #2908 ) ;
#752 = CIRCLE ( 'NONE', #1779, 0.02362204724409448092 ) ;
#753 = CARTESIAN_POINT ( 'NONE',  ( -0.1122047244094488277, 0.1377952755905511861, 0.1181102362204724532 ) ) ;
#754 = CARTESIAN_POINT ( 'NONE',  ( 0.08858267716535432601, 0.1299212598425196763, -0.08858267716535432601 ) ) ;
#755 = ORIENTED_EDGE ( 'NONE', *, *, #1212, .F. ) ;
#756 = LENGTH_MEASURE_WITH_UNIT ( LENGTH_MEASURE( 0.02539999999999999897 ), #1040 );
#757 = CARTESIAN_POINT ( 'NONE',  ( 0.1181102362204724532, 0.1377952755905511861, -0.1122047244094488277 ) ) ;
#758 = AXIS2_PLACEMENT_3D ( 'NONE', #459, #443, #712 ) ;
#759 = VECTOR ( 'NONE', #1715, 39.37007874015748143 ) ;
#760 = LINE ( 'NONE', #187, #1561 ) ;
#761 = ORIENTED_EDGE ( 'NONE', *, *, #2323, .F. ) ;
#762 = VECTOR ( 'NONE', #1679, 39.37007874015748143 ) ;
#763 = CARTESIAN_POINT ( 'NONE',  ( -0.1282216153882259901, -0.04242765514639196961, 0.1023622047244094474 ) ) ;
#764 = EDGE_LOOP ( 'NONE', ( #2888, #247, #1407, #2906 ) ) ;
#765 = ORIENTED_EDGE ( 'NONE', *, *, #1416, .T. ) ;
#766 = AXIS2_PLACEMENT_3D ( 'NONE', #619, #1724, #1706 ) ;
#767 = CARTESIAN_POINT ( 'NONE',  ( 0.1189390950157675347, -0.001605939811570186943, -0.1023622047244094474 ) ) ;
#768 = EDGE_CURVE ( 'NONE', #1601, #174, #2234, .T. ) ;
#769 = VECTOR ( 'NONE', #2134, 39.37007874015748143 ) ;
#770 = CARTESIAN_POINT ( 'NONE',  ( 0.1338584372998307126, -0.03149606299212598381, -0.1023622047244094474 ) ) ;
#771 = STYLED_ITEM ( 'NONE', ( #1355 ), #2784 ) ;
#772 = ORIENTED_EDGE ( 'NONE', *, *, #1954, .T. ) ;
#773 = DIRECTION ( 'NONE',  ( -0.8887958910435520554, 0.4583032446580521113, 0.0000000000000000000 ) ) ;
#774 = LINE ( 'NONE', #2599, #2938 ) ;
#775 =( CONVERSION_BASED_UNIT ( 'INCH', #1352 ) LENGTH_UNIT ( ) NAMED_UNIT ( #1535 ) );
#776 = VERTEX_POINT ( 'NONE', #1134 ) ;
#777 =( NAMED_UNIT ( * ) PLANE_ANGLE_UNIT ( ) SI_UNIT ( $, .RADIAN. ) );
#778 = CARTESIAN_POINT ( 'NONE',  ( -0.1181102362204724532, 0.1377952755905511861, -0.1181102362204724532 ) ) ;
#779 = CARTESIAN_POINT ( 'NONE',  ( -0.1417324530478622224, -0.03149606299212598381, -0.07480314960629921850 ) ) ;
#780 = ORIENTED_EDGE ( 'NONE', *, *, #1682, .F. ) ;
#781 = LINE ( 'NONE', #2384, #1961 ) ;
#782 = ORIENTED_EDGE ( 'NONE', *, *, #2897, .F. ) ;
#783 = ORIENTED_EDGE ( 'NONE', *, *, #3147, .F. ) ;
#784 = VERTEX_POINT ( 'NONE', #2507 ) ;
#785 = VERTEX_POINT ( 'NONE', #2205 ) ;
#786 = EDGE_CURVE ( 'NONE', #785, #1526, #2812, .T. ) ;
#787 = EDGE_CURVE ( 'NONE', #1931, #3157, #1216, .T. ) ;
#788 = CARTESIAN_POINT ( 'NONE',  ( 0.1181102362204724532, 0.1299212598425196763, 0.1122047244094488277 ) ) ;
#789 = DIRECTION ( 'NONE',  ( 0.0000000000000000000, 0.0000000000000000000, 1.000000000000000000 ) ) ;
#790 = EDGE_CURVE ( 'NONE', #978, #3416, #2545, .T. ) ;
#791 = CARTESIAN_POINT ( 'NONE',  ( -0.1255464405159194829, -0.06479646946715768296, 0.09251968503937008093 ) ) ;
#792 = CARTESIAN_POINT ( 'NONE',  ( 0.1417324530478622224, -0.03149606299212598381, 0.07480314960629921850 ) ) ;
#793 = CARTESIAN_POINT ( 'NONE',  ( -0.1181102362204724532, 0.1299212598425196763, 0.1122047244094488277 ) ) ;
#794 = CARTESIAN_POINT ( 'NONE',  ( 0.1255464405159194829, -0.06479646946715768296, 0.09251968503937008093 ) ) ;
#795 = ORIENTED_EDGE ( 'NONE', *, *, #562, .F. ) ;
#796 = SURFACE_SIDE_STYLE ('',( #3256 ) ) ;
#797 = CARTESIAN_POINT ( 'NONE',  ( -0.1409035942525671270, -0.02797954660348830891, -0.1023622047244094474 ) ) ;
#798 = DIRECTION ( 'NONE',  ( 0.0000000000000000000, -1.000000000000000000, 0.0000000000000000000 ) ) ;
#799 = ORIENTED_EDGE ( 'NONE', *, *, #474, .T. ) ;
#800 = CARTESIAN_POINT ( 'NONE',  ( -0.1409035942525671270, -0.02797954660348830891, -0.07480314960629921850 ) ) ;
#801 = ORIENTED_EDGE ( 'NONE', *, *, #89, .T. ) ;
#802 =( NAMED_UNIT ( * ) PLANE_ANGLE_UNIT ( ) SI_UNIT ( $, .RADIAN. ) );
#803 = EDGE_CURVE ( 'NONE', #3023, #1828, #2071, .T. ) ;
#804 = ORIENTED_EDGE ( 'NONE', *, *, #839, .F. ) ;
#805 = ADVANCED_FACE ( 'NONE', ( #3037 ), #2269, .T. ) ;
#806 = CARTESIAN_POINT ( 'NONE',  ( -0.1259842519685039353, 0.001910576577067480157, -0.07480314960629921850 ) ) ;
#807 = FACE_BOUND ( 'NONE', #1199, .T. ) ;
#808 = EDGE_CURVE ( 'NONE', #2417, #242, #2560, .T. ) ;
#809 = DIRECTION ( 'NONE',  ( 0.0000000000000000000, 1.000000000000000000, 0.0000000000000000000 ) ) ;
#810 = DIRECTION ( 'NONE',  ( 0.0000000000000000000, 1.000000000000000000, 0.0000000000000000000 ) ) ;
#811 = DIRECTION ( 'NONE',  ( 0.8887958910435519444, -0.4583032446580520558, 0.0000000000000000000 ) ) ;
#812 = CARTESIAN_POINT ( 'NONE',  ( -0.1417324530478622224, -0.03149606299212598381, 0.1023622047244094474 ) ) ;
#813 = VECTOR ( 'NONE', #2846, 39.37007874015748143 ) ;
#814 = DIRECTION ( 'NONE',  ( 0.0000000000000000000, 1.000000000000000000, 0.0000000000000000000 ) ) ;
#815 = EDGE_LOOP ( 'NONE', ( #2497, #1338, #2663, #2584 ) ) ;
#816 = DIRECTION ( 'NONE',  ( 0.1936873206075088449, 0.3756213745151027461, 0.9063077870366497146 ) ) ;
#817 = VECTOR ( 'NONE', #567, 39.37007874015748143 ) ;
#818 = PRESENTATION_LAYER_ASSIGNMENT (  '', '', ( #749 ) ) ;
#819 = DIRECTION ( 'NONE',  ( 0.0000000000000000000, 0.0000000000000000000, -1.000000000000000000 ) ) ;
#820 = ORIENTED_EDGE ( 'NONE', *, *, #107, .F. ) ;
#821 = DIRECTION ( 'NONE',  ( 0.8887958910435520554, 0.4583032446580521113, 0.0000000000000000000 ) ) ;
#822 = DIRECTION ( 'NONE',  ( 1.000000000000000000, 0.0000000000000000000, 0.0000000000000000000 ) ) ;
#823 = VERTEX_POINT ( 'NONE', #581 ) ;
#824 = CIRCLE ( 'NONE', #3048, 0.02362204724409448092 ) ;
#825 = AXIS2_PLACEMENT_3D ( 'NONE', #152, #2077, #1538 ) ;
#826 = AXIS2_PLACEMENT_3D ( 'NONE', #378, #123, #2792 ) ;
#827 = AXIS2_PLACEMENT_3D ( 'NONE', #1732, #1751, #2335 ) ;
#828 = DIRECTION ( 'NONE',  ( 0.0000000000000000000, 0.0000000000000000000, -1.000000000000000000 ) ) ;
#829 = CARTESIAN_POINT ( 'NONE',  ( -0.1338584372998307126, -0.03149606299212598381, 0.1023622047244094474 ) ) ;
#830 = CARTESIAN_POINT ( 'NONE',  ( -0.1259842519685039353, 0.001910576577067480157, 0.1023622047244094474 ) ) ;
#831 = AXIS2_PLACEMENT_3D ( 'NONE', #845, #2482, #293 ) ;
#832 = DIRECTION ( 'NONE',  ( 0.0000000000000000000, 0.0000000000000000000, 1.000000000000000000 ) ) ;
#833 = DIRECTION ( 'NONE',  ( 0.0000000000000000000, -1.000000000000000000, 0.0000000000000000000 ) ) ;
#834 = CARTESIAN_POINT ( 'NONE',  ( -0.1352200082310885954, -0.04603634211220338640, 0.07480314960629921850 ) ) ;
#835 = VECTOR ( 'NONE', #2146, 39.37007874015748143 ) ;
#836 =( NAMED_UNIT ( * ) PLANE_ANGLE_UNIT ( ) SI_UNIT ( $, .RADIAN. ) );
#837 = ORIENTED_EDGE ( 'NONE', *, *, #1801, .F. ) ;
#838 = CARTESIAN_POINT ( 'NONE',  ( -0.1409035942525671270, -0.02797954660348830891, -0.1023622047244094474 ) ) ;
#839 = EDGE_CURVE ( 'NONE', #1805, #1428, #346, .T. ) ;
#840 = DIRECTION ( 'NONE',  ( 0.0000000000000000000, 0.0000000000000000000, -1.000000000000000000 ) ) ;
#841 = VERTEX_POINT ( 'NONE', #868 ) ;
#842 = CARTESIAN_POINT ( 'NONE',  ( -0.1259842519685039353, 0.02755905511811023584, -0.07480314960629921850 ) ) ;
#843 = CARTESIAN_POINT ( 'NONE',  ( 0.1189390950157675347, -0.001605939811570186943, 0.1023622047244094474 ) ) ;
#844 = ORIENTED_EDGE ( 'NONE', *, *, #1112, .T. ) ;
#845 = CARTESIAN_POINT ( 'NONE',  ( -0.1185480476730569055, -0.06118778250134625923, 0.09251968503937008093 ) ) ;
#846 = DIRECTION ( 'NONE',  ( 0.0000000000000000000, -1.000000000000000000, 0.0000000000000000000 ) ) ;
#847 = LINE ( 'NONE', #2213, #2131 ) ;
#848 = LINE ( 'NONE', #1381, #1264 ) ;
#849 = EDGE_CURVE ( 'NONE', #3319, #2940, #1443, .T. ) ;
#850 = DIRECTION ( 'NONE',  ( -0.8887958910435519444, 0.4583032446580520558, 0.0000000000000000000 ) ) ;
#851 = DIRECTION ( 'NONE',  ( -0.4583032446580520558, -0.8887958910435519444, 0.0000000000000000000 ) ) ;
#852 = ORIENTED_EDGE ( 'NONE', *, *, #3237, .F. ) ;
#853 = DIRECTION ( 'NONE',  ( 0.0000000000000000000, 0.0000000000000000000, 1.000000000000000000 ) ) ;
#854 = EDGE_CURVE ( 'NONE', #2634, #1256, #3376, .T. ) ;
#855 = LINE ( 'NONE', #1955, #2773 ) ;
#856 = ORIENTED_EDGE ( 'NONE', *, *, #1619, .T. ) ;
#857 = VERTEX_POINT ( 'NONE', #3055 ) ;
#858 = EDGE_CURVE ( 'NONE', #1502, #1651, #1119, .T. ) ;
#859 = DIRECTION ( 'NONE',  ( -0.8947349329975287091, -0.4465975813569839081, 0.0000000000000000000 ) ) ;
#860 = ORIENTED_EDGE ( 'NONE', *, *, #714, .F. ) ;
#861 = DIRECTION ( 'NONE',  ( -1.000000000000000000, 0.0000000000000000000, 0.0000000000000000000 ) ) ;
#862 = CYLINDRICAL_SURFACE ( 'NONE', #2820, 0.007874015748031499423 ) ;
#863 = CARTESIAN_POINT ( 'NONE',  ( -0.1555118110236220763, 0.003937007874015747977, 0.04921259842519685318 ) ) ;
#864 = ADVANCED_FACE ( 'NONE', ( #1170, #3362, #2833, #1200, #2882, #3425 ), #2052, .T. ) ;
#865 = DIRECTION ( 'NONE',  ( 0.0000000000000000000, -1.000000000000000000, 0.0000000000000000000 ) ) ;
#866 = DIRECTION ( 'NONE',  ( 0.0000000000000000000, 0.0000000000000000000, 1.000000000000000000 ) ) ;
#867 = ORIENTED_EDGE ( 'NONE', *, *, #312, .F. ) ;
#868 = CARTESIAN_POINT ( 'NONE',  ( 0.1181102362204724532, 0.1299212598425196763, 0.1122047244094488277 ) ) ;
#869 = CARTESIAN_POINT ( 'NONE',  ( 0.1259842519685039353, 0.02755905511811023584, -0.07480314960629921850 ) ) ;
#870 = DIRECTION ( 'NONE',  ( 0.0000000000000000000, 0.0000000000000000000, 1.000000000000000000 ) ) ;
#871 = EDGE_LOOP ( 'NONE', ( #2535, #960, #2400, #3539, #3485, #1788, #437, #479, #2747, #3204, #1203 ) ) ;
#872 = COLOUR_RGB ( '',0.2980392156862745057, 0.2980392156862745057, 0.2980392156862745057 ) ;
#873 = DIRECTION ( 'NONE',  ( 0.0000000000000000000, 0.0000000000000000000, 1.000000000000000000 ) ) ;
#874 = ORIENTED_EDGE ( 'NONE', *, *, #1471, .F. ) ;
#875 = EDGE_CURVE ( 'NONE', #1301, #1939, #2575, .T. ) ;
#876 = CIRCLE ( 'NONE', #2065, 0.07283464566929134798 ) ;
#877 = FACE_OUTER_BOUND ( 'NONE', #2445, .T. ) ;
#878 = VECTOR ( 'NONE', #3324, 39.37007874015748143 ) ;
#879 = AXIS2_PLACEMENT_3D ( 'NONE', #1181, #639, #1477 ) ;
#880 = AXIS2_PLACEMENT_3D ( 'NONE', #3422, #1782, #1214 ) ;
#881 = ADVANCED_FACE ( 'NONE', ( #397 ), #2090, .T. ) ;
#882 = CARTESIAN_POINT ( 'NONE',  ( 0.1181102362204724532, 0.03543307086614173179, 0.1023622047244094474 ) ) ;
#883 = VECTOR ( 'NONE', #3027, 39.37007874015748143 ) ;
#884 = ORIENTED_EDGE ( 'NONE', *, *, #2900, .T. ) ;
#885 = CIRCLE ( 'NONE', #3405, 0.007874015748031499423 ) ;
#886 = CARTESIAN_POINT ( 'NONE',  ( -0.1185480476730569055, -0.06118778250134625923, -0.08464566929133858497 ) ) ;
#887 = VECTOR ( 'NONE', #2672, 39.37007874015748143 ) ;
#888 = DIRECTION ( 'NONE',  ( 0.0000000000000000000, -1.000000000000000000, 0.0000000000000000000 ) ) ;
#889 = DIRECTION ( 'NONE',  ( 0.0000000000000000000, 0.0000000000000000000, 1.000000000000000000 ) ) ;
#890 = ORIENTED_EDGE ( 'NONE', *, *, #1063, .F. ) ;
#891 = DIRECTION ( 'NONE',  ( 0.0000000000000000000, 0.0000000000000000000, 1.000000000000000000 ) ) ;
#892 = ORIENTED_EDGE ( 'NONE', *, *, #2596, .T. ) ;
#893 = CARTESIAN_POINT ( 'NONE',  ( 0.1259842519685039353, 0.001910576577067480157, -0.1023622047244094474 ) ) ;
#894 = DIRECTION ( 'NONE',  ( 0.0000000000000000000, 0.0000000000000000000, 1.000000000000000000 ) ) ;
#895 = ADVANCED_FACE ( 'NONE', ( #1253 ), #2360, .F. ) ;
#896 = DIRECTION ( 'NONE',  ( 0.4465975813569838526, -0.8947349329975285981, 0.0000000000000000000 ) ) ;
#897 = EDGE_CURVE ( 'NONE', #339, #2699, #717, .T. ) ;
#898 = PRESENTATION_STYLE_ASSIGNMENT (( #1129 ) ) ;
#899 = ORIENTED_EDGE ( 'NONE', *, *, #1636, .T. ) ;
#900 = ORIENTED_EDGE ( 'NONE', *, *, #2467, .T. ) ;
#901 = CARTESIAN_POINT ( 'NONE',  ( 0.1185480476730569055, -0.06118778250134625923, -0.09251968503937008093 ) ) ;
#902 = CARTESIAN_POINT ( 'NONE',  ( 0.0000000000000000000, 0.3897637795275590844, 0.0000000000000000000 ) ) ;
#903 = LINE ( 'NONE', #1224, #534 ) ;
#904 = ORIENTED_EDGE ( 'NONE', *, *, #3384, .F. ) ;
#905 = CARTESIAN_POINT ( 'NONE',  ( 0.1338584372998307126, -0.03149606299212598381, 0.07480314960629921850 ) ) ;
#906 = ORIENTED_EDGE ( 'NONE', *, *, #3291, .F. ) ;
#907 = EDGE_CURVE ( 'NONE', #2945, #2155, #3177, .T. ) ;
#908 = CARTESIAN_POINT ( 'NONE',  ( 0.1181102362204724532, 0.0000000000000000000, -0.04921259842519685318 ) ) ;
#909 = CARTESIAN_POINT ( 'NONE',  ( -0.1328516659854228621, -0.03344851307380460742, -0.1070731206436911498 ) ) ;
#910 = EDGE_CURVE ( 'NONE', #2473, #1046, #2912, .T. ) ;
#911 = CARTESIAN_POINT ( 'NONE',  ( -0.1259842519685039353, 0.001910576577067484277, -0.07480314960629921850 ) ) ;
#912 = ADVANCED_FACE ( 'NONE', ( #2074 ), #3153, .T. ) ;
#913 = LINE ( 'NONE', #1994, #2520 ) ;
#914 = ORIENTED_EDGE ( 'NONE', *, *, #312, .T. ) ;
#915 = ORIENTED_EDGE ( 'NONE', *, *, #608, .T. ) ;
#916 = LINE ( 'NONE', #1971, #1162 ) ;
#917 = EDGE_CURVE ( 'NONE', #1033, #3221, #130, .T. ) ;
#918 = FACE_OUTER_BOUND ( 'NONE', #2359, .T. ) ;
#919 = CARTESIAN_POINT ( 'NONE',  ( -0.08858267716535432601, 0.1299212598425196763, 0.08858267716535432601 ) ) ;
#920 = EDGE_LOOP ( 'NONE', ( #1018, #3031 ) ) ;
#921 = DIRECTION ( 'NONE',  ( 0.0000000000000000000, 0.0000000000000000000, 1.000000000000000000 ) ) ;
#922 = ORIENTED_EDGE ( 'NONE', *, *, #897, .F. ) ;
#923 = PLANE ( 'NONE',  #2926 ) ;
#924 = PLANE ( 'NONE',  #2762 ) ;
#925 = VECTOR ( 'NONE', #1060, 39.37007874015748143 ) ;
#926 = AXIS2_PLACEMENT_3D ( 'NONE', #919, #369, #2528 ) ;
#927 = VECTOR ( 'NONE', #2397, 39.37007874015748143 ) ;
#928 = AXIS2_PLACEMENT_3D ( 'NONE', #1704, #2799, #349 ) ;
#929 = CARTESIAN_POINT ( 'NONE',  ( 0.1185480476730569055, -0.06118778250134625923, -0.08464566929133858497 ) ) ;
#930 = LINE ( 'NONE', #2303, #878 ) ;
#931 = VECTOR ( 'NONE', #2607, 39.37007874015748854 ) ;
#932 = VECTOR ( 'NONE', #851, 39.37007874015748143 ) ;
#933 = VECTOR ( 'NONE', #2743, 39.37007874015748143 ) ;
#934 = VECTOR ( 'NONE', #379, 39.37007874015748143 ) ;
#935 = ORIENTED_EDGE ( 'NONE', *, *, #3186, .F. ) ;
#936 = CARTESIAN_POINT ( 'NONE',  ( -0.1259842519685039353, 0.001910576577067480157, 0.1023622047244094474 ) ) ;
#937 = AXIS2_PLACEMENT_3D ( 'NONE', #352, #1744, #3401 ) ;
#938 = EDGE_CURVE ( 'NONE', #3434, #2603, #956, .T. ) ;
#939 = LINE ( 'NONE', #3124, #2481 ) ;
#940 = VECTOR ( 'NONE', #2423, 39.37007874015748143 ) ;
#941 = CARTESIAN_POINT ( 'NONE',  ( 0.1259842519685039353, 0.02755905511811023584, 0.1023622047244094474 ) ) ;
#942 = VERTEX_POINT ( 'NONE', #1503 ) ;
#943 = EDGE_CURVE ( 'NONE', #1470, #2483, #1785, .T. ) ;
#944 = CARTESIAN_POINT ( 'NONE',  ( 0.1338584372998307126, -0.03149606299212598381, 0.07480314960629921850 ) ) ;
#945 = VERTEX_POINT ( 'NONE', #1005 ) ;
#946 = CARTESIAN_POINT ( 'NONE',  ( 0.08858267716535432601, 0.1377952755905511861, 0.06496062992125983815 ) ) ;
#947 = VERTEX_POINT ( 'NONE', #2627 ) ;
#948 = DIRECTION ( 'NONE',  ( 0.0000000000000000000, 1.000000000000000000, 0.0000000000000000000 ) ) ;
#949 = DIRECTION ( 'NONE',  ( 0.0000000000000000000, 0.0000000000000000000, 1.000000000000000000 ) ) ;
#950 = DIMENSIONAL_EXPONENTS ( 1.000000000000000000, 0.0000000000000000000, 0.0000000000000000000, 0.0000000000000000000, 0.0000000000000000000, 0.0000000000000000000, 0.0000000000000000000 ) ;
#951 = DIRECTION ( 'NONE',  ( 0.0000000000000000000, 1.000000000000000000, 0.0000000000000000000 ) ) ;
#952 = LINE ( 'NONE', #2859, #638 ) ;
#953 = EDGE_CURVE ( 'NONE', #515, #1145, #1034, .T. ) ;
#954 = ORIENTED_EDGE ( 'NONE', *, *, #2842, .T. ) ;
#955 = ADVANCED_FACE ( 'NONE', ( #1221 ), #2035, .F. ) ;
#956 = LINE ( 'NONE', #3411, #3341 ) ;
#957 = DIRECTION ( 'NONE',  ( 0.0000000000000000000, -1.000000000000000000, 0.0000000000000000000 ) ) ;
#958 = FACE_OUTER_BOUND ( 'NONE', #580, .T. ) ;
#959 = EDGE_CURVE ( 'NONE', #2151, #784, #2022, .T. ) ;
#960 = ORIENTED_EDGE ( 'NONE', *, *, #2737, .T. ) ;
#961 = CYLINDRICAL_SURFACE ( 'NONE', #1109, 0.02362204724409448092 ) ;
#962 = ORIENTED_EDGE ( 'NONE', *, *, #1294, .T. ) ;
#963 = DIRECTION ( 'NONE',  ( -2.168404344971010347E-16, 0.0000000000000000000, -1.000000000000000000 ) ) ;
#964 = ORIENTED_EDGE ( 'NONE', *, *, #3374, .T. ) ;
#965 = DIRECTION ( 'NONE',  ( -0.9779175499833030472, 0.0000000000000000000, -0.2089910654421710257 ) ) ;
#966 = LINE ( 'NONE', #3188, #2992 ) ;
#967 = CARTESIAN_POINT ( 'NONE',  ( 0.08858267716535432601, 0.1181102362204724532, -0.08858267716535432601 ) ) ;
#968 = CARTESIAN_POINT ( 'NONE',  ( -0.1189390950157675347, -0.001605939811570186943, 0.1023622047244094474 ) ) ;
#969 = ORIENTED_EDGE ( 'NONE', *, *, #394, .F. ) ;
#970 = CARTESIAN_POINT ( 'NONE',  ( -0.1408568301426933178, -0.03510474995793744224, 0.07480314960629921850 ) ) ;
#971 = DIRECTION ( 'NONE',  ( 0.0000000000000000000, -1.000000000000000000, 0.0000000000000000000 ) ) ;
#972 = DIRECTION ( 'NONE',  ( 0.0000000000000000000, -1.000000000000000000, 0.0000000000000000000 ) ) ;
#973 = ORIENTED_EDGE ( 'NONE', *, *, #1148, .F. ) ;
#974 = FACE_OUTER_BOUND ( 'NONE', #3450, .T. ) ;
#975 = ORIENTED_EDGE ( 'NONE', *, *, #2527, .F. ) ;
#976 = CARTESIAN_POINT ( 'NONE',  ( -0.1189390950157675347, -0.001605939811570186943, -0.1023622047244094474 ) ) ;
#977 = ORIENTED_EDGE ( 'NONE', *, *, #200, .T. ) ;
#978 = VERTEX_POINT ( 'NONE', #970 ) ;
#979 = EDGE_CURVE ( 'NONE', #3416, #3218, #678, .T. ) ;
#980 = CARTESIAN_POINT ( 'NONE',  ( 0.1352200082310885954, -0.04603634211220338640, -0.07480314960629921850 ) ) ;
#981 = CARTESIAN_POINT ( 'NONE',  ( -0.1185480476730569055, -0.06118778250134625923, -0.1023622047244094474 ) ) ;
#982 = CARTESIAN_POINT ( 'NONE',  ( 0.08858267716535432601, 0.1496062992125984370, -0.1122047244094488139 ) ) ;
#983 = STYLED_ITEM ( 'NONE', ( #2050 ), #1241 ) ;
#984 = ADVANCED_FACE ( 'NONE', ( #1480 ), #1789, .F. ) ;
#985 = CIRCLE ( 'NONE', #3390, 0.007874015748031499423 ) ;
#986 = PRESENTATION_LAYER_ASSIGNMENT (  '', '', ( #2525 ) ) ;
#987 = ORIENTED_EDGE ( 'NONE', *, *, #746, .F. ) ;
#988 = DIRECTION ( 'NONE',  ( 0.0000000000000000000, -1.000000000000000000, 0.0000000000000000000 ) ) ;
#989 = VECTOR ( 'NONE', #2319, 39.37007874015748143 ) ;
#990 = VECTOR ( 'NONE', #1423, 39.37007874015748143 ) ;
#991 = DIRECTION ( 'NONE',  ( 0.0000000000000000000, 0.0000000000000000000, -1.000000000000000000 ) ) ;
#992 = EDGE_LOOP ( 'NONE', ( #1304, #3019, #2369, #1515 ) ) ;
#993 = AXIS2_PLACEMENT_3D ( 'NONE', #1474, #2566, #120 ) ;
#994 = AXIS2_PLACEMENT_3D ( 'NONE', #1227, #2314, #1177 ) ;
#995 = CARTESIAN_POINT ( 'NONE',  ( -0.1122047244094488277, 0.1377952755905511861, -0.1181102362204724532 ) ) ;
#996 = VERTEX_POINT ( 'NONE', #2182 ) ;
#997 = DIRECTION ( 'NONE',  ( 0.0000000000000000000, 0.0000000000000000000, -1.000000000000000000 ) ) ;
#998 = ORIENTED_EDGE ( 'NONE', *, *, #2657, .T. ) ;
#999 = VERTEX_POINT ( 'NONE', #204 ) ;
#1000 = ORIENTED_EDGE ( 'NONE', *, *, #2573, .F. ) ;
#1001 = VECTOR ( 'NONE', #47, 39.37007874015748143 ) ;
#1002 = DIRECTION ( 'NONE',  ( 1.000000000000000000, 0.0000000000000000000, 0.0000000000000000000 ) ) ;
#1003 = ADVANCED_FACE ( 'NONE', ( #1295 ), #281, .T. ) ;
#1004 = ORIENTED_EDGE ( 'NONE', *, *, #979, .F. ) ;
#1005 = CARTESIAN_POINT ( 'NONE',  ( -0.08858267716535432601, 0.1299212598425196763, 0.06496062992125983815 ) ) ;
#1006 = FACE_OUTER_BOUND ( 'NONE', #1102, .T. ) ;
#1007 =( CONVERSION_BASED_UNIT ( 'INCH', #1821 ) LENGTH_UNIT ( ) NAMED_UNIT ( #3192 ) );
#1008 = ORIENTED_EDGE ( 'NONE', *, *, #1999, .F. ) ;
#1009 = DIRECTION ( 'NONE',  ( -1.000000000000000000, 0.0000000000000000000, 0.0000000000000000000 ) ) ;
#1010 = ORIENTED_EDGE ( 'NONE', *, *, #3533, .T. ) ;
#1011 = CARTESIAN_POINT ( 'NONE',  ( 0.1259842519685039353, 0.001910576577067480157, 0.07480314960629921850 ) ) ;
#1012 = VERTEX_POINT ( 'NONE', #2972 ) ;
#1013 = EDGE_LOOP ( 'NONE', ( #1283, #2854, #381, #1449 ) ) ;
#1014 = EDGE_CURVE ( 'NONE', #2945, #662, #3289, .T. ) ;
#1015 = LINE ( 'NONE', #2102, #2814 ) ;
#1016 = DIRECTION ( 'NONE',  ( 0.0000000000000000000, 0.0000000000000000000, 1.000000000000000000 ) ) ;
#1017 = EDGE_CURVE ( 'NONE', #942, #3503, #222, .T. ) ;
#1018 = ORIENTED_EDGE ( 'NONE', *, *, #2806, .F. ) ;
#1019 = CARTESIAN_POINT ( 'NONE',  ( -0.08858267716535432601, 0.1377952755905511861, -0.06496062992125983815 ) ) ;
#1020 = DIRECTION ( 'NONE',  ( 0.0000000000000000000, -1.000000000000000000, 0.0000000000000000000 ) ) ;
#1021 = CARTESIAN_POINT ( 'NONE',  ( -0.1181102362204724532, 0.1299212598425196763, -0.1122047244094488277 ) ) ;
#1022 = ORIENTED_EDGE ( 'NONE', *, *, #607, .F. ) ;
#1023 =( CONVERSION_BASED_UNIT ( 'INCH', #3480 ) LENGTH_UNIT ( ) NAMED_UNIT ( #2611 ) );
#1024 = EDGE_CURVE ( 'NONE', #1642, #1514, #1875, .T. ) ;
#1025 = CARTESIAN_POINT ( 'NONE',  ( 0.1181102362204724532, 0.1299212598425196763, -0.1181102362204724532 ) ) ;
#1026 = ORIENTED_EDGE ( 'NONE', *, *, #2900, .F. ) ;
#1027 = CARTESIAN_POINT ( 'NONE',  ( 0.1259842519685039353, 0.001910576577067484277, 0.1023622047244094474 ) ) ;
#1028 = ORIENTED_EDGE ( 'NONE', *, *, #2990, .T. ) ;
#1029 = ORIENTED_EDGE ( 'NONE', *, *, #1524, .F. ) ;
#1030 = VERTEX_POINT ( 'NONE', #1631 ) ;
#1031 = DIRECTION ( 'NONE',  ( 0.0000000000000000000, 0.0000000000000000000, -1.000000000000000000 ) ) ;
#1032 = DIRECTION ( 'NONE',  ( 0.0000000000000000000, 0.0000000000000000000, 1.000000000000000000 ) ) ;
#1033 = VERTEX_POINT ( 'NONE', #2686 ) ;
#1034 = CIRCLE ( 'NONE', #1608, 0.02362204724409448092 ) ;
#1035 = DIRECTION ( 'NONE',  ( 0.0000000000000000000, 0.0000000000000000000, -1.000000000000000000 ) ) ;
#1036 = VECTOR ( 'NONE', #1032, 39.37007874015748143 ) ;
#1037 = VECTOR ( 'NONE', #2218, 39.37007874015748143 ) ;
#1038 = DIRECTION ( 'NONE',  ( 0.0000000000000000000, 1.000000000000000000, -2.168404344971010446E-15 ) ) ;
#1039 = VERTEX_POINT ( 'NONE', #3536 ) ;
#1040 =( LENGTH_UNIT ( ) NAMED_UNIT ( * ) SI_UNIT ( $, .METRE. ) );
#1041 = DIRECTION ( 'NONE',  ( -0.8947349329975287091, -0.4465975813569839081, 0.0000000000000000000 ) ) ;
#1042 = EDGE_CURVE ( 'NONE', #1256, #2514, #487, .T. ) ;
#1043 = VECTOR ( 'NONE', #2741, 39.37007874015748143 ) ;
#1044 = VECTOR ( 'NONE', #1991, 39.37007874015748143 ) ;
#1045 = LINE ( 'NONE', #1025, #769 ) ;
#1046 = VERTEX_POINT ( 'NONE', #2649 ) ;
#1047 = VECTOR ( 'NONE', #3403, 39.37007874015748143 ) ;
#1048 = FILL_AREA_STYLE_COLOUR ( '', #1339 ) ;
#1049 = EDGE_LOOP ( 'NONE', ( #1069, #221, #215, #1941 ) ) ;
#1050 = VERTEX_POINT ( 'NONE', #792 ) ;
#1051 = EDGE_LOOP ( 'NONE', ( #2444, #2999, #153, #2795 ) ) ;
#1052 = ADVANCED_FACE ( 'NONE', ( #521 ), #3269, .F. ) ;
#1053 = VECTOR ( 'NONE', #1124, 39.37007874015748143 ) ;
#1054 = CARTESIAN_POINT ( 'NONE',  ( 0.1122047244094488277, 0.1377952755905511861, -0.1181102362204724532 ) ) ;
#1055 = VECTOR ( 'NONE', #99, 39.37007874015748143 ) ;
#1056 = CARTESIAN_POINT ( 'NONE',  ( -0.1181102362204724532, 0.1299212598425196763, 0.1181102362204724532 ) ) ;
#1057 = VECTOR ( 'NONE', #1807, 39.37007874015748143 ) ;
#1058 = DIRECTION ( 'NONE',  ( 0.0000000000000000000, -1.000000000000000000, 0.0000000000000000000 ) ) ;
#1059 =( GEOMETRIC_REPRESENTATION_CONTEXT ( 3 ) GLOBAL_UNCERTAINTY_ASSIGNED_CONTEXT ( ( #2826 ) ) GLOBAL_UNIT_ASSIGNED_CONTEXT ( ( #1023, #1168, #2204 ) ) REPRESENTATION_CONTEXT ( 'NONE', 'WORKASPACE' ) );
#1060 = DIRECTION ( 'NONE',  ( 0.0000000000000000000, 0.0000000000000000000, -1.000000000000000000 ) ) ;
#1061 = EDGE_CURVE ( 'NONE', #1694, #41, #2063, .T. ) ;
#1062 = LINE ( 'NONE', #2471, #3176 ) ;
#1063 = EDGE_CURVE ( 'NONE', #1072, #371, #3476, .T. ) ;
#1064 = CARTESIAN_POINT ( 'NONE',  ( -0.1181102362204724532, 0.001910576577067484277, 0.1023622047244094474 ) ) ;
#1065 = ORIENTED_EDGE ( 'NONE', *, *, #2467, .F. ) ;
#1066 = FILL_AREA_STYLE ('',( #1844 ) ) ;
#1067 = DIRECTION ( 'NONE',  ( 0.0000000000000000000, -0.9238015285048950531, 0.3828716964363119701 ) ) ;
#1068 = FACE_OUTER_BOUND ( 'NONE', #300, .T. ) ;
#1069 = ORIENTED_EDGE ( 'NONE', *, *, #451, .F. ) ;
#1070 = EDGE_CURVE ( 'NONE', #3036, #2690, #2126, .T. ) ;
#1071 = CYLINDRICAL_SURFACE ( 'NONE', #419, 0.02362204724409448092 ) ;
#1072 = VERTEX_POINT ( 'NONE', #2935 ) ;
#1073 = ORIENTED_EDGE ( 'NONE', *, *, #2490, .T. ) ;
#1074 = ORIENTED_EDGE ( 'NONE', *, *, #3345, .T. ) ;
#1075 = FACE_BOUND ( 'NONE', #920, .T. ) ;
#1076 = CYLINDRICAL_SURFACE ( 'NONE', #751, 0.007874015748031499423 ) ;
#1077 = CARTESIAN_POINT ( 'NONE',  ( -0.1259842519685039353, 0.001910576577067484277, -0.07480314960629921850 ) ) ;
#1078 = CARTESIAN_POINT ( 'NONE',  ( -0.1181102362204724532, 0.1377952755905511861, 0.1181102362204724532 ) ) ;
#1079 = DIRECTION ( 'NONE',  ( 0.4583032446580521113, -0.8887958910435520554, 0.0000000000000000000 ) ) ;
#1080 = VERTEX_POINT ( 'NONE', #1019 ) ;
#1081 =( CONVERSION_BASED_UNIT ( 'INCH', #2130 ) LENGTH_UNIT ( ) NAMED_UNIT ( #463 ) );
#1082 = DIRECTION ( 'NONE',  ( 0.0000000000000000000, 0.0000000000000000000, 1.000000000000000000 ) ) ;
#1083 = DIRECTION ( 'NONE',  ( 0.0000000000000000000, -1.000000000000000000, 0.0000000000000000000 ) ) ;
#1084 = EDGE_LOOP ( 'NONE', ( #1585, #3203, #3361, #1341 ) ) ;
#1085 = DIRECTION ( 'NONE',  ( 0.0000000000000000000, 0.0000000000000000000, 1.000000000000000000 ) ) ;
#1086 = ORIENTED_EDGE ( 'NONE', *, *, #19, .T. ) ;
#1087 = EDGE_CURVE ( 'NONE', #3439, #2427, #585, .T. ) ;
#1088 = DIRECTION ( 'NONE',  ( 0.0000000000000000000, 1.000000000000000000, 0.0000000000000000000 ) ) ;
#1089 = CARTESIAN_POINT ( 'NONE',  ( -0.1122047244094488277, 0.0000000000000000000, -0.1181102362204724532 ) ) ;
#1090 = FACE_OUTER_BOUND ( 'NONE', #871, .T. ) ;
#1091 = EDGE_CURVE ( 'NONE', #2964, #2259, #178, .T. ) ;
#1092 = LINE ( 'NONE', #314, #2358 ) ;
#1093 = ADVANCED_FACE ( 'NONE', ( #2393 ), #3492, .F. ) ;
#1094 = DIRECTION ( 'NONE',  ( 0.0000000000000000000, 0.0000000000000000000, 1.000000000000000000 ) ) ;
#1095 = LINE ( 'NONE', #283, #1629 ) ;
#1096 = PRESENTATION_LAYER_ASSIGNMENT (  '', '', ( #2632 ) ) ;
#1097 = ORIENTED_EDGE ( 'NONE', *, *, #587, .T. ) ;
#1098 = DIRECTION ( 'NONE',  ( 0.0000000000000000000, 0.0000000000000000000, 1.000000000000000000 ) ) ;
#1099 = AXIS2_PLACEMENT_3D ( 'NONE', #2555, #2843, #2279 ) ;
#1100 = CARTESIAN_POINT ( 'NONE',  ( 0.0000000000000000000, 0.1299212598425196763, 0.07283464566929134798 ) ) ;
#1101 = ORIENTED_EDGE ( 'NONE', *, *, #3490, .F. ) ;
#1102 = EDGE_LOOP ( 'NONE', ( #1373, #2191, #1361, #1483, #2373, #2899, #1565, #3113 ) ) ;
#1103 = VERTEX_POINT ( 'NONE', #262 ) ;
#1104 = CIRCLE ( 'NONE', #1498, 0.005905511811023620231 ) ;
#1105 = AXIS2_PLACEMENT_3D ( 'NONE', #3276, #1302, #2678 ) ;
#1106 = VECTOR ( 'NONE', #1998, 39.37007874015748143 ) ;
#1107 = LINE ( 'NONE', #2210, #1053 ) ;
#1108 = DIRECTION ( 'NONE',  ( 0.4465975813569838526, -0.8947349329975285981, 0.0000000000000000000 ) ) ;
#1109 = AXIS2_PLACEMENT_3D ( 'NONE', #1485, #654, #2273 ) ;
#1110 = AXIS2_PLACEMENT_3D ( 'NONE', #1936, #3038, #2477 ) ;
#1111 = FACE_OUTER_BOUND ( 'NONE', #418, .T. ) ;
#1112 = EDGE_CURVE ( 'NONE', #696, #723, #2994, .T. ) ;
#1113 = CARTESIAN_POINT ( 'NONE',  ( 0.1181102362204724532, 0.03543307086614173179, -0.1023622047244094474 ) ) ;
#1114 = CIRCLE ( 'NONE', #265, 0.02362204724409448092 ) ;
#1115 = PRODUCT_RELATED_PRODUCT_CATEGORY ( 'part', '', ( #618 ) ) ;
#1116 = DIRECTION ( 'NONE',  ( 0.0000000000000000000, 0.0000000000000000000, 1.000000000000000000 ) ) ;
#1117 = LINE ( 'NONE', #2202, #932 ) ;
#1118 = ORIENTED_EDGE ( 'NONE', *, *, #1505, .T. ) ;
#1119 = LINE ( 'NONE', #599, #3109 ) ;
#1120 = AXIS2_PLACEMENT_3D ( 'NONE', #1133, #1635, #320 ) ;
#1121 = DIRECTION ( 'NONE',  ( -1.000000000000000000, 0.0000000000000000000, 0.0000000000000000000 ) ) ;
#1122 = CARTESIAN_POINT ( 'NONE',  ( -0.1409035942525671270, -0.02797954660348830891, 0.1023622047244094474 ) ) ;
#1123 = VERTEX_POINT ( 'NONE', #238 ) ;
#1124 = DIRECTION ( 'NONE',  ( -2.168404344971010347E-16, 0.0000000000000000000, -1.000000000000000000 ) ) ;
#1125 = ORIENTED_EDGE ( 'NONE', *, *, #1294, .F. ) ;
#1126 = CARTESIAN_POINT ( 'NONE',  ( 0.1122047244094488277, 0.1377952755905511861, 0.1122047244094488277 ) ) ;
#1127 = ADVANCED_FACE ( 'NONE', ( #1327 ), #2145, .T. ) ;
#1128 = DIRECTION ( 'NONE',  ( 0.0000000000000000000, 0.0000000000000000000, 1.000000000000000000 ) ) ;
#1129 = SURFACE_STYLE_USAGE ( .BOTH. , #1426 ) ;
#1130 = CARTESIAN_POINT ( 'NONE',  ( -0.08858267716535432601, 0.1377952755905511861, 0.08858267716535432601 ) ) ;
#1131 = LINE ( 'NONE', #675, #1037 ) ;
#1132 = ORIENTED_EDGE ( 'NONE', *, *, #124, .T. ) ;
#1133 = CARTESIAN_POINT ( 'NONE',  ( 0.0000000000000000000, 0.0000000000000000000, 0.0000000000000000000 ) ) ;
#1134 = CARTESIAN_POINT ( 'NONE',  ( -0.1122047244094488277, 0.1299212598425196763, -0.1181102362204724532 ) ) ;
#1135 = CARTESIAN_POINT ( 'NONE',  ( 0.1259842519685039353, 0.02755905511811023584, -0.07480314960629921850 ) ) ;
#1136 = DIRECTION ( 'NONE',  ( 1.000000000000000000, 0.0000000000000000000, 0.0000000000000000000 ) ) ;
#1137 = ORIENTED_EDGE ( 'NONE', *, *, #1999, .T. ) ;
#1138 = MANIFOLD_SOLID_BREP ( 'Imported6', #3442 ) ;
#1139 = EDGE_CURVE ( 'NONE', #2099, #3434, #848, .T. ) ;
#1140 = DIRECTION ( 'NONE',  ( 1.000000000000000000, 0.0000000000000000000, -1.445602896647339903E-16 ) ) ;
#1141 = ORIENTED_EDGE ( 'NONE', *, *, #2172, .T. ) ;
#1142 = DIRECTION ( 'NONE',  ( 0.0000000000000000000, 0.0000000000000000000, -1.000000000000000000 ) ) ;
#1143 = DIRECTION ( 'NONE',  ( 0.0000000000000000000, 0.0000000000000000000, -1.000000000000000000 ) ) ;
#1144 = FILL_AREA_STYLE_COLOUR ( '', #872 ) ;
#1145 = VERTEX_POINT ( 'NONE', #2253 ) ;
#1146 = DIRECTION ( 'NONE',  ( -0.4465975813569838526, -0.8947349329975285981, 0.0000000000000000000 ) ) ;
#1147 = DIRECTION ( 'NONE',  ( 0.0000000000000000000, 0.0000000000000000000, -1.000000000000000000 ) ) ;
#1148 = EDGE_CURVE ( 'NONE', #1188, #3467, #3050, .T. ) ;
#1149 = ADVANCED_FACE ( 'NONE', ( #3030 ), #1968, .F. ) ;
#1150 = CARTESIAN_POINT ( 'NONE',  ( 0.1408568301426933178, -0.03510474995793744224, 0.07480314960629921850 ) ) ;
#1151 = ADVANCED_FACE ( 'NONE', ( #624 ), #2760, .T. ) ;
#1152 = ORIENTED_EDGE ( 'NONE', *, *, #2264, .F. ) ;
#1153 = VECTOR ( 'NONE', #2215, 39.37007874015748854 ) ;
#1154 = VECTOR ( 'NONE', #52, 39.37007874015748143 ) ;
#1155 = DIRECTION ( 'NONE',  ( -1.000000000000000000, 0.0000000000000000000, 0.0000000000000000000 ) ) ;
#1156 = VERTEX_POINT ( 'NONE', #95 ) ;
#1157 = LINE ( 'NONE', #1746, #131 ) ;
#1158 = AXIS2_PLACEMENT_3D ( 'NONE', #417, #3140, #3179 ) ;
#1159 = EDGE_CURVE ( 'NONE', #776, #2099, #244, .T. ) ;
#1160 = DIRECTION ( 'NONE',  ( 0.0000000000000000000, 1.000000000000000000, 0.0000000000000000000 ) ) ;
#1161 = VECTOR ( 'NONE', #294, 39.37007874015748143 ) ;
#1162 = VECTOR ( 'NONE', #1467, 39.37007874015748143 ) ;
#1163 = LINE ( 'NONE', #929, #1267 ) ;
#1164 = AXIS2_PLACEMENT_3D ( 'NONE', #1027, #1923, #2960 ) ;
#1165 = VECTOR ( 'NONE', #1661, 39.37007874015748143 ) ;
#1166 = ORIENTED_EDGE ( 'NONE', *, *, #2214, .T. ) ;
#1167 = ORIENTED_EDGE ( 'NONE', *, *, #394, .T. ) ;
#1168 =( NAMED_UNIT ( * ) PLANE_ANGLE_UNIT ( ) SI_UNIT ( $, .RADIAN. ) );
#1169 = CIRCLE ( 'NONE', #2595, 0.007874015748031499423 ) ;
#1170 = FACE_BOUND ( 'NONE', #2499, .T. ) ;
#1171 = ADVANCED_FACE ( 'NONE', ( #3068 ), #30, .T. ) ;
#1172 = EDGE_CURVE ( 'NONE', #1235, #589, #2700, .T. ) ;
#1173 = VECTOR ( 'NONE', #3323, 39.37007874015748143 ) ;
#1174 = FACE_OUTER_BOUND ( 'NONE', #2203, .T. ) ;
#1175 = DIRECTION ( 'NONE',  ( 0.0000000000000000000, -1.000000000000000000, 0.0000000000000000000 ) ) ;
#1176 = VERTEX_POINT ( 'NONE', #1945 ) ;
#1177 = DIRECTION ( 'NONE',  ( 0.0000000000000000000, 0.0000000000000000000, 1.000000000000000000 ) ) ;
#1178 = ORIENTED_EDGE ( 'NONE', *, *, #1240, .F. ) ;
#1179 = DIRECTION ( 'NONE',  ( 0.0000000000000000000, 1.000000000000000000, 0.0000000000000000000 ) ) ;
#1180 = DIRECTION ( 'NONE',  ( 0.0000000000000000000, 0.0000000000000000000, 1.000000000000000000 ) ) ;
#1181 = CARTESIAN_POINT ( 'NONE',  ( -0.1122047244094488277, 0.1299212598425196763, 0.1122047244094488277 ) ) ;
#1182 = CARTESIAN_POINT ( 'NONE',  ( 0.1259842519685039353, 0.001910576577067480157, -0.1023622047244094474 ) ) ;
#1183 = ORIENTED_EDGE ( 'NONE', *, *, #428, .F. ) ;
#1184 = EDGE_LOOP ( 'NONE', ( #3350, #1010 ) ) ;
#1185 = DIRECTION ( 'NONE',  ( 0.4583032446580520558, -0.8887958910435519444, 0.0000000000000000000 ) ) ;
#1186 = DIRECTION ( 'NONE',  ( 0.0000000000000000000, 0.0000000000000000000, -1.000000000000000000 ) ) ;
#1187 = CARTESIAN_POINT ( 'NONE',  ( -0.08858267716535432601, 0.1377952755905511861, -0.06496062992125983815 ) ) ;
#1188 = VERTEX_POINT ( 'NONE', #1182 ) ;
#1189 = FACE_OUTER_BOUND ( 'NONE', #1774, .T. ) ;
#1190 = EDGE_LOOP ( 'NONE', ( #66, #3127, #2424, #2153 ) ) ;
#1191 = CARTESIAN_POINT ( 'NONE',  ( 0.08858267716535432601, 0.1377952755905511861, 0.08858267716535432601 ) ) ;
#1192 = EDGE_LOOP ( 'NONE', ( #2544, #726 ) ) ;
#1193 = DIRECTION ( 'NONE',  ( 0.4153637994577553672, -0.8055226371389487827, 0.4226182617407003850 ) ) ;
#1194 = CARTESIAN_POINT ( 'NONE',  ( 0.1417324530478622224, -0.03149606299212598381, -0.07480314960629921850 ) ) ;
#1195 = DIRECTION ( 'NONE',  ( 0.8887958910435519444, 0.4583032446580520558, 0.0000000000000000000 ) ) ;
#1196 = EDGE_CURVE ( 'NONE', #3218, #1884, #913, .T. ) ;
#1197 = CARTESIAN_POINT ( 'NONE',  ( -0.1338584372998307126, -0.03149606299212598381, 0.07480314960629921850 ) ) ;
#1198 = EDGE_CURVE ( 'NONE', #1828, #529, #2468, .T. ) ;
#1199 = EDGE_LOOP ( 'NONE', ( #2084, #3263 ) ) ;
#1200 = FACE_BOUND ( 'NONE', #2337, .T. ) ;
#1201 = CARTESIAN_POINT ( 'NONE',  ( -0.1338584372998307126, -0.03149606299212598381, -0.07480314960629921850 ) ) ;
#1202 = CARTESIAN_POINT ( 'NONE',  ( -0.1417324530478622224, -0.03149606299212598381, -0.1023622047244094474 ) ) ;
#1203 = ORIENTED_EDGE ( 'NONE', *, *, #3384, .T. ) ;
#1204 = DIRECTION ( 'NONE',  ( 0.0000000000000000000, 1.000000000000000000, 0.0000000000000000000 ) ) ;
#1205 = VERTEX_POINT ( 'NONE', #1113 ) ;
#1206 = DIRECTION ( 'NONE',  ( 0.0000000000000000000, 0.0000000000000000000, -1.000000000000000000 ) ) ;
#1207 = DIRECTION ( 'NONE',  ( -1.000000000000000000, 0.0000000000000000000, 0.0000000000000000000 ) ) ;
#1208 = AXIS2_PLACEMENT_3D ( 'NONE', #1236, #1536, #113 ) ;
#1209 = AXIS2_PLACEMENT_3D ( 'NONE', #3087, #338, #1691 ) ;
#1210 = VECTOR ( 'NONE', #1578, 39.37007874015748854 ) ;
#1211 = CIRCLE ( 'NONE', #2759, 0.02362204724409448092 ) ;
#1212 = EDGE_CURVE ( 'NONE', #271, #785, #46, .T. ) ;
#1213 = FACE_OUTER_BOUND ( 'NONE', #2194, .T. ) ;
#1214 = DIRECTION ( 'NONE',  ( -1.000000000000000000, 0.0000000000000000000, 0.0000000000000000000 ) ) ;
#1215 = CIRCLE ( 'NONE', #758, 0.007874015748031499423 ) ;
#1216 = CIRCLE ( 'NONE', #2993, 0.06889763779527559306 ) ;
#1217 = DIRECTION ( 'NONE',  ( 1.000000000000000000, 0.0000000000000000000, 0.0000000000000000000 ) ) ;
#1218 = ADVANCED_FACE ( 'NONE', ( #3339 ), #431, .F. ) ;
#1219 = CIRCLE ( 'NONE', #2243, 0.02362204724409448092 ) ;
#1220 = ORIENTED_EDGE ( 'NONE', *, *, #1427, .F. ) ;
#1221 = FACE_OUTER_BOUND ( 'NONE', #1602, .T. ) ;
#1222 = DIRECTION ( 'NONE',  ( 0.0000000000000000000, 0.0000000000000000000, -1.000000000000000000 ) ) ;
#1223 = VECTOR ( 'NONE', #3327, 39.37007874015748143 ) ;
#1224 = CARTESIAN_POINT ( 'NONE',  ( 0.1181102362204724532, 0.03543307086614173179, -0.07480314960629921850 ) ) ;
#1225 = EDGE_LOOP ( 'NONE', ( #1008, #604, #3299, #2811 ) ) ;
#1226 = AXIS2_PLACEMENT_3D ( 'NONE', #2053, #991, #2325 ) ;
#1227 = CARTESIAN_POINT ( 'NONE',  ( 0.1181102362204724532, 0.03543307086614173179, 0.1023622047244094474 ) ) ;
#1228 = ORIENTED_EDGE ( 'NONE', *, *, #1014, .T. ) ;
#1229 = CARTESIAN_POINT ( 'NONE',  ( 0.08858267716535432601, 0.1496062992125984370, -0.06496062992125983815 ) ) ;
#1230 = VERTEX_POINT ( 'NONE', #982 ) ;
#1231 = CARTESIAN_POINT ( 'NONE',  ( -0.08858267716535432601, 0.1299212598425196763, -0.08858267716535432601 ) ) ;
#1232 = DIRECTION ( 'NONE',  ( 0.0000000000000000000, 1.000000000000000000, 0.0000000000000000000 ) ) ;
#1233 = DIRECTION ( 'NONE',  ( 0.0000000000000000000, 1.000000000000000000, 0.0000000000000000000 ) ) ;
#1234 = SURFACE_SIDE_STYLE ('',( #148 ) ) ;
#1235 = VERTEX_POINT ( 'NONE', #2017 ) ;
#1236 = CARTESIAN_POINT ( 'NONE',  ( 0.1122047244094488277, 0.1377952755905511861, -0.1122047244094488277 ) ) ;
#1237 = DIRECTION ( 'NONE',  ( 0.0000000000000000000, 0.0000000000000000000, 1.000000000000000000 ) ) ;
#1238 = FACE_OUTER_BOUND ( 'NONE', #2456, .T. ) ;
#1239 = ORIENTED_EDGE ( 'NONE', *, *, #2547, .T. ) ;
#1240 = EDGE_CURVE ( 'NONE', #1518, #2765, #3423, .T. ) ;
#1241 = MANIFOLD_SOLID_BREP ( 'NONE', #1550 ) ;
#1242 = CARTESIAN_POINT ( 'NONE',  ( -0.08858267716535432601, 0.1299212598425196763, 0.08858267716535432601 ) ) ;
#1243 = EDGE_LOOP ( 'NONE', ( #2982, #1410, #3041, #3527, #499, #2322, #998, #506, #1883, #1822, #149 ) ) ;
#1244 = DIRECTION ( 'NONE',  ( 0.0000000000000000000, 1.000000000000000000, 0.0000000000000000000 ) ) ;
#1245 = ORIENTED_EDGE ( 'NONE', *, *, #3198, .F. ) ;
#1246 = ORIENTED_EDGE ( 'NONE', *, *, #2806, .T. ) ;
#1247 = EDGE_CURVE ( 'NONE', #3392, #3261, #1717, .T. ) ;
#1248 = MANIFOLD_SOLID_BREP ( 'Imported5', #527 ) ;
#1249 = CYLINDRICAL_SURFACE ( 'NONE', #2412, 0.005905511811023620231 ) ;
#1250 = CARTESIAN_POINT ( 'NONE',  ( 0.1181102362204724532, 0.1377952755905511861, -0.1181102362204724532 ) ) ;
#1251 = FILL_AREA_STYLE ('',( #693 ) ) ;
#1252 = ORIENTED_EDGE ( 'NONE', *, *, #1198, .T. ) ;
#1253 = FACE_OUTER_BOUND ( 'NONE', #2606, .T. ) ;
#1254 = DIRECTION ( 'NONE',  ( 0.0000000000000000000, 1.000000000000000000, -2.168404344971010446E-15 ) ) ;
#1255 = DIRECTION ( 'NONE',  ( 0.0000000000000000000, 0.0000000000000000000, 1.000000000000000000 ) ) ;
#1256 = VERTEX_POINT ( 'NONE', #2572 ) ;
#1257 = CYLINDRICAL_SURFACE ( 'NONE', #144, 0.007874015748031499423 ) ;
#1258 = ORIENTED_EDGE ( 'NONE', *, *, #2214, .F. ) ;
#1259 = EDGE_CURVE ( 'NONE', #242, #947, #985, .T. ) ;
#1260 = CARTESIAN_POINT ( 'NONE',  ( -0.1408568301426933178, -0.03510474995793744224, -0.1023622047244094474 ) ) ;
#1261 = VERTEX_POINT ( 'NONE', #2304 ) ;
#1262 = ORIENTED_EDGE ( 'NONE', *, *, #768, .T. ) ;
#1263 = ORIENTED_EDGE ( 'NONE', *, *, #2107, .F. ) ;
#1264 = VECTOR ( 'NONE', #2540, 39.37007874015748143 ) ;
#1265 = PLANE ( 'NONE',  #1617 ) ;
#1266 = CARTESIAN_POINT ( 'NONE',  ( -0.1181102362204724532, 0.03543307086614173179, 0.07480314960629921850 ) ) ;
#1267 = VECTOR ( 'NONE', #659, 39.37007874015748143 ) ;
#1268 = CIRCLE ( 'NONE', #1958, 0.007874015748031499423 ) ;
#1269 = VECTOR ( 'NONE', #1665, 39.37007874015748143 ) ;
#1270 = ORIENTED_EDGE ( 'NONE', *, *, #1496, .T. ) ;
#1271 = DIRECTION ( 'NONE',  ( -0.0000000000000000000, 1.000000000000000000, 0.0000000000000000000 ) ) ;
#1272 = VECTOR ( 'NONE', #2048, 39.37007874015748143 ) ;
#1273 = VECTOR ( 'NONE', #2796, 39.37007874015748143 ) ;
#1274 = CARTESIAN_POINT ( 'NONE',  ( -0.1255464405159194829, -0.06479646946715768296, -0.08464566929133858497 ) ) ;
#1275 = CARTESIAN_POINT ( 'NONE',  ( -0.1185480476730569055, -0.06118778250134625923, -0.09251968503937008093 ) ) ;
#1276 = VERTEX_POINT ( 'NONE', #3409 ) ;
#1277 = PRESENTATION_STYLE_ASSIGNMENT (( #3212 ) ) ;
#1278 = AXIS2_PLACEMENT_3D ( 'NONE', #2228, #3333, #1964 ) ;
#1279 = EDGE_CURVE ( 'NONE', #1205, #1466, #952, .T. ) ;
#1280 = EDGE_CURVE ( 'NONE', #2514, #3454, #1493, .T. ) ;
#1281 = AXIS2_PLACEMENT_3D ( 'NONE', #1456, #891, #3380 ) ;
#1282 = LINE ( 'NONE', #1314, #2251 ) ;
#1283 = ORIENTED_EDGE ( 'NONE', *, *, #1247, .F. ) ;
#1284 = DIRECTION ( 'NONE',  ( 0.0000000000000000000, 0.0000000000000000000, 1.000000000000000000 ) ) ;
#1285 = EDGE_LOOP ( 'NONE', ( #1798, #2425, #2618, #2961 ) ) ;
#1286 = ORIENTED_EDGE ( 'NONE', *, *, #428, .T. ) ;
#1287 = ORIENTED_EDGE ( 'NONE', *, *, #1982, .F. ) ;
#1288 = VECTOR ( 'NONE', #1300, 39.37007874015748143 ) ;
#1289 = EDGE_CURVE ( 'NONE', #1838, #1854, #2004, .T. ) ;
#1290 =( GEOMETRIC_REPRESENTATION_CONTEXT ( 3 ) GLOBAL_UNCERTAINTY_ASSIGNED_CONTEXT ( ( #2967 ) ) GLOBAL_UNIT_ASSIGNED_CONTEXT ( ( #1081, #450, #2956 ) ) REPRESENTATION_CONTEXT ( 'NONE', 'WORKASPACE' ) );
#1291 = DIRECTION ( 'NONE',  ( -1.000000000000000000, 0.0000000000000000000, 2.168404344971010347E-16 ) ) ;
#1292 = DIRECTION ( 'NONE',  ( 0.0000000000000000000, 1.000000000000000000, 0.0000000000000000000 ) ) ;
#1293 = VERTEX_POINT ( 'NONE', #1589 ) ;
#1294 = EDGE_CURVE ( 'NONE', #706, #1080, #1721, .T. ) ;
#1295 = FACE_OUTER_BOUND ( 'NONE', #1285, .T. ) ;
#1296 = CARTESIAN_POINT ( 'NONE',  ( 0.1122047244094488277, 0.0000000000000000000, -0.1181102362204724532 ) ) ;
#1297 = DIRECTION ( 'NONE',  ( 1.000000000000000000, 0.0000000000000000000, 0.0000000000000000000 ) ) ;
#1298 = ORIENTED_EDGE ( 'NONE', *, *, #245, .T. ) ;
#1299 = ORIENTED_EDGE ( 'NONE', *, *, #1823, .T. ) ;
#1300 = DIRECTION ( 'NONE',  ( -0.4583032446580520558, -0.8887958910435519444, 0.0000000000000000000 ) ) ;
#1301 = VERTEX_POINT ( 'NONE', #745 ) ;
#1302 = DIRECTION ( 'NONE',  ( 0.0000000000000000000, 1.000000000000000000, 0.0000000000000000000 ) ) ;
#1303 = ORIENTED_EDGE ( 'NONE', *, *, #689, .T. ) ;
#1304 = ORIENTED_EDGE ( 'NONE', *, *, #2950, .F. ) ;
#1305 = EDGE_LOOP ( 'NONE', ( #422, #2006 ) ) ;
#1306 = DIRECTION ( 'NONE',  ( 0.8887958910435519444, -0.4583032446580520558, 0.0000000000000000000 ) ) ;
#1307 = FACE_OUTER_BOUND ( 'NONE', #2294, .T. ) ;
#1308 = ORIENTED_EDGE ( 'NONE', *, *, #2508, .T. ) ;
#1309 = DIRECTION ( 'NONE',  ( 0.4465975813569838526, -0.8947349329975285981, 0.0000000000000000000 ) ) ;
#1310 = ADVANCED_FACE ( 'NONE', ( #1888 ), #729, .F. ) ;
#1311 = CARTESIAN_POINT ( 'NONE',  ( 0.0000000000000000000, 0.3899011791208760180, 0.05981893896167287533 ) ) ;
#1312 = ORIENTED_EDGE ( 'NONE', *, *, #2546, .F. ) ;
#1313 = DIRECTION ( 'NONE',  ( 0.0000000000000000000, -1.000000000000000000, 0.0000000000000000000 ) ) ;
#1314 = CARTESIAN_POINT ( 'NONE',  ( -0.1417324530478622224, -0.03149606299212598381, 0.1023622047244094474 ) ) ;
#1315 = VERTEX_POINT ( 'NONE', #1628 ) ;
#1316 = CARTESIAN_POINT ( 'NONE',  ( 0.1409035942525671270, -0.02797954660348830891, -0.1023622047244094474 ) ) ;
#1317 = EDGE_LOOP ( 'NONE', ( #1286, #566 ) ) ;
#1318 = ORIENTED_EDGE ( 'NONE', *, *, #1017, .T. ) ;
#1319 = ORIENTED_EDGE ( 'NONE', *, *, #2264, .T. ) ;
#1320 = DIRECTION ( 'NONE',  ( 0.0000000000000000000, -0.9238015285048950531, 0.3828716964363119701 ) ) ;
#1321 = CARTESIAN_POINT ( 'NONE',  ( 0.1181102362204724532, 0.02755905511811023584, -0.1023622047244094474 ) ) ;
#1322 = EDGE_CURVE ( 'NONE', #1080, #706, #2235, .T. ) ;
#1323 = EDGE_CURVE ( 'NONE', #2822, #696, #3514, .T. ) ;
#1324 = DIRECTION ( 'NONE',  ( 0.0000000000000000000, 0.0000000000000000000, 1.000000000000000000 ) ) ;
#1325 = VECTOR ( 'NONE', #504, 39.37007874015748143 ) ;
#1326 = COLOUR_RGB ( '',0.8313725490196077761, 0.8392156862745098200, 0.8313725490196077761 ) ;
#1327 = FACE_OUTER_BOUND ( 'NONE', #815, .T. ) ;
#1328 = EDGE_CURVE ( 'NONE', #1261, #2514, #235, .T. ) ;
#1329 =( GEOMETRIC_REPRESENTATION_CONTEXT ( 3 ) GLOBAL_UNCERTAINTY_ASSIGNED_CONTEXT ( ( #673 ) ) GLOBAL_UNIT_ASSIGNED_CONTEXT ( ( #1765, #2878, #3136 ) ) REPRESENTATION_CONTEXT ( 'NONE', 'WORKASPACE' ) );
#1330 = AXIS2_PLACEMENT_3D ( 'NONE', #2281, #1403, #2069 ) ;
#1331 = CARTESIAN_POINT ( 'NONE',  ( -0.1185480476730569055, -0.06118778250134625923, -0.1023622047244094474 ) ) ;
#1332 = CARTESIAN_POINT ( 'NONE',  ( -0.1189390950157675347, -0.001605939811570186943, -0.1023622047244094474 ) ) ;
#1333 = ORIENTED_EDGE ( 'NONE', *, *, #1619, .F. ) ;
#1334 = CARTESIAN_POINT ( 'NONE',  ( -0.1189390950157675347, -0.001605939811570186943, 0.1023622047244094474 ) ) ;
#1335 = AXIS2_PLACEMENT_3D ( 'NONE', #2643, #3167, #2389 ) ;
#1336 = VECTOR ( 'NONE', #2598, 39.37007874015748143 ) ;
#1337 = CARTESIAN_POINT ( 'NONE',  ( -0.1417324530478622224, -0.03149606299212598381, -0.1023622047244094474 ) ) ;
#1338 = ORIENTED_EDGE ( 'NONE', *, *, #3408, .T. ) ;
#1339 = COLOUR_RGB ( '',0.8313725490196077761, 0.8392156862745098200, 0.8313725490196077761 ) ;
#1340 = DIRECTION ( 'NONE',  ( 0.4583032446580520558, -0.8887958910435519444, 0.0000000000000000000 ) ) ;
#1341 = ORIENTED_EDGE ( 'NONE', *, *, #220, .T. ) ;
#1342 = ORIENTED_EDGE ( 'NONE', *, *, #641, .T. ) ;
#1343 = ORIENTED_EDGE ( 'NONE', *, *, #3533, .F. ) ;
#1344 = CIRCLE ( 'NONE', #1909, 0.02362204724409448092 ) ;
#1345 = DIRECTION ( 'NONE',  ( 0.0000000000000000000, -1.000000000000000000, 0.0000000000000000000 ) ) ;
#1346 = AXIS2_PLACEMENT_3D ( 'NONE', #3466, #494, #1596 ) ;
#1347 = FACE_OUTER_BOUND ( 'NONE', #992, .T. ) ;
#1348 = VECTOR ( 'NONE', #2997, 39.37007874015748143 ) ;
#1349 = CARTESIAN_POINT ( 'NONE',  ( 0.1185480476730569055, -0.06118778250134625923, -0.09251968503937008093 ) ) ;
#1350 = CARTESIAN_POINT ( 'NONE',  ( -0.1083935435132570846, -0.03220340707415822457, -0.07480314960629921850 ) ) ;
#1351 = DIRECTION ( 'NONE',  ( 0.0000000000000000000, 0.0000000000000000000, 1.000000000000000000 ) ) ;
#1352 = LENGTH_MEASURE_WITH_UNIT ( LENGTH_MEASURE( 0.02539999999999999897 ), #3293 );
#1353 = ORIENTED_EDGE ( 'NONE', *, *, #1280, .T. ) ;
#1354 = EDGE_CURVE ( 'NONE', #328, #945, #3534, .T. ) ;
#1355 = PRESENTATION_STYLE_ASSIGNMENT (( #2976 ) ) ;
#1356 = LINE ( 'NONE', #757, #2810 ) ;
#1357 = DIRECTION ( 'NONE',  ( 0.0000000000000000000, -1.000000000000000000, 0.0000000000000000000 ) ) ;
#1358 = VERTEX_POINT ( 'NONE', #2390 ) ;
#1359 = CARTESIAN_POINT ( 'NONE',  ( 0.1255464405159194829, -0.06479646946715768296, -0.09251968503937008093 ) ) ;
#1360 = ORIENTED_EDGE ( 'NONE', *, *, #216, .T. ) ;
#1361 = ORIENTED_EDGE ( 'NONE', *, *, #3102, .F. ) ;
#1362 = DIRECTION ( 'NONE',  ( 1.000000000000000000, 0.0000000000000000000, 0.0000000000000000000 ) ) ;
#1363 = PLANE ( 'NONE',  #470 ) ;
#1364 = ADVANCED_FACE ( 'NONE', ( #1347 ), #1076, .T. ) ;
#1365 = DIRECTION ( 'NONE',  ( 0.0000000000000000000, 1.000000000000000000, 0.0000000000000000000 ) ) ;
#1366 = CARTESIAN_POINT ( 'NONE',  ( -0.1181102362204724532, 0.003937007874015747977, 0.04921259842519685318 ) ) ;
#1367 = DIRECTION ( 'NONE',  ( 0.0000000000000000000, 0.0000000000000000000, -1.000000000000000000 ) ) ;
#1368 = CARTESIAN_POINT ( 'NONE',  ( -0.1181102362204724532, 0.0000000000000000000, -0.1122047244094488277 ) ) ;
#1369 = PRESENTATION_STYLE_ASSIGNMENT (( #285 ) ) ;
#1370 = VERTEX_POINT ( 'NONE', #2970 ) ;
#1371 = FACE_OUTER_BOUND ( 'NONE', #1317, .T. ) ;
#1372 = CYLINDRICAL_SURFACE ( 'NONE', #3004, 0.02362204724409448092 ) ;
#1373 = ORIENTED_EDGE ( 'NONE', *, *, #2172, .F. ) ;
#1374 = CARTESIAN_POINT ( 'NONE',  ( -0.1338584372998307126, -0.03149606299212598381, -0.1023622047244094474 ) ) ;
#1375 =( CONVERSION_BASED_UNIT ( 'INCH', #1907 ) LENGTH_UNIT ( ) NAMED_UNIT ( #691 ) );
#1376 = EDGE_LOOP ( 'NONE', ( #1343, #194, #3294, #1725 ) ) ;
#1377 = ADVANCED_FACE ( 'NONE', ( #1307 ), #279, .T. ) ;
#1378 = CARTESIAN_POINT ( 'NONE',  ( -0.1338584372998307126, -0.03149606299212598381, 0.07480314960629921850 ) ) ;
#1379 = DIRECTION ( 'NONE',  ( 0.0000000000000000000, 1.000000000000000000, 0.0000000000000000000 ) ) ;
#1380 = DIRECTION ( 'NONE',  ( -1.000000000000000000, 0.0000000000000000000, 0.0000000000000000000 ) ) ;
#1381 = CARTESIAN_POINT ( 'NONE',  ( -0.1181102362204724532, 0.1299212598425196763, -0.1122047244094488277 ) ) ;
#1382 = DIRECTION ( 'NONE',  ( 0.0000000000000000000, 0.0000000000000000000, -1.000000000000000000 ) ) ;
#1383 = VECTOR ( 'NONE', #811, 39.37007874015748143 ) ;
#1384 = ORIENTED_EDGE ( 'NONE', *, *, #1926, .F. ) ;
#1385 = FACE_OUTER_BOUND ( 'NONE', #2332, .T. ) ;
#1386 = AXIS2_PLACEMENT_3D ( 'NONE', #1321, #2646, #3265 ) ;
#1387 = CARTESIAN_POINT ( 'NONE',  ( -0.1282216153882259901, -0.04242765514639196961, -0.07480314960629921850 ) ) ;
#1388 =( NAMED_UNIT ( * ) SI_UNIT ( $, .STERADIAN. ) SOLID_ANGLE_UNIT ( ) );
#1389 = ORIENTED_EDGE ( 'NONE', *, *, #388, .F. ) ;
#1390 = EDGE_CURVE ( 'NONE', #271, #2381, #2160, .T. ) ;
#1391 = EDGE_LOOP ( 'NONE', ( #677, #497, #2365, #3414 ) ) ;
#1392 = AXIS2_PLACEMENT_3D ( 'NONE', #1191, #1179, #1422 ) ;
#1393 = CIRCLE ( 'NONE', #827, 0.02362204724409448092 ) ;
#1394 = EDGE_CURVE ( 'NONE', #1205, #86, #2581, .T. ) ;
#1395 = CIRCLE ( 'NONE', #1105, 0.06889763779527559306 ) ;
#1396 = DIRECTION ( 'NONE',  ( 0.0000000000000000000, 0.0000000000000000000, 1.000000000000000000 ) ) ;
#1397 = VERTEX_POINT ( 'NONE', #2987 ) ;
#1398 = DIRECTION ( 'NONE',  ( -0.1936873206075088727, -0.3756213745151029682, -0.9063077870366494926 ) ) ;
#1399 = CARTESIAN_POINT ( 'NONE',  ( 0.1259842519685039353, 0.001910576577067480157, -0.1023622047244094474 ) ) ;
#1400 = DIRECTION ( 'NONE',  ( 0.0000000000000000000, 0.0000000000000000000, 1.000000000000000000 ) ) ;
#1401 = FACE_OUTER_BOUND ( 'NONE', #1903, .T. ) ;
#1402 = EDGE_CURVE ( 'NONE', #529, #326, #876, .T. ) ;
#1403 = DIRECTION ( 'NONE',  ( 0.0000000000000000000, 0.0000000000000000000, -1.000000000000000000 ) ) ;
#1404 = ORIENTED_EDGE ( 'NONE', *, *, #714, .T. ) ;
#1405 = DIRECTION ( 'NONE',  ( 0.0000000000000000000, 1.000000000000000000, 0.0000000000000000000 ) ) ;
#1406 = DIRECTION ( 'NONE',  ( -1.000000000000000000, 0.0000000000000000000, 0.0000000000000000000 ) ) ;
#1407 = ORIENTED_EDGE ( 'NONE', *, *, #3446, .T. ) ;
#1408 = ORIENTED_EDGE ( 'NONE', *, *, #3374, .F. ) ;
#1409 = CARTESIAN_POINT ( 'NONE',  ( -0.1122047244094488277, 0.1299212598425196763, 0.1181102362204724532 ) ) ;
#1410 = ORIENTED_EDGE ( 'NONE', *, *, #3173, .T. ) ;
#1411 = CARTESIAN_POINT ( 'NONE',  ( 0.1185480476730569055, -0.06118778250134625923, 0.08464566929133858497 ) ) ;
#1412 = DIRECTION ( 'NONE',  ( 0.0000000000000000000, -1.000000000000000000, 0.0000000000000000000 ) ) ;
#1413 = CARTESIAN_POINT ( 'NONE',  ( 8.919671568592926781E-18, 0.1299212598425196763, -0.07283464566929134798 ) ) ;
#1414 = ORIENTED_EDGE ( 'NONE', *, *, #1139, .T. ) ;
#1415 = DIRECTION ( 'NONE',  ( -0.4465975813569838526, -0.8947349329975285981, 0.0000000000000000000 ) ) ;
#1416 = EDGE_CURVE ( 'NONE', #1370, #1050, #9, .T. ) ;
#1417 = LINE ( 'NONE', #3105, #1055 ) ;
#1418 = CARTESIAN_POINT ( 'NONE',  ( 0.1181102362204724532, 0.001910576577067484277, -0.1023622047244094474 ) ) ;
#1419 = ORIENTED_EDGE ( 'NONE', *, *, #2391, .F. ) ;
#1420 = PLANE ( 'NONE',  #595 ) ;
#1421 = EDGE_LOOP ( 'NONE', ( #1125, #1701 ) ) ;
#1422 = DIRECTION ( 'NONE',  ( 0.0000000000000000000, 0.0000000000000000000, 1.000000000000000000 ) ) ;
#1423 = DIRECTION ( 'NONE',  ( 0.0000000000000000000, 0.0000000000000000000, -1.000000000000000000 ) ) ;
#1424 = DIRECTION ( 'NONE',  ( -0.0000000000000000000, 1.000000000000000000, 0.0000000000000000000 ) ) ;
#1425 = ADVANCED_FACE ( 'NONE', ( #1090 ), #460, .F. ) ;
#1426 = SURFACE_SIDE_STYLE ('',( #3322 ) ) ;
#1427 = EDGE_CURVE ( 'NONE', #2427, #514, #2932, .T. ) ;
#1428 = VERTEX_POINT ( 'NONE', #219 ) ;
#1429 = ORIENTED_EDGE ( 'NONE', *, *, #2342, .T. ) ;
#1430 = CARTESIAN_POINT ( 'NONE',  ( 0.1122047244094488277, 0.0000000000000000000, -0.1122047244094488277 ) ) ;
#1431 = EDGE_CURVE ( 'NONE', #1624, #328, #824, .T. ) ;
#1432 = VECTOR ( 'NONE', #1193, 39.37007874015748143 ) ;
#1433 = CARTESIAN_POINT ( 'NONE',  ( -0.1255464405159194829, -0.06479646946715768296, 0.08464566929133858497 ) ) ;
#1434 = CARTESIAN_POINT ( 'NONE',  ( 0.1181102362204724532, 0.001910576577067484277, 0.1023622047244094474 ) ) ;
#1435 = VERTEX_POINT ( 'NONE', #830 ) ;
#1436 = VECTOR ( 'NONE', #12, 39.37007874015748143 ) ;
#1437 = LINE ( 'NONE', #401, #704 ) ;
#1438 = ORIENTED_EDGE ( 'NONE', *, *, #854, .F. ) ;
#1439 = CIRCLE ( 'NONE', #1669, 0.005905511811023620231 ) ;
#1440 = DIRECTION ( 'NONE',  ( 1.000000000000000000, 0.0000000000000000000, 0.0000000000000000000 ) ) ;
#1441 = CARTESIAN_POINT ( 'NONE',  ( 0.0000000000000000000, 0.1299212598425196763, 0.07283464566929134798 ) ) ;
#1442 = VECTOR ( 'NONE', #2407, 39.37007874015748143 ) ;
#1443 = CIRCLE ( 'NONE', #1901, 0.005905511811023620231 ) ;
#1444 = CARTESIAN_POINT ( 'NONE',  ( 0.08858267716535432601, 0.1299212598425196763, 0.1122047244094488139 ) ) ;
#1445 = MECHANICAL_DESIGN_GEOMETRIC_PRESENTATION_REPRESENTATION (  '', ( #703 ), #3457 ) ;
#1446 = DIRECTION ( 'NONE',  ( 0.0000000000000000000, 0.0000000000000000000, -1.000000000000000000 ) ) ;
#1447 = CIRCLE ( 'NONE', #2014, 0.007874015748031499423 ) ;
#1448 = ORIENTED_EDGE ( 'NONE', *, *, #1328, .F. ) ;
#1449 = ORIENTED_EDGE ( 'NONE', *, *, #3308, .F. ) ;
#1450 = TOROIDAL_SURFACE ( 'NONE', #3061, 0.05588432940647960340, 0.003937007874015747977 ) ;
#1451 = CARTESIAN_POINT ( 'NONE',  ( 0.1280139404404702919, -0.04283040298287204423, 0.07501445166377776474 ) ) ;
#1452 = VECTOR ( 'NONE', #865, 39.37007874015748143 ) ;
#1453 = FACE_OUTER_BOUND ( 'NONE', #1013, .T. ) ;
#1454 = CARTESIAN_POINT ( 'NONE',  ( 0.1259842519685039353, 0.02755905511811023584, -0.1023622047244094474 ) ) ;
#1455 = VERTEX_POINT ( 'NONE', #560 ) ;
#1456 = CARTESIAN_POINT ( 'NONE',  ( 0.1259842519685039353, 0.001910576577067484277, -0.1023622047244094474 ) ) ;
#1457 = ORIENTED_EDGE ( 'NONE', *, *, #216, .F. ) ;
#1458 = EDGE_CURVE ( 'NONE', #3309, #3221, #2177, .T. ) ;
#1459 = LINE ( 'NONE', #104, #762 ) ;
#1460 = CARTESIAN_POINT ( 'NONE',  ( -0.1181102362204724532, 0.03543307086614173179, 0.07480314960629921850 ) ) ;
#1461 = ADVANCED_FACE ( 'NONE', ( #1385 ), #301, .T. ) ;
#1462 = DIRECTION ( 'NONE',  ( -1.000000000000000000, 0.0000000000000000000, 0.0000000000000000000 ) ) ;
#1463 = LINE ( 'NONE', #110, #76 ) ;
#1464 = CARTESIAN_POINT ( 'NONE',  ( 6.843856513014155642E-18, 0.3897637795275590844, -0.05588432940647960340 ) ) ;
#1465 = ORIENTED_EDGE ( 'NONE', *, *, #3266, .F. ) ;
#1466 = VERTEX_POINT ( 'NONE', #2977 ) ;
#1467 = DIRECTION ( 'NONE',  ( 0.0000000000000000000, -1.000000000000000000, 0.0000000000000000000 ) ) ;
#1468 = PLANE ( 'NONE',  #2019 ) ;
#1469 = DIRECTION ( 'NONE',  ( 0.4583032446580520558, -0.8887958910435519444, 0.0000000000000000000 ) ) ;
#1470 = VERTEX_POINT ( 'NONE', #1879 ) ;
#1471 = EDGE_CURVE ( 'NONE', #2059, #3185, #1637, .T. ) ;
#1472 = CARTESIAN_POINT ( 'NONE',  ( -0.1555118110236220763, 0.003937007874015747977, -0.04921259842519685318 ) ) ;
#1473 = VERTEX_POINT ( 'NONE', #1920 ) ;
#1474 = CARTESIAN_POINT ( 'NONE',  ( 0.1181102362204724532, 0.02755905511811023584, 0.1023622047244094474 ) ) ;
#1475 = DIRECTION ( 'NONE',  ( 0.1936873206075089282, 0.3756213745151028016, -0.9063077870366496036 ) ) ;
#1476 = EDGE_CURVE ( 'NONE', #2789, #1884, #15, .T. ) ;
#1477 = DIRECTION ( 'NONE',  ( 0.0000000000000000000, 0.0000000000000000000, -1.000000000000000000 ) ) ;
#1478 = CARTESIAN_POINT ( 'NONE',  ( -0.1122047244094488277, 0.1377952755905511861, -0.1122047244094488277 ) ) ;
#1479 = ORIENTED_EDGE ( 'NONE', *, *, #1914, .T. ) ;
#1480 = FACE_OUTER_BOUND ( 'NONE', #2, .T. ) ;
#1481 = CARTESIAN_POINT ( 'NONE',  ( 0.1181102362204724532, 0.003937007874015747977, 0.04921259842519685318 ) ) ;
#1482 = DIRECTION ( 'NONE',  ( 1.000000000000000000, 0.0000000000000000000, 0.0000000000000000000 ) ) ;
#1483 = ORIENTED_EDGE ( 'NONE', *, *, #1172, .T. ) ;
#1484 = DIMENSIONAL_EXPONENTS ( 1.000000000000000000, 0.0000000000000000000, 0.0000000000000000000, 0.0000000000000000000, 0.0000000000000000000, 0.0000000000000000000, 0.0000000000000000000 ) ;
#1485 = CARTESIAN_POINT ( 'NONE',  ( 0.08858267716535432601, 0.1377952755905511861, 0.08858267716535432601 ) ) ;
#1486 = ORIENTED_EDGE ( 'NONE', *, *, #331, .T. ) ;
#1487 = EDGE_CURVE ( 'NONE', #169, #61, #1549, .T. ) ;
#1488 = DIRECTION ( 'NONE',  ( 0.0000000000000000000, -1.000000000000000000, 0.0000000000000000000 ) ) ;
#1489 = EDGE_LOOP ( 'NONE', ( #3184, #557, #799, #251 ) ) ;
#1490 = LINE ( 'NONE', #3115, #1499 ) ;
#1491 = AXIS2_PLACEMENT_3D ( 'NONE', #2710, #2378, #1610 ) ;
#1492 = VECTOR ( 'NONE', #889, 39.37007874015748143 ) ;
#1493 = CIRCLE ( 'NONE', #309, 0.005905511811023620231 ) ;
#1494 = CIRCLE ( 'NONE', #3509, 0.02362204724409448092 ) ;
#1495 = LINE ( 'NONE', #2907, #2761 ) ;
#1496 = EDGE_CURVE ( 'NONE', #1996, #1805, #2474, .T. ) ;
#1497 = LINE ( 'NONE', #1250, #3288 ) ;
#1498 = AXIS2_PLACEMENT_3D ( 'NONE', #1126, #1379, #44 ) ;
#1499 = VECTOR ( 'NONE', #657, 39.37007874015748143 ) ;
#1500 = DIRECTION ( 'NONE',  ( 1.000000000000000000, -0.0000000000000000000, 1.224646799147353207E-16 ) ) ;
#1501 = AXIS2_PLACEMENT_3D ( 'NONE', #1374, #821, #2170 ) ;
#1502 = VERTEX_POINT ( 'NONE', #1616 ) ;
#1503 = CARTESIAN_POINT ( 'NONE',  ( 0.1189390950157675347, -0.001605939811570186943, -0.07480314960629921850 ) ) ;
#1504 = AXIS2_PLACEMENT_3D ( 'NONE', #2199, #1380, #1324 ) ;
#1505 = EDGE_CURVE ( 'NONE', #2690, #174, #2732, .T. ) ;
#1506 = CARTESIAN_POINT ( 'NONE',  ( -0.1181102362204724532, 0.03543307086614173179, 0.1023622047244094474 ) ) ;
#1507 = AXIS2_PLACEMENT_3D ( 'NONE', #3314, #1357, #1 ) ;
#1508 = FILL_AREA_STYLE_COLOUR ( '', #2925 ) ;
#1509 = ORIENTED_EDGE ( 'NONE', *, *, #541, .F. ) ;
#1510 = PRESENTATION_LAYER_ASSIGNMENT (  '', '', ( #1915 ) ) ;
#1511 = DIRECTION ( 'NONE',  ( 0.0000000000000000000, 1.000000000000000000, 0.0000000000000000000 ) ) ;
#1512 = ORIENTED_EDGE ( 'NONE', *, *, #1649, .F. ) ;
#1513 = FACE_OUTER_BOUND ( 'NONE', #1597, .T. ) ;
#1514 = VERTEX_POINT ( 'NONE', #3296 ) ;
#1515 = ORIENTED_EDGE ( 'NONE', *, *, #1259, .T. ) ;
#1516 = CARTESIAN_POINT ( 'NONE',  ( 0.1189390950157675347, -0.001605939811570186943, 0.1023622047244094474 ) ) ;
#1517 = CARTESIAN_POINT ( 'NONE',  ( 0.0000000000000000000, 0.0000000000000000000, -0.04921259842519685318 ) ) ;
#1518 = VERTEX_POINT ( 'NONE', #1334 ) ;
#1519 = CARTESIAN_POINT ( 'NONE',  ( -0.08858267716535432601, 0.1496062992125984370, -0.08858267716535432601 ) ) ;
#1520 = EDGE_CURVE ( 'NONE', #1854, #1838, #2180, .T. ) ;
#1521 = FACE_OUTER_BOUND ( 'NONE', #2719, .T. ) ;
#1522 = DIRECTION ( 'NONE',  ( 0.0000000000000000000, -0.9993908270190957621, 0.03489949670250103164 ) ) ;
#1523 = ORIENTED_EDGE ( 'NONE', *, *, #2030, .T. ) ;
#1524 = EDGE_CURVE ( 'NONE', #1526, #2404, #3257, .T. ) ;
#1525 = CARTESIAN_POINT ( 'NONE',  ( 0.08858267716535432601, 0.1496062992125984370, -0.08858267716535432601 ) ) ;
#1526 = VERTEX_POINT ( 'NONE', #838 ) ;
#1527 = CARTESIAN_POINT ( 'NONE',  ( 0.1338584372998307126, -0.03149606299212598381, -0.07480314960629921850 ) ) ;
#1528 = ORIENTED_EDGE ( 'NONE', *, *, #2596, .F. ) ;
#1529 = ORIENTED_EDGE ( 'NONE', *, *, #63, .T. ) ;
#1530 = DIRECTION ( 'NONE',  ( -2.168404344971010347E-16, 0.0000000000000000000, -1.000000000000000000 ) ) ;
#1531 = CARTESIAN_POINT ( 'NONE',  ( -0.08858267716535432601, 0.1181102362204724532, -0.08858267716535432601 ) ) ;
#1532 = ADVANCED_FACE ( 'NONE', ( #3213 ), #2717, .F. ) ;
#1533 = ORIENTED_EDGE ( 'NONE', *, *, #2813, .F. ) ;
#1534 = ADVANCED_FACE ( 'NONE', ( #1371 ), #2167, .T. ) ;
#1535 = DIMENSIONAL_EXPONENTS ( 1.000000000000000000, 0.0000000000000000000, 0.0000000000000000000, 0.0000000000000000000, 0.0000000000000000000, 0.0000000000000000000, 0.0000000000000000000 ) ;
#1536 = DIRECTION ( 'NONE',  ( 0.0000000000000000000, 1.000000000000000000, 0.0000000000000000000 ) ) ;
#1537 = CARTESIAN_POINT ( 'NONE',  ( 0.08858267716535432601, 0.1181102362204724532, 0.08858267716535432601 ) ) ;
#1538 = DIRECTION ( 'NONE',  ( 0.0000000000000000000, 0.0000000000000000000, 1.000000000000000000 ) ) ;
#1539 = EDGE_LOOP ( 'NONE', ( #1529, #1022, #2868, #964 ) ) ;
#1540 = CARTESIAN_POINT ( 'NONE',  ( 0.1189390950157675347, -0.001605939811570186943, -0.1023622047244094474 ) ) ;
#1541 = ORIENTED_EDGE ( 'NONE', *, *, #2419, .T. ) ;
#1542 = CARTESIAN_POINT ( 'NONE',  ( 0.1181102362204724532, 0.03543307086614173179, -0.1023622047244094474 ) ) ;
#1543 = ORIENTED_EDGE ( 'NONE', *, *, #1636, .F. ) ;
#1544 = ORIENTED_EDGE ( 'NONE', *, *, #959, .F. ) ;
#1545 = EDGE_LOOP ( 'NONE', ( #1809, #1333, #400, #2800 ) ) ;
#1546 = LINE ( 'NONE', #980, #185 ) ;
#1547 = EDGE_CURVE ( 'NONE', #589, #1470, #1356, .T. ) ;
#1548 = DIRECTION ( 'NONE',  ( 0.0000000000000000000, -1.000000000000000000, 0.0000000000000000000 ) ) ;
#1549 = CIRCLE ( 'NONE', #410, 0.007874015748031499423 ) ;
#1550 = CLOSED_SHELL ( 'NONE', ( #1003, #1364, #1310, #3352, #1913, #1151, #2739, #3268, #2807, #2749, #955, #2043, #1425, #1586, #2666 ) ) ;
#1551 = VECTOR ( 'NONE', #2141, 39.37007874015748143 ) ;
#1552 = VECTOR ( 'NONE', #3478, 39.37007874015748143 ) ;
#1553 = ORIENTED_EDGE ( 'NONE', *, *, #608, .F. ) ;
#1554 = CARTESIAN_POINT ( 'NONE',  ( 0.08858267716535432601, 0.1496062992125984370, -0.08858267716535432601 ) ) ;
#1555 = VECTOR ( 'NONE', #1760, 39.37007874015748143 ) ;
#1556 = FACE_OUTER_BOUND ( 'NONE', #2910, .T. ) ;
#1557 = LINE ( 'NONE', #2614, #2121 ) ;
#1558 = ORIENTED_EDGE ( 'NONE', *, *, #1569, .F. ) ;
#1559 = CARTESIAN_POINT ( 'NONE',  ( 0.1259842519685039353, 0.001910576577067480157, 0.1023622047244094474 ) ) ;
#1560 = AXIS2_PLACEMENT_3D ( 'NONE', #54, #1886, #1910 ) ;
#1561 = VECTOR ( 'NONE', #2958, 39.37007874015748143 ) ;
#1562 = FACE_OUTER_BOUND ( 'NONE', #2115, .T. ) ;
#1563 = ORIENTED_EDGE ( 'NONE', *, *, #2419, .F. ) ;
#1564 = DIRECTION ( 'NONE',  ( 1.000000000000000000, 0.0000000000000000000, 0.0000000000000000000 ) ) ;
#1565 = ORIENTED_EDGE ( 'NONE', *, *, #2216, .F. ) ;
#1566 = ORIENTED_EDGE ( 'NONE', *, *, #1247, .T. ) ;
#1567 = ORIENTED_EDGE ( 'NONE', *, *, #3448, .F. ) ;
#1568 = VECTOR ( 'NONE', #1351, 39.37007874015748143 ) ;
#1569 = EDGE_CURVE ( 'NONE', #274, #96, #1439, .T. ) ;
#1570 = UNCERTAINTY_MEASURE_WITH_UNIT (LENGTH_MEASURE( 1.000000000000000082E-05 ), #1007, 'distance_accuracy_value', 'NONE');
#1571 = LINE ( 'NONE', #744, #642 ) ;
#1572 = CARTESIAN_POINT ( 'NONE',  ( -0.1259842519685039353, 0.02755905511811023584, -0.1023622047244094474 ) ) ;
#1573 = EDGE_CURVE ( 'NONE', #192, #996, #3241, .T. ) ;
#1574 = EDGE_LOOP ( 'NONE', ( #3469, #1621, #305, #804, #193, #2042 ) ) ;
#1575 = CARTESIAN_POINT ( 'NONE',  ( 0.08858267716535432601, 0.1299212598425196763, 0.08858267716535432601 ) ) ;
#1576 = CARTESIAN_POINT ( 'NONE',  ( 0.1338584372998307126, -0.03149606299212598381, -0.1023622047244094474 ) ) ;
#1577 = ORIENTED_EDGE ( 'NONE', *, *, #1938, .F. ) ;
#1578 = DIRECTION ( 'NONE',  ( -0.4465975813569838526, -0.8947349329975285981, 0.0000000000000000000 ) ) ;
#1579 = DIRECTION ( 'NONE',  ( 0.0000000000000000000, 0.0000000000000000000, 1.000000000000000000 ) ) ;
#1580 = ORIENTED_EDGE ( 'NONE', *, *, #3431, .T. ) ;
#1581 = LENGTH_MEASURE_WITH_UNIT ( LENGTH_MEASURE( 0.02539999999999999897 ), #2944 );
#1582 = ORIENTED_EDGE ( 'NONE', *, *, #849, .F. ) ;
#1583 = ORIENTED_EDGE ( 'NONE', *, *, #1354, .F. ) ;
#1584 = ADVANCED_FACE ( 'NONE', ( #2439 ), #508, .F. ) ;
#1585 = ORIENTED_EDGE ( 'NONE', *, *, #233, .F. ) ;
#1586 = ADVANCED_FACE ( 'NONE', ( #2692 ), #1899, .T. ) ;
#1587 = DIRECTION ( 'NONE',  ( 0.0000000000000000000, 1.000000000000000000, 0.0000000000000000000 ) ) ;
#1588 = EDGE_CURVE ( 'NONE', #2603, #480, #358, .T. ) ;
#1589 = CARTESIAN_POINT ( 'NONE',  ( 0.1259842519685039353, 0.02755905511811023584, 0.1023622047244094474 ) ) ;
#1590 = ORIENTED_EDGE ( 'NONE', *, *, #2622, .T. ) ;
#1591 = DIRECTION ( 'NONE',  ( 0.0000000000000000000, 0.0000000000000000000, -1.000000000000000000 ) ) ;
#1592 = CARTESIAN_POINT ( 'NONE',  ( -0.1352200082310885954, -0.04603634211220338640, -0.07480314960629921850 ) ) ;
#1593 = FACE_OUTER_BOUND ( 'NONE', #456, .T. ) ;
#1594 = VERTEX_POINT ( 'NONE', #1194 ) ;
#1595 = DIRECTION ( 'NONE',  ( 0.8887958910435519444, -0.4583032446580520558, 0.0000000000000000000 ) ) ;
#1596 = DIRECTION ( 'NONE',  ( 0.0000000000000000000, 0.0000000000000000000, -1.000000000000000000 ) ) ;
#1597 = EDGE_LOOP ( 'NONE', ( #3165, #765, #3145, #3220 ) ) ;
#1598 = DIRECTION ( 'NONE',  ( 0.0000000000000000000, 0.0000000000000000000, 1.000000000000000000 ) ) ;
#1599 = ORIENTED_EDGE ( 'NONE', *, *, #1323, .T. ) ;
#1600 = FILL_AREA_STYLE ('',( #513 ) ) ;
#1601 = VERTEX_POINT ( 'NONE', #3337 ) ;
#1602 = EDGE_LOOP ( 'NONE', ( #2166, #3137, #3445, #1759 ) ) ;
#1603 = PRODUCT_DEFINITION_CONTEXT ( 'detailed design', #2292, 'design' ) ;
#1604 = LINE ( 'NONE', #3249, #3226 ) ;
#1605 = CARTESIAN_POINT ( 'NONE',  ( -0.08858267716535432601, 0.1299212598425196763, -0.08858267716535432601 ) ) ;
#1606 = EDGE_CURVE ( 'NONE', #2951, #3240, #3134, .T. ) ;
#1607 = CARTESIAN_POINT ( 'NONE',  ( -0.1259842519685039353, 0.001910576577067480157, -0.07480314960629921850 ) ) ;
#1608 = AXIS2_PLACEMENT_3D ( 'NONE', #2283, #697, #2308 ) ;
#1609 = CIRCLE ( 'NONE', #181, 0.007874015748031499423 ) ;
#1610 = DIRECTION ( 'NONE',  ( 1.000000000000000000, 0.0000000000000000000, 0.0000000000000000000 ) ) ;
#1611 = VECTOR ( 'NONE', #109, 39.37007874015748143 ) ;
#1612 = AXIS2_PLACEMENT_3D ( 'NONE', #3538, #565, #3239 ) ;
#1613 = PLANE ( 'NONE',  #1739 ) ;
#1614 = EDGE_LOOP ( 'NONE', ( #453, #3525, #3465, #353 ) ) ;
#1615 = APPLICATION_PROTOCOL_DEFINITION ( 'draft international standard', 'automotive_design', 1998, #1750 ) ;
#1616 = CARTESIAN_POINT ( 'NONE',  ( 0.08858267716535432601, 0.1377952755905511861, 0.1122047244094488139 ) ) ;
#1617 = AXIS2_PLACEMENT_3D ( 'NONE', #2857, #2352, #1031 ) ;
#1618 = AXIS2_PLACEMENT_3D ( 'NONE', #1668, #853, #614 ) ;
#1619 = EDGE_CURVE ( 'NONE', #35, #1176, #1163, .T. ) ;
#1620 = DIRECTION ( 'NONE',  ( 0.0000000000000000000, 0.0000000000000000000, 1.000000000000000000 ) ) ;
#1621 = ORIENTED_EDGE ( 'NONE', *, *, #2088, .F. ) ;
#1622 = AXIS2_PLACEMENT_3D ( 'NONE', #2903, #1773, #1826 ) ;
#1623 = ORIENTED_EDGE ( 'NONE', *, *, #1781, .F. ) ;
#1624 = VERTEX_POINT ( 'NONE', #94 ) ;
#1625 = CIRCLE ( 'NONE', #543, 0.007874015748031499423 ) ;
#1626 = FACE_OUTER_BOUND ( 'NONE', #3099, .T. ) ;
#1627 = CARTESIAN_POINT ( 'NONE',  ( -0.08858267716535432601, 0.1299212598425196763, 0.08858267716535432601 ) ) ;
#1628 = CARTESIAN_POINT ( 'NONE',  ( -0.08858267716535432601, 0.1377952755905511861, 0.06496062992125983815 ) ) ;
#1629 = VECTOR ( 'NONE', #1116, 39.37007874015748143 ) ;
#1630 = CARTESIAN_POINT ( 'NONE',  ( 0.08858267716535432601, 0.1299212598425196763, -0.08858267716535432601 ) ) ;
#1631 = CARTESIAN_POINT ( 'NONE',  ( -0.1122047244094488277, 0.1299212598425196763, 0.1181102362204724532 ) ) ;
#1632 = CARTESIAN_POINT ( 'NONE',  ( -0.1255464405159194829, -0.06479646946715768296, 0.09251968503937008093 ) ) ;
#1633 = DIRECTION ( 'NONE',  ( 0.0000000000000000000, 0.0000000000000000000, 1.000000000000000000 ) ) ;
#1634 = ORIENTED_EDGE ( 'NONE', *, *, #493, .T. ) ;
#1635 = DIRECTION ( 'NONE',  ( 0.0000000000000000000, 0.0000000000000000000, 1.000000000000000000 ) ) ;
#1636 = EDGE_CURVE ( 'NONE', #996, #3309, #2924, .T. ) ;
#1637 = LINE ( 'NONE', #492, #1210 ) ;
#1638 = EDGE_CURVE ( 'NONE', #613, #3259, #1710, .T. ) ;
#1639 = DIRECTION ( 'NONE',  ( 0.0000000000000000000, -1.000000000000000000, 0.0000000000000000000 ) ) ;
#1640 = VERTEX_POINT ( 'NONE', #2828 ) ;
#1641 = DIRECTION ( 'NONE',  ( 0.0000000000000000000, 1.000000000000000000, 0.0000000000000000000 ) ) ;
#1642 = VERTEX_POINT ( 'NONE', #882 ) ;
#1643 = ADVANCED_FACE ( 'NONE', ( #3358 ), #393, .T. ) ;
#1644 = DIRECTION ( 'NONE',  ( 0.0000000000000000000, 0.0000000000000000000, 1.000000000000000000 ) ) ;
#1645 = CARTESIAN_POINT ( 'NONE',  ( 0.1259842519685039353, 0.02755905511811023584, -0.1023622047244094474 ) ) ;
#1646 = CARTESIAN_POINT ( 'NONE',  ( 0.1338584372998307126, -0.03149606299212598381, 0.1023622047244094474 ) ) ;
#1647 = EDGE_CURVE ( 'NONE', #2634, #1864, #1834, .T. ) ;
#1648 = DIRECTION ( 'NONE',  ( 0.0000000000000000000, 0.0000000000000000000, -1.000000000000000000 ) ) ;
#1649 = EDGE_CURVE ( 'NONE', #1864, #441, #2805, .T. ) ;
#1650 = DIRECTION ( 'NONE',  ( 0.0000000000000000000, 0.0000000000000000000, -1.000000000000000000 ) ) ;
#1651 = VERTEX_POINT ( 'NONE', #1444 ) ;
#1652 = CARTESIAN_POINT ( 'NONE',  ( 0.0000000000000000000, 0.3937007874015748254, 0.0000000000000000000 ) ) ;
#1653 = DIRECTION ( 'NONE',  ( -1.000000000000000000, 0.0000000000000000000, 0.0000000000000000000 ) ) ;
#1654 = ORIENTED_EDGE ( 'NONE', *, *, #2104, .F. ) ;
#1655 = PLANE ( 'NONE',  #3513 ) ;
#1656 = SURFACE_STYLE_FILL_AREA ( #1600 ) ;
#1657 = VERTEX_POINT ( 'NONE', #609 ) ;
#1658 = CYLINDRICAL_SURFACE ( 'NONE', #2593, 0.007874015748031499423 ) ;
#1659 = DIRECTION ( 'NONE',  ( 0.0000000000000000000, 0.0000000000000000000, 1.000000000000000000 ) ) ;
#1660 = EDGE_CURVE ( 'NONE', #1657, #1435, #2539, .T. ) ;
#1661 = DIRECTION ( 'NONE',  ( -0.8887958910435519444, 0.4583032446580520558, 0.0000000000000000000 ) ) ;
#1662 = DIRECTION ( 'NONE',  ( 0.0000000000000000000, 0.0000000000000000000, -1.000000000000000000 ) ) ;
#1663 = VECTOR ( 'NONE', #161, 39.37007874015748143 ) ;
#1664 = VECTOR ( 'NONE', #1469, 39.37007874015748143 ) ;
#1665 = DIRECTION ( 'NONE',  ( 2.168404344971010446E-15, -1.000000000000000000, 0.0000000000000000000 ) ) ;
#1666 = ORIENTED_EDGE ( 'NONE', *, *, #1112, .F. ) ;
#1667 = SHAPE_DEFINITION_REPRESENTATION ( #2502, #2784 ) ;
#1668 = CARTESIAN_POINT ( 'NONE',  ( -0.1555118110236220763, -0.003937007874015747977, 0.04921259842519685318 ) ) ;
#1669 = AXIS2_PLACEMENT_3D ( 'NONE', #2941, #2132, #552 ) ;
#1670 = AXIS2_PLACEMENT_3D ( 'NONE', #2954, #814, #2452 ) ;
#1671 = DIRECTION ( 'NONE',  ( 0.0000000000000000000, 1.000000000000000000, 0.0000000000000000000 ) ) ;
#1672 = CARTESIAN_POINT ( 'NONE',  ( -0.1555118110236220763, 0.003937007874015747977, 0.04921259842519685318 ) ) ;
#1673 = EDGE_LOOP ( 'NONE', ( #1360, #2965, #2890, #1029 ) ) ;
#1674 = AXIS2_PLACEMENT_3D ( 'NONE', #2778, #1143, #1462 ) ;
#1675 = CIRCLE ( 'NONE', #3395, 0.007874015748031499423 ) ;
#1676 = CIRCLE ( 'NONE', #2767, 0.007874015748031499423 ) ;
#1677 = CARTESIAN_POINT ( 'NONE',  ( -0.1181102362204724532, 0.1299212598425196763, -0.1181102362204724532 ) ) ;
#1678 = ORIENTED_EDGE ( 'NONE', *, *, #164, .F. ) ;
#1679 = DIRECTION ( 'NONE',  ( 0.0000000000000000000, -1.000000000000000000, 0.0000000000000000000 ) ) ;
#1680 = ADVANCED_FACE ( 'NONE', ( #1684 ), #1698, .T. ) ;
#1681 = CIRCLE ( 'NONE', #1504, 0.003937007874015749712 ) ;
#1682 = EDGE_CURVE ( 'NONE', #2621, #1594, #2585, .T. ) ;
#1683 = VECTOR ( 'NONE', #2798, 39.37007874015748143 ) ;
#1684 = FACE_OUTER_BOUND ( 'NONE', #469, .T. ) ;
#1685 = EDGE_CURVE ( 'NONE', #213, #2059, #1268, .T. ) ;
#1686 = CARTESIAN_POINT ( 'NONE',  ( -0.1122047244094488277, 0.1299212598425196763, -0.1122047244094488277 ) ) ;
#1687 = PRESENTATION_LAYER_ASSIGNMENT (  '', '', ( #771 ) ) ;
#1688 = ORIENTED_EDGE ( 'NONE', *, *, #33, .F. ) ;
#1689 = DIRECTION ( 'NONE',  ( 0.0000000000000000000, -1.000000000000000000, 0.0000000000000000000 ) ) ;
#1690 = DIRECTION ( 'NONE',  ( -0.4465975813569838526, 0.8947349329975285981, 0.0000000000000000000 ) ) ;
#1691 = DIRECTION ( 'NONE',  ( 0.0000000000000000000, 0.0000000000000000000, 1.000000000000000000 ) ) ;
#1692 = EDGE_LOOP ( 'NONE', ( #2860, #890, #350, #1263 ) ) ;
#1693 = FACE_OUTER_BOUND ( 'NONE', #1614, .T. ) ;
#1694 = VERTEX_POINT ( 'NONE', #3066 ) ;
#1695 = EDGE_CURVE ( 'NONE', #2186, #1651, #1784, .T. ) ;
#1696 = CARTESIAN_POINT ( 'NONE',  ( -0.1181102362204724532, 0.001910576577067484277, 0.1023622047244094474 ) ) ;
#1697 = EDGE_CURVE ( 'NONE', #1828, #3023, #361, .T. ) ;
#1698 = CYLINDRICAL_SURFACE ( 'NONE', #879, 0.005905511811023620231 ) ;
#1699 = ADVANCED_FACE ( 'NONE', ( #1213 ), #344, .F. ) ;
#1700 = DIRECTION ( 'NONE',  ( 0.0000000000000000000, -1.000000000000000000, 0.0000000000000000000 ) ) ;
#1701 = ORIENTED_EDGE ( 'NONE', *, *, #1322, .F. ) ;
#1702 = CARTESIAN_POINT ( 'NONE',  ( 0.0000000000000000000, 0.1299212598425196763, 0.0000000000000000000 ) ) ;
#1703 = DIRECTION ( 'NONE',  ( 0.0000000000000000000, -1.000000000000000000, 0.0000000000000000000 ) ) ;
#1704 = CARTESIAN_POINT ( 'NONE',  ( 0.1259842519685039353, 0.001910576577067484277, 0.1023622047244094474 ) ) ;
#1705 = ORIENTED_EDGE ( 'NONE', *, *, #1487, .T. ) ;
#1706 = DIRECTION ( 'NONE',  ( -1.000000000000000000, 0.0000000000000000000, 0.0000000000000000000 ) ) ;
#1707 = ORIENTED_EDGE ( 'NONE', *, *, #3489, .T. ) ;
#1708 = CARTESIAN_POINT ( 'NONE',  ( -0.08858267716535432601, 0.1377952755905511861, 0.1122047244094488139 ) ) ;
#1709 = CARTESIAN_POINT ( 'NONE',  ( 0.1255464405159194829, -0.06479646946715768296, -0.09251968503937008093 ) ) ;
#1710 = LINE ( 'NONE', #2031, #3158 ) ;
#1711 = DIRECTION ( 'NONE',  ( 0.8947349329975287091, -0.4465975813569839081, 0.0000000000000000000 ) ) ;
#1712 = EDGE_CURVE ( 'NONE', #2240, #3180, #72, .T. ) ;
#1713 = ORIENTED_EDGE ( 'NONE', *, *, #2388, .F. ) ;
#1714 = EDGE_LOOP ( 'NONE', ( #2116, #2330, #1448, #892 ) ) ;
#1715 = DIRECTION ( 'NONE',  ( 0.4153637994577553672, 0.8055226371389487827, -0.4226182617407003850 ) ) ;
#1716 = EDGE_CURVE ( 'NONE', #449, #3319, #1979, .T. ) ;
#1717 = CIRCLE ( 'NONE', #2178, 0.003937007874015749712 ) ;
#1718 = DIRECTION ( 'NONE',  ( 0.0000000000000000000, 0.0000000000000000000, 1.000000000000000000 ) ) ;
#1719 = LINE ( 'NONE', #1454, #2577 ) ;
#1720 = ORIENTED_EDGE ( 'NONE', *, *, #384, .T. ) ;
#1721 = CIRCLE ( 'NONE', #252, 0.02362204724409448092 ) ;
#1722 = VECTOR ( 'NONE', #1136, 39.37007874015748143 ) ;
#1723 = EDGE_CURVE ( 'NONE', #2381, #2552, #2623, .T. ) ;
#1724 = DIRECTION ( 'NONE',  ( 0.0000000000000000000, 0.0000000000000000000, -1.000000000000000000 ) ) ;
#1725 = ORIENTED_EDGE ( 'NONE', *, *, #2711, .F. ) ;
#1726 = AXIS2_PLACEMENT_3D ( 'NONE', #3458, #1802, #146 ) ;
#1727 = CARTESIAN_POINT ( 'NONE',  ( 0.1181102362204724532, 0.02755905511811023584, -0.07480314960629921850 ) ) ;
#1728 = AXIS2_PLACEMENT_3D ( 'NONE', #2608, #1948, #1764 ) ;
#1729 = FACE_OUTER_BOUND ( 'NONE', #1692, .T. ) ;
#1730 = AXIS2_PLACEMENT_3D ( 'NONE', #636, #2804, #2010 ) ;
#1731 = CARTESIAN_POINT ( 'NONE',  ( -0.1338584372998307126, -0.03149606299212598381, -0.1023622047244094474 ) ) ;
#1732 = CARTESIAN_POINT ( 'NONE',  ( 0.08858267716535432601, 0.1299212598425196763, -0.08858267716535432601 ) ) ;
#1733 = DIRECTION ( 'NONE',  ( -0.8887958910435520554, 0.4583032446580521113, 0.0000000000000000000 ) ) ;
#1734 = AXIS2_PLACEMENT_3D ( 'NONE', #277, #1396, #1362 ) ;
#1735 = EDGE_LOOP ( 'NONE', ( #1262, #157, #254, #2020 ) ) ;
#1736 = ORIENTED_EDGE ( 'NONE', *, *, #447, .F. ) ;
#1737 = AXIS2_PLACEMENT_3D ( 'NONE', #2190, #798, #1880 ) ;
#1738 = DIRECTION ( 'NONE',  ( 0.0000000000000000000, 0.0000000000000000000, 1.000000000000000000 ) ) ;
#1739 = AXIS2_PLACEMENT_3D ( 'NONE', #317, #1079, #1382 ) ;
#1740 = DIRECTION ( 'NONE',  ( 0.0000000000000000000, 0.0000000000000000000, 1.000000000000000000 ) ) ;
#1741 = DIRECTION ( 'NONE',  ( -0.4465975813569838526, -0.8947349329975285981, 0.0000000000000000000 ) ) ;
#1742 = EDGE_CURVE ( 'NONE', #1039, #1470, #966, .T. ) ;
#1743 = ORIENTED_EDGE ( 'NONE', *, *, #938, .F. ) ;
#1744 = DIRECTION ( 'NONE',  ( 0.0000000000000000000, 0.0000000000000000000, -1.000000000000000000 ) ) ;
#1745 = ORIENTED_EDGE ( 'NONE', *, *, #1588, .F. ) ;
#1746 = CARTESIAN_POINT ( 'NONE',  ( -0.1408568301426933178, -0.03510474995793744224, -0.1023622047244094474 ) ) ;
#1747 = EDGE_CURVE ( 'NONE', #2417, #3439, #3283, .T. ) ;
#1748 = DIRECTION ( 'NONE',  ( 0.0000000000000000000, 0.0000000000000000000, 1.000000000000000000 ) ) ;
#1749 = CARTESIAN_POINT ( 'NONE',  ( -0.1181102362204724532, 0.1299212598425196763, -0.04921259842519685318 ) ) ;
#1750 = APPLICATION_CONTEXT ( 'automotive_design' ) ;
#1751 = DIRECTION ( 'NONE',  ( 0.0000000000000000000, 1.000000000000000000, 0.0000000000000000000 ) ) ;
#1752 = ORIENTED_EDGE ( 'NONE', *, *, #1476, .F. ) ;
#1753 = DIRECTION ( 'NONE',  ( 0.0000000000000000000, 0.0000000000000000000, -1.000000000000000000 ) ) ;
#1754 = ADVANCED_FACE ( 'NONE', ( #1816 ), #429, .F. ) ;
#1755 = LINE ( 'NONE', #1481, #36 ) ;
#1756 = CARTESIAN_POINT ( 'NONE',  ( -0.1181102362204724532, 0.1377952755905511861, -0.1122047244094488277 ) ) ;
#1757 = ORIENTED_EDGE ( 'NONE', *, *, #803, .F. ) ;
#1758 = DIRECTION ( 'NONE',  ( 0.0000000000000000000, 0.0000000000000000000, -1.000000000000000000 ) ) ;
#1759 = ORIENTED_EDGE ( 'NONE', *, *, #607, .T. ) ;
#1760 = DIRECTION ( 'NONE',  ( 0.0000000000000000000, -1.000000000000000000, 0.0000000000000000000 ) ) ;
#1761 = ORIENTED_EDGE ( 'NONE', *, *, #1869, .T. ) ;
#1762 = LINE ( 'NONE', #2248, #1837 ) ;
#1763 = CARTESIAN_POINT ( 'NONE',  ( 0.1255464405159194829, -0.06479646946715768296, -0.1023622047244094474 ) ) ;
#1764 = DIRECTION ( 'NONE',  ( 0.0000000000000000000, 0.0000000000000000000, 1.000000000000000000 ) ) ;
#1765 =( CONVERSION_BASED_UNIT ( 'INCH', #2625 ) LENGTH_UNIT ( ) NAMED_UNIT ( #3168 ) );
#1766 = EDGE_CURVE ( 'NONE', #3054, #2156, #1546, .T. ) ;
#1767 = ORIENTED_EDGE ( 'NONE', *, *, #2140, .T. ) ;
#1768 = DIRECTION ( 'NONE',  ( 1.445602896647339903E-16, 0.0000000000000000000, 1.000000000000000000 ) ) ;
#1769 = DIRECTION ( 'NONE',  ( 0.0000000000000000000, 1.000000000000000000, 0.0000000000000000000 ) ) ;
#1770 = ORIENTED_EDGE ( 'NONE', *, *, #1159, .T. ) ;
#1771 = CYLINDRICAL_SURFACE ( 'NONE', #937, 0.007874015748031499423 ) ;
#1772 = ORIENTED_EDGE ( 'NONE', *, *, #6, .T. ) ;
#1773 = DIRECTION ( 'NONE',  ( 0.0000000000000000000, 0.0000000000000000000, -1.000000000000000000 ) ) ;
#1774 = EDGE_LOOP ( 'NONE', ( #2268, #602, #473, #3143 ) ) ;
#1775 = LINE ( 'NONE', #343, #313 ) ;
#1776 = AXIS2_PLACEMENT_3D ( 'NONE', #1350, #545, #2728 ) ;
#1777 =( GEOMETRIC_REPRESENTATION_CONTEXT ( 3 ) GLOBAL_UNCERTAINTY_ASSIGNED_CONTEXT ( ( #1992 ) ) GLOBAL_UNIT_ASSIGNED_CONTEXT ( ( #1375, #802, #40 ) ) REPRESENTATION_CONTEXT ( 'NONE', 'WORKASPACE' ) );
#1778 = VECTOR ( 'NONE', #1548, 39.37007874015748143 ) ;
#1779 = AXIS2_PLACEMENT_3D ( 'NONE', #601, #100, #2258 ) ;
#1780 = LINE ( 'NONE', #1516, #931 ) ;
#1781 = EDGE_CURVE ( 'NONE', #1030, #3455, #2708, .T. ) ;
#1782 = DIRECTION ( 'NONE',  ( 0.0000000000000000000, 0.0000000000000000000, -1.000000000000000000 ) ) ;
#1783 = EDGE_CURVE ( 'NONE', #2404, #2964, #1215, .T. ) ;
#1784 = CIRCLE ( 'NONE', #2531, 0.02362204724409448092 ) ;
#1785 = CIRCLE ( 'NONE', #1208, 0.005905511811023620231 ) ;
#1786 = VECTOR ( 'NONE', #963, 39.37007874015748143 ) ;
#1787 = ADVANCED_FACE ( 'NONE', ( #197 ), #1832, .F. ) ;
#1788 = ORIENTED_EDGE ( 'NONE', *, *, #133, .F. ) ;
#1789 = PLANE ( 'NONE',  #1947 ) ;
#1790 = FACE_BOUND ( 'NONE', #743, .T. ) ;
#1791 = CIRCLE ( 'NONE', #1346, 0.05981893896167284064 ) ;
#1792 = LINE ( 'NONE', #2885, #2236 ) ;
#1793 = ORIENTED_EDGE ( 'NONE', *, *, #93, .F. ) ;
#1794 = AXIS2_PLACEMENT_3D ( 'NONE', #1537, #1020, #2128 ) ;
#1795 = CYLINDRICAL_SURFACE ( 'NONE', #598, 0.02362204724409448092 ) ;
#1796 = ORIENTED_EDGE ( 'NONE', *, *, #2711, .T. ) ;
#1797 = CARTESIAN_POINT ( 'NONE',  ( 0.1181102362204724532, 0.1299212598425196763, 0.1181102362204724532 ) ) ;
#1798 = ORIENTED_EDGE ( 'NONE', *, *, #1087, .F. ) ;
#1799 = ORIENTED_EDGE ( 'NONE', *, *, #295, .T. ) ;
#1800 = EDGE_CURVE ( 'NONE', #2789, #3398, #2374, .T. ) ;
#1801 = EDGE_CURVE ( 'NONE', #708, #35, #3421, .T. ) ;
#1802 = DIRECTION ( 'NONE',  ( 0.0000000000000000000, 0.0000000000000000000, -1.000000000000000000 ) ) ;
#1803 = DIRECTION ( 'NONE',  ( 0.0000000000000000000, 0.0000000000000000000, -1.000000000000000000 ) ) ;
#1804 = ADVANCED_FACE ( 'NONE', ( #2875 ), #1265, .F. ) ;
#1805 = VERTEX_POINT ( 'NONE', #482 ) ;
#1806 = DIRECTION ( 'NONE',  ( 0.0000000000000000000, 0.0000000000000000000, -1.000000000000000000 ) ) ;
#1807 = DIRECTION ( 'NONE',  ( 0.8887958910435519444, -0.4583032446580520558, 0.0000000000000000000 ) ) ;
#1808 =( NAMED_UNIT ( * ) PLANE_ANGLE_UNIT ( ) SI_UNIT ( $, .RADIAN. ) );
#1809 = ORIENTED_EDGE ( 'NONE', *, *, #21, .F. ) ;
#1810 = CARTESIAN_POINT ( 'NONE',  ( -0.1181102362204724532, 0.03543307086614173179, 0.1023622047244094474 ) ) ;
#1811 = ORIENTED_EDGE ( 'NONE', *, *, #329, .T. ) ;
#1812 = DIRECTION ( 'NONE',  ( 0.0000000000000000000, 1.000000000000000000, 0.0000000000000000000 ) ) ;
#1813 = ORIENTED_EDGE ( 'NONE', *, *, #2706, .F. ) ;
#1814 = ORIENTED_EDGE ( 'NONE', *, *, #282, .T. ) ;
#1815 = ORIENTED_EDGE ( 'NONE', *, *, #329, .F. ) ;
#1816 = FACE_OUTER_BOUND ( 'NONE', #2588, .T. ) ;
#1817 = CARTESIAN_POINT ( 'NONE',  ( -0.08858267716535432601, 0.1377952755905511861, -0.08858267716535432601 ) ) ;
#1818 = EDGE_LOOP ( 'NONE', ( #2380, #1757, #1342, #1246 ) ) ;
#1819 = CARTESIAN_POINT ( 'NONE',  ( 0.0000000000000000000, 0.1299212598425196763, 0.0000000000000000000 ) ) ;
#1820 = CARTESIAN_POINT ( 'NONE',  ( 0.1352200082310885954, -0.04603634211220338640, 0.07480314960629921850 ) ) ;
#1821 = LENGTH_MEASURE_WITH_UNIT ( LENGTH_MEASURE( 0.02539999999999999897 ), #680 );
#1822 = ORIENTED_EDGE ( 'NONE', *, *, #1747, .T. ) ;
#1823 = EDGE_CURVE ( 'NONE', #1861, #2240, #2086, .T. ) ;
#1824 = DIRECTION ( 'NONE',  ( 0.0000000000000000000, 0.0000000000000000000, -1.000000000000000000 ) ) ;
#1825 = ORIENTED_EDGE ( 'NONE', *, *, #3329, .T. ) ;
#1826 = DIRECTION ( 'NONE',  ( 0.0000000000000000000, -1.000000000000000000, 0.0000000000000000000 ) ) ;
#1827 = ORIENTED_EDGE ( 'NONE', *, *, #2797, .T. ) ;
#1828 = VERTEX_POINT ( 'NONE', #406 ) ;
#1829 = ORIENTED_EDGE ( 'NONE', *, *, #587, .F. ) ;
#1830 = EDGE_CURVE ( 'NONE', #823, #1640, #1495, .T. ) ;
#1831 = VECTOR ( 'NONE', #1893, 39.37007874015748854 ) ;
#1832 = PLANE ( 'NONE',  #1726 ) ;
#1833 = DIRECTION ( 'NONE',  ( 0.0000000000000000000, 0.0000000000000000000, 1.000000000000000000 ) ) ;
#1834 = CIRCLE ( 'NONE', #2758, 0.005905511811023620231 ) ;
#1835 = CIRCLE ( 'NONE', #695, 0.007874015748031499423 ) ;
#1836 = AXIS2_PLACEMENT_3D ( 'NONE', #1627, #1587, #2461 ) ;
#1837 = VECTOR ( 'NONE', #355, 39.37007874015748143 ) ;
#1838 = VERTEX_POINT ( 'NONE', #3148 ) ;
#1839 = DIRECTION ( 'NONE',  ( 0.0000000000000000000, 0.0000000000000000000, 1.000000000000000000 ) ) ;
#1840 = VECTOR ( 'NONE', #1598, 39.37007874015748143 ) ;
#1841 = FACE_BOUND ( 'NONE', #5, .T. ) ;
#1842 = EDGE_CURVE ( 'NONE', #1518, #339, #1015, .T. ) ;
#1843 = ORIENTED_EDGE ( 'NONE', *, *, #2278, .T. ) ;
#1844 = FILL_AREA_STYLE_COLOUR ( '', #2307 ) ;
#1845 = AXIS2_PLACEMENT_3D ( 'NONE', #3142, #1975, #1988 ) ;
#1846 = DIRECTION ( 'NONE',  ( 0.0000000000000000000, 1.000000000000000000, 0.0000000000000000000 ) ) ;
#1847 = VECTOR ( 'NONE', #1083, 39.37007874015748143 ) ;
#1848 = CARTESIAN_POINT ( 'NONE',  ( 0.08858267716535432601, 0.1496062992125984370, 0.08858267716535432601 ) ) ;
#1849 = ORIENTED_EDGE ( 'NONE', *, *, #3171, .F. ) ;
#1850 = EDGE_CURVE ( 'NONE', #1156, #1594, #1571, .T. ) ;
#1851 = DIRECTION ( 'NONE',  ( 0.0000000000000000000, 0.0000000000000000000, -1.000000000000000000 ) ) ;
#1852 = ORIENTED_EDGE ( 'NONE', *, *, #162, .T. ) ;
#1853 = ORIENTED_EDGE ( 'NONE', *, *, #3446, .F. ) ;
#1854 = VERTEX_POINT ( 'NONE', #217 ) ;
#1855 = CARTESIAN_POINT ( 'NONE',  ( -0.1185480476730569055, -0.06118778250134625923, -0.09251968503937008093 ) ) ;
#1856 = CARTESIAN_POINT ( 'NONE',  ( 0.1417324530478622224, -0.03149606299212598381, 0.1023622047244094474 ) ) ;
#1857 = ORIENTED_EDGE ( 'NONE', *, *, #2687, .T. ) ;
#1858 = DIRECTION ( 'NONE',  ( 0.0000000000000000000, 0.0000000000000000000, 1.000000000000000000 ) ) ;
#1859 = DIRECTION ( 'NONE',  ( 0.0000000000000000000, 0.0000000000000000000, -1.000000000000000000 ) ) ;
#1860 =( NAMED_UNIT ( * ) SI_UNIT ( $, .STERADIAN. ) SOLID_ANGLE_UNIT ( ) );
#1861 = VERTEX_POINT ( 'NONE', #2334 ) ;
#1862 = DIRECTION ( 'NONE',  ( 1.445602896647339903E-16, 0.0000000000000000000, 1.000000000000000000 ) ) ;
#1863 = DIRECTION ( 'NONE',  ( -0.4583032446580520558, -0.8887958910435519444, 0.0000000000000000000 ) ) ;
#1864 = VERTEX_POINT ( 'NONE', #690 ) ;
#1865 = ORIENTED_EDGE ( 'NONE', *, *, #3529, .F. ) ;
#1866 = DIRECTION ( 'NONE',  ( 0.4153637994577553672, 0.8055226371389487827, -0.4226182617407003850 ) ) ;
#1867 = EDGE_LOOP ( 'NONE', ( #3418, #3475, #1720, #2638, #632, #2344 ) ) ;
#1868 = ORIENTED_EDGE ( 'NONE', *, *, #3076, .F. ) ;
#1869 = EDGE_CURVE ( 'NONE', #61, #341, #1780, .T. ) ;
#1870 = LINE ( 'NONE', #1054, #3340 ) ;
#1871 = DIRECTION ( 'NONE',  ( 0.0000000000000000000, 0.0000000000000000000, -1.000000000000000000 ) ) ;
#1872 = ADVANCED_FACE ( 'NONE', ( #159 ), #1249, .T. ) ;
#1873 = PLANE ( 'NONE',  #195 ) ;
#1874 = EDGE_CURVE ( 'NONE', #1473, #214, #3532, .T. ) ;
#1875 = LINE ( 'NONE', #3208, #3045 ) ;
#1876 = CARTESIAN_POINT ( 'NONE',  ( 0.1338584372998307126, -0.03149606299212598381, 0.1023622047244094474 ) ) ;
#1877 = LINE ( 'NONE', #2974, #2582 ) ;
#1878 = ORIENTED_EDGE ( 'NONE', *, *, #2265, .F. ) ;
#1879 = CARTESIAN_POINT ( 'NONE',  ( 0.1181102362204724532, 0.1377952755905511861, -0.1122047244094488277 ) ) ;
#1880 = DIRECTION ( 'NONE',  ( 0.0000000000000000000, 0.0000000000000000000, -1.000000000000000000 ) ) ;
#1881 = ORIENTED_EDGE ( 'NONE', *, *, #1606, .T. ) ;
#1882 = CARTESIAN_POINT ( 'NONE',  ( -0.1181102362204724532, 0.1299212598425196763, -0.1181102362204724532 ) ) ;
#1883 = ORIENTED_EDGE ( 'NONE', *, *, #732, .T. ) ;
#1884 = VERTEX_POINT ( 'NONE', #2176 ) ;
#1885 = ORIENTED_EDGE ( 'NONE', *, *, #1139, .F. ) ;
#1886 = DIRECTION ( 'NONE',  ( 0.0000000000000000000, 0.0000000000000000000, -1.000000000000000000 ) ) ;
#1887 = FACE_BOUND ( 'NONE', #237, .T. ) ;
#1888 = FACE_OUTER_BOUND ( 'NONE', #2772, .T. ) ;
#1889 = AXIS2_PLACEMENT_3D ( 'NONE', #1575, #3016, #1094 ) ;
#1890 = LINE ( 'NONE', #3535, #1165 ) ;
#1891 = ADVANCED_FACE ( 'NONE', ( #500 ), #3228, .T. ) ;
#1892 = VECTOR ( 'NONE', #273, 39.37007874015748143 ) ;
#1893 = DIRECTION ( 'NONE',  ( 0.4465975813569838526, -0.8947349329975285981, 0.0000000000000000000 ) ) ;
#1894 = AXIS2_PLACEMENT_3D ( 'NONE', #1605, #809, #2702 ) ;
#1895 = EDGE_CURVE ( 'NONE', #1046, #1939, #2447, .T. ) ;
#1896 = CARTESIAN_POINT ( 'NONE',  ( 0.1181102362204724532, 0.001910576577067484277, 0.1023622047244094474 ) ) ;
#1897 = CARTESIAN_POINT ( 'NONE',  ( 0.1338584372998307126, -0.03149606299212598381, 0.1023622047244094474 ) ) ;
#1898 = ORIENTED_EDGE ( 'NONE', *, *, #1402, .T. ) ;
#1899 = PLANE ( 'NONE',  #2988 ) ;
#1900 = CIRCLE ( 'NONE', #1392, 0.02362204724409448092 ) ;
#1901 = AXIS2_PLACEMENT_3D ( 'NONE', #1430, #2523, #50 ) ;
#1902 = DIRECTION ( 'NONE',  ( 0.0000000000000000000, 0.0000000000000000000, 1.000000000000000000 ) ) ;
#1903 = EDGE_LOOP ( 'NONE', ( #97, #3211, #140, #1654 ) ) ;
#1904 = VECTOR ( 'NONE', #423, 39.37007874015748143 ) ;
#1905 = ORIENTED_EDGE ( 'NONE', *, *, #1695, .F. ) ;
#1906 = LINE ( 'NONE', #1399, #366 ) ;
#1907 = LENGTH_MEASURE_WITH_UNIT ( LENGTH_MEASURE( 0.02539999999999999897 ), #2154 );
#1908 = VERTEX_POINT ( 'NONE', #2484 ) ;
#1909 = AXIS2_PLACEMENT_3D ( 'NONE', #1630, #3331, #67 ) ;
#1910 = DIRECTION ( 'NONE',  ( 0.0000000000000000000, -1.000000000000000000, 0.0000000000000000000 ) ) ;
#1911 = DIRECTION ( 'NONE',  ( 0.0000000000000000000, 0.0000000000000000000, -1.000000000000000000 ) ) ;
#1912 = DIRECTION ( 'NONE',  ( 0.0000000000000000000, 1.000000000000000000, 0.0000000000000000000 ) ) ;
#1913 = ADVANCED_FACE ( 'NONE', ( #1928 ), #234, .T. ) ;
#1914 = EDGE_CURVE ( 'NONE', #486, #1123, #3051, .T. ) ;
#1915 = STYLED_ITEM ( 'NONE', ( #1277 ), #3499 ) ;
#1916 = PLANE ( 'NONE',  #2825 ) ;
#1917 = CARTESIAN_POINT ( 'NONE',  ( -0.1181102362204724532, 0.03543307086614173179, 0.1023622047244094474 ) ) ;
#1918 = CARTESIAN_POINT ( 'NONE',  ( 0.1189390950157675347, -0.001605939811570186943, 0.1023622047244094474 ) ) ;
#1919 = ORIENTED_EDGE ( 'NONE', *, *, #2436, .T. ) ;
#1920 = CARTESIAN_POINT ( 'NONE',  ( 0.1352200082310885954, -0.04603634211220338640, 0.1023622047244094474 ) ) ;
#1921 = DIRECTION ( 'NONE',  ( 0.0000000000000000000, 1.000000000000000000, 0.0000000000000000000 ) ) ;
#1922 = VERTEX_POINT ( 'NONE', #1089 ) ;
#1923 = DIRECTION ( 'NONE',  ( 0.0000000000000000000, 0.0000000000000000000, -1.000000000000000000 ) ) ;
#1924 = LINE ( 'NONE', #2479, #1154 ) ;
#1925 = ORIENTED_EDGE ( 'NONE', *, *, #959, .T. ) ;
#1926 = EDGE_CURVE ( 'NONE', #723, #1176, #3013, .T. ) ;
#1927 = FACE_OUTER_BOUND ( 'NONE', #495, .T. ) ;
#1928 = FACE_OUTER_BOUND ( 'NONE', #3255, .T. ) ;
#1929 = DIRECTION ( 'NONE',  ( 0.0000000000000000000, -1.000000000000000000, 0.0000000000000000000 ) ) ;
#1930 = DIRECTION ( 'NONE',  ( 0.0000000000000000000, 1.000000000000000000, 0.0000000000000000000 ) ) ;
#1931 = VERTEX_POINT ( 'NONE', #559 ) ;
#1932 = CARTESIAN_POINT ( 'NONE',  ( 0.1409035942525671270, -0.02797954660348830891, -0.1023622047244094474 ) ) ;
#1933 = DIRECTION ( 'NONE',  ( 0.0000000000000000000, 1.000000000000000000, 0.0000000000000000000 ) ) ;
#1934 = ORIENTED_EDGE ( 'NONE', *, *, #1938, .T. ) ;
#1935 = DIRECTION ( 'NONE',  ( 0.0000000000000000000, 1.000000000000000000, 0.0000000000000000000 ) ) ;
#1936 = CARTESIAN_POINT ( 'NONE',  ( -0.1338584372998307126, -0.03149606299212598381, -0.1023622047244094474 ) ) ;
#1937 = SURFACE_SIDE_STYLE ('',( #1656 ) ) ;
#1938 = EDGE_CURVE ( 'NONE', #3455, #996, #2725, .T. ) ;
#1939 = VERTEX_POINT ( 'NONE', #2430 ) ;
#1940 = PLANE ( 'NONE',  #368 ) ;
#1941 = ORIENTED_EDGE ( 'NONE', *, *, #295, .F. ) ;
#1942 = FACE_OUTER_BOUND ( 'NONE', #3522, .T. ) ;
#1943 = EDGE_CURVE ( 'NONE', #2483, #1235, #1870, .T. ) ;
#1944 = DIRECTION ( 'NONE',  ( 1.000000000000000000, 0.0000000000000000000, 0.0000000000000000000 ) ) ;
#1945 = CARTESIAN_POINT ( 'NONE',  ( 0.1185480476730569055, -0.06118778250134625923, -0.08464566929133858497 ) ) ;
#1946 = CARTESIAN_POINT ( 'NONE',  ( 0.1181102362204724532, 0.02755905511811023584, 0.07480314960629921850 ) ) ;
#1947 = AXIS2_PLACEMENT_3D ( 'NONE', #2861, #2450, #2433 ) ;
#1948 = DIRECTION ( 'NONE',  ( 0.0000000000000000000, 1.000000000000000000, 0.0000000000000000000 ) ) ;
#1949 = ORIENTED_EDGE ( 'NONE', *, *, #2286, .F. ) ;
#1950 = PLANE ( 'NONE',  #1618 ) ;
#1951 = EDGE_CURVE ( 'NONE', #86, #3121, #516, .T. ) ;
#1952 = VECTOR ( 'NONE', #2143, 39.37007874015748143 ) ;
#1953 = CIRCLE ( 'NONE', #1728, 0.05588432940647960340 ) ;
#1954 = EDGE_CURVE ( 'NONE', #3221, #1039, #1104, .T. ) ;
#1955 = CARTESIAN_POINT ( 'NONE',  ( 0.1181102362204724532, 0.1299212598425196763, -0.1122047244094488277 ) ) ;
#1956 = CARTESIAN_POINT ( 'NONE',  ( -0.1259842519685039353, 0.001910576577067484277, -0.1023622047244094474 ) ) ;
#1957 = ORIENTED_EDGE ( 'NONE', *, *, #1159, .F. ) ;
#1958 = AXIS2_PLACEMENT_3D ( 'NONE', #911, #2266, #623 ) ;
#1959 = AXIS2_PLACEMENT_3D ( 'NONE', #1554, #3463, #1806 ) ;
#1960 = EDGE_CURVE ( 'NONE', #2094, #2822, #23, .T. ) ;
#1961 = VECTOR ( 'NONE', #1340, 39.37007874015748143 ) ;
#1962 = DIRECTION ( 'NONE',  ( 0.0000000000000000000, 0.0000000000000000000, -1.000000000000000000 ) ) ;
#1963 = ORIENTED_EDGE ( 'NONE', *, *, #1063, .T. ) ;
#1964 = DIRECTION ( 'NONE',  ( -1.000000000000000000, 0.0000000000000000000, 0.0000000000000000000 ) ) ;
#1965 = CIRCLE ( 'NONE', #649, 0.007874015748031499423 ) ;
#1966 = VECTOR ( 'NONE', #367, 39.37007874015748143 ) ;
#1967 = DIRECTION ( 'NONE',  ( 0.0000000000000000000, 0.0000000000000000000, 1.000000000000000000 ) ) ;
#1968 = PLANE ( 'NONE',  #3335 ) ;
#1969 = VECTOR ( 'NONE', #298, 39.37007874015748143 ) ;
#1970 = EDGE_LOOP ( 'NONE', ( #3479, #158, #2904, #2654 ) ) ;
#1971 = CARTESIAN_POINT ( 'NONE',  ( -0.1181102362204724532, 0.02755905511811023584, -0.1023622047244094474 ) ) ;
#1972 = DIRECTION ( 'NONE',  ( 0.0000000000000000000, 0.0000000000000000000, 1.000000000000000000 ) ) ;
#1973 = FACE_OUTER_BOUND ( 'NONE', #3132, .T. ) ;
#1974 = EDGE_LOOP ( 'NONE', ( #1533, #2542 ) ) ;
#1975 = DIRECTION ( 'NONE',  ( 0.0000000000000000000, 1.000000000000000000, 0.0000000000000000000 ) ) ;
#1976 = ORIENTED_EDGE ( 'NONE', *, *, #3081, .T. ) ;
#1977 = CARTESIAN_POINT ( 'NONE',  ( -0.1181102362204724532, 0.1299212598425196763, -0.1122047244094488277 ) ) ;
#1978 = CARTESIAN_POINT ( 'NONE',  ( -0.1352200082310885954, -0.04603634211220338640, -0.07480314960629921850 ) ) ;
#1979 = LINE ( 'NONE', #3080, #2869 ) ;
#1980 = DIRECTION ( 'NONE',  ( -0.0000000000000000000, 1.000000000000000000, 0.0000000000000000000 ) ) ;
#1981 = EDGE_LOOP ( 'NONE', ( #1853, #2674, #2027, #1086, #532, #935 ) ) ;
#1982 = EDGE_CURVE ( 'NONE', #3246, #515, #2196, .T. ) ;
#1983 = ORIENTED_EDGE ( 'NONE', *, *, #907, .T. ) ;
#1984 = DIRECTION ( 'NONE',  ( -0.4583032446580521113, -0.8887958910435520554, 0.0000000000000000000 ) ) ;
#1985 = LINE ( 'NONE', #2287, #1966 ) ;
#1986 = DIRECTION ( 'NONE',  ( 0.0000000000000000000, -1.000000000000000000, 0.0000000000000000000 ) ) ;
#1987 = EDGE_LOOP ( 'NONE', ( #2459, #1389, #1308, #424 ) ) ;
#1988 = DIRECTION ( 'NONE',  ( 0.0000000000000000000, 0.0000000000000000000, 1.000000000000000000 ) ) ;
#1989 = ORIENTED_EDGE ( 'NONE', *, *, #2966, .F. ) ;
#1990 = CARTESIAN_POINT ( 'NONE',  ( 0.1189390950157675347, -0.001605939811570186943, -0.1023622047244094474 ) ) ;
#1991 = DIRECTION ( 'NONE',  ( 0.0000000000000000000, -1.000000000000000000, 0.0000000000000000000 ) ) ;
#1992 = UNCERTAINTY_MEASURE_WITH_UNIT (LENGTH_MEASURE( 1.000000000000000082E-05 ), #1375, 'distance_accuracy_value', 'NONE');
#1993 = DIRECTION ( 'NONE',  ( 0.4153637994577553672, -0.8055226371389487827, -0.4226182617407003850 ) ) ;
#1994 = CARTESIAN_POINT ( 'NONE',  ( -0.1185480476730569055, -0.06118778250134625923, 0.08464566929133858497 ) ) ;
#1995 = EDGE_CURVE ( 'NONE', #1642, #169, #2755, .T. ) ;
#1996 = VERTEX_POINT ( 'NONE', #1855 ) ;
#1997 = ORIENTED_EDGE ( 'NONE', *, *, #1431, .F. ) ;
#1998 = DIRECTION ( 'NONE',  ( 1.000000000000000000, 0.0000000000000000000, 0.0000000000000000000 ) ) ;
#1999 = EDGE_CURVE ( 'NONE', #2396, #2789, #1604, .T. ) ;
#2000 = MECHANICAL_DESIGN_GEOMETRIC_PRESENTATION_REPRESENTATION (  '', ( #983 ), #2117 ) ;
#2001 = CARTESIAN_POINT ( 'NONE',  ( -8.437527159479795937E-18, 0.1299212598425196763, -0.06889763779527559306 ) ) ;
#2002 = CARTESIAN_POINT ( 'NONE',  ( -0.1338584372998307126, -0.03149606299212598381, 0.1023622047244094474 ) ) ;
#2003 = ORIENTED_EDGE ( 'NONE', *, *, #1960, .F. ) ;
#2004 = CIRCLE ( 'NONE', #1894, 0.02362204724409448092 ) ;
#2005 = CARTESIAN_POINT ( 'NONE',  ( 0.08858267716535432601, 0.1496062992125984370, 0.06496062992125983815 ) ) ;
#2006 = ORIENTED_EDGE ( 'NONE', *, *, #2753, .T. ) ;
#2007 = AXIS2_PLACEMENT_3D ( 'NONE', #829, #3512, #1911 ) ;
#2008 = CARTESIAN_POINT ( 'NONE',  ( -0.1259842519685039353, 0.001910576577067484277, 0.1023622047244094474 ) ) ;
#2009 = COLOUR_RGB ( '',0.7921568627450980005, 0.8196078431372548767, 0.9294117647058823817 ) ;
#2010 = DIRECTION ( 'NONE',  ( 1.000000000000000000, 0.0000000000000000000, 0.0000000000000000000 ) ) ;
#2011 = AXIS2_PLACEMENT_3D ( 'NONE', #1527, #2619, #172 ) ;
#2012 = AXIS2_PLACEMENT_3D ( 'NONE', #1519, #413, #731 ) ;
#2013 = CARTESIAN_POINT ( 'NONE',  ( -0.1259842519685039353, 0.02755905511811023584, 0.1023622047244094474 ) ) ;
#2014 = AXIS2_PLACEMENT_3D ( 'NONE', #944, #1758, #3366 ) ;
#2015 = LINE ( 'NONE', #3135, #537 ) ;
#2016 = EDGE_CURVE ( 'NONE', #3454, #2838, #2986, .T. ) ;
#2017 = CARTESIAN_POINT ( 'NONE',  ( 0.1122047244094488277, 0.1299212598425196763, -0.1181102362204724532 ) ) ;
#2018 = ADVANCED_FACE ( 'NONE', ( #1075, #2159, #807, #3264, #1887, #539 ), #1363, .T. ) ;
#2019 = AXIS2_PLACEMENT_3D ( 'NONE', #3412, #1147, #957 ) ;
#2020 = ORIENTED_EDGE ( 'NONE', *, *, #2107, .T. ) ;
#2021 = AXIS2_PLACEMENT_3D ( 'NONE', #1576, #2076, #1237 ) ;
#2022 = LINE ( 'NONE', #3123, #3388 ) ;
#2023 = FACE_OUTER_BOUND ( 'NONE', #1489, .T. ) ;
#2024 = CARTESIAN_POINT ( 'NONE',  ( -0.1122047244094488277, 0.1299212598425196763, -0.1181102362204724532 ) ) ;
#2025 = ORIENTED_EDGE ( 'NONE', *, *, #1842, .T. ) ;
#2026 = DIRECTION ( 'NONE',  ( 0.0000000000000000000, 0.0000000000000000000, 1.000000000000000000 ) ) ;
#2027 = ORIENTED_EDGE ( 'NONE', *, *, #89, .F. ) ;
#2028 = DIRECTION ( 'NONE',  ( 0.0000000000000000000, 1.000000000000000000, 0.0000000000000000000 ) ) ;
#2029 = DIRECTION ( 'NONE',  ( 0.0000000000000000000, 1.000000000000000000, 0.0000000000000000000 ) ) ;
#2030 = EDGE_CURVE ( 'NONE', #1514, #1908, #3320, .T. ) ;
#2031 = CARTESIAN_POINT ( 'NONE',  ( -0.1352200082310885954, -0.04603634211220338640, -0.07480314960629921850 ) ) ;
#2032 = DIRECTION ( 'NONE',  ( 1.000000000000000000, 0.0000000000000000000, 0.0000000000000000000 ) ) ;
#2033 = DIRECTION ( 'NONE',  ( 1.224646799147353207E-16, 0.0000000000000000000, -1.000000000000000000 ) ) ;
#2034 = ORIENTED_EDGE ( 'NONE', *, *, #2122, .F. ) ;
#2035 = PLANE ( 'NONE',  #2985 ) ;
#2036 = CYLINDRICAL_SURFACE ( 'NONE', #3518, 0.02362204724409448092 ) ;
#2037 = CARTESIAN_POINT ( 'NONE',  ( 0.0000000000000000000, 0.1299212598425196763, 0.06889763779527559306 ) ) ;
#2038 = ORIENTED_EDGE ( 'NONE', *, *, #1289, .F. ) ;
#2039 = ADVANCED_FACE ( 'NONE', ( #2553 ), #2212, .T. ) ;
#2040 = EDGE_CURVE ( 'NONE', #1642, #1293, #3510, .T. ) ;
#2041 = DIRECTION ( 'NONE',  ( 1.000000000000000000, 0.0000000000000000000, 0.0000000000000000000 ) ) ;
#2042 = ORIENTED_EDGE ( 'NONE', *, *, #1638, .F. ) ;
#2043 = ADVANCED_FACE ( 'NONE', ( #2247 ), #923, .T. ) ;
#2044 = CARTESIAN_POINT ( 'NONE',  ( 0.1338584372998307126, -0.03149606299212598381, 0.1023622047244094474 ) ) ;
#2045 = ORIENTED_EDGE ( 'NONE', *, *, #200, .F. ) ;
#2046 = FACE_OUTER_BOUND ( 'NONE', #1190, .T. ) ;
#2047 = EDGE_CURVE ( 'NONE', #41, #1694, #536, .T. ) ;
#2048 = DIRECTION ( 'NONE',  ( 0.0000000000000000000, -1.000000000000000000, 0.0000000000000000000 ) ) ;
#2049 = CARTESIAN_POINT ( 'NONE',  ( 8.919671568592926781E-18, 0.1377952755905511861, -0.07283464566929134798 ) ) ;
#2050 = PRESENTATION_STYLE_ASSIGNMENT (( #2356 ) ) ;
#2051 = ORIENTED_EDGE ( 'NONE', *, *, #1801, .T. ) ;
#2052 = PLANE ( 'NONE',  #2355 ) ;
#2053 = CARTESIAN_POINT ( 'NONE',  ( -0.1259842519685039353, 0.001910576577067484277, -0.1023622047244094474 ) ) ;
#2054 = PLANE ( 'NONE',  #253 ) ;
#2055 = EDGE_LOOP ( 'NONE', ( #292, #1814, #2073, #2109 ) ) ;
#2056 = EDGE_CURVE ( 'NONE', #1502, #457, #1900, .T. ) ;
#2057 = ADVANCED_FACE ( 'NONE', ( #1942 ), #3368, .F. ) ;
#2058 = CYLINDRICAL_SURFACE ( 'NONE', #710, 0.02362204724409448092 ) ;
#2059 = VERTEX_POINT ( 'NONE', #621 ) ;
#2060 = DIRECTION ( 'NONE',  ( 1.445602896647339903E-16, 0.0000000000000000000, 1.000000000000000000 ) ) ;
#2061 = ORIENTED_EDGE ( 'NONE', *, *, #3372, .F. ) ;
#2062 = VERTEX_POINT ( 'NONE', #1708 ) ;
#2063 = CIRCLE ( 'NONE', #1889, 0.02362204724409448092 ) ;
#2064 = ADVANCED_FACE ( 'NONE', ( #877 ), #3077, .T. ) ;
#2065 = AXIS2_PLACEMENT_3D ( 'NONE', #540, #1365, #2448 ) ;
#2066 = UNCERTAINTY_MEASURE_WITH_UNIT (LENGTH_MEASURE( 1.000000000000000082E-05 ), #2366, 'distance_accuracy_value', 'NONE');
#2067 = AXIS2_PLACEMENT_3D ( 'NONE', #1956, #3059, #135 ) ;
#2068 = DIRECTION ( 'NONE',  ( -0.8887958910435519444, -0.4583032446580520558, 0.0000000000000000000 ) ) ;
#2069 = DIRECTION ( 'NONE',  ( 1.000000000000000000, 0.0000000000000000000, 0.0000000000000000000 ) ) ;
#2070 = AXIS2_PLACEMENT_3D ( 'NONE', #2262, #656, #90 ) ;
#2071 = CIRCLE ( 'NONE', #3511, 0.07283464566929134798 ) ;
#2072 = CIRCLE ( 'NONE', #2011, 0.007874015748031499423 ) ;
#2073 = ORIENTED_EDGE ( 'NONE', *, *, #33, .T. ) ;
#2074 = FACE_OUTER_BOUND ( 'NONE', #1049, .T. ) ;
#2075 = VECTOR ( 'NONE', #544, 39.37007874015748143 ) ;
#2076 = DIRECTION ( 'NONE',  ( -0.8887958910435520554, 0.4583032446580521113, 0.0000000000000000000 ) ) ;
#2077 = DIRECTION ( 'NONE',  ( 0.0000000000000000000, 1.000000000000000000, 0.0000000000000000000 ) ) ;
#2078 = ORIENTED_EDGE ( 'NONE', *, *, #2897, .T. ) ;
#2079 = TOROIDAL_SURFACE ( 'NONE', #92, 0.05588432940647960340, 0.003937007874015747977 ) ;
#2080 = CARTESIAN_POINT ( 'NONE',  ( 0.1338584372998307126, -0.03149606299212598381, -0.1023622047244094474 ) ) ;
#2081 = ORIENTED_EDGE ( 'NONE', *, *, #3110, .F. ) ;
#2082 = LINE ( 'NONE', #2636, #3290 ) ;
#2083 = ORIENTED_EDGE ( 'NONE', *, *, #3235, .T. ) ;
#2084 = ORIENTED_EDGE ( 'NONE', *, *, #3101, .F. ) ;
#2085 = ORIENTED_EDGE ( 'NONE', *, *, #2687, .F. ) ;
#2086 = LINE ( 'NONE', #728, #1272 ) ;
#2087 =( NAMED_UNIT ( * ) SI_UNIT ( $, .STERADIAN. ) SOLID_ANGLE_UNIT ( ) );
#2088 = EDGE_CURVE ( 'NONE', #999, #2259, #1157, .T. ) ;
#2089 = VERTEX_POINT ( 'NONE', #908 ) ;
#2090 = CYLINDRICAL_SURFACE ( 'NONE', #2012, 0.02362204724409448092 ) ;
#2091 = EDGE_CURVE ( 'NONE', #2872, #2679, #330, .T. ) ;
#2092 = PLANE ( 'NONE',  #3065 ) ;
#2093 = DIRECTION ( 'NONE',  ( -0.1936873206075088449, 0.3756213745151027461, 0.9063077870366497146 ) ) ;
#2094 = VERTEX_POINT ( 'NONE', #1990 ) ;
#2095 = DIRECTION ( 'NONE',  ( 0.0000000000000000000, 1.000000000000000000, 0.0000000000000000000 ) ) ;
#2096 = ORIENTED_EDGE ( 'NONE', *, *, #471, .T. ) ;
#2097 = DIRECTION ( 'NONE',  ( 0.0000000000000000000, 0.0000000000000000000, -1.000000000000000000 ) ) ;
#2098 = ORIENTED_EDGE ( 'NONE', *, *, #59, .T. ) ;
#2099 = VERTEX_POINT ( 'NONE', #1977 ) ;
#2100 = ORIENTED_EDGE ( 'NONE', *, *, #3420, .T. ) ;
#2101 = UNCERTAINTY_MEASURE_WITH_UNIT (LENGTH_MEASURE( 1.000000000000000082E-05 ), #775, 'distance_accuracy_value', 'NONE');
#2102 = CARTESIAN_POINT ( 'NONE',  ( -0.1189390950157675347, -0.001605939811570186943, 0.1023622047244094474 ) ) ;
#2103 = DIRECTION ( 'NONE',  ( 0.0000000000000000000, 1.000000000000000000, 0.0000000000000000000 ) ) ;
#2104 = EDGE_CURVE ( 'NONE', #1315, #1123, #1459, .T. ) ;
#2105 = ORIENTED_EDGE ( 'NONE', *, *, #162, .F. ) ;
#2106 = CARTESIAN_POINT ( 'NONE',  ( 0.1122047244094488277, 0.1299212598425196763, 0.1181102362204724532 ) ) ;
#2107 = EDGE_CURVE ( 'NONE', #1640, #1601, #3091, .T. ) ;
#2108 = FACE_OUTER_BOUND ( 'NONE', #335, .T. ) ;
#2109 = ORIENTED_EDGE ( 'NONE', *, *, #2508, .F. ) ;
#2110 = FILL_AREA_STYLE ('',( #209 ) ) ;
#2111 = DIRECTION ( 'NONE',  ( 0.0000000000000000000, 0.0000000000000000000, 1.000000000000000000 ) ) ;
#2112 = FACE_OUTER_BOUND ( 'NONE', #3491, .T. ) ;
#2113 = ORIENTED_EDGE ( 'NONE', *, *, #2246, .T. ) ;
#2114 = CARTESIAN_POINT ( 'NONE',  ( 0.08858267716535432601, 0.1377952755905511861, 0.08858267716535432601 ) ) ;
#2115 = EDGE_LOOP ( 'NONE', ( #730, #1026, #1799, #2453 ) ) ;
#2116 = ORIENTED_EDGE ( 'NONE', *, *, #854, .T. ) ;
#2117 =( GEOMETRIC_REPRESENTATION_CONTEXT ( 3 ) GLOBAL_UNCERTAINTY_ASSIGNED_CONTEXT ( ( #2350 ) ) GLOBAL_UNIT_ASSIGNED_CONTEXT ( ( #3174, #3150, #2087 ) ) REPRESENTATION_CONTEXT ( 'NONE', 'WORKASPACE' ) );
#2118 = DIRECTION ( 'NONE',  ( 0.0000000000000000000, -1.000000000000000000, 0.0000000000000000000 ) ) ;
#2119 = VECTOR ( 'NONE', #1866, 39.37007874015748143 ) ;
#2120 = DIRECTION ( 'NONE',  ( 0.0000000000000000000, 1.000000000000000000, 0.0000000000000000000 ) ) ;
#2121 = VECTOR ( 'NONE', #2364, 39.37007874015748143 ) ;
#2122 = EDGE_CURVE ( 'NONE', #1012, #3121, #1676, .T. ) ;
#2123 = VECTOR ( 'NONE', #3303, 39.37007874015748143 ) ;
#2124 = VECTOR ( 'NONE', #988, 39.37007874015748143 ) ;
#2125 = VERTEX_POINT ( 'NONE', #391 ) ;
#2126 = LINE ( 'NONE', #3517, #1831 ) ;
#2127 = CIRCLE ( 'NONE', #1278, 0.007874015748031499423 ) ;
#2128 = DIRECTION ( 'NONE',  ( 1.000000000000000000, 0.0000000000000000000, 0.0000000000000000000 ) ) ;
#2129 = ORIENTED_EDGE ( 'NONE', *, *, #2963, .F. ) ;
#2130 = LENGTH_MEASURE_WITH_UNIT ( LENGTH_MEASURE( 0.02539999999999999897 ), #3540 );
#2131 = VECTOR ( 'NONE', #3321, 39.37007874015748143 ) ;
#2132 = DIRECTION ( 'NONE',  ( 0.0000000000000000000, -1.000000000000000000, 0.0000000000000000000 ) ) ;
#2133 = AXIS2_PLACEMENT_3D ( 'NONE', #2440, #2207, #2495 ) ;
#2134 = DIRECTION ( 'NONE',  ( -2.168404344971010347E-16, 0.0000000000000000000, -1.000000000000000000 ) ) ;
#2135 = ORIENTED_EDGE ( 'NONE', *, *, #953, .T. ) ;
#2136 = SURFACE_SIDE_STYLE ('',( #212 ) ) ;
#2137 = EDGE_LOOP ( 'NONE', ( #129, #2096, #2372, #208 ) ) ;
#2138 = ORIENTED_EDGE ( 'NONE', *, *, #2158, .F. ) ;
#2139 = EDGE_LOOP ( 'NONE', ( #2289, #1963, #3367, #2943 ) ) ;
#2140 = EDGE_CURVE ( 'NONE', #1397, #3180, #2500, .T. ) ;
#2141 = DIRECTION ( 'NONE',  ( 0.0000000000000000000, -1.000000000000000000, 0.0000000000000000000 ) ) ;
#2142 = EDGE_CURVE ( 'NONE', #1156, #2872, #2127, .T. ) ;
#2143 = DIRECTION ( 'NONE',  ( 0.0000000000000000000, 0.0000000000000000000, -1.000000000000000000 ) ) ;
#2144 = CARTESIAN_POINT ( 'NONE',  ( -0.1255464405159194829, -0.06479646946715768296, -0.1023622047244094474 ) ) ;
#2145 = PLANE ( 'NONE',  #1776 ) ;
#2146 = DIRECTION ( 'NONE',  ( 0.0000000000000000000, 0.0000000000000000000, 1.000000000000000000 ) ) ;
#2147 = DIRECTION ( 'NONE',  ( 0.0000000000000000000, 0.0000000000000000000, -1.000000000000000000 ) ) ;
#2148 = ORIENTED_EDGE ( 'NONE', *, *, #2591, .F. ) ;
#2149 = CARTESIAN_POINT ( 'NONE',  ( -0.1185480476730569055, -0.06118778250134625923, 0.1023622047244094474 ) ) ;
#2150 = FACE_OUTER_BOUND ( 'NONE', #14, .T. ) ;
#2151 = VERTEX_POINT ( 'NONE', #605 ) ;
#2152 = CYLINDRICAL_SURFACE ( 'NONE', #2995, 0.02362204724409448092 ) ;
#2153 = ORIENTED_EDGE ( 'NONE', *, *, #2265, .T. ) ;
#2154 =( LENGTH_UNIT ( ) NAMED_UNIT ( * ) SI_UNIT ( $, .METRE. ) );
#2155 = VERTEX_POINT ( 'NONE', #1696 ) ;
#2156 = VERTEX_POINT ( 'NONE', #3201 ) ;
#2157 = EDGE_CURVE ( 'NONE', #2151, #2059, #2316, .T. ) ;
#2158 = EDGE_CURVE ( 'NONE', #1046, #1864, #2920, .T. ) ;
#2159 = FACE_OUTER_BOUND ( 'NONE', #3207, .T. ) ;
#2160 = LINE ( 'NONE', #1572, #1036 ) ;
#2161 = ADVANCED_FACE ( 'NONE', ( #2331 ), #2604, .T. ) ;
#2162 = DIRECTION ( 'NONE',  ( 0.0000000000000000000, 0.0000000000000000000, -1.000000000000000000 ) ) ;
#2163 = CARTESIAN_POINT ( 'NONE',  ( -0.1338584372998307126, -0.03149606299212598381, 0.1023622047244094474 ) ) ;
#2164 = CARTESIAN_POINT ( 'NONE',  ( -0.08858267716535432601, 0.1496062992125984370, 0.1122047244094488139 ) ) ;
#2165 = DIRECTION ( 'NONE',  ( 0.0000000000000000000, 1.000000000000000000, 0.0000000000000000000 ) ) ;
#2166 = ORIENTED_EDGE ( 'NONE', *, *, #133, .T. ) ;
#2167 = PLANE ( 'NONE',  #2524 ) ;
#2168 = CARTESIAN_POINT ( 'NONE',  ( 0.1181102362204724532, 0.0000000000000000000, -0.1181102362204724532 ) ) ;
#2169 = ORIENTED_EDGE ( 'NONE', *, *, #3266, .T. ) ;
#2170 = DIRECTION ( 'NONE',  ( 0.0000000000000000000, 0.0000000000000000000, -1.000000000000000000 ) ) ;
#2171 = DIRECTION ( 'NONE',  ( 0.0000000000000000000, -1.000000000000000000, 0.0000000000000000000 ) ) ;
#2172 = EDGE_CURVE ( 'NONE', #274, #3455, #156, .T. ) ;
#2173 = ORIENTED_EDGE ( 'NONE', *, *, #2030, .F. ) ;
#2174 = EDGE_CURVE ( 'NONE', #1205, #1012, #2296, .T. ) ;
#2175 = FACE_OUTER_BOUND ( 'NONE', #1225, .T. ) ;
#2176 = CARTESIAN_POINT ( 'NONE',  ( -0.1185480476730569055, -0.06118778250134625923, 0.08464566929133858497 ) ) ;
#2177 = LINE ( 'NONE', #3002, #533 ) ;
#2178 = AXIS2_PLACEMENT_3D ( 'NONE', #1464, #1500, #2033 ) ;
#2179 = CARTESIAN_POINT ( 'NONE',  ( 0.1122047244094488277, 0.1377952755905511861, -0.1181102362204724532 ) ) ;
#2180 = CIRCLE ( 'NONE', #3447, 0.02362204724409448092 ) ;
#2181 = VECTOR ( 'NONE', #115, 39.37007874015748143 ) ;
#2182 = CARTESIAN_POINT ( 'NONE',  ( -0.1181102362204724532, 0.1377952755905511861, 0.1122047244094488277 ) ) ;
#2183 = AXIS2_PLACEMENT_3D ( 'NONE', #2301, #1424, #2517 ) ;
#2184 = LINE ( 'NONE', #13, #549 ) ;
#2185 = DIRECTION ( 'NONE',  ( 0.8947349329975287091, -0.4465975813569839081, 0.0000000000000000000 ) ) ;
#2186 = VERTEX_POINT ( 'NONE', #141 ) ;
#2187 = DIRECTION ( 'NONE',  ( 0.1936873206075088727, -0.3756213745151029682, -0.9063077870366494926 ) ) ;
#2188 = VECTOR ( 'NONE', #2060, 39.37007874015748143 ) ;
#2189 = VECTOR ( 'NONE', #1185, 39.37007874015748143 ) ;
#2190 = CARTESIAN_POINT ( 'NONE',  ( -0.1122047244094488277, 0.1377952755905511861, -0.1122047244094488277 ) ) ;
#2191 = ORIENTED_EDGE ( 'NONE', *, *, #1569, .T. ) ;
#2192 =( CONVERSION_BASED_UNIT ( 'INCH', #1581 ) LENGTH_UNIT ( ) NAMED_UNIT ( #396 ) );
#2193 = ORIENTED_EDGE ( 'NONE', *, *, #610, .T. ) ;
#2194 = EDGE_LOOP ( 'NONE', ( #1743, #2620, #2934, #177, #2905, #1634 ) ) ;
#2195 = DIRECTION ( 'NONE',  ( 0.0000000000000000000, 0.0000000000000000000, 1.000000000000000000 ) ) ;
#2196 = LINE ( 'NONE', #257, #1551 ) ;
#2197 = VECTOR ( 'NONE', #1009, 39.37007874015748143 ) ;
#2198 = AXIS2_PLACEMENT_3D ( 'NONE', #733, #182, #448 ) ;
#2199 = CARTESIAN_POINT ( 'NONE',  ( 0.0000000000000000000, 0.3897637795275590844, 0.05588432940647960340 ) ) ;
#2200 = CARTESIAN_POINT ( 'NONE',  ( -0.1259842519685039353, 0.02755905511811023584, -0.1023622047244094474 ) ) ;
#2201 = LINE ( 'NONE', #3519, #711 ) ;
#2202 = CARTESIAN_POINT ( 'NONE',  ( 0.1408568301426933178, -0.03510474995793744224, 0.1023622047244094474 ) ) ;
#2203 = EDGE_LOOP ( 'NONE', ( #721, #1566, #1183, #3381 ) ) ;
#2204 =( NAMED_UNIT ( * ) SI_UNIT ( $, .STERADIAN. ) SOLID_ANGLE_UNIT ( ) );
#2205 = CARTESIAN_POINT ( 'NONE',  ( -0.1259842519685039353, 0.001910576577067480157, -0.1023622047244094474 ) ) ;
#2206 = EDGE_CURVE ( 'NONE', #3456, #3063, #670, .T. ) ;
#2207 = DIRECTION ( 'NONE',  ( 0.0000000000000000000, -1.000000000000000000, 0.0000000000000000000 ) ) ;
#2208 = LINE ( 'NONE', #3528, #2521 ) ;
#2209 = ORIENTED_EDGE ( 'NONE', *, *, #122, .T. ) ;
#2210 = CARTESIAN_POINT ( 'NONE',  ( 0.1181102362204724532, 0.0000000000000000000, -0.1181102362204724532 ) ) ;
#2211 = ORIENTED_EDGE ( 'NONE', *, *, #3420, .F. ) ;
#2212 = CYLINDRICAL_SURFACE ( 'NONE', #75, 0.007874015748031499423 ) ;
#2213 = CARTESIAN_POINT ( 'NONE',  ( -0.08858267716535432601, 0.1496062992125984370, -0.1122047244094488139 ) ) ;
#2214 = EDGE_CURVE ( 'NONE', #3129, #213, #476, .T. ) ;
#2215 = DIRECTION ( 'NONE',  ( 0.4465975813569838526, -0.8947349329975285981, 0.0000000000000000000 ) ) ;
#2216 = EDGE_CURVE ( 'NONE', #1030, #1033, #2370, .T. ) ;
#2217 = DIRECTION ( 'NONE',  ( 0.0000000000000000000, -1.000000000000000000, 0.0000000000000000000 ) ) ;
#2218 = DIRECTION ( 'NONE',  ( 0.4583032446580520558, -0.8887958910435519444, 0.0000000000000000000 ) ) ;
#2219 = EDGE_LOOP ( 'NONE', ( #904, #1178, #2025, #173 ) ) ;
#2220 = ADVANCED_FACE ( 'NONE', ( #1513 ), #454, .T. ) ;
#2221 = CARTESIAN_POINT ( 'NONE',  ( 0.1181102362204724532, 0.03543307086614173179, -0.1023622047244094474 ) ) ;
#2222 = EDGE_CURVE ( 'NONE', #841, #589, #3130, .T. ) ;
#2223 = CARTESIAN_POINT ( 'NONE',  ( -0.1122047244094488277, 0.1299212598425196763, -0.1181102362204724532 ) ) ;
#2224 = CARTESIAN_POINT ( 'NONE',  ( 0.08858267716535432601, 0.1299212598425196763, 0.1122047244094488139 ) ) ;
#2225 = ORIENTED_EDGE ( 'NONE', *, *, #943, .F. ) ;
#2226 = CARTESIAN_POINT ( 'NONE',  ( 0.1338584372998307126, -0.03149606299212598381, 0.1023622047244094474 ) ) ;
#2227 = ORIENTED_EDGE ( 'NONE', *, *, #1914, .F. ) ;
#2228 = CARTESIAN_POINT ( 'NONE',  ( 0.1338584372998307126, -0.03149606299212598381, -0.1023622047244094474 ) ) ;
#2229 = DIRECTION ( 'NONE',  ( 0.0000000000000000000, 1.000000000000000000, 0.0000000000000000000 ) ) ;
#2230 = DIRECTION ( 'NONE',  ( 0.0000000000000000000, -1.000000000000000000, 0.0000000000000000000 ) ) ;
#2231 = AXIS2_PLACEMENT_3D ( 'NONE', #1686, #1930, #1400 ) ;
#2232 = AXIS2_PLACEMENT_3D ( 'NONE', #3040, #3328, #2736 ) ;
#2233 = ORIENTED_EDGE ( 'NONE', *, *, #3431, .F. ) ;
#2234 = LINE ( 'NONE', #1451, #759 ) ;
#2235 = CIRCLE ( 'NONE', #180, 0.02362204724409448092 ) ;
#2236 = VECTOR ( 'NONE', #436, 39.37007874015748143 ) ;
#2237 = CARTESIAN_POINT ( 'NONE',  ( -0.1181102362204724532, 0.02755905511811023584, -0.07480314960629921850 ) ) ;
#2238 = EDGE_CURVE ( 'NONE', #457, #2186, #2853, .T. ) ;
#2239 = LINE ( 'NONE', #1418, #2705 ) ;
#2240 = VERTEX_POINT ( 'NONE', #1011 ) ;
#2241 = VECTOR ( 'NONE', #1345, 39.37007874015748143 ) ;
#2242 = VECTOR ( 'NONE', #3070, 39.37007874015748854 ) ;
#2243 = AXIS2_PLACEMENT_3D ( 'NONE', #3183, #1812, #1284 ) ;
#2244 = CARTESIAN_POINT ( 'NONE',  ( 0.1259842519685039353, 0.001910576577067484277, -0.07480314960629921850 ) ) ;
#2245 = EDGE_LOOP ( 'NONE', ( #2802, #1567, #228, #1074 ) ) ;
#2246 = EDGE_CURVE ( 'NONE', #2089, #3530, #2082, .T. ) ;
#2247 = FACE_OUTER_BOUND ( 'NONE', #1243, .T. ) ;
#2248 = CARTESIAN_POINT ( 'NONE',  ( -0.1408568301426933178, -0.03510474995793744224, -0.07480314960629921850 ) ) ;
#2249 = VECTOR ( 'NONE', #327, 39.37007874015748143 ) ;
#2250 = EDGE_CURVE ( 'NONE', #2872, #647, #2586, .T. ) ;
#2251 = VECTOR ( 'NONE', #2901, 39.37007874015748143 ) ;
#2252 = CARTESIAN_POINT ( 'NONE',  ( 0.1259842519685039353, 0.001910576577067480157, 0.07480314960629921850 ) ) ;
#2253 = CARTESIAN_POINT ( 'NONE',  ( 0.08858267716535432601, 0.1299212598425196763, -0.1122047244094488139 ) ) ;
#2254 = CONICAL_SURFACE ( 'NONE', #2881, 0.06889763779527559306, 0.03490658503988665340 ) ;
#2255 = ORIENTED_EDGE ( 'NONE', *, *, #1547, .T. ) ;
#2256 = ORIENTED_EDGE ( 'NONE', *, *, #2040, .F. ) ;
#2257 = DIRECTION ( 'NONE',  ( 0.0000000000000000000, 0.0000000000000000000, 1.000000000000000000 ) ) ;
#2258 = DIRECTION ( 'NONE',  ( 0.0000000000000000000, 0.0000000000000000000, 1.000000000000000000 ) ) ;
#2259 = VERTEX_POINT ( 'NONE', #3452 ) ;
#2260 = CARTESIAN_POINT ( 'NONE',  ( -0.1185480476730569055, -0.06118778250134625923, 0.09251968503937008093 ) ) ;
#2261 = ORIENTED_EDGE ( 'NONE', *, *, #1289, .T. ) ;
#2262 = CARTESIAN_POINT ( 'NONE',  ( 0.1181102362204724532, 0.02755905511811023584, 0.1023622047244094474 ) ) ;
#2263 = CARTESIAN_POINT ( 'NONE',  ( -0.1181102362204724532, 0.1377952755905511861, -0.1122047244094488277 ) ) ;
#2264 = EDGE_CURVE ( 'NONE', #3246, #77, #475, .T. ) ;
#2265 = EDGE_CURVE ( 'NONE', #3433, #2240, #707, .T. ) ;
#2266 = DIRECTION ( 'NONE',  ( 0.0000000000000000000, 0.0000000000000000000, -1.000000000000000000 ) ) ;
#2267 = ORIENTED_EDGE ( 'NONE', *, *, #1573, .F. ) ;
#2268 = ORIENTED_EDGE ( 'NONE', *, *, #467, .F. ) ;
#2269 = PLANE ( 'NONE',  #2645 ) ;
#2270 = DIRECTION ( 'NONE',  ( 0.0000000000000000000, 0.0000000000000000000, -1.000000000000000000 ) ) ;
#2271 = LINE ( 'NONE', #1187, #3216 ) ;
#2272 = ORIENTED_EDGE ( 'NONE', *, *, #1685, .F. ) ;
#2273 = DIRECTION ( 'NONE',  ( 0.0000000000000000000, 0.0000000000000000000, -1.000000000000000000 ) ) ;
#2274 = ORIENTED_EDGE ( 'NONE', *, *, #786, .T. ) ;
#2275 = DIRECTION ( 'NONE',  ( -1.000000000000000000, 0.0000000000000000000, 0.0000000000000000000 ) ) ;
#2276 = ORIENTED_EDGE ( 'NONE', *, *, #582, .F. ) ;
#2277 = PLANE ( 'NONE',  #2819 ) ;
#2278 = EDGE_CURVE ( 'NONE', #1594, #2679, #2072, .T. ) ;
#2279 = DIRECTION ( 'NONE',  ( 0.0000000000000000000, 0.0000000000000000000, 1.000000000000000000 ) ) ;
#2280 = ADVANCED_FACE ( 'NONE', ( #740 ), #190, .F. ) ;
#2281 = CARTESIAN_POINT ( 'NONE',  ( -0.1259842519685039353, 0.001910576577067484277, 0.07480314960629921850 ) ) ;
#2282 = EDGE_LOOP ( 'NONE', ( #2098, #1772, #837, #439, #3275, #2377 ) ) ;
#2283 = CARTESIAN_POINT ( 'NONE',  ( 0.08858267716535432601, 0.1299212598425196763, -0.08858267716535432601 ) ) ;
#2284 = AXIS2_PLACEMENT_3D ( 'NONE', #316, #1711, #1446 ) ;
#2285 = CIRCLE ( 'NONE', #2232, 0.02362204724409448092 ) ;
#2286 = EDGE_CURVE ( 'NONE', #328, #1624, #1219, .T. ) ;
#2287 = CARTESIAN_POINT ( 'NONE',  ( -0.1280139404404702919, -0.04283040298287204423, -0.07501445166377776474 ) ) ;
#2288 = CARTESIAN_POINT ( 'NONE',  ( -0.1122047244094488277, 0.1299212598425196763, -0.1122047244094488277 ) ) ;
#2289 = ORIENTED_EDGE ( 'NONE', *, *, #2706, .T. ) ;
#2290 = AXIS2_PLACEMENT_3D ( 'NONE', #1731, #3385, #58 ) ;
#2291 = AXIS2_PLACEMENT_3D ( 'NONE', #2673, #1255, #1297 ) ;
#2292 = APPLICATION_CONTEXT ( 'automotive_design' ) ;
#2293 = CARTESIAN_POINT ( 'NONE',  ( -0.1189390950157675347, -0.001605939811570186943, 0.07480314960629921850 ) ) ;
#2294 = EDGE_LOOP ( 'NONE', ( #1543, #1577, #1623, #1101 ) ) ;
#2295 = AXIS2_PLACEMENT_3D ( 'NONE', #2928, #2592, #1002 ) ;
#2296 = LINE ( 'NONE', #1542, #1047 ) ;
#2297 = AXIS2_PLACEMENT_3D ( 'NONE', #628, #1984, #62 ) ;
#2298 = EDGE_LOOP ( 'NONE', ( #1957, #2081, #1419, #1885 ) ) ;
#2299 = DIRECTION ( 'NONE',  ( 0.0000000000000000000, 0.0000000000000000000, 1.000000000000000000 ) ) ;
#2300 = CIRCLE ( 'NONE', #81, 0.005905511811023620231 ) ;
#2301 = CARTESIAN_POINT ( 'NONE',  ( 0.0000000000000000000, 0.0000000000000000000, 0.0000000000000000000 ) ) ;
#2302 = CIRCLE ( 'NONE', #2769, 0.02362204724409448092 ) ;
#2303 = CARTESIAN_POINT ( 'NONE',  ( -0.1122047244094488277, 0.1377952755905511861, -0.1181102362204724532 ) ) ;
#2304 = CARTESIAN_POINT ( 'NONE',  ( -0.1122047244094488277, 0.1299212598425196763, 0.1181102362204724532 ) ) ;
#2305 = CIRCLE ( 'NONE', #3234, 0.007874015748031499423 ) ;
#2306 = EDGE_LOOP ( 'NONE', ( #2315, #2637, #1905, #116 ) ) ;
#2307 = COLOUR_RGB ( '',0.8274509803921568096, 0.8392156862745098200, 0.8274509803921568096 ) ;
#2308 = DIRECTION ( 'NONE',  ( 0.0000000000000000000, 0.0000000000000000000, 1.000000000000000000 ) ) ;
#2309 = ADVANCED_FACE ( 'NONE', ( #3300 ), #3219, .T. ) ;
#2310 = FACE_OUTER_BOUND ( 'NONE', #105, .T. ) ;
#2311 = DIRECTION ( 'NONE',  ( 0.0000000000000000000, 0.0000000000000000000, 1.000000000000000000 ) ) ;
#2312 = ORIENTED_EDGE ( 'NONE', *, *, #2088, .T. ) ;
#2313 = PRODUCT_DEFINITION ( 'UNKNOWN', '', #2543, #1603 ) ;
#2314 = DIRECTION ( 'NONE',  ( -1.000000000000000000, 2.168404344971010446E-15, 0.0000000000000000000 ) ) ;
#2315 = ORIENTED_EDGE ( 'NONE', *, *, #3101, .T. ) ;
#2316 = LINE ( 'NONE', #976, #137 ) ;
#2317 = ORIENTED_EDGE ( 'NONE', *, *, #3081, .F. ) ;
#2318 = DIRECTION ( 'NONE',  ( 0.0000000000000000000, 1.000000000000000000, 0.0000000000000000000 ) ) ;
#2319 = DIRECTION ( 'NONE',  ( 0.0000000000000000000, 0.0000000000000000000, 1.000000000000000000 ) ) ;
#2320 = LINE ( 'NONE', #1517, #3052 ) ;
#2321 = ADVANCED_FACE ( 'NONE', ( #3526 ), #2152, .F. ) ;
#2322 = ORIENTED_EDGE ( 'NONE', *, *, #907, .F. ) ;
#2323 = EDGE_CURVE ( 'NONE', #3157, #1931, #1395, .T. ) ;
#2324 = DIRECTION ( 'NONE',  ( -0.4465975813569838526, -0.8947349329975285981, 0.0000000000000000000 ) ) ;
#2325 = DIRECTION ( 'NONE',  ( 1.000000000000000000, 0.0000000000000000000, 0.0000000000000000000 ) ) ;
#2326 = CYLINDRICAL_SURFACE ( 'NONE', #825, 0.07283464566929134798 ) ;
#2327 = ADVANCED_FACE ( 'NONE', ( #2720 ), #3245, .T. ) ;
#2328 = ORIENTED_EDGE ( 'NONE', *, *, #1783, .T. ) ;
#2329 = DIRECTION ( 'NONE',  ( 0.0000000000000000000, 0.0000000000000000000, 1.000000000000000000 ) ) ;
#2330 = ORIENTED_EDGE ( 'NONE', *, *, #1042, .T. ) ;
#2331 = FACE_OUTER_BOUND ( 'NONE', #2387, .T. ) ;
#2332 = EDGE_LOOP ( 'NONE', ( #3084, #3402, #1582, #2333 ) ) ;
#2333 = ORIENTED_EDGE ( 'NONE', *, *, #1716, .F. ) ;
#2334 = CARTESIAN_POINT ( 'NONE',  ( 0.1259842519685039353, 0.02755905511811023584, 0.07480314960629921850 ) ) ;
#2335 = DIRECTION ( 'NONE',  ( 0.0000000000000000000, 0.0000000000000000000, 1.000000000000000000 ) ) ;
#2336 = LENGTH_MEASURE_WITH_UNIT ( LENGTH_MEASURE( 0.02539999999999999897 ), #3119 );
#2337 = EDGE_LOOP ( 'NONE', ( #2947, #2696 ) ) ;
#2338 = DIRECTION ( 'NONE',  ( -0.0000000000000000000, 1.000000000000000000, 0.0000000000000000000 ) ) ;
#2339 = FACE_BOUND ( 'NONE', #374, .T. ) ;
#2340 = CARTESIAN_POINT ( 'NONE',  ( -0.1280139404404702919, -0.04283040298287204423, 0.07501445166377776474 ) ) ;
#2341 = ORIENTED_EDGE ( 'NONE', *, *, #2658, .T. ) ;
#2342 = EDGE_CURVE ( 'NONE', #3467, #2621, #3483, .T. ) ;
#2343 = FACE_OUTER_BOUND ( 'NONE', #1987, .T. ) ;
#2344 = ORIENTED_EDGE ( 'NONE', *, *, #1830, .F. ) ;
#2345 = DIRECTION ( 'NONE',  ( 0.8887958910435520554, 0.4583032446580521113, 0.0000000000000000000 ) ) ;
#2346 = ORIENTED_EDGE ( 'NONE', *, *, #10, .T. ) ;
#2347 = ORIENTED_EDGE ( 'NONE', *, *, #786, .F. ) ;
#2348 = AXIS2_PLACEMENT_3D ( 'NONE', #2957, #1313, #243 ) ;
#2349 = VECTOR ( 'NONE', #949, 39.37007874015748143 ) ;
#2350 = UNCERTAINTY_MEASURE_WITH_UNIT (LENGTH_MEASURE( 1.000000000000000082E-05 ), #3174, 'distance_accuracy_value', 'NONE');
#2351 = AXIS2_PLACEMENT_3D ( 'NONE', #2288, #2510, #3106 ) ;
#2352 = DIRECTION ( 'NONE',  ( 0.8947349329975287091, -0.4465975813569839081, 0.0000000000000000000 ) ) ;
#2353 = SPHERICAL_SURFACE ( 'NONE', #645, 0.03937007874015747977 ) ;
#2354 = AXIS2_PLACEMENT_3D ( 'NONE', #2892, #1291, #1232 ) ;
#2355 = AXIS2_PLACEMENT_3D ( 'NONE', #1819, #1271, #434 ) ;
#2356 = SURFACE_STYLE_USAGE ( .BOTH. , #1234 ) ;
#2357 = ADVANCED_FACE ( 'NONE', ( #555 ), #290, .F. ) ;
#2358 = VECTOR ( 'NONE', #1929, 39.37007874015748143 ) ;
#2359 = EDGE_LOOP ( 'NONE', ( #2233, #1949, #232, #2530 ) ) ;
#2360 = PLANE ( 'NONE',  #29 ) ;
#2361 = CIRCLE ( 'NONE', #1281, 0.007874015748031499423 ) ;
#2362 = CARTESIAN_POINT ( 'NONE',  ( 0.1408568301426933178, -0.03510474995793744224, 0.07480314960629921850 ) ) ;
#2363 = AXIS2_PLACEMENT_3D ( 'NONE', #64, #2270, #2526 ) ;
#2364 = DIRECTION ( 'NONE',  ( 0.0000000000000000000, 0.0000000000000000000, -1.000000000000000000 ) ) ;
#2365 = ORIENTED_EDGE ( 'NONE', *, *, #10, .F. ) ;
#2366 =( CONVERSION_BASED_UNIT ( 'INCH', #756 ) LENGTH_UNIT ( ) NAMED_UNIT ( #1484 ) );
#2367 = AXIS2_PLACEMENT_3D ( 'NONE', #1130, #2217, #1859 ) ;
#2368 = CARTESIAN_POINT ( 'NONE',  ( 0.1338584372998307126, -0.03149606299212598381, -0.1023622047244094474 ) ) ;
#2369 = ORIENTED_EDGE ( 'NONE', *, *, #808, .T. ) ;
#2370 = LINE ( 'NONE', #3468, #3344 ) ;
#2371 = VERTEX_POINT ( 'NONE', #248 ) ;
#2372 = ORIENTED_EDGE ( 'NONE', *, *, #518, .F. ) ;
#2373 = ORIENTED_EDGE ( 'NONE', *, *, #2222, .F. ) ;
#2374 = LINE ( 'NONE', #3487, #2818 ) ;
#2375 = ADVANCED_FACE ( 'NONE', ( #2457 ), #1655, .F. ) ;
#2376 = CARTESIAN_POINT ( 'NONE',  ( -0.08858267716535432601, 0.1496062992125984370, 0.06496062992125983815 ) ) ;
#2377 = ORIENTED_EDGE ( 'NONE', *, *, #2091, .T. ) ;
#2378 = DIRECTION ( 'NONE',  ( 0.0000000000000000000, 0.0000000000000000000, 1.000000000000000000 ) ) ;
#2379 = LINE ( 'NONE', #2340, #1552 ) ;
#2380 = ORIENTED_EDGE ( 'NONE', *, *, #1198, .F. ) ;
#2381 = VERTEX_POINT ( 'NONE', #842 ) ;
#2382 = LINE ( 'NONE', #722, #1288 ) ;
#2383 = ORIENTED_EDGE ( 'NONE', *, *, #875, .T. ) ;
#2384 = CARTESIAN_POINT ( 'NONE',  ( -0.1408568301426933178, -0.03510474995793744224, -0.1023622047244094474 ) ) ;
#2385 = ORIENTED_EDGE ( 'NONE', *, *, #1712, .F. ) ;
#2386 = ORIENTED_EDGE ( 'NONE', *, *, #3039, .F. ) ;
#2387 = EDGE_LOOP ( 'NONE', ( #2669, #727, #2574, #2003, #2085, #2886, #2836, #1852, #3461, #1976, #2677 ) ) ;
#2388 = EDGE_CURVE ( 'NONE', #999, #1428, #781, .T. ) ;
#2389 = DIRECTION ( 'NONE',  ( 0.0000000000000000000, 0.0000000000000000000, 1.000000000000000000 ) ) ;
#2390 = CARTESIAN_POINT ( 'NONE',  ( 0.08858267716535432601, 0.1299212598425196763, -0.1122047244094488139 ) ) ;
#2391 = EDGE_CURVE ( 'NONE', #3434, #1922, #2300, .T. ) ;
#2392 = EDGE_LOOP ( 'NONE', ( #962, #2209, #2038, #666 ) ) ;
#2393 = FACE_OUTER_BOUND ( 'NONE', #2282, .T. ) ;
#2394 = PLANE ( 'NONE',  #3520 ) ;
#2395 = SURFACE_STYLE_FILL_AREA ( #2437 ) ;
#2396 = VERTEX_POINT ( 'NONE', #763 ) ;
#2397 = DIRECTION ( 'NONE',  ( -0.8887958910435519444, -0.4583032446580520558, 0.0000000000000000000 ) ) ;
#2398 = ADVANCED_FACE ( 'NONE', ( #3260 ), #1071, .F. ) ;
#2399 = LINE ( 'NONE', #246, #2197 ) ;
#2400 = ORIENTED_EDGE ( 'NONE', *, *, #790, .F. ) ;
#2401 = CARTESIAN_POINT ( 'NONE',  ( -0.1259842519685039353, 0.02755905511811023584, -0.1023622047244094474 ) ) ;
#2402 = EDGE_LOOP ( 'NONE', ( #1678, #402, #2312, #3060 ) ) ;
#2403 = ORIENTED_EDGE ( 'NONE', *, *, #1850, .T. ) ;
#2404 = VERTEX_POINT ( 'NONE', #800 ) ;
#2405 = MANIFOLD_SOLID_BREP ( 'Imported2', #462 ) ;
#2406 = STYLED_ITEM ( 'NONE', ( #898 ), #1138 ) ;
#2407 = DIRECTION ( 'NONE',  ( 0.0000000000000000000, 1.000000000000000000, 0.0000000000000000000 ) ) ;
#2408 = CARTESIAN_POINT ( 'NONE',  ( -0.1408568301426933178, -0.03510474995793744224, 0.1023622047244094474 ) ) ;
#2409 = VECTOR ( 'NONE', #2111, 39.37007874015748143 ) ;
#2410 = CIRCLE ( 'NONE', #1330, 0.007874015748031499423 ) ;
#2411 = DIRECTION ( 'NONE',  ( -1.000000000000000000, 0.0000000000000000000, 2.168404344971010347E-16 ) ) ;
#2412 = AXIS2_PLACEMENT_3D ( 'NONE', #3436, #846, #3281 ) ;
#2413 = VECTOR ( 'NONE', #2029, 39.37007874015748143 ) ;
#2414 = CARTESIAN_POINT ( 'NONE',  ( 0.1189390950157675347, -0.001605939811570186943, -0.07480314960629921850 ) ) ;
#2415 = DIRECTION ( 'NONE',  ( 1.445602896647339903E-16, 0.0000000000000000000, 1.000000000000000000 ) ) ;
#2416 = CARTESIAN_POINT ( 'NONE',  ( -0.1181102362204724532, 0.03543307086614173179, -0.07480314960629921850 ) ) ;
#2417 = VERTEX_POINT ( 'NONE', #1122 ) ;
#2418 = AXIS2_PLACEMENT_3D ( 'NONE', #2602, #1204, #921 ) ;
#2419 = EDGE_CURVE ( 'NONE', #1188, #101, #1906, .T. ) ;
#2420 = CARTESIAN_POINT ( 'NONE',  ( -0.1083935435132570846, -0.03220340707415822457, 0.07480314960629921850 ) ) ;
#2421 = ADVANCED_FACE ( 'NONE', ( #1111 ), #862, .T. ) ;
#2422 = CIRCLE ( 'NONE', #651, 0.005905511811023620231 ) ;
#2423 = DIRECTION ( 'NONE',  ( -2.168404344971010347E-16, 0.0000000000000000000, -1.000000000000000000 ) ) ;
#2424 = ORIENTED_EDGE ( 'NONE', *, *, #93, .T. ) ;
#2425 = ORIENTED_EDGE ( 'NONE', *, *, #2950, .T. ) ;
#2426 = DIRECTION ( 'NONE',  ( 0.4153637994577553672, 0.8055226371389487827, 0.4226182617407003850 ) ) ;
#2427 = VERTEX_POINT ( 'NONE', #27 ) ;
#2428 = ORIENTED_EDGE ( 'NONE', *, *, #641, .F. ) ;
#2429 = CIRCLE ( 'NONE', #2777, 0.02362204724409448092 ) ;
#2430 = CARTESIAN_POINT ( 'NONE',  ( 0.1181102362204724532, 0.0000000000000000000, 0.04921259842519685318 ) ) ;
#2431 = CARTESIAN_POINT ( 'NONE',  ( -0.08858267716535432601, 0.1377952755905511861, -0.08858267716535432601 ) ) ;
#2432 = LINE ( 'NONE', #791, #933 ) ;
#2433 = DIRECTION ( 'NONE',  ( 1.000000000000000000, 0.0000000000000000000, 0.0000000000000000000 ) ) ;
#2434 = ADVANCED_FACE ( 'NONE', ( #2727 ), #3287, .T. ) ;
#2435 = LINE ( 'NONE', #3053, #1452 ) ;
#2436 = EDGE_CURVE ( 'NONE', #2552, #2404, #3047, .T. ) ;
#2437 = FILL_AREA_STYLE ('',( #2764 ) ) ;
#2438 = ORIENTED_EDGE ( 'NONE', *, *, #1712, .T. ) ;
#2439 = FACE_OUTER_BOUND ( 'NONE', #742, .T. ) ;
#2440 = CARTESIAN_POINT ( 'NONE',  ( 0.1122047244094488277, 0.1299212598425196763, 0.1122047244094488277 ) ) ;
#2441 = VERTEX_POINT ( 'NONE', #280 ) ;
#2442 = ORIENTED_EDGE ( 'NONE', *, *, #1695, .T. ) ;
#2443 = CARTESIAN_POINT ( 'NONE',  ( -0.1259842519685039353, 0.02755905511811023584, 0.07480314960629921850 ) ) ;
#2444 = ORIENTED_EDGE ( 'NONE', *, *, #1723, .F. ) ;
#2445 = EDGE_LOOP ( 'NONE', ( #2698, #442, #687, #1825 ) ) ;
#2446 = LINE ( 'NONE', #1409, #2249 ) ;
#2447 = LINE ( 'NONE', #8, #1043 ) ;
#2448 = DIRECTION ( 'NONE',  ( 0.0000000000000000000, 0.0000000000000000000, 1.000000000000000000 ) ) ;
#2449 = DIRECTION ( 'NONE',  ( 0.0000000000000000000, -1.000000000000000000, 0.0000000000000000000 ) ) ;
#2450 = DIRECTION ( 'NONE',  ( 0.0000000000000000000, 0.0000000000000000000, 1.000000000000000000 ) ) ;
#2451 = DIRECTION ( 'NONE',  ( -0.1936873206075088449, -0.3756213745151027461, 0.9063077870366497146 ) ) ;
#2452 = DIRECTION ( 'NONE',  ( 0.0000000000000000000, 0.0000000000000000000, 1.000000000000000000 ) ) ;
#2453 = ORIENTED_EDGE ( 'NONE', *, *, #541, .T. ) ;
#2454 = DIRECTION ( 'NONE',  ( 1.000000000000000000, 0.0000000000000000000, 0.0000000000000000000 ) ) ;
#2455 = CARTESIAN_POINT ( 'NONE',  ( 0.1282216153882259901, -0.04242765514639196961, -0.07480314960629921850 ) ) ;
#2456 = EDGE_LOOP ( 'NONE', ( #620, #2317, #1429, #3330 ) ) ;
#2457 = FACE_OUTER_BOUND ( 'NONE', #1051, .T. ) ;
#2458 = LINE ( 'NONE', #18, #2181 ) ;
#2459 = ORIENTED_EDGE ( 'NONE', *, *, #282, .F. ) ;
#2460 = DIRECTION ( 'NONE',  ( 0.0000000000000000000, 0.0000000000000000000, 1.000000000000000000 ) ) ;
#2461 = DIRECTION ( 'NONE',  ( 0.0000000000000000000, 0.0000000000000000000, 1.000000000000000000 ) ) ;
#2462 = EDGE_CURVE ( 'NONE', #2062, #486, #1092, .T. ) ;
#2463 = CIRCLE ( 'NONE', #926, 0.02362204724409448092 ) ;
#2464 = DIRECTION ( 'NONE',  ( 0.0000000000000000000, 0.0000000000000000000, 1.000000000000000000 ) ) ;
#2465 = VECTOR ( 'NONE', #2726, 39.37007874015748143 ) ;
#2466 = CLOSED_SHELL ( 'NONE', ( #2220, #2590, #1218, #718, #2505, #2635, #2309, #2781, #2064, #612, #1532, #239, #984, #1891, #683 ) ) ;
#2467 = EDGE_CURVE ( 'NONE', #723, #708, #11, .T. ) ;
#2468 = LINE ( 'NONE', #1413, #71 ) ;
#2469 = VECTOR ( 'NONE', #591, 39.37007874015748143 ) ;
#2470 =( GEOMETRIC_REPRESENTATION_CONTEXT ( 3 ) GLOBAL_UNCERTAINTY_ASSIGNED_CONTEXT ( ( #2101 ) ) GLOBAL_UNIT_ASSIGNED_CONTEXT ( ( #775, #836, #1860 ) ) REPRESENTATION_CONTEXT ( 'NONE', 'WORKASPACE' ) );
#2471 = CARTESIAN_POINT ( 'NONE',  ( -0.1259842519685039353, 0.02755905511811023584, 0.1023622047244094474 ) ) ;
#2472 = FACE_OUTER_BOUND ( 'NONE', #136, .T. ) ;
#2473 = VERTEX_POINT ( 'NONE', #1366 ) ;
#2474 = LINE ( 'NONE', #37, #927 ) ;
#2475 = VECTOR ( 'NONE', #635, 39.37007874015748143 ) ;
#2476 = CIRCLE ( 'NONE', #880, 0.007874015748031499423 ) ;
#2477 = DIRECTION ( 'NONE',  ( 1.000000000000000000, 0.0000000000000000000, 0.0000000000000000000 ) ) ;
#2478 = CIRCLE ( 'NONE', #1845, 0.07283464566929134798 ) ;
#2479 = CARTESIAN_POINT ( 'NONE',  ( 0.1352200082310885954, -0.04603634211220338640, -0.07480314960629921850 ) ) ;
#2480 = ORIENTED_EDGE ( 'NONE', *, *, #1280, .F. ) ;
#2481 = VECTOR ( 'NONE', #348, 39.37007874015748143 ) ;
#2482 = DIRECTION ( 'NONE',  ( -0.1936873206075089282, 0.3756213745151028016, -0.9063077870366496036 ) ) ;
#2483 = VERTEX_POINT ( 'NONE', #2179 ) ;
#2484 = CARTESIAN_POINT ( 'NONE',  ( 0.1181102362204724532, 0.001910576577067484277, 0.07480314960629921850 ) ) ;
#2485 = EDGE_CURVE ( 'NONE', #3398, #514, #2432, .T. ) ;
#2486 = CIRCLE ( 'NONE', #38, 0.007874015748031499423 ) ;
#2487 = DIRECTION ( 'NONE',  ( 0.0000000000000000000, 0.0000000000000000000, -1.000000000000000000 ) ) ;
#2488 = EDGE_CURVE ( 'NONE', #3272, #2955, #1681, .T. ) ;
#2489 = CARTESIAN_POINT ( 'NONE',  ( 0.1122047244094488277, 0.1299212598425196763, -0.1122047244094488277 ) ) ;
#2490 = EDGE_CURVE ( 'NONE', #3272, #3392, #2933, .T. ) ;
#2491 = DIRECTION ( 'NONE',  ( -0.4465975813569838526, -0.8947349329975285981, 0.0000000000000000000 ) ) ;
#2492 = CARTESIAN_POINT ( 'NONE',  ( 0.08858267716535432601, 0.1377952755905511861, 0.06496062992125983815 ) ) ;
#2493 = ORIENTED_EDGE ( 'NONE', *, *, #432, .F. ) ;
#2494 = CARTESIAN_POINT ( 'NONE',  ( 0.1259842519685039353, 0.001910576577067480157, -0.07480314960629921850 ) ) ;
#2495 = DIRECTION ( 'NONE',  ( 0.0000000000000000000, 0.0000000000000000000, -1.000000000000000000 ) ) ;
#2496 = ORIENTED_EDGE ( 'NONE', *, *, #21, .T. ) ;
#2497 = ORIENTED_EDGE ( 'NONE', *, *, #3186, .T. ) ;
#2498 = DIRECTION ( 'NONE',  ( -1.000000000000000000, 0.0000000000000000000, 0.0000000000000000000 ) ) ;
#2499 = EDGE_LOOP ( 'NONE', ( #761, #412 ) ) ;
#2500 = LINE ( 'NONE', #56, #189 ) ;
#2501 = ADVANCED_FACE ( 'NONE', ( #3015 ), #236, .T. ) ;
#2502 = PRODUCT_DEFINITION_SHAPE ( 'NONE', 'NONE',  #2313 ) ;
#2503 = DIRECTION ( 'NONE',  ( 0.0000000000000000000, 1.000000000000000000, 0.0000000000000000000 ) ) ;
#2504 = DIRECTION ( 'NONE',  ( 0.0000000000000000000, 0.0000000000000000000, 1.000000000000000000 ) ) ;
#2505 = ADVANCED_FACE ( 'NONE', ( #3285 ), #1873, .T. ) ;
#2506 = ORIENTED_EDGE ( 'NONE', *, *, #1649, .T. ) ;
#2507 = CARTESIAN_POINT ( 'NONE',  ( -0.1338584372998307126, -0.03149606299212598381, -0.1023622047244094474 ) ) ;
#2508 = EDGE_CURVE ( 'NONE', #1276, #2125, #847, .T. ) ;
#2509 = CARTESIAN_POINT ( 'NONE',  ( 0.1409035942525671270, -0.02797954660348830891, 0.07480314960629921850 ) ) ;
#2510 = DIRECTION ( 'NONE',  ( 0.0000000000000000000, -1.000000000000000000, 0.0000000000000000000 ) ) ;
#2511 = ORIENTED_EDGE ( 'NONE', *, *, #658, .T. ) ;
#2512 = ADVANCED_FACE ( 'NONE', ( #3267 ), #1916, .F. ) ;
#2513 = DIRECTION ( 'NONE',  ( -1.000000000000000000, 0.0000000000000000000, 0.0000000000000000000 ) ) ;
#2514 = VERTEX_POINT ( 'NONE', #576 ) ;
#2515 = CARTESIAN_POINT ( 'NONE',  ( 0.0000000000000000000, 0.1377952755905511861, 0.0000000000000000000 ) ) ;
#2516 = DIRECTION ( 'NONE',  ( 1.445602896647339903E-16, 0.0000000000000000000, 1.000000000000000000 ) ) ;
#2517 = DIRECTION ( 'NONE',  ( 1.000000000000000000, 0.0000000000000000000, 0.0000000000000000000 ) ) ;
#2518 =( LENGTH_UNIT ( ) NAMED_UNIT ( * ) SI_UNIT ( $, .METRE. ) );
#2519 = ORIENTED_EDGE ( 'NONE', *, *, #1800, .T. ) ;
#2520 = VECTOR ( 'NONE', #3095, 39.37007874015748143 ) ;
#2521 = VECTOR ( 'NONE', #2426, 39.37007874015748143 ) ;
#2522 = ORIENTED_EDGE ( 'NONE', *, *, #839, .T. ) ;
#2523 = DIRECTION ( 'NONE',  ( 0.0000000000000000000, -1.000000000000000000, 0.0000000000000000000 ) ) ;
#2524 = AXIS2_PLACEMENT_3D ( 'NONE', #1652, #268, #2748 ) ;
#2525 = STYLED_ITEM ( 'NONE', ( #1369 ), #370 ) ;
#2526 = DIRECTION ( 'NONE',  ( 0.0000000000000000000, -1.000000000000000000, 0.0000000000000000000 ) ) ;
#2527 = EDGE_CURVE ( 'NONE', #647, #696, #1890, .T. ) ;
#2528 = DIRECTION ( 'NONE',  ( 0.0000000000000000000, 0.0000000000000000000, 1.000000000000000000 ) ) ;
#2529 = EDGE_CURVE ( 'NONE', #1805, #3259, #3516, .T. ) ;
#2530 = ORIENTED_EDGE ( 'NONE', *, *, #107, .T. ) ;
#2531 = AXIS2_PLACEMENT_3D ( 'NONE', #3117, #2569, #3371 ) ;
#2532 = AXIS2_PLACEMENT_3D ( 'NONE', #981, #3172, #1803 ) ;
#2533 = AXIS2_PLACEMENT_3D ( 'NONE', #1260, #2345, #997 ) ;
#2534 = FACE_OUTER_BOUND ( 'NONE', #2680, .T. ) ;
#2535 = ORIENTED_EDGE ( 'NONE', *, *, #542, .T. ) ;
#2536 = DIRECTION ( 'NONE',  ( -0.0000000000000000000, 1.000000000000000000, 0.0000000000000000000 ) ) ;
#2537 = ADVANCED_FACE ( 'NONE', ( #519 ), #2707, .F. ) ;
#2538 = PLANE ( 'NONE',  #3453 ) ;
#2539 = LINE ( 'NONE', #2013, #1611 ) ;
#2540 = DIRECTION ( 'NONE',  ( 0.0000000000000000000, -1.000000000000000000, 0.0000000000000000000 ) ) ;
#2541 = CIRCLE ( 'NONE', #2198, 0.007874015748031499423 ) ;
#2542 = ORIENTED_EDGE ( 'NONE', *, *, #3235, .F. ) ;
#2543 = PRODUCT_DEFINITION_FORMATION_WITH_SPECIFIED_SOURCE ( 'ANY', '', #618, .NOT_KNOWN. ) ;
#2544 = ORIENTED_EDGE ( 'NONE', *, *, #803, .T. ) ;
#2545 = LINE ( 'NONE', #98, #2189 ) ;
#2546 = EDGE_CURVE ( 'NONE', #3063, #1358, #1344, .T. ) ;
#2547 = EDGE_CURVE ( 'NONE', #20, #942, #3295, .T. ) ;
#2548 = DIRECTION ( 'NONE',  ( 0.8887958910435519444, 0.4583032446580520558, 0.0000000000000000000 ) ) ;
#2549 = FACE_OUTER_BOUND ( 'NONE', #2298, .T. ) ;
#2550 = ORIENTED_EDGE ( 'NONE', *, *, #1172, .F. ) ;
#2551 = CARTESIAN_POINT ( 'NONE',  ( -0.1338584372998307126, -0.03149606299212598381, 0.07480314960629921850 ) ) ;
#2552 = VERTEX_POINT ( 'NONE', #806 ) ;
#2553 = FACE_OUTER_BOUND ( 'NONE', #2402, .T. ) ;
#2554 = FACE_OUTER_BOUND ( 'NONE', #2137, .T. ) ;
#2555 = CARTESIAN_POINT ( 'NONE',  ( -0.1122047244094488277, 0.1377952755905511861, 0.1122047244094488277 ) ) ;
#2556 = SURFACE_SIDE_STYLE ('',( #3387 ) ) ;
#2557 = ADVANCED_FACE ( 'NONE', ( #3280 ), #1420, .F. ) ;
#2558 = EDGE_LOOP ( 'NONE', ( #2267, #1404, #1141, #1934 ) ) ;
#2559 = ORIENTED_EDGE ( 'NONE', *, *, #220, .F. ) ;
#2560 = LINE ( 'NONE', #3326, #1273 ) ;
#2561 = FACE_OUTER_BOUND ( 'NONE', #1714, .T. ) ;
#2562 = LINE ( 'NONE', #1202, #1492 ) ;
#2563 = ORIENTED_EDGE ( 'NONE', *, *, #1520, .T. ) ;
#2564 = FACE_OUTER_BOUND ( 'NONE', #2848, .T. ) ;
#2565 = EDGE_LOOP ( 'NONE', ( #207, #2403, #1843, #3161 ) ) ;
#2566 = DIRECTION ( 'NONE',  ( 0.0000000000000000000, 0.0000000000000000000, -1.000000000000000000 ) ) ;
#2567 = CARTESIAN_POINT ( 'NONE',  ( -0.1259842519685039353, 0.02755905511811023584, 0.07480314960629921850 ) ) ;
#2568 = UNCERTAINTY_MEASURE_WITH_UNIT (LENGTH_MEASURE( 1.000000000000000082E-05 ), #2744, 'distance_accuracy_value', 'NONE');
#2569 = DIRECTION ( 'NONE',  ( 0.0000000000000000000, 1.000000000000000000, 0.0000000000000000000 ) ) ;
#2570 = DIRECTION ( 'NONE',  ( 0.8887958910435519444, 0.4583032446580520558, 0.0000000000000000000 ) ) ;
#2571 = ADVANCED_FACE ( 'NONE', ( #42 ), #3318, .T. ) ;
#2572 = CARTESIAN_POINT ( 'NONE',  ( 0.1122047244094488277, 0.0000000000000000000, 0.1181102362204724532 ) ) ;
#2573 = EDGE_CURVE ( 'NONE', #1050, #3247, #1625, .T. ) ;
#2574 = ORIENTED_EDGE ( 'NONE', *, *, #1323, .F. ) ;
#2575 = LINE ( 'NONE', #2612, #132 ) ;
#2576 =( GEOMETRIC_REPRESENTATION_CONTEXT ( 3 ) GLOBAL_UNCERTAINTY_ASSIGNED_CONTEXT ( ( #2568 ) ) GLOBAL_UNIT_ASSIGNED_CONTEXT ( ( #2744, #2793, #297 ) ) REPRESENTATION_CONTEXT ( 'NONE', 'WORKASPACE' ) );
#2577 = VECTOR ( 'NONE', #1175, 39.37007874015748143 ) ;
#2578 = CARTESIAN_POINT ( 'NONE',  ( -0.1083935435132570846, -0.03220340707415822457, 0.1023622047244094474 ) ) ;
#2579 = CYLINDRICAL_SURFACE ( 'NONE', #2067, 0.007874015748031499423 ) ;
#2580 = EDGE_LOOP ( 'NONE', ( #3152, #747, #1465, #1166 ) ) ;
#2581 = CIRCLE ( 'NONE', #1386, 0.007874015748031499423 ) ;
#2582 = VECTOR ( 'NONE', #2570, 39.37007874015748143 ) ;
#2583 = DIRECTION ( 'NONE',  ( -0.4153637994577553672, -0.8055226371389487827, -0.4226182617407003850 ) ) ;
#2584 = ORIENTED_EDGE ( 'NONE', *, *, #427, .T. ) ;
#2585 = CIRCLE ( 'NONE', #1674, 0.007874015748031499423 ) ;
#2586 = LINE ( 'NONE', #3144, #1904 ) ;
#2587 = VECTOR ( 'NONE', #446, 39.37007874015748143 ) ;
#2588 = EDGE_LOOP ( 'NONE', ( #3379, #2255, #2983, #2923 ) ) ;
#2589 = CARTESIAN_POINT ( 'NONE',  ( 0.08858267716535432601, 0.1299212598425196763, 0.08858267716535432601 ) ) ;
#2590 = ADVANCED_FACE ( 'NONE', ( #1927 ), #1658, .T. ) ;
#2591 = EDGE_CURVE ( 'NONE', #1039, #841, #22, .T. ) ;
#2592 = DIRECTION ( 'NONE',  ( 0.0000000000000000000, 0.0000000000000000000, 1.000000000000000000 ) ) ;
#2593 = AXIS2_PLACEMENT_3D ( 'NONE', #2226, #1962, #558 ) ;
#2594 = DIRECTION ( 'NONE',  ( 1.000000000000000000, 0.0000000000000000000, 0.0000000000000000000 ) ) ;
#2595 = AXIS2_PLACEMENT_3D ( 'NONE', #39, #3274, #1121 ) ;
#2596 = EDGE_CURVE ( 'NONE', #1261, #2634, #2446, .T. ) ;
#2597 = ORIENTED_EDGE ( 'NONE', *, *, #875, .F. ) ;
#2598 = DIRECTION ( 'NONE',  ( 0.0000000000000000000, -1.000000000000000000, 0.0000000000000000000 ) ) ;
#2599 = CARTESIAN_POINT ( 'NONE',  ( -0.1259842519685039353, 0.001910576577067480157, -0.1023622047244094474 ) ) ;
#2600 = SURFACE_STYLE_USAGE ( .BOTH. , #206 ) ;
#2601 = ORIENTED_EDGE ( 'NONE', *, *, #1061, .T. ) ;
#2602 = CARTESIAN_POINT ( 'NONE',  ( 0.08858267716535432601, 0.1496062992125984370, 0.08858267716535432601 ) ) ;
#2603 = VERTEX_POINT ( 'NONE', #2754 ) ;
#2604 = PLANE ( 'NONE',  #1622 ) ;
#2605 = EDGE_LOOP ( 'NONE', ( #606, #1770, #3262, #1097, #17, #1353, #3222, #2341 ) ) ;
#2606 = EDGE_LOOP ( 'NONE', ( #3428, #3342, #1438, #55, #2138, #3410 ) ) ;
#2607 = DIRECTION ( 'NONE',  ( 0.4465975813569838526, -0.8947349329975285981, 0.0000000000000000000 ) ) ;
#2608 = CARTESIAN_POINT ( 'NONE',  ( 0.0000000000000000000, 0.3937007874015748254, 0.0000000000000000000 ) ) ;
#2609 = SURFACE_STYLE_USAGE ( .BOTH. , #2556 ) ;
#2610 = VERTEX_POINT ( 'NONE', #2984 ) ;
#2611 = DIMENSIONAL_EXPONENTS ( 1.000000000000000000, 0.0000000000000000000, 0.0000000000000000000, 0.0000000000000000000, 0.0000000000000000000, 0.0000000000000000000, 0.0000000000000000000 ) ;
#2612 = CARTESIAN_POINT ( 'NONE',  ( 0.1181102362204724532, -0.003937007874015747977, 0.04921259842519685318 ) ) ;
#2613 = DIRECTION ( 'NONE',  ( 1.000000000000000000, 1.019578823124772320E-44, 4.701977403289159841E-30 ) ) ;
#2614 = CARTESIAN_POINT ( 'NONE',  ( -0.1408568301426933178, -0.03510474995793744224, 0.1023622047244094474 ) ) ;
#2615 = ORIENTED_EDGE ( 'NONE', *, *, #1982, .T. ) ;
#2616 = ADVANCED_FACE ( 'NONE', ( #1626 ), #3012, .T. ) ;
#2617 = CARTESIAN_POINT ( 'NONE',  ( -0.1181102362204724532, 0.03543307086614173179, -0.1023622047244094474 ) ) ;
#2618 = ORIENTED_EDGE ( 'NONE', *, *, #2670, .T. ) ;
#2619 = DIRECTION ( 'NONE',  ( 0.0000000000000000000, 0.0000000000000000000, -1.000000000000000000 ) ) ;
#2620 = ORIENTED_EDGE ( 'NONE', *, *, #2391, .T. ) ;
#2621 = VERTEX_POINT ( 'NONE', #308 ) ;
#2622 = EDGE_CURVE ( 'NONE', #2089, #2940, #1107, .T. ) ;
#2623 = LINE ( 'NONE', #674, #698 ) ;
#2624 = DIRECTION ( 'NONE',  ( 1.000000000000000000, 0.0000000000000000000, 0.0000000000000000000 ) ) ;
#2625 = LENGTH_MEASURE_WITH_UNIT ( LENGTH_MEASURE( 0.02539999999999999897 ), #661 );
#2626 = ORIENTED_EDGE ( 'NONE', *, *, #2286, .T. ) ;
#2627 = CARTESIAN_POINT ( 'NONE',  ( -0.1417324530478622224, -0.03149606299212598381, 0.07480314960629921850 ) ) ;
#2628 = CARTESIAN_POINT ( 'NONE',  ( 0.0000000000000000000, 0.1299212598425196763, 0.0000000000000000000 ) ) ;
#2629 = CYLINDRICAL_SURFACE ( 'NONE', #2291, 0.007874015748031499423 ) ;
#2630 = ORIENTED_EDGE ( 'NONE', *, *, #1416, .F. ) ;
#2631 = SURFACE_STYLE_FILL_AREA ( #2110 ) ;
#2632 = STYLED_ITEM ( 'NONE', ( #111 ), #1248 ) ;
#2633 = DIRECTION ( 'NONE',  ( 1.000000000000000000, 0.0000000000000000000, 0.0000000000000000000 ) ) ;
#2634 = VERTEX_POINT ( 'NONE', #538 ) ;
#2635 = ADVANCED_FACE ( 'NONE', ( #1693 ), #1940, .T. ) ;
#2636 = CARTESIAN_POINT ( 'NONE',  ( 0.1181102362204724532, -0.003937007874015747977, -0.04921259842519685318 ) ) ;
#2637 = ORIENTED_EDGE ( 'NONE', *, *, #858, .T. ) ;
#2638 = ORIENTED_EDGE ( 'NONE', *, *, #2911, .F. ) ;
#2639 = VERTEX_POINT ( 'NONE', #2724 ) ;
#2640 = VECTOR ( 'NONE', #2668, 39.37007874015748143 ) ;
#2641 = VECTOR ( 'NONE', #1659, 39.37007874015748143 ) ;
#2642 = EDGE_CURVE ( 'NONE', #662, #685, #198, .T. ) ;
#2643 = CARTESIAN_POINT ( 'NONE',  ( -0.1122047244094488277, 0.1299212598425196763, 0.1122047244094488277 ) ) ;
#2644 = AXIS2_PLACEMENT_3D ( 'NONE', #3029, #2449, #1128 ) ;
#2645 = AXIS2_PLACEMENT_3D ( 'NONE', #2221, #3313, #80 ) ;
#2646 = DIRECTION ( 'NONE',  ( 0.0000000000000000000, 0.0000000000000000000, -1.000000000000000000 ) ) ;
#2647 = CIRCLE ( 'NONE', #2418, 0.02362204724409448092 ) ;
#2648 = EDGE_LOOP ( 'NONE', ( #3312, #906, #2274, #2685 ) ) ;
#2649 = CARTESIAN_POINT ( 'NONE',  ( -0.1181102362204724532, 0.0000000000000000000, 0.04921259842519685318 ) ) ;
#2650 = CIRCLE ( 'NONE', #1110, 0.007874015748031499423 ) ;
#2651 = DIRECTION ( 'NONE',  ( -0.0000000000000000000, 1.000000000000000000, 0.0000000000000000000 ) ) ;
#2652 = VECTOR ( 'NONE', #1863, 39.37007874015748143 ) ;
#2653 = FACE_OUTER_BOUND ( 'NONE', #571, .T. ) ;
#2654 = ORIENTED_EDGE ( 'NONE', *, *, #3490, .T. ) ;
#2655 = ORIENTED_EDGE ( 'NONE', *, *, #331, .F. ) ;
#2656 = CARTESIAN_POINT ( 'NONE',  ( 0.1181102362204724532, 0.003937007874015747977, -0.04921259842519685318 ) ) ;
#2657 = EDGE_CURVE ( 'NONE', #2945, #1657, #84, .T. ) ;
#2658 = EDGE_CURVE ( 'NONE', #387, #449, #3348, .T. ) ;
#2659 = VECTOR ( 'NONE', #1662, 39.37007874015748143 ) ;
#2660 = DIRECTION ( 'NONE',  ( 0.0000000000000000000, 0.0000000000000000000, -1.000000000000000000 ) ) ;
#2661 = ORIENTED_EDGE ( 'NONE', *, *, #1995, .T. ) ;
#2662 = CARTESIAN_POINT ( 'NONE',  ( -0.1181102362204724532, 0.001910576577067484277, -0.1023622047244094474 ) ) ;
#2663 = ORIENTED_EDGE ( 'NONE', *, *, #1638, .T. ) ;
#2664 = EDGE_LOOP ( 'NONE', ( #1287, #1319, #3506, #2915 ) ) ;
#2665 = ORIENTED_EDGE ( 'NONE', *, *, #3370, .F. ) ;
#2666 = ADVANCED_FACE ( 'NONE', ( #2175 ), #2740, .F. ) ;
#2667 = DIRECTION ( 'NONE',  ( 0.0000000000000000000, 0.0000000000000000000, 1.000000000000000000 ) ) ;
#2668 = DIRECTION ( 'NONE',  ( 0.4583032446580520558, -0.8887958910435519444, 0.0000000000000000000 ) ) ;
#2669 = ORIENTED_EDGE ( 'NONE', *, *, #2250, .T. ) ;
#2670 = EDGE_CURVE ( 'NONE', #947, #978, #1965, .T. ) ;
#2671 = DIRECTION ( 'NONE',  ( 1.000000000000000000, 0.0000000000000000000, 0.0000000000000000000 ) ) ;
#2672 = DIRECTION ( 'NONE',  ( 0.0000000000000000000, 0.0000000000000000000, -1.000000000000000000 ) ) ;
#2673 = CARTESIAN_POINT ( 'NONE',  ( 0.1338584372998307126, -0.03149606299212598381, -0.1023622047244094474 ) ) ;
#2674 = ORIENTED_EDGE ( 'NONE', *, *, #610, .F. ) ;
#2675 = CARTESIAN_POINT ( 'NONE',  ( 0.1338584372998307126, -0.03149606299212598381, 0.07480314960629921850 ) ) ;
#2676 = LINE ( 'NONE', #705, #3297 ) ;
#2677 = ORIENTED_EDGE ( 'NONE', *, *, #2142, .T. ) ;
#2678 = DIRECTION ( 'NONE',  ( 0.0000000000000000000, 0.0000000000000000000, 1.000000000000000000 ) ) ;
#2679 = VERTEX_POINT ( 'NONE', #2821 ) ;
#2680 = EDGE_LOOP ( 'NONE', ( #627, #3360, #584, #626 ) ) ;
#2681 = ORIENTED_EDGE ( 'NONE', *, *, #1017, .F. ) ;
#2682 = CARTESIAN_POINT ( 'NONE',  ( 0.1083935435132570846, -0.03220340707415822457, 0.07480314960629921850 ) ) ;
#2683 = DIRECTION ( 'NONE',  ( 0.0000000000000000000, -1.000000000000000000, 0.0000000000000000000 ) ) ;
#2684 = DIRECTION ( 'NONE',  ( -0.4465975813569838526, -0.8947349329975285981, 0.0000000000000000000 ) ) ;
#2685 = ORIENTED_EDGE ( 'NONE', *, *, #1524, .T. ) ;
#2686 = CARTESIAN_POINT ( 'NONE',  ( 0.1122047244094488277, 0.1299212598425196763, 0.1181102362204724532 ) ) ;
#2687 = EDGE_CURVE ( 'NONE', #1466, #2094, #2361, .T. ) ;
#2688 = LINE ( 'NONE', #1331, #835 ) ;
#2689 = DIRECTION ( 'NONE',  ( 0.0000000000000000000, 0.0000000000000000000, 1.000000000000000000 ) ) ;
#2690 = VERTEX_POINT ( 'NONE', #905 ) ;
#2691 =( NAMED_UNIT ( * ) SI_UNIT ( $, .STERADIAN. ) SOLID_ANGLE_UNIT ( ) );
#2692 = FACE_OUTER_BOUND ( 'NONE', #569, .T. ) ;
#2693 = CYLINDRICAL_SURFACE ( 'NONE', #201, 0.02362204724409448092 ) ;
#2694 = ORIENTED_EDGE ( 'NONE', *, *, #938, .T. ) ;
#2695 = DIRECTION ( 'NONE',  ( 0.0000000000000000000, -1.000000000000000000, 0.0000000000000000000 ) ) ;
#2696 = ORIENTED_EDGE ( 'NONE', *, *, #2047, .F. ) ;
#2697 = SURFACE_STYLE_USAGE ( .BOTH. , #1937 ) ;
#2698 = ORIENTED_EDGE ( 'NONE', *, *, #3493, .F. ) ;
#2699 = VERTEX_POINT ( 'NONE', #2551 ) ;
#2700 = CIRCLE ( 'NONE', #3215, 0.005905511811023620231 ) ;
#2701 = CARTESIAN_POINT ( 'NONE',  ( -0.1181102362204724532, 0.1377952755905511861, 0.1122047244094488277 ) ) ;
#2702 = DIRECTION ( 'NONE',  ( 0.0000000000000000000, 0.0000000000000000000, 1.000000000000000000 ) ) ;
#2703 = EDGE_CURVE ( 'NONE', #2639, #857, #2647, .T. ) ;
#2704 = VECTOR ( 'NONE', #1862, 39.37007874015748143 ) ;
#2705 = VECTOR ( 'NONE', #870, 39.37007874015748143 ) ;
#2706 = EDGE_CURVE ( 'NONE', #214, #1072, #2801, .T. ) ;
#2707 = PLANE ( 'NONE',  #3459 ) ;
#2708 = CIRCLE ( 'NONE', #1335, 0.005905511811023620231 ) ;
#2709 = VECTOR ( 'NONE', #1146, 39.37007874015748854 ) ;
#2710 = CARTESIAN_POINT ( 'NONE',  ( -0.1338584372998307126, -0.03149606299212598381, 0.1023622047244094474 ) ) ;
#2711 = EDGE_CURVE ( 'NONE', #2639, #1694, #3112, .T. ) ;
#2712 = DIRECTION ( 'NONE',  ( 0.0000000000000000000, 0.0000000000000000000, -1.000000000000000000 ) ) ;
#2713 = SURFACE_SIDE_STYLE ('',( #2395 ) ) ;
#2714 = ORIENTED_EDGE ( 'NONE', *, *, #3389, .F. ) ;
#2715 = CARTESIAN_POINT ( 'NONE',  ( 0.1338584372998307126, -0.03149606299212598381, -0.07480314960629921850 ) ) ;
#2716 = VECTOR ( 'NONE', #2041, 39.37007874015748143 ) ;
#2717 = PLANE ( 'NONE',  #465 ) ;
#2718 = CARTESIAN_POINT ( 'NONE',  ( 0.08858267716535432601, 0.1299212598425196763, -0.06496062992125983815 ) ) ;
#2719 = EDGE_LOOP ( 'NONE', ( #2276, #3232, #1983, #2751 ) ) ;
#2720 = FACE_OUTER_BOUND ( 'NONE', #1981, .T. ) ;
#2721 = LINE ( 'NONE', #1359, #2119 ) ;
#2722 = ORIENTED_EDGE ( 'NONE', *, *, #2246, .F. ) ;
#2723 = VECTOR ( 'NONE', #2491, 39.37007874015748854 ) ;
#2724 = CARTESIAN_POINT ( 'NONE',  ( 0.08858267716535432601, 0.1496062992125984370, 0.06496062992125983815 ) ) ;
#2725 = LINE ( 'NONE', #2701, #1442 ) ;
#2726 = DIRECTION ( 'NONE',  ( 1.000000000000000000, 0.0000000000000000000, 0.0000000000000000000 ) ) ;
#2727 = FACE_OUTER_BOUND ( 'NONE', #3373, .T. ) ;
#2728 = DIRECTION ( 'NONE',  ( -0.8887958910435519444, -0.4583032446580520558, 0.0000000000000000000 ) ) ;
#2729 = CYLINDRICAL_SURFACE ( 'NONE', #2367, 0.02362204724409448092 ) ;
#2730 = PLANE ( 'NONE',  #1612 ) ;
#2731 = EDGE_LOOP ( 'NONE', ( #3083, #2752, #478, #2148 ) ) ;
#2732 = LINE ( 'NONE', #2675, #3223 ) ;
#2733 = DIRECTION ( 'NONE',  ( 0.0000000000000000000, -1.000000000000000000, 0.0000000000000000000 ) ) ;
#2734 = ORIENTED_EDGE ( 'NONE', *, *, #233, .T. ) ;
#2735 = DIRECTION ( 'NONE',  ( 0.0000000000000000000, -1.000000000000000000, 0.0000000000000000000 ) ) ;
#2736 = DIRECTION ( 'NONE',  ( 0.0000000000000000000, 0.0000000000000000000, 1.000000000000000000 ) ) ;
#2737 = EDGE_CURVE ( 'NONE', #2441, #3416, #1437, .T. ) ;
#2738 = ORIENTED_EDGE ( 'NONE', *, *, #493, .F. ) ;
#2739 = ADVANCED_FACE ( 'NONE', ( #1189 ), #1771, .T. ) ;
#2740 = PLANE ( 'NONE',  #831 ) ;
#2741 = DIRECTION ( 'NONE',  ( 1.000000000000000000, 0.0000000000000000000, 0.0000000000000000000 ) ) ;
#2742 = ADVANCED_FACE ( 'NONE', ( #2534 ), #961, .F. ) ;
#2743 = DIRECTION ( 'NONE',  ( -0.4153637994577553672, 0.8055226371389487827, 0.4226182617407003850 ) ) ;
#2744 =( CONVERSION_BASED_UNIT ( 'INCH', #74 ) LENGTH_UNIT ( ) NAMED_UNIT ( #950 ) );
#2745 = CARTESIAN_POINT ( 'NONE',  ( -0.1189390950157675347, -0.001605939811570186943, 0.07480314960629921850 ) ) ;
#2746 = FACE_OUTER_BOUND ( 'NONE', #3505, .T. ) ;
#2747 = ORIENTED_EDGE ( 'NONE', *, *, #582, .T. ) ;
#2748 = DIRECTION ( 'NONE',  ( 0.0000000000000000000, 0.0000000000000000000, 1.000000000000000000 ) ) ;
#2749 = ADVANCED_FACE ( 'NONE', ( #421 ), #2867, .F. ) ;
#2750 = CARTESIAN_POINT ( 'NONE',  ( 0.1122047244094488277, 0.0000000000000000000, 0.1122047244094488277 ) ) ;
#2751 = ORIENTED_EDGE ( 'NONE', *, *, #408, .T. ) ;
#2752 = ORIENTED_EDGE ( 'NONE', *, *, #917, .F. ) ;
#2753 = EDGE_CURVE ( 'NONE', #286, #1276, #31, .T. ) ;
#2754 = CARTESIAN_POINT ( 'NONE',  ( -0.1181102362204724532, 0.0000000000000000000, -0.04921259842519685318 ) ) ;
#2755 = LINE ( 'NONE', #310, #255 ) ;
#2756 = CIRCLE ( 'NONE', #1209, 0.005905511811023620231 ) ;
#2757 = DIRECTION ( 'NONE',  ( 0.0000000000000000000, 0.0000000000000000000, 1.000000000000000000 ) ) ;
#2758 = AXIS2_PLACEMENT_3D ( 'NONE', #3093, #1412, #1967 ) ;
#2759 = AXIS2_PLACEMENT_3D ( 'NONE', #3311, #1933, #550 ) ;
#2760 = PLANE ( 'NONE',  #2284 ) ;
#2761 = VECTOR ( 'NONE', #3472, 39.37007874015748143 ) ;
#2762 = AXIS2_PLACEMENT_3D ( 'NONE', #392, #1475, #965 ) ;
#2763 = LINE ( 'NONE', #264, #1568 ) ;
#2764 = FILL_AREA_STYLE_COLOUR ( '', #2009 ) ;
#2765 = VERTEX_POINT ( 'NONE', #2293 ) ;
#2766 = CARTESIAN_POINT ( 'NONE',  ( -0.1255464405159194829, -0.06479646946715768296, -0.09251968503937008093 ) ) ;
#2767 = AXIS2_PLACEMENT_3D ( 'NONE', #1727, #2823, #2275 ) ;
#2768 = LINE ( 'NONE', #324, #3351 ) ;
#2769 = AXIS2_PLACEMENT_3D ( 'NONE', #633, #3089, #373 ) ;
#2770 = LINE ( 'NONE', #3315, #1892 ) ;
#2771 = EDGE_CURVE ( 'NONE', #480, #3530, #154, .T. ) ;
#2772 = EDGE_LOOP ( 'NONE', ( #2895, #3332, #1553, #455, #1220, #1298 ) ) ;
#2773 = VECTOR ( 'NONE', #1921, 39.37007874015748143 ) ;
#2774 = CARTESIAN_POINT ( 'NONE',  ( 0.1338584372998307126, -0.03149606299212598381, 0.07480314960629921850 ) ) ;
#2775 = EDGE_LOOP ( 'NONE', ( #1509, #1312 ) ) ;
#2776 = DIRECTION ( 'NONE',  ( 0.0000000000000000000, 0.0000000000000000000, 1.000000000000000000 ) ) ;
#2777 = AXIS2_PLACEMENT_3D ( 'NONE', #3197, #507, #524 ) ;
#2778 = CARTESIAN_POINT ( 'NONE',  ( 0.1338584372998307126, -0.03149606299212598381, -0.07480314960629921850 ) ) ;
#2779 = CARTESIAN_POINT ( 'NONE',  ( 0.08858267716535432601, 0.1496062992125984370, 0.08858267716535432601 ) ) ;
#2780 = DIRECTION ( 'NONE',  ( 0.0000000000000000000, 0.0000000000000000000, -1.000000000000000000 ) ) ;
#2781 = ADVANCED_FACE ( 'NONE', ( #2564 ), #87, .T. ) ;
#2782 = ORIENTED_EDGE ( 'NONE', *, *, #59, .F. ) ;
#2783 = LINE ( 'NONE', #3085, #2709 ) ;
#2784 = ADVANCED_BREP_SHAPE_REPRESENTATION ( 'CUI_DEVICES_TS02-66-100-BK-160-SCR-D', ( #1241, #2405, #3499, #57, #1248, #1138, #1120 ), #323 ) ;
#2785 = LINE ( 'NONE', #2168, #940 ) ;
#2786 = CYLINDRICAL_SURFACE ( 'NONE', #2351, 0.005905511811023620231 ) ;
#2787 = EDGE_LOOP ( 'NONE', ( #2385, #1878, #498, #1767 ) ) ;
#2788 = CARTESIAN_POINT ( 'NONE',  ( 0.1189390950157675347, -0.001605939811570186943, 0.1023622047244094474 ) ) ;
#2789 = VERTEX_POINT ( 'NONE', #2260 ) ;
#2790 = CARTESIAN_POINT ( 'NONE',  ( 0.08858267716535432601, 0.1299212598425196763, 0.08858267716535432601 ) ) ;
#2791 = ORIENTED_EDGE ( 'NONE', *, *, #1390, .T. ) ;
#2792 = DIRECTION ( 'NONE',  ( 0.0000000000000000000, 0.0000000000000000000, 1.000000000000000000 ) ) ;
#2793 =( NAMED_UNIT ( * ) PLANE_ANGLE_UNIT ( ) SI_UNIT ( $, .RADIAN. ) );
#2794 = EDGE_CURVE ( 'NONE', #3180, #1050, #1447, .T. ) ;
#2795 = ORIENTED_EDGE ( 'NONE', *, *, #3291, .T. ) ;
#2796 = DIRECTION ( 'NONE',  ( 0.0000000000000000000, 0.0000000000000000000, -1.000000000000000000 ) ) ;
#2797 = EDGE_CURVE ( 'NONE', #1123, #486, #3400, .T. ) ;
#2798 = DIRECTION ( 'NONE',  ( -4.273955692857149504E-18, -0.9993908270190957621, -0.03489949670250103164 ) ) ;
#2799 = DIRECTION ( 'NONE',  ( 0.0000000000000000000, 0.0000000000000000000, 1.000000000000000000 ) ) ;
#2800 = ORIENTED_EDGE ( 'NONE', *, *, #1766, .F. ) ;
#2801 = LINE ( 'NONE', #389, #2876 ) ;
#2802 = ORIENTED_EDGE ( 'NONE', *, *, #3237, .T. ) ;
#2803 = DIRECTION ( 'NONE',  ( 0.0000000000000000000, 0.0000000000000000000, 1.000000000000000000 ) ) ;
#2804 = DIRECTION ( 'NONE',  ( 0.0000000000000000000, -1.000000000000000000, 0.0000000000000000000 ) ) ;
#2805 = LINE ( 'NONE', #3406, #128 ) ;
#2806 = EDGE_CURVE ( 'NONE', #326, #529, #2478, .T. ) ;
#2807 = ADVANCED_FACE ( 'NONE', ( #3074 ), #3353, .T. ) ;
#2808 = PRESENTATION_LAYER_ASSIGNMENT (  '', '', ( #983 ) ) ;
#2809 = EDGE_LOOP ( 'NONE', ( #1736, #874, #2272, #969, #3243, #230, #1919, #2328, #3200, #461, #3486 ) ) ;
#2810 = VECTOR ( 'NONE', #1846, 39.37007874015748143 ) ;
#2811 = ORIENTED_EDGE ( 'NONE', *, *, #1800, .F. ) ;
#2812 = LINE ( 'NONE', #3343, #362 ) ;
#2813 = EDGE_CURVE ( 'NONE', #1315, #2062, #2302, .T. ) ;
#2814 = VECTOR ( 'NONE', #3205, 39.37007874015748854 ) ;
#2815 = DIRECTION ( 'NONE',  ( 0.0000000000000000000, 1.000000000000000000, 0.0000000000000000000 ) ) ;
#2816 = DIRECTION ( 'NONE',  ( 0.0000000000000000000, -1.000000000000000000, 0.0000000000000000000 ) ) ;
#2817 = ORIENTED_EDGE ( 'NONE', *, *, #1926, .T. ) ;
#2818 = VECTOR ( 'NONE', #2068, 39.37007874015748143 ) ;
#2819 = AXIS2_PLACEMENT_3D ( 'NONE', #2824, #1207, #1748 ) ;
#2820 = AXIS2_PLACEMENT_3D ( 'NONE', #593, #2464, #1944 ) ;
#2821 = CARTESIAN_POINT ( 'NONE',  ( 0.1408568301426933178, -0.03510474995793744224, -0.07480314960629921850 ) ) ;
#2822 = VERTEX_POINT ( 'NONE', #2080 ) ;
#2823 = DIRECTION ( 'NONE',  ( 0.0000000000000000000, 0.0000000000000000000, -1.000000000000000000 ) ) ;
#2824 = CARTESIAN_POINT ( 'NONE',  ( 0.1259842519685039353, 0.02755905511811023584, 0.1023622047244094474 ) ) ;
#2825 = AXIS2_PLACEMENT_3D ( 'NONE', #296, #2411, #810 ) ;
#2826 = UNCERTAINTY_MEASURE_WITH_UNIT (LENGTH_MEASURE( 1.000000000000000082E-05 ), #1023, 'distance_accuracy_value', 'NONE');
#2827 = AXIS2_PLACEMENT_3D ( 'NONE', #1540, #600, #1690 ) ;
#2828 = CARTESIAN_POINT ( 'NONE',  ( 0.1255464405159194829, -0.06479646946715768296, 0.08464566929133858497 ) ) ;
#2829 = FACE_OUTER_BOUND ( 'NONE', #3354, .T. ) ;
#2830 = DIRECTION ( 'NONE',  ( 0.0000000000000000000, 0.0000000000000000000, 1.000000000000000000 ) ) ;
#2831 = ORIENTED_EDGE ( 'NONE', *, *, #1588, .T. ) ;
#2832 = EDGE_LOOP ( 'NONE', ( #2845, #1688 ) ) ;
#2833 = FACE_BOUND ( 'NONE', #433, .T. ) ;
#2834 = CARTESIAN_POINT ( 'NONE',  ( -0.08858267716535432601, 0.1496062992125984370, 0.08858267716535432601 ) ) ;
#2835 = CARTESIAN_POINT ( 'NONE',  ( -0.1282216153882259901, -0.04242765514639196961, -0.1023622047244094474 ) ) ;
#2836 = ORIENTED_EDGE ( 'NONE', *, *, #1394, .T. ) ;
#2837 = DIRECTION ( 'NONE',  ( 1.000000000000000000, 0.0000000000000000000, 0.0000000000000000000 ) ) ;
#2838 = VERTEX_POINT ( 'NONE', #3181 ) ;
#2839 = ADVANCED_FACE ( 'NONE', ( #2887 ), #438, .T. ) ;
#2840 = DIRECTION ( 'NONE',  ( 0.0000000000000000000, 1.000000000000000000, 0.0000000000000000000 ) ) ;
#2841 = FACE_OUTER_BOUND ( 'NONE', #2139, .T. ) ;
#2842 = EDGE_CURVE ( 'NONE', #3392, #3272, #1791, .T. ) ;
#2843 = DIRECTION ( 'NONE',  ( 0.0000000000000000000, 1.000000000000000000, 0.0000000000000000000 ) ) ;
#2844 = FACE_OUTER_BOUND ( 'NONE', #1305, .T. ) ;
#2845 = ORIENTED_EDGE ( 'NONE', *, *, #644, .F. ) ;
#2846 = DIRECTION ( 'NONE',  ( 0.4153637994577553672, -0.8055226371389487827, 0.4226182617407003850 ) ) ;
#2847 = CARTESIAN_POINT ( 'NONE',  ( 0.1282216153882259901, -0.04242765514639196961, 0.1023622047244094474 ) ) ;
#2848 = EDGE_LOOP ( 'NONE', ( #1523, #2852, #345, #739 ) ) ;
#2849 = ADVANCED_FACE ( 'NONE', ( #2112 ), #1257, .T. ) ;
#2850 = ADVANCED_FACE ( 'NONE', ( #1562 ), #2693, .T. ) ;
#2851 = DIRECTION ( 'NONE',  ( 0.0000000000000000000, 0.0000000000000000000, 1.000000000000000000 ) ) ;
#2852 = ORIENTED_EDGE ( 'NONE', *, *, #3345, .F. ) ;
#2853 = LINE ( 'NONE', #946, #1555 ) ;
#2854 = ORIENTED_EDGE ( 'NONE', *, *, #2490, .F. ) ;
#2855 = LINE ( 'NONE', #909, #1432 ) ;
#2856 = ADVANCED_FACE ( 'NONE', ( #974 ), #2058, .T. ) ;
#2857 = CARTESIAN_POINT ( 'NONE',  ( -0.1259842519685039353, 0.001910576577067480157, -0.1023622047244094474 ) ) ;
#2858 = CARTESIAN_POINT ( 'NONE',  ( 0.1122047244094488277, 0.1299212598425196763, -0.1181102362204724532 ) ) ;
#2859 = CARTESIAN_POINT ( 'NONE',  ( 0.1181102362204724532, 0.02755905511811023584, -0.1023622047244094474 ) ) ;
#2860 = ORIENTED_EDGE ( 'NONE', *, *, #3126, .F. ) ;
#2861 = CARTESIAN_POINT ( 'NONE',  ( 0.1259842519685039353, 0.001910576577067484277, 0.07480314960629921850 ) ) ;
#2862 = MECHANICAL_DESIGN_GEOMETRIC_PRESENTATION_REPRESENTATION (  '', ( #2406 ), #2576 ) ;
#2863 = DIRECTION ( 'NONE',  ( 0.0000000000000000000, 0.0000000000000000000, 1.000000000000000000 ) ) ;
#2864 = ORIENTED_EDGE ( 'NONE', *, *, #1471, .T. ) ;
#2865 = VECTOR ( 'NONE', #2229, 39.37007874015748143 ) ;
#2866 =( GEOMETRIC_REPRESENTATION_CONTEXT ( 3 ) GLOBAL_UNCERTAINTY_ASSIGNED_CONTEXT ( ( #1570 ) ) GLOBAL_UNIT_ASSIGNED_CONTEXT ( ( #1007, #1808, #489 ) ) REPRESENTATION_CONTEXT ( 'NONE', 'WORKASPACE' ) );
#2867 = PLANE ( 'NONE',  #3111 ) ;
#2868 = ORIENTED_EDGE ( 'NONE', *, *, #1660, .F. ) ;
#2869 = VECTOR ( 'NONE', #2118, 39.37007874015748143 ) ;
#2870 = CARTESIAN_POINT ( 'NONE',  ( -0.1181102362204724532, 0.1299212598425196763, -0.1181102362204724532 ) ) ;
#2871 = VECTOR ( 'NONE', #121, 39.37007874015748143 ) ;
#2872 = VERTEX_POINT ( 'NONE', #2942 ) ;
#2873 = ORIENTED_EDGE ( 'NONE', *, *, #2174, .T. ) ;
#2874 = AXIS2_PLACEMENT_3D ( 'NONE', #1882, #1085, #229 ) ;
#2875 = FACE_OUTER_BOUND ( 'NONE', #2648, .T. ) ;
#2876 = VECTOR ( 'NONE', #2583, 39.37007874015748143 ) ;
#2877 = CARTESIAN_POINT ( 'NONE',  ( -0.1352200082310885954, -0.04603634211220338640, 0.1023622047244094474 ) ) ;
#2878 =( NAMED_UNIT ( * ) PLANE_ANGLE_UNIT ( ) SI_UNIT ( $, .RADIAN. ) );
#2879 = AXIS2_PLACEMENT_3D ( 'NONE', #583, #1671, #1902 ) ;
#2880 = ORIENTED_EDGE ( 'NONE', *, *, #2462, .F. ) ;
#2881 = AXIS2_PLACEMENT_3D ( 'NONE', #2628, #971, #151 ) ;
#2882 = FACE_BOUND ( 'NONE', #2775, .T. ) ;
#2883 = EDGE_CURVE ( 'NONE', #3319, #1922, #2399, .T. ) ;
#2884 = CARTESIAN_POINT ( 'NONE',  ( 0.1259842519685039353, 0.02755905511811023584, 0.1023622047244094474 ) ) ;
#2885 = CARTESIAN_POINT ( 'NONE',  ( 0.08858267716535432601, 0.1496062992125984370, -0.1122047244094488139 ) ) ;
#2886 = ORIENTED_EDGE ( 'NONE', *, *, #1279, .F. ) ;
#2887 = FACE_OUTER_BOUND ( 'NONE', #2565, .T. ) ;
#2888 = ORIENTED_EDGE ( 'NONE', *, *, #2529, .F. ) ;
#2889 = CARTESIAN_POINT ( 'NONE',  ( 0.1259842519685039353, 0.001910576577067480157, 0.1023622047244094474 ) ) ;
#2890 = ORIENTED_EDGE ( 'NONE', *, *, #1783, .F. ) ;
#2891 = ORIENTED_EDGE ( 'NONE', *, *, #1766, .T. ) ;
#2892 = CARTESIAN_POINT ( 'NONE',  ( 0.1181102362204724532, 0.1377952755905511861, 0.1181102362204724532 ) ) ;
#2893 = DIRECTION ( 'NONE',  ( 0.0000000000000000000, 0.0000000000000000000, 1.000000000000000000 ) ) ;
#2894 = FILL_AREA_STYLE ('',( #676 ) ) ;
#2895 = ORIENTED_EDGE ( 'NONE', *, *, #790, .T. ) ;
#2896 = CARTESIAN_POINT ( 'NONE',  ( 0.1122047244094488277, 0.1377952755905511861, 0.1181102362204724532 ) ) ;
#2897 = EDGE_CURVE ( 'NONE', #3503, #3054, #2382, .T. ) ;
#2898 = PLANE ( 'NONE',  #3462 ) ;
#2899 = ORIENTED_EDGE ( 'NONE', *, *, #119, .T. ) ;
#2900 = EDGE_CURVE ( 'NONE', #1230, #3456, #263, .T. ) ;
#2901 = DIRECTION ( 'NONE',  ( 0.0000000000000000000, 0.0000000000000000000, -1.000000000000000000 ) ) ;
#2902 = EDGE_LOOP ( 'NONE', ( #1245, #512, #202, #2791 ) ) ;
#2903 = CARTESIAN_POINT ( 'NONE',  ( 0.1259842519685039353, 0.001910576577067484277, -0.1023622047244094474 ) ) ;
#2904 = ORIENTED_EDGE ( 'NONE', *, *, #1458, .F. ) ;
#2905 = ORIENTED_EDGE ( 'NONE', *, *, #2622, .F. ) ;
#2906 = ORIENTED_EDGE ( 'NONE', *, *, #427, .F. ) ;
#2907 = CARTESIAN_POINT ( 'NONE',  ( 0.1352200082310885954, -0.04603634211220338640, 0.07480314960629921850 ) ) ;
#2908 = DIRECTION ( 'NONE',  ( -1.000000000000000000, 0.0000000000000000000, 0.0000000000000000000 ) ) ;
#2909 = EDGE_CURVE ( 'NONE', #77, #1145, #760, .T. ) ;
#2910 = EDGE_LOOP ( 'NONE', ( #1073, #163, #319, #867 ) ) ;
#2911 = EDGE_CURVE ( 'NONE', #371, #1473, #2676, .T. ) ;
#2912 = LINE ( 'NONE', #464, #2124 ) ;
#2913 = DIRECTION ( 'NONE',  ( 0.0000000000000000000, 0.0000000000000000000, 1.000000000000000000 ) ) ;
#2914 = FACE_OUTER_BOUND ( 'NONE', #1818, .T. ) ;
#2915 = ORIENTED_EDGE ( 'NONE', *, *, #953, .F. ) ;
#2916 = AXIS2_PLACEMENT_3D ( 'NONE', #3438, #1733, #2830 ) ;
#2917 = VECTOR ( 'NONE', #2171, 39.37007874015748143 ) ;
#2918 = DIRECTION ( 'NONE',  ( 0.0000000000000000000, -1.000000000000000000, 0.0000000000000000000 ) ) ;
#2919 = ORIENTED_EDGE ( 'NONE', *, *, #503, .F. ) ;
#2920 = LINE ( 'NONE', #3432, #3166 ) ;
#2921 = VERTEX_POINT ( 'NONE', #995 ) ;
#2922 = ORIENTED_EDGE ( 'NONE', *, *, #1697, .F. ) ;
#2923 = ORIENTED_EDGE ( 'NONE', *, *, #2591, .T. ) ;
#2924 = CIRCLE ( 'NONE', #1099, 0.005905511811023620231 ) ;
#2925 = COLOUR_RGB ( '',0.7921568627450980005, 0.8196078431372548767, 0.9294117647058823817 ) ;
#2926 = AXIS2_PLACEMENT_3D ( 'NONE', #2008, #2803, #3382 ) ;
#2927 = CIRCLE ( 'NONE', #186, 0.005905511811023620231 ) ;
#2928 = CARTESIAN_POINT ( 'NONE',  ( -0.1338584372998307126, -0.03149606299212598381, 0.1023622047244094474 ) ) ;
#2929 = ADVANCED_FACE ( 'NONE', ( #2343 ), #1795, .T. ) ;
#2930 = VECTOR ( 'NONE', #2684, 39.37007874015748854 ) ;
#2931 = VECTOR ( 'NONE', #376, 39.37007874015748143 ) ;
#2932 = LINE ( 'NONE', #484, #2640 ) ;
#2933 = CIRCLE ( 'NONE', #138, 0.05981893896167284064 ) ;
#2934 = ORIENTED_EDGE ( 'NONE', *, *, #2883, .F. ) ;
#2935 = CARTESIAN_POINT ( 'NONE',  ( 0.1185480476730569055, -0.06118778250134625923, 0.09251968503937008093 ) ) ;
#2936 = AXIS2_PLACEMENT_3D ( 'NONE', #337, #888, #1186 ) ;
#2937 = CARTESIAN_POINT ( 'NONE',  ( 0.0000000000000000000, 0.1299212598425196763, 0.0000000000000000000 ) ) ;
#2938 = VECTOR ( 'NONE', #2913, 39.37007874015748143 ) ;
#2939 = DIRECTION ( 'NONE',  ( 0.0000000000000000000, 1.000000000000000000, 0.0000000000000000000 ) ) ;
#2940 = VERTEX_POINT ( 'NONE', #227 ) ;
#2941 = CARTESIAN_POINT ( 'NONE',  ( -0.1122047244094488277, 0.1299212598425196763, -0.1122047244094488277 ) ) ;
#2942 = CARTESIAN_POINT ( 'NONE',  ( 0.1408568301426933178, -0.03510474995793744224, -0.1023622047244094474 ) ) ;
#2943 = ORIENTED_EDGE ( 'NONE', *, *, #1874, .T. ) ;
#2944 =( LENGTH_UNIT ( ) NAMED_UNIT ( * ) SI_UNIT ( $, .METRE. ) );
#2945 = VERTEX_POINT ( 'NONE', #1810 ) ;
#2946 = ORIENTED_EDGE ( 'NONE', *, *, #471, .F. ) ;
#2947 = ORIENTED_EDGE ( 'NONE', *, *, #1061, .F. ) ;
#2948 = DIRECTION ( 'NONE',  ( 0.4153637994577553672, -0.8055226371389487827, -0.4226182617407003850 ) ) ;
#2949 = CARTESIAN_POINT ( 'NONE',  ( 0.1122047244094488277, 0.1299212598425196763, 0.1122047244094488277 ) ) ;
#2950 = EDGE_CURVE ( 'NONE', #3439, #947, #1282, .T. ) ;
#2951 = VERTEX_POINT ( 'NONE', #2617 ) ;
#2952 = CARTESIAN_POINT ( 'NONE',  ( 0.1328516659854228621, -0.03344851307380460742, -0.1070731206436911498 ) ) ;
#2953 = PLANE ( 'NONE',  #203 ) ;
#2954 = CARTESIAN_POINT ( 'NONE',  ( 0.08858267716535432601, 0.1377952755905511861, -0.08858267716535432601 ) ) ;
#2955 = VERTEX_POINT ( 'NONE', #3502 ) ;
#2956 =( NAMED_UNIT ( * ) SI_UNIT ( $, .STERADIAN. ) SOLID_ANGLE_UNIT ( ) );
#2957 = CARTESIAN_POINT ( 'NONE',  ( 0.1122047244094488277, 0.1299212598425196763, -0.1122047244094488277 ) ) ;
#2958 = DIRECTION ( 'NONE',  ( 0.0000000000000000000, -1.000000000000000000, 0.0000000000000000000 ) ) ;
#2959 = ORIENTED_EDGE ( 'NONE', *, *, #2342, .F. ) ;
#2960 = DIRECTION ( 'NONE',  ( 1.000000000000000000, 0.0000000000000000000, 0.0000000000000000000 ) ) ;
#2961 = ORIENTED_EDGE ( 'NONE', *, *, #245, .F. ) ;
#2962 = LINE ( 'NONE', #4, #307 ) ;
#2963 = EDGE_CURVE ( 'NONE', #3454, #387, #1045, .T. ) ;
#2964 = VERTEX_POINT ( 'NONE', #779 ) ;
#2965 = ORIENTED_EDGE ( 'NONE', *, *, #164, .T. ) ;
#2966 = EDGE_CURVE ( 'NONE', #341, #214, #509, .T. ) ;
#2967 = UNCERTAINTY_MEASURE_WITH_UNIT (LENGTH_MEASURE( 1.000000000000000082E-05 ), #1081, 'distance_accuracy_value', 'NONE');
#2968 = CARTESIAN_POINT ( 'NONE',  ( 0.1083935435132570846, -0.03220340707415822457, 0.1023622047244094474 ) ) ;
#2969 = ADVANCED_FACE ( 'NONE', ( #170 ), #3449, .T. ) ;
#2970 = CARTESIAN_POINT ( 'NONE',  ( 0.1417324530478622224, -0.03149606299212598381, 0.1023622047244094474 ) ) ;
#2971 = DIRECTION ( 'NONE',  ( 0.8887958910435519444, -0.4583032446580520558, 0.0000000000000000000 ) ) ;
#2972 = CARTESIAN_POINT ( 'NONE',  ( 0.1181102362204724532, 0.03543307086614173179, -0.07480314960629921850 ) ) ;
#2973 = FACE_OUTER_BOUND ( 'NONE', #3202, .T. ) ;
#2974 = CARTESIAN_POINT ( 'NONE',  ( -0.1185480476730569055, -0.06118778250134625923, -0.08464566929133858497 ) ) ;
#2975 = VERTEX_POINT ( 'NONE', #1337 ) ;
#2976 = SURFACE_STYLE_USAGE ( .BOTH. , #796 ) ;
#2977 = CARTESIAN_POINT ( 'NONE',  ( 0.1181102362204724532, 0.001910576577067484277, -0.1023622047244094474 ) ) ;
#2978 = CYLINDRICAL_SURFACE ( 'NONE', #3460, 0.02362204724409448092 ) ;
#2979 = EDGE_LOOP ( 'NONE', ( #1590, #142, #2129, #103, #1028, #2597, #1849, #2722 ) ) ;
#2980 = DIRECTION ( 'NONE',  ( 0.0000000000000000000, 0.0000000000000000000, 1.000000000000000000 ) ) ;
#2981 = CARTESIAN_POINT ( 'NONE',  ( 0.1181102362204724532, 0.001910576577067484277, -0.07480314960629921850 ) ) ;
#2982 = ORIENTED_EDGE ( 'NONE', *, *, #1427, .T. ) ;
#2983 = ORIENTED_EDGE ( 'NONE', *, *, #1742, .F. ) ;
#2984 = CARTESIAN_POINT ( 'NONE',  ( -0.1181102362204724532, 0.001910576577067484277, 0.07480314960629921850 ) ) ;
#2985 = AXIS2_PLACEMENT_3D ( 'NONE', #936, #3138, #3193 ) ;
#2986 = LINE ( 'NONE', #788, #2241 ) ;
#2987 = CARTESIAN_POINT ( 'NONE',  ( 0.1409035942525671270, -0.02797954660348830891, 0.1023622047244094474 ) ) ;
#2988 = AXIS2_PLACEMENT_3D ( 'NONE', #2420, #2187, #1067 ) ;
#2989 = MECHANICAL_DESIGN_GEOMETRIC_PRESENTATION_REPRESENTATION (  '', ( #2525 ), #2470 ) ;
#2990 = EDGE_CURVE ( 'NONE', #2838, #1939, #2785, .T. ) ;
#2991 = DIRECTION ( 'NONE',  ( 0.0000000000000000000, -1.000000000000000000, 0.0000000000000000000 ) ) ;
#2992 = VECTOR ( 'NONE', #1530, 39.37007874015748143 ) ;
#2993 = AXIS2_PLACEMENT_3D ( 'NONE', #648, #1935, #1738 ) ;
#2994 = LINE ( 'NONE', #2952, #1325 ) ;
#2995 = AXIS2_PLACEMENT_3D ( 'NONE', #2114, #3008, #1851 ) ;
#2996 = ADVANCED_FACE ( 'NONE', ( #1068 ), #1372, .F. ) ;
#2997 = DIRECTION ( 'NONE',  ( -0.8887958910435519444, -0.4583032446580520558, 0.0000000000000000000 ) ) ;
#2998 = DIRECTION ( 'NONE',  ( 0.0000000000000000000, 1.000000000000000000, 0.0000000000000000000 ) ) ;
#2999 = ORIENTED_EDGE ( 'NONE', *, *, #1390, .F. ) ;
#3000 = APPLICATION_PROTOCOL_DEFINITION ( 'draft international standard', 'automotive_design', 1998, #2292 ) ;
#3001 = VECTOR ( 'NONE', #102, 39.37007874015748143 ) ;
#3002 = CARTESIAN_POINT ( 'NONE',  ( -0.1181102362204724532, 0.1377952755905511861, 0.1181102362204724532 ) ) ;
#3003 = ADVANCED_FACE ( 'NONE', ( #2150 ), #3258, .T. ) ;
#3004 = AXIS2_PLACEMENT_3D ( 'NONE', #3524, #1639, #3057 ) ;
#3005 = CARTESIAN_POINT ( 'NONE',  ( 0.1338584372998307126, -0.03149606299212598381, 0.1023622047244094474 ) ) ;
#3006 = ORIENTED_EDGE ( 'NONE', *, *, #542, .F. ) ;
#3007 = EDGE_LOOP ( 'NONE', ( #1167, #1258, #987, #1881 ) ) ;
#3008 = DIRECTION ( 'NONE',  ( 0.0000000000000000000, -1.000000000000000000, 0.0000000000000000000 ) ) ;
#3009 = CARTESIAN_POINT ( 'NONE',  ( 0.1259842519685039353, 0.02755905511811023584, -0.1023622047244094474 ) ) ;
#3010 = ORIENTED_EDGE ( 'NONE', *, *, #3489, .F. ) ;
#3011 = VECTOR ( 'NONE', #2712, 39.37007874015748143 ) ;
#3012 = PLANE ( 'NONE',  #1560 ) ;
#3013 = LINE ( 'NONE', #3028, #1161 ) ;
#3014 = DIRECTION ( 'NONE',  ( 0.0000000000000000000, 0.0000000000000000000, 1.000000000000000000 ) ) ;
#3015 = FACE_OUTER_BOUND ( 'NONE', #2731, .T. ) ;
#3016 = DIRECTION ( 'NONE',  ( 0.0000000000000000000, 1.000000000000000000, 0.0000000000000000000 ) ) ;
#3017 = CARTESIAN_POINT ( 'NONE',  ( 0.08858267716535432601, 0.1496062992125984370, -0.06496062992125983815 ) ) ;
#3018 = CARTESIAN_POINT ( 'NONE',  ( 0.0000000000000000000, 0.1299212598425196763, 0.0000000000000000000 ) ) ;
#3019 = ORIENTED_EDGE ( 'NONE', *, *, #1747, .F. ) ;
#3020 = DIRECTION ( 'NONE',  ( -1.000000000000000000, 0.0000000000000000000, 0.0000000000000000000 ) ) ;
#3021 = EDGE_CURVE ( 'NONE', #1370, #3248, #885, .T. ) ;
#3022 = CYLINDRICAL_SURFACE ( 'NONE', #1507, 0.02362204724409448092 ) ;
#3023 = VERTEX_POINT ( 'NONE', #1100 ) ;
#3024 = SURFACE_STYLE_USAGE ( .BOTH. , #2136 ) ;
#3025 = LINE ( 'NONE', #1672, #1722 ) ;
#3026 = ORIENTED_EDGE ( 'NONE', *, *, #1951, .T. ) ;
#3027 = DIRECTION ( 'NONE',  ( 0.0000000000000000000, -1.000000000000000000, 0.0000000000000000000 ) ) ;
#3028 = CARTESIAN_POINT ( 'NONE',  ( 0.1185480476730569055, -0.06118778250134625923, -0.1023622047244094474 ) ) ;
#3029 = CARTESIAN_POINT ( 'NONE',  ( 0.0000000000000000000, 0.1299212598425196763, 0.0000000000000000000 ) ) ;
#3030 = FACE_OUTER_BOUND ( 'NONE', #1391, .T. ) ;
#3031 = ORIENTED_EDGE ( 'NONE', *, *, #1402, .F. ) ;
#3032 = ADVANCED_FACE ( 'NONE', ( #3298 ), #2978, .F. ) ;
#3033 = LINE ( 'NONE', #1592, #1348 ) ;
#3034 = ADVANCED_FACE ( 'NONE', ( #553 ), #270, .T. ) ;
#3035 = DIRECTION ( 'NONE',  ( 1.000000000000000000, 0.0000000000000000000, -1.445602896647339903E-16 ) ) ;
#3036 = VERTEX_POINT ( 'NONE', #302 ) ;
#3037 = FACE_OUTER_BOUND ( 'NONE', #1084, .T. ) ;
#3038 = DIRECTION ( 'NONE',  ( 0.0000000000000000000, 0.0000000000000000000, 1.000000000000000000 ) ) ;
#3039 = EDGE_CURVE ( 'NONE', #2838, #1256, #2422, .T. ) ;
#3040 = CARTESIAN_POINT ( 'NONE',  ( -0.08858267716535432601, 0.1299212598425196763, -0.08858267716535432601 ) ) ;
#3041 = ORIENTED_EDGE ( 'NONE', *, *, #124, .F. ) ;
#3042 = CARTESIAN_POINT ( 'NONE',  ( -0.1181102362204724532, 0.02755905511811023584, 0.1023622047244094474 ) ) ;
#3043 = ORIENTED_EDGE ( 'NONE', *, *, #1394, .F. ) ;
#3044 = CARTESIAN_POINT ( 'NONE',  ( 0.1408568301426933178, -0.03510474995793744224, -0.1023622047244094474 ) ) ;
#3045 = VECTOR ( 'NONE', #1367, 39.37007874015748143 ) ;
#3046 = EDGE_CURVE ( 'NONE', #2940, #387, #855, .T. ) ;
#3047 = LINE ( 'NONE', #1607, #2930 ) ;
#3048 = AXIS2_PLACEMENT_3D ( 'NONE', #3282, #1912, #3014 ) ;
#3049 = VECTOR ( 'NONE', #1522, 39.37007874015748143 ) ;
#3050 = LINE ( 'NONE', #3359, #1153 ) ;
#3051 = CIRCLE ( 'NONE', #1836, 0.02362204724409448092 ) ;
#3052 = VECTOR ( 'NONE', #640, 39.37007874015748143 ) ;
#3053 = CARTESIAN_POINT ( 'NONE',  ( -0.1122047244094488277, 0.1377952755905511861, 0.1181102362204724532 ) ) ;
#3054 = VERTEX_POINT ( 'NONE', #2455 ) ;
#3055 = CARTESIAN_POINT ( 'NONE',  ( 0.08858267716535432601, 0.1496062992125984370, 0.1122047244094488139 ) ) ;
#3056 = VECTOR ( 'NONE', #1488, 39.37007874015748143 ) ;
#3057 = DIRECTION ( 'NONE',  ( 0.0000000000000000000, 0.0000000000000000000, -1.000000000000000000 ) ) ;
#3058 = AXIS2_PLACEMENT_3D ( 'NONE', #3042, #2195, #7 ) ;
#3059 = DIRECTION ( 'NONE',  ( 0.0000000000000000000, 0.0000000000000000000, 1.000000000000000000 ) ) ;
#3060 = ORIENTED_EDGE ( 'NONE', *, *, #1091, .F. ) ;
#3061 = AXIS2_PLACEMENT_3D ( 'NONE', #679, #1769, #114 ) ;
#3062 = CARTESIAN_POINT ( 'NONE',  ( 0.1181102362204724532, 0.1377952755905511861, 0.1122047244094488277 ) ) ;
#3063 = VERTEX_POINT ( 'NONE', #2718 ) ;
#3064 = DIRECTION ( 'NONE',  ( 0.0000000000000000000, 0.0000000000000000000, 1.000000000000000000 ) ) ;
#3065 = AXIS2_PLACEMENT_3D ( 'NONE', #2937, #2651, #205 ) ;
#3066 = CARTESIAN_POINT ( 'NONE',  ( 0.08858267716535432601, 0.1299212598425196763, 0.06496062992125983815 ) ) ;
#3067 = ADVANCED_FACE ( 'NONE', ( #16 ), #3022, .T. ) ;
#3068 = FACE_OUTER_BOUND ( 'NONE', #1376, .T. ) ;
#3069 = ORIENTED_EDGE ( 'NONE', *, *, #1196, .F. ) ;
#3070 = DIRECTION ( 'NONE',  ( 0.4465975813569838526, -0.8947349329975285981, 0.0000000000000000000 ) ) ;
#3071 = DIRECTION ( 'NONE',  ( 1.000000000000000000, 0.0000000000000000000, 0.0000000000000000000 ) ) ;
#3072 = LINE ( 'NONE', #1150, #3501 ) ;
#3073 = ORIENTED_EDGE ( 'NONE', *, *, #1431, .T. ) ;
#3074 = FACE_OUTER_BOUND ( 'NONE', #68, .T. ) ;
#3075 = VERTEX_POINT ( 'NONE', #1387 ) ;
#3076 = EDGE_CURVE ( 'NONE', #3121, #101, #288, .T. ) ;
#3077 = CYLINDRICAL_SURFACE ( 'NONE', #993, 0.007874015748031499423 ) ;
#3078 = DIRECTION ( 'NONE',  ( 0.0000000000000000000, 0.0000000000000000000, 1.000000000000000000 ) ) ;
#3079 = EDGE_CURVE ( 'NONE', #2975, #999, #2650, .T. ) ;
#3080 = CARTESIAN_POINT ( 'NONE',  ( 0.1122047244094488277, 0.1299212598425196763, -0.1181102362204724532 ) ) ;
#3081 = EDGE_CURVE ( 'NONE', #3467, #1156, #1169, .T. ) ;
#3082 = DIRECTION ( 'NONE',  ( 1.000000000000000000, 0.0000000000000000000, 0.0000000000000000000 ) ) ;
#3083 = ORIENTED_EDGE ( 'NONE', *, *, #1954, .F. ) ;
#3084 = ORIENTED_EDGE ( 'NONE', *, *, #2658, .F. ) ;
#3085 = CARTESIAN_POINT ( 'NONE',  ( -0.1259842519685039353, 0.001910576577067480157, 0.1023622047244094474 ) ) ;
#3086 = LINE ( 'NONE', #2578, #372 ) ;
#3087 = CARTESIAN_POINT ( 'NONE',  ( 0.1122047244094488277, 0.1299212598425196763, 0.1122047244094488277 ) ) ;
#3088 = ORIENTED_EDGE ( 'NONE', *, *, #2157, .T. ) ;
#3089 = DIRECTION ( 'NONE',  ( 0.0000000000000000000, 1.000000000000000000, 0.0000000000000000000 ) ) ;
#3090 = ORIENTED_EDGE ( 'NONE', *, *, #1505, .F. ) ;
#3091 = LINE ( 'NONE', #1411, #2475 ) ;
#3092 = SPHERICAL_SURFACE ( 'NONE', #1730, 0.03937007874015747977 ) ;
#3093 = CARTESIAN_POINT ( 'NONE',  ( -0.1122047244094488277, 0.0000000000000000000, 0.1122047244094488277 ) ) ;
#3094 = DIRECTION ( 'NONE',  ( 0.0000000000000000000, -1.000000000000000000, 0.0000000000000000000 ) ) ;
#3095 = DIRECTION ( 'NONE',  ( 0.8887958910435519444, 0.4583032446580520558, 0.0000000000000000000 ) ) ;
#3096 = MECHANICAL_DESIGN_GEOMETRIC_PRESENTATION_REPRESENTATION (  '', ( #2632 ), #1329 ) ;
#3097 = ORIENTED_EDGE ( 'NONE', *, *, #2122, .T. ) ;
#3098 = AXIS2_PLACEMENT_3D ( 'NONE', #199, #2683, #1871 ) ;
#3099 = EDGE_LOOP ( 'NONE', ( #1713, #617, #1457, #2347, #755, #502, #425, #2169, #1925, #801, #795 ) ) ;
#3100 = LINE ( 'NONE', #2494, #2242 ) ;
#3101 = EDGE_CURVE ( 'NONE', #457, #1502, #546, .T. ) ;
#3102 = EDGE_CURVE ( 'NONE', #1235, #96, #2768, .T. ) ;
#3103 = VECTOR ( 'NONE', #1108, 39.37007874015748854 ) ;
#3104 = VECTOR ( 'NONE', #972, 39.37007874015748143 ) ;
#3105 = CARTESIAN_POINT ( 'NONE',  ( 0.1255464405159194829, -0.06479646946715768296, 0.1023622047244094474 ) ) ;
#3106 = DIRECTION ( 'NONE',  ( 0.0000000000000000000, 0.0000000000000000000, -1.000000000000000000 ) ) ;
#3107 = ORIENTED_EDGE ( 'NONE', *, *, #2158, .T. ) ;
#3108 = VECTOR ( 'NONE', #2776, 39.37007874015748143 ) ;
#3109 = VECTOR ( 'NONE', #1689, 39.37007874015748143 ) ;
#3110 = EDGE_CURVE ( 'NONE', #1922, #776, #51, .T. ) ;
#3111 = AXIS2_PLACEMENT_3D ( 'NONE', #117, #2837, #1511 ) ;
#3112 = LINE ( 'NONE', #2005, #3001 ) ;
#3113 = ORIENTED_EDGE ( 'NONE', *, *, #1781, .T. ) ;
#3114 = DIRECTION ( 'NONE',  ( -0.8947349329975287091, -0.4465975813569839081, 0.0000000000000000000 ) ) ;
#3115 = CARTESIAN_POINT ( 'NONE',  ( -0.1255464405159194829, -0.06479646946715768296, 0.1023622047244094474 ) ) ;
#3116 = AXIS2_PLACEMENT_3D ( 'NONE', #3155, #719, #700 ) ;
#3117 = CARTESIAN_POINT ( 'NONE',  ( 0.08858267716535432601, 0.1299212598425196763, 0.08858267716535432601 ) ) ;
#3118 = CARTESIAN_POINT ( 'NONE',  ( -0.1181102362204724532, 0.1299212598425196763, 0.1122047244094488277 ) ) ;
#3119 =( LENGTH_UNIT ( ) NAMED_UNIT ( * ) SI_UNIT ( $, .METRE. ) );
#3120 = VECTOR ( 'NONE', #3497, 39.37007874015748854 ) ;
#3121 = VERTEX_POINT ( 'NONE', #869 ) ;
#3122 = ADVANCED_FACE ( 'NONE', ( #615 ), #2036, .F. ) ;
#3123 = CARTESIAN_POINT ( 'NONE',  ( -0.1189390950157675347, -0.001605939811570186943, -0.1023622047244094474 ) ) ;
#3124 = CARTESIAN_POINT ( 'NONE',  ( -0.1181102362204724532, 0.1299212598425196763, -0.1181102362204724532 ) ) ;
#3125 = DIRECTION ( 'NONE',  ( -0.4583032446580520558, -0.8887958910435519444, 0.0000000000000000000 ) ) ;
#3126 = EDGE_CURVE ( 'NONE', #371, #1640, #1417, .T. ) ;
#3127 = ORIENTED_EDGE ( 'NONE', *, *, #3329, .F. ) ;
#3128 = DIRECTION ( 'NONE',  ( -0.8887958910435519444, -0.4583032446580520558, 0.0000000000000000000 ) ) ;
#3129 = VERTEX_POINT ( 'NONE', #3396 ) ;
#3130 = LINE ( 'NONE', #1797, #1786 ) ;
#3131 = ADVANCED_FACE ( 'NONE', ( #918 ), #3347, .T. ) ;
#3132 = EDGE_LOOP ( 'NONE', ( #3175, #3301, #2919, #1865, #1793, #2256, #2661, #1705, #1761, #551, #535 ) ) ;
#3133 = LINE ( 'NONE', #3369, #990 ) ;
#3134 = LINE ( 'NONE', #332, #2349 ) ;
#3135 = CARTESIAN_POINT ( 'NONE',  ( -0.08858267716535432601, 0.1377952755905511861, -0.1122047244094488139 ) ) ;
#3136 =( NAMED_UNIT ( * ) SI_UNIT ( $, .STERADIAN. ) SOLID_ANGLE_UNIT ( ) );
#3137 = ORIENTED_EDGE ( 'NONE', *, *, #808, .F. ) ;
#3138 = DIRECTION ( 'NONE',  ( 0.8947349329975287091, -0.4465975813569839081, 0.0000000000000000000 ) ) ;
#3139 = DIRECTION ( 'NONE',  ( 0.0000000000000000000, -1.000000000000000000, 0.0000000000000000000 ) ) ;
#3140 = DIRECTION ( 'NONE',  ( -1.000000000000000000, 0.0000000000000000000, 0.0000000000000000000 ) ) ;
#3141 = ORIENTED_EDGE ( 'NONE', *, *, #1943, .F. ) ;
#3142 = CARTESIAN_POINT ( 'NONE',  ( 0.0000000000000000000, 0.1377952755905511861, 0.0000000000000000000 ) ) ;
#3143 = ORIENTED_EDGE ( 'NONE', *, *, #1240, .T. ) ;
#3144 = CARTESIAN_POINT ( 'NONE',  ( 0.1408568301426933178, -0.03510474995793744224, -0.1023622047244094474 ) ) ;
#3145 = ORIENTED_EDGE ( 'NONE', *, *, #2794, .F. ) ;
#3146 = CARTESIAN_POINT ( 'NONE',  ( -0.1259842519685039353, 0.001910576577067480157, 0.1023622047244094474 ) ) ;
#3147 = EDGE_CURVE ( 'NONE', #449, #776, #939, .T. ) ;
#3148 = CARTESIAN_POINT ( 'NONE',  ( -0.08858267716535432601, 0.1299212598425196763, -0.1122047244094488139 ) ) ;
#3149 = CARTESIAN_POINT ( 'NONE',  ( -0.08858267716535432601, 0.1299212598425196763, 0.1122047244094488139 ) ) ;
#3150 =( NAMED_UNIT ( * ) PLANE_ANGLE_UNIT ( ) SI_UNIT ( $, .RADIAN. ) );
#3151 = ADVANCED_FACE ( 'NONE', ( #2023 ), #664, .F. ) ;
#3152 = ORIENTED_EDGE ( 'NONE', *, *, #1685, .T. ) ;
#3153 = CYLINDRICAL_SURFACE ( 'NONE', #1959, 0.02362204724409448092 ) ;
#3154 = AXIS2_PLACEMENT_3D ( 'NONE', #750, #1839, #2671 ) ;
#3155 = CARTESIAN_POINT ( 'NONE',  ( 0.0000000000000000000, 0.3937007874015748254, 0.0000000000000000000 ) ) ;
#3156 = CARTESIAN_POINT ( 'NONE',  ( -0.08858267716535432601, 0.1496062992125984370, -0.06496062992125983815 ) ) ;
#3157 = VERTEX_POINT ( 'NONE', #134 ) ;
#3158 = VECTOR ( 'NONE', #1993, 39.37007874015748143 ) ;
#3159 = AXIS2_PLACEMENT_3D ( 'NONE', #754, #2939, #1633 ) ;
#3160 = DIRECTION ( 'NONE',  ( 0.0000000000000000000, 0.0000000000000000000, 1.000000000000000000 ) ) ;
#3161 = ORIENTED_EDGE ( 'NONE', *, *, #2091, .F. ) ;
#3162 = CARTESIAN_POINT ( 'NONE',  ( 0.08858267716535432601, 0.1377952755905511861, -0.08858267716535432601 ) ) ;
#3163 = AXIS2_PLACEMENT_3D ( 'NONE', #2589, #948, #2299 ) ;
#3164 = ORIENTED_EDGE ( 'NONE', *, *, #19, .F. ) ;
#3165 = ORIENTED_EDGE ( 'NONE', *, *, #503, .T. ) ;
#3166 = VECTOR ( 'NONE', #440, 39.37007874015748143 ) ;
#3167 = DIRECTION ( 'NONE',  ( 0.0000000000000000000, -1.000000000000000000, 0.0000000000000000000 ) ) ;
#3168 = DIMENSIONAL_EXPONENTS ( 1.000000000000000000, 0.0000000000000000000, 0.0000000000000000000, 0.0000000000000000000, 0.0000000000000000000, 0.0000000000000000000, 0.0000000000000000000 ) ;
#3169 = ADVANCED_FACE ( 'NONE', ( #1453 ), #1450, .T. ) ;
#3170 = AXIS2_PLACEMENT_3D ( 'NONE', #667, #139, #2851 ) ;
#3171 = EDGE_CURVE ( 'NONE', #3530, #1301, #1755, .T. ) ;
#3172 = DIRECTION ( 'NONE',  ( 0.4583032446580521113, -0.8887958910435520554, 0.0000000000000000000 ) ) ;
#3173 = EDGE_CURVE ( 'NONE', #514, #2396, #3086, .T. ) ;
#3174 =( CONVERSION_BASED_UNIT ( 'INCH', #2336 ) LENGTH_UNIT ( ) NAMED_UNIT ( #716 ) );
#3175 = ORIENTED_EDGE ( 'NONE', *, *, #384, .F. ) ;
#3176 = VECTOR ( 'NONE', #1648, 39.37007874015748143 ) ;
#3177 = LINE ( 'NONE', #3441, #1336 ) ;
#3178 = DIRECTION ( 'NONE',  ( 1.000000000000000000, 1.019578823124772320E-44, 4.701977403289159841E-30 ) ) ;
#3179 = DIRECTION ( 'NONE',  ( 0.0000000000000000000, 0.0000000000000000000, 1.000000000000000000 ) ) ;
#3180 = VERTEX_POINT ( 'NONE', #2509 ) ;
#3181 = CARTESIAN_POINT ( 'NONE',  ( 0.1181102362204724532, 0.0000000000000000000, 0.1122047244094488277 ) ) ;
#3182 = ORIENTED_EDGE ( 'NONE', *, *, #2657, .F. ) ;
#3183 = CARTESIAN_POINT ( 'NONE',  ( -0.08858267716535432601, 0.1496062992125984370, 0.08858267716535432601 ) ) ;
#3184 = ORIENTED_EDGE ( 'NONE', *, *, #122, .F. ) ;
#3185 = VERTEX_POINT ( 'NONE', #1201 ) ;
#3186 = EDGE_CURVE ( 'NONE', #741, #3075, #1985, .T. ) ;
#3187 = ADVANCED_FACE ( 'NONE', ( #2561 ), #650, .F. ) ;
#3188 = CARTESIAN_POINT ( 'NONE',  ( 0.1181102362204724532, 0.1377952755905511861, 0.1181102362204724532 ) ) ;
#3189 = DIRECTION ( 'NONE',  ( -0.4583032446580520558, -0.8887958910435519444, 0.0000000000000000000 ) ) ;
#3190 = ADVANCED_FACE ( 'NONE', ( #2310 ), #1468, .F. ) ;
#3191 = ORIENTED_EDGE ( 'NONE', *, *, #3214, .F. ) ;
#3192 = DIMENSIONAL_EXPONENTS ( 1.000000000000000000, 0.0000000000000000000, 0.0000000000000000000, 0.0000000000000000000, 0.0000000000000000000, 0.0000000000000000000, 0.0000000000000000000 ) ;
#3193 = DIRECTION ( 'NONE',  ( 0.0000000000000000000, 0.0000000000000000000, -1.000000000000000000 ) ) ;
#3194 = SPHERICAL_SURFACE ( 'NONE', #1794, 0.03937007874015747977 ) ;
#3195 = DIRECTION ( 'NONE',  ( 0.8887958910435519444, 0.4583032446580520558, 0.0000000000000000000 ) ) ;
#3196 = ORIENTED_EDGE ( 'NONE', *, *, #351, .F. ) ;
#3197 = CARTESIAN_POINT ( 'NONE',  ( 0.08858267716535432601, 0.1496062992125984370, 0.08858267716535432601 ) ) ;
#3198 = EDGE_CURVE ( 'NONE', #3240, #2381, #2305, .T. ) ;
#3199 = DIRECTION ( 'NONE',  ( 0.4153637994577553672, 0.8055226371389487827, 0.4226182617407003850 ) ) ;
#3200 = ORIENTED_EDGE ( 'NONE', *, *, #1091, .T. ) ;
#3201 = CARTESIAN_POINT ( 'NONE',  ( 0.1352200082310885954, -0.04603634211220338640, -0.07480314960629921850 ) ) ;
#3202 = EDGE_LOOP ( 'NONE', ( #915, #3470, #1752, #2519 ) ) ;
#3203 = ORIENTED_EDGE ( 'NONE', *, *, #2174, .F. ) ;
#3204 = ORIENTED_EDGE ( 'NONE', *, *, #467, .T. ) ;
#3205 = DIRECTION ( 'NONE',  ( -0.4465975813569838526, -0.8947349329975285981, 0.0000000000000000000 ) ) ;
#3206 = DIRECTION ( 'NONE',  ( 1.000000000000000000, 0.0000000000000000000, 0.0000000000000000000 ) ) ;
#3207 = EDGE_LOOP ( 'NONE', ( #634, #49, #3365, #899, #3471, #772, #3507, #395 ) ) ;
#3208 = CARTESIAN_POINT ( 'NONE',  ( 0.1181102362204724532, 0.03543307086614173179, 0.1023622047244094474 ) ) ;
#3209 = FACE_OUTER_BOUND ( 'NONE', #1184, .T. ) ;
#3210 = CARTESIAN_POINT ( 'NONE',  ( -0.08858267716535432601, 0.1496062992125984370, 0.06496062992125983815 ) ) ;
#3211 = ORIENTED_EDGE ( 'NONE', *, *, #2462, .T. ) ;
#3212 = SURFACE_STYLE_USAGE ( .BOTH. , #491 ) ;
#3213 = FACE_OUTER_BOUND ( 'NONE', #2787, .T. ) ;
#3214 = EDGE_CURVE ( 'NONE', #3392, #1931, #3377, .T. ) ;
#3215 = AXIS2_PLACEMENT_3D ( 'NONE', #2489, #1700, #2504 ) ;
#3216 = VECTOR ( 'NONE', #2816, 39.37007874015748143 ) ;
#3217 = CARTESIAN_POINT ( 'NONE',  ( 0.1181102362204724532, 0.02755905511811023584, -0.1023622047244094474 ) ) ;
#3218 = VERTEX_POINT ( 'NONE', #1433 ) ;
#3219 = CYLINDRICAL_SURFACE ( 'NONE', #1164, 0.007874015748031499423 ) ;
#3220 = ORIENTED_EDGE ( 'NONE', *, *, #2140, .F. ) ;
#3221 = VERTEX_POINT ( 'NONE', #82 ) ;
#3222 = ORIENTED_EDGE ( 'NONE', *, *, #2963, .T. ) ;
#3223 = VECTOR ( 'NONE', #226, 39.37007874015748143 ) ;
#3224 = AXIS2_PLACEMENT_3D ( 'NONE', #241, #3035, #2998 ) ;
#3225 = ADVANCED_FACE ( 'NONE', ( #1174 ), #2079, .T. ) ;
#3226 = VECTOR ( 'NONE', #2948, 39.37007874015748143 ) ;
#3227 = VECTOR ( 'NONE', #336, 39.37007874015748143 ) ;
#3228 = PLANE ( 'NONE',  #25 ) ;
#3229 = PRESENTATION_LAYER_ASSIGNMENT (  '', '', ( #703 ) ) ;
#3230 = DIRECTION ( 'NONE',  ( 0.0000000000000000000, 0.0000000000000000000, -1.000000000000000000 ) ) ;
#3231 = AXIS2_PLACEMENT_3D ( 'NONE', #45, #1058, #561 ) ;
#3232 = ORIENTED_EDGE ( 'NONE', *, *, #1014, .F. ) ;
#3233 = CARTESIAN_POINT ( 'NONE',  ( 0.1408568301426933178, -0.03510474995793744224, -0.1023622047244094474 ) ) ;
#3234 = AXIS2_PLACEMENT_3D ( 'NONE', #2237, #1972, #3071 ) ;
#3235 = EDGE_CURVE ( 'NONE', #2062, #1315, #1114, .T. ) ;
#3236 = CARTESIAN_POINT ( 'NONE',  ( 0.1408568301426933178, -0.03510474995793744224, 0.1023622047244094474 ) ) ;
#3237 = EDGE_CURVE ( 'NONE', #1908, #3036, #2541, .T. ) ;
#3238 = CIRCLE ( 'NONE', #1226, 0.007874015748031499423 ) ;
#3239 = DIRECTION ( 'NONE',  ( -0.8887958910435519444, 0.4583032446580520558, 0.0000000000000000000 ) ) ;
#3240 = VERTEX_POINT ( 'NONE', #3426 ) ;
#3241 = LINE ( 'NONE', #778, #2704 ) ;
#3242 = CARTESIAN_POINT ( 'NONE',  ( 0.08858267716535432601, 0.1496062992125984370, -0.08858267716535432601 ) ) ;
#3243 = ORIENTED_EDGE ( 'NONE', *, *, #3198, .T. ) ;
#3244 = ADVANCED_FACE ( 'NONE', ( #3209 ), #3194, .T. ) ;
#3245 = PLANE ( 'NONE',  #1501 ) ;
#3246 = VERTEX_POINT ( 'NONE', #416 ) ;
#3247 = VERTEX_POINT ( 'NONE', #2362 ) ;
#3248 = VERTEX_POINT ( 'NONE', #3236 ) ;
#3249 = CARTESIAN_POINT ( 'NONE',  ( -0.1328516659854228621, -0.03344851307380460742, 0.1070731206436911498 ) ) ;
#3250 = CARTESIAN_POINT ( 'NONE',  ( -0.1338584372998307126, -0.03149606299212598381, 0.1023622047244094474 ) ) ;
#3251 = DIRECTION ( 'NONE',  ( -0.8887958910435520554, 0.4583032446580521113, 0.0000000000000000000 ) ) ;
#3252 = DIRECTION ( 'NONE',  ( -1.000000000000000000, 0.0000000000000000000, 0.0000000000000000000 ) ) ;
#3253 = LINE ( 'NONE', #1918, #3011 ) ;
#3254 = PLANE ( 'NONE',  #3224 ) ;
#3255 = EDGE_LOOP ( 'NONE', ( #43, #1811, #3006, #922, #1132, #1137 ) ) ;
#3256 = SURFACE_STYLE_FILL_AREA ( #1066 ) ;
#3257 = LINE ( 'NONE', #797, #2409 ) ;
#3258 = CYLINDRICAL_SURFACE ( 'NONE', #1737, 0.005905511811023620231 ) ;
#3259 = VERTEX_POINT ( 'NONE', #1274 ) ;
#3260 = FACE_OUTER_BOUND ( 'NONE', #380, .T. ) ;
#3261 = VERTEX_POINT ( 'NONE', #166 ) ;
#3262 = ORIENTED_EDGE ( 'NONE', *, *, #3370, .T. ) ;
#3263 = ORIENTED_EDGE ( 'NONE', *, *, #2056, .F. ) ;
#3264 = FACE_BOUND ( 'NONE', #1421, .T. ) ;
#3265 = DIRECTION ( 'NONE',  ( -1.000000000000000000, 0.0000000000000000000, 0.0000000000000000000 ) ) ;
#3266 = EDGE_CURVE ( 'NONE', #3129, #2151, #3238, .T. ) ;
#3267 = FACE_OUTER_BOUND ( 'NONE', #2979, .T. ) ;
#3268 = ADVANCED_FACE ( 'NONE', ( #1521 ), #2898, .T. ) ;
#3269 = PLANE ( 'NONE',  #3500 ) ;
#3270 = CARTESIAN_POINT ( 'NONE',  ( 0.1083935435132570846, -0.03220340707415822457, -0.07480314960629921850 ) ) ;
#3271 = CARTESIAN_POINT ( 'NONE',  ( 0.1181102362204724532, 0.1299212598425196763, -0.1122047244094488277 ) ) ;
#3272 = VERTEX_POINT ( 'NONE', #1311 ) ;
#3273 = DIRECTION ( 'NONE',  ( -0.4465975813569838526, 0.8947349329975285981, 0.0000000000000000000 ) ) ;
#3274 = DIRECTION ( 'NONE',  ( 0.0000000000000000000, 0.0000000000000000000, -1.000000000000000000 ) ) ;
#3275 = ORIENTED_EDGE ( 'NONE', *, *, #2250, .F. ) ;
#3276 = CARTESIAN_POINT ( 'NONE',  ( 0.0000000000000000000, 0.1299212598425196763, 0.0000000000000000000 ) ) ;
#3277 = CARTESIAN_POINT ( 'NONE',  ( -0.1259842519685039353, 0.001910576577067484277, 0.1023622047244094474 ) ) ;
#3278 = ORIENTED_EDGE ( 'NONE', *, *, #2323, .T. ) ;
#3279 = AXIS2_PLACEMENT_3D ( 'NONE', #2779, #611, #334 ) ;
#3280 = FACE_OUTER_BOUND ( 'NONE', #597, .T. ) ;
#3281 = DIRECTION ( 'NONE',  ( 0.0000000000000000000, 0.0000000000000000000, -1.000000000000000000 ) ) ;
#3282 = CARTESIAN_POINT ( 'NONE',  ( -0.08858267716535432601, 0.1496062992125984370, 0.08858267716535432601 ) ) ;
#3283 = CIRCLE ( 'NONE', #2295, 0.007874015748031499423 ) ;
#3284 = VECTOR ( 'NONE', #2147, 39.37007874015748143 ) ;
#3285 = FACE_OUTER_BOUND ( 'NONE', #715, .T. ) ;
#3286 = EDGE_CURVE ( 'NONE', #174, #823, #3477, .T. ) ;
#3287 = CONICAL_SURFACE ( 'NONE', #2644, 0.06889763779527559306, 0.03490658503988665340 ) ;
#3288 = VECTOR ( 'NONE', #713, 39.37007874015748143 ) ;
#3289 = LINE ( 'NONE', #1917, #925 ) ;
#3290 = VECTOR ( 'NONE', #2028, 39.37007874015748143 ) ;
#3291 = EDGE_CURVE ( 'NONE', #785, #2552, #774, .T. ) ;
#3292 = LINE ( 'NONE', #2164, #1001 ) ;
#3293 =( LENGTH_UNIT ( ) NAMED_UNIT ( * ) SI_UNIT ( $, .METRE. ) );
#3294 = ORIENTED_EDGE ( 'NONE', *, *, #2047, .T. ) ;
#3295 = CIRCLE ( 'NONE', #420, 0.007874015748031499423 ) ;
#3296 = CARTESIAN_POINT ( 'NONE',  ( 0.1181102362204724532, 0.03543307086614173179, 0.07480314960629921850 ) ) ;
#3297 = VECTOR ( 'NONE', #3199, 39.37007874015748143 ) ;
#3298 = FACE_OUTER_BOUND ( 'NONE', #2392, .T. ) ;
#3299 = ORIENTED_EDGE ( 'NONE', *, *, #2485, .F. ) ;
#3300 = FACE_OUTER_BOUND ( 'NONE', #2245, .T. ) ;
#3301 = ORIENTED_EDGE ( 'NONE', *, *, #3021, .F. ) ;
#3302 = CARTESIAN_POINT ( 'NONE',  ( 0.1122047244094488277, 0.1299212598425196763, -0.1122047244094488277 ) ) ;
#3303 = DIRECTION ( 'NONE',  ( -0.8887958910435519444, 0.4583032446580520558, 0.0000000000000000000 ) ) ;
#3304 = ADVANCED_FACE ( 'NONE', ( #1556 ), #2254, .T. ) ;
#3305 = ADVANCED_FACE ( 'NONE', ( #2108 ), #3464, .T. ) ;
#3306 = DIRECTION ( 'NONE',  ( 0.0000000000000000000, -1.000000000000000000, 0.0000000000000000000 ) ) ;
#3307 = DIRECTION ( 'NONE',  ( 0.0000000000000000000, 1.000000000000000000, 0.0000000000000000000 ) ) ;
#3308 = EDGE_CURVE ( 'NONE', #3261, #2955, #485, .T. ) ;
#3309 = VERTEX_POINT ( 'NONE', #753 ) ;
#3310 = FACE_OUTER_BOUND ( 'NONE', #1545, .T. ) ;
#3311 = CARTESIAN_POINT ( 'NONE',  ( -0.08858267716535432601, 0.1496062992125984370, -0.08858267716535432601 ) ) ;
#3312 = ORIENTED_EDGE ( 'NONE', *, *, #2436, .F. ) ;
#3313 = DIRECTION ( 'NONE',  ( -1.000000000000000000, 2.168404344971010446E-15, 0.0000000000000000000 ) ) ;
#3314 = CARTESIAN_POINT ( 'NONE',  ( -0.08858267716535432601, 0.1496062992125984370, 0.08858267716535432601 ) ) ;
#3315 = CARTESIAN_POINT ( 'NONE',  ( 0.1408568301426933178, -0.03510474995793744224, -0.07480314960629921850 ) ) ;
#3316 = ORIENTED_EDGE ( 'NONE', *, *, #1042, .F. ) ;
#3317 = ADVANCED_FACE ( 'NONE', ( #466, #1006, #1841, #1790, #3494, #2339 ), #2092, .F. ) ;
#3318 = CYLINDRICAL_SURFACE ( 'NONE', #260, 0.007874015748031499423 ) ;
#3319 = VERTEX_POINT ( 'NONE', #1296 ) ;
#3320 = LINE ( 'NONE', #342, #2469 ) ;
#3321 = DIRECTION ( 'NONE',  ( 0.0000000000000000000, -1.000000000000000000, 0.0000000000000000000 ) ) ;
#3322 = SURFACE_STYLE_FILL_AREA ( #577 ) ;
#3323 = DIRECTION ( 'NONE',  ( 0.0000000000000000000, 0.0000000000000000000, -1.000000000000000000 ) ) ;
#3324 = DIRECTION ( 'NONE',  ( 0.0000000000000000000, 1.000000000000000000, 0.0000000000000000000 ) ) ;
#3325 = ORIENTED_EDGE ( 'NONE', *, *, #737, .T. ) ;
#3326 = CARTESIAN_POINT ( 'NONE',  ( -0.1409035942525671270, -0.02797954660348830891, 0.1023622047244094474 ) ) ;
#3327 = DIRECTION ( 'NONE',  ( 0.0000000000000000000, 1.000000000000000000, 0.0000000000000000000 ) ) ;
#3328 = DIRECTION ( 'NONE',  ( 0.0000000000000000000, 1.000000000000000000, 0.0000000000000000000 ) ) ;
#3329 = EDGE_CURVE ( 'NONE', #1293, #1861, #488, .T. ) ;
#3330 = ORIENTED_EDGE ( 'NONE', *, *, #1682, .T. ) ;
#3331 = DIRECTION ( 'NONE',  ( 0.0000000000000000000, 1.000000000000000000, 0.0000000000000000000 ) ) ;
#3332 = ORIENTED_EDGE ( 'NONE', *, *, #979, .T. ) ;
#3333 = DIRECTION ( 'NONE',  ( 0.0000000000000000000, 0.0000000000000000000, -1.000000000000000000 ) ) ;
#3334 = ADVANCED_FACE ( 'NONE', ( #223 ), #2394, .T. ) ;
#3335 = AXIS2_PLACEMENT_3D ( 'NONE', #863, #1980, #3082 ) ;
#3336 = MECHANICAL_DESIGN_GEOMETRIC_PRESENTATION_REPRESENTATION (  '', ( #749 ), #1777 ) ;
#3337 = CARTESIAN_POINT ( 'NONE',  ( 0.1185480476730569055, -0.06118778250134625923, 0.08464566929133858497 ) ) ;
#3338 = AXIS2_PLACEMENT_3D ( 'NONE', #3473, #1016, #3206 ) ;
#3339 = FACE_OUTER_BOUND ( 'NONE', #1867, .T. ) ;
#3340 = VECTOR ( 'NONE', #574, 39.37007874015748143 ) ;
#3341 = VECTOR ( 'NONE', #1768, 39.37007874015748143 ) ;
#3342 = ORIENTED_EDGE ( 'NONE', *, *, #3039, .T. ) ;
#3343 = CARTESIAN_POINT ( 'NONE',  ( -0.1259842519685039353, 0.001910576577067480157, -0.1023622047244094474 ) ) ;
#3344 = VECTOR ( 'NONE', #686, 39.37007874015748143 ) ;
#3345 = EDGE_CURVE ( 'NONE', #169, #1908, #3443, .T. ) ;
#3346 = ADVANCED_FACE ( 'NONE', ( #1401 ), #2729, .F. ) ;
#3347 = CYLINDRICAL_SURFACE ( 'NONE', #321, 0.02362204724409448092 ) ;
#3348 = CIRCLE ( 'NONE', #3515, 0.005905511811023620231 ) ;
#3349 = DIRECTION ( 'NONE',  ( -2.168404344971010446E-15, -1.000000000000000000, 0.0000000000000000000 ) ) ;
#3350 = ORIENTED_EDGE ( 'NONE', *, *, #2703, .T. ) ;
#3351 = VECTOR ( 'NONE', #1406, 39.37007874015748143 ) ;
#3352 = ADVANCED_FACE ( 'NONE', ( #2973 ), #1613, .T. ) ;
#3353 = CYLINDRICAL_SURFACE ( 'NONE', #766, 0.007874015748031499423 ) ;
#3354 = EDGE_LOOP ( 'NONE', ( #884, #118 ) ) ;
#3355 = DIRECTION ( 'NONE',  ( 0.0000000000000000000, 0.0000000000000000000, 1.000000000000000000 ) ) ;
#3356 = CARTESIAN_POINT ( 'NONE',  ( 0.1282216153882259901, -0.04242765514639196961, -0.1023622047244094474 ) ) ;
#3357 = COLOUR_RGB ( '',0.8313725490196077761, 0.8392156862745098200, 0.8313725490196077761 ) ;
#3358 = FACE_OUTER_BOUND ( 'NONE', #1673, .T. ) ;
#3359 = CARTESIAN_POINT ( 'NONE',  ( 0.1259842519685039353, 0.001910576577067480157, -0.1023622047244094474 ) ) ;
#3360 = ORIENTED_EDGE ( 'NONE', *, *, #2056, .T. ) ;
#3361 = ORIENTED_EDGE ( 'NONE', *, *, #1279, .T. ) ;
#3362 = FACE_OUTER_BOUND ( 'NONE', #2605, .T. ) ;
#3363 = CARTESIAN_POINT ( 'NONE',  ( -0.08858267716535432601, 0.1377952755905511861, 0.08858267716535432601 ) ) ;
#3364 = CARTESIAN_POINT ( 'NONE',  ( -0.1409035942525671270, -0.02797954660348830891, 0.07480314960629921850 ) ) ;
#3365 = ORIENTED_EDGE ( 'NONE', *, *, #1573, .T. ) ;
#3366 = DIRECTION ( 'NONE',  ( -1.000000000000000000, 0.0000000000000000000, 0.0000000000000000000 ) ) ;
#3367 = ORIENTED_EDGE ( 'NONE', *, *, #2911, .T. ) ;
#3368 = PLANE ( 'NONE',  #3394 ) ;
#3369 = CARTESIAN_POINT ( 'NONE',  ( 0.1408568301426933178, -0.03510474995793744224, 0.1023622047244094474 ) ) ;
#3370 = EDGE_CURVE ( 'NONE', #2099, #441, #2201, .T. ) ;
#3371 = DIRECTION ( 'NONE',  ( 0.0000000000000000000, 0.0000000000000000000, 1.000000000000000000 ) ) ;
#3372 = EDGE_CURVE ( 'NONE', #857, #41, #2184, .T. ) ;
#3373 = EDGE_LOOP ( 'NONE', ( #3191, #954, #914, #3278 ) ) ;
#3374 = EDGE_CURVE ( 'NONE', #1657, #685, #1062, .T. ) ;
#3375 = ORIENTED_EDGE ( 'NONE', *, *, #3474, .T. ) ;
#3376 = LINE ( 'NONE', #322, #1106 ) ;
#3377 = LINE ( 'NONE', #2001, #1683 ) ;
#3378 = LINE ( 'NONE', #2002, #1664 ) ;
#3379 = ORIENTED_EDGE ( 'NONE', *, *, #2222, .T. ) ;
#3380 = DIRECTION ( 'NONE',  ( -1.000000000000000000, 0.0000000000000000000, 0.0000000000000000000 ) ) ;
#3381 = ORIENTED_EDGE ( 'NONE', *, *, #2488, .F. ) ;
#3382 = DIRECTION ( 'NONE',  ( 1.000000000000000000, 0.0000000000000000000, 0.0000000000000000000 ) ) ;
#3383 = FACE_OUTER_BOUND ( 'NONE', #3496, .T. ) ;
#3384 = EDGE_CURVE ( 'NONE', #2765, #2699, #564, .T. ) ;
#3385 = DIRECTION ( 'NONE',  ( 0.0000000000000000000, 0.0000000000000000000, 1.000000000000000000 ) ) ;
#3386 = DIRECTION ( 'NONE',  ( 0.0000000000000000000, -1.000000000000000000, 0.0000000000000000000 ) ) ;
#3387 = SURFACE_STYLE_FILL_AREA ( #2894 ) ;
#3388 = VECTOR ( 'NONE', #2324, 39.37007874015748854 ) ;
#3389 = EDGE_CURVE ( 'NONE', #1072, #1601, #505, .T. ) ;
#3390 = AXIS2_PLACEMENT_3D ( 'NONE', #1197, #126, #1217 ) ;
#3391 = AXIS2_PLACEMENT_3D ( 'NONE', #3018, #2165, #2689 ) ;
#3392 = VERTEX_POINT ( 'NONE', #3537 ) ;
#3393 = DIRECTION ( 'NONE',  ( 1.000000000000000000, 0.0000000000000000000, 0.0000000000000000000 ) ) ;
#3394 = AXIS2_PLACEMENT_3D ( 'NONE', #893, #3114, #69 ) ;
#3395 = AXIS2_PLACEMENT_3D ( 'NONE', #660, #866, #2594 ) ;
#3396 = CARTESIAN_POINT ( 'NONE',  ( -0.1181102362204724532, 0.001910576577067484277, -0.1023622047244094474 ) ) ;
#3397 = CARTESIAN_POINT ( 'NONE',  ( -0.1181102362204724532, 0.001910576577067484277, -0.07480314960629921850 ) ) ;
#3398 = VERTEX_POINT ( 'NONE', #1632 ) ;
#3399 = VECTOR ( 'NONE', #403, 39.37007874015748143 ) ;
#3400 = CIRCLE ( 'NONE', #481, 0.02362204724409448092 ) ;
#3401 = DIRECTION ( 'NONE',  ( -1.000000000000000000, 0.0000000000000000000, 0.0000000000000000000 ) ) ;
#3402 = ORIENTED_EDGE ( 'NONE', *, *, #3046, .F. ) ;
#3403 = DIRECTION ( 'NONE',  ( 0.0000000000000000000, 0.0000000000000000000, 1.000000000000000000 ) ) ;
#3404 = EDGE_LOOP ( 'NONE', ( #2346, #2383, #3484, #3424 ) ) ;
#3405 = AXIS2_PLACEMENT_3D ( 'NONE', #3005, #819, #1653 ) ;
#3406 = CARTESIAN_POINT ( 'NONE',  ( -0.1181102362204724532, 0.1299212598425196763, 0.1122047244094488277 ) ) ;
#3407 = CARTESIAN_POINT ( 'NONE',  ( -0.1181102362204724532, 0.003937007874015747977, -0.04921259842519685318 ) ) ;
#3408 = EDGE_CURVE ( 'NONE', #3075, #613, #3033, .T. ) ;
#3409 = CARTESIAN_POINT ( 'NONE',  ( -0.08858267716535432601, 0.1496062992125984370, -0.1122047244094488139 ) ) ;
#3410 = ORIENTED_EDGE ( 'NONE', *, *, #1895, .T. ) ;
#3411 = CARTESIAN_POINT ( 'NONE',  ( -0.1181102362204724532, 0.0000000000000000000, -0.1181102362204724532 ) ) ;
#3412 = CARTESIAN_POINT ( 'NONE',  ( 0.1259842519685039353, 0.001910576577067484277, -0.07480314960629921850 ) ) ;
#3413 = PRESENTATION_STYLE_ASSIGNMENT (( #2600 ) ) ;
#3414 = ORIENTED_EDGE ( 'NONE', *, *, #689, .F. ) ;
#3415 = DIRECTION ( 'NONE',  ( 1.000000000000000000, 0.0000000000000000000, 0.0000000000000000000 ) ) ;
#3416 = VERTEX_POINT ( 'NONE', #834 ) ;
#3417 = DIRECTION ( 'NONE',  ( 0.0000000000000000000, 0.0000000000000000000, 1.000000000000000000 ) ) ;
#3418 = ORIENTED_EDGE ( 'NONE', *, *, #168, .F. ) ;
#3419 = CARTESIAN_POINT ( 'NONE',  ( 0.1352200082310885954, -0.04603634211220338640, -0.1023622047244094474 ) ) ;
#3420 = EDGE_CURVE ( 'NONE', #2094, #942, #1095, .T. ) ;
#3421 = LINE ( 'NONE', #1763, #989 ) ;
#3422 = CARTESIAN_POINT ( 'NONE',  ( 0.1338584372998307126, -0.03149606299212598381, 0.1023622047244094474 ) ) ;
#3423 = LINE ( 'NONE', #968, #1663 ) ;
#3424 = ORIENTED_EDGE ( 'NONE', *, *, #910, .F. ) ;
#3425 = FACE_BOUND ( 'NONE', #2832, .T. ) ;
#3426 = CARTESIAN_POINT ( 'NONE',  ( -0.1181102362204724532, 0.03543307086614173179, -0.07480314960629921850 ) ) ;
#3427 = LINE ( 'NONE', #224, #3104 ) ;
#3428 = ORIENTED_EDGE ( 'NONE', *, *, #2990, .F. ) ;
#3429 = DIRECTION ( 'NONE',  ( 1.000000000000000000, 0.0000000000000000000, 0.0000000000000000000 ) ) ;
#3430 = EDGE_LOOP ( 'NONE', ( #1997, #1580, #977, #1583 ) ) ;
#3431 = EDGE_CURVE ( 'NONE', #1624, #1103, #3292, .T. ) ;
#3432 = CARTESIAN_POINT ( 'NONE',  ( -0.1181102362204724532, 0.0000000000000000000, -0.1181102362204724532 ) ) ;
#3433 = VERTEX_POINT ( 'NONE', #240 ) ;
#3434 = VERTEX_POINT ( 'NONE', #1368 ) ;
#3435 = ADVANCED_FACE ( 'NONE', ( #3310 ), #2953, .T. ) ;
#3436 = CARTESIAN_POINT ( 'NONE',  ( 0.1122047244094488277, 0.1377952755905511861, -0.1122047244094488277 ) ) ;
#3437 = LINE ( 'NONE', #147, #934 ) ;
#3438 = CARTESIAN_POINT ( 'NONE',  ( 0.1408568301426933178, -0.03510474995793744224, 0.1023622047244094474 ) ) ;
#3439 = VERTEX_POINT ( 'NONE', #812 ) ;
#3440 = AXIS2_PLACEMENT_3D ( 'NONE', #1231, #1160, #3078 ) ;
#3441 = CARTESIAN_POINT ( 'NONE',  ( -0.1181102362204724532, 0.02755905511811023584, 0.1023622047244094474 ) ) ;
#3442 = CLOSED_SHELL ( 'NONE', ( #881, #912, #1171, #3067, #3304, #3225, #3169, #2434, #625, #3131, #3244, #2856, #458, #2850, #575, #2929, #1699, #2512, #2357, #2557, #3187, #864, #895, #1149, #1787, #748, #196, #1461, #3034, #1680, #1534 ) ) ;
#3443 = LINE ( 'NONE', #1896, #1173 ) ;
#3444 = SURFACE_STYLE_FILL_AREA ( #720 ) ;
#3445 = ORIENTED_EDGE ( 'NONE', *, *, #732, .F. ) ;
#3446 = EDGE_CURVE ( 'NONE', #1996, #741, #2688, .T. ) ;
#3447 = AXIS2_PLACEMENT_3D ( 'NONE', #3498, #287, #1098 ) ;
#3448 = EDGE_CURVE ( 'NONE', #61, #3036, #3253, .T. ) ;
#3449 = PLANE ( 'NONE',  #2827 ) ;
#3450 = EDGE_LOOP ( 'NONE', ( #2061, #709, #1796, #2601 ) ) ;
#3451 = AXIS2_PLACEMENT_3D ( 'NONE', #2790, #2840, #3355 ) ;
#3452 = CARTESIAN_POINT ( 'NONE',  ( -0.1408568301426933178, -0.03510474995793744224, -0.07480314960629921850 ) ) ;
#3453 = AXIS2_PLACEMENT_3D ( 'NONE', #688, #1180, #622 ) ;
#3454 = VERTEX_POINT ( 'NONE', #522 ) ;
#3455 = VERTEX_POINT ( 'NONE', #793 ) ;
#3456 = VERTEX_POINT ( 'NONE', #3017 ) ;
#3457 =( GEOMETRIC_REPRESENTATION_CONTEXT ( 3 ) GLOBAL_UNCERTAINTY_ASSIGNED_CONTEXT ( ( #108 ) ) GLOBAL_UNIT_ASSIGNED_CONTEXT ( ( #2192, #272, #1388 ) ) REPRESENTATION_CONTEXT ( 'NONE', 'WORKASPACE' ) );
#3458 = CARTESIAN_POINT ( 'NONE',  ( -0.1555118110236220763, -0.003937007874015747977, -0.04921259842519685318 ) ) ;
#3459 = AXIS2_PLACEMENT_3D ( 'NONE', #1077, #2162, #2991 ) ;
#3460 = AXIS2_PLACEMENT_3D ( 'NONE', #528, #568, #840 ) ;
#3461 = ORIENTED_EDGE ( 'NONE', *, *, #1148, .T. ) ;
#3462 = AXIS2_PLACEMENT_3D ( 'NONE', #1506, #3178, #1038 ) ;
#3463 = DIRECTION ( 'NONE',  ( 0.0000000000000000000, -1.000000000000000000, 0.0000000000000000000 ) ) ;
#3464 = PLANE ( 'NONE',  #2021 ) ;
#3465 = ORIENTED_EDGE ( 'NONE', *, *, #1869, .F. ) ;
#3466 = CARTESIAN_POINT ( 'NONE',  ( 0.0000000000000000000, 0.3899011791208760180, 0.0000000000000000000 ) ) ;
#3467 = VERTEX_POINT ( 'NONE', #1932 ) ;
#3468 = CARTESIAN_POINT ( 'NONE',  ( -0.1181102362204724532, 0.1299212598425196763, 0.1181102362204724532 ) ) ;
#3469 = ORIENTED_EDGE ( 'NONE', *, *, #669, .F. ) ;
#3470 = ORIENTED_EDGE ( 'NONE', *, *, #1196, .T. ) ;
#3471 = ORIENTED_EDGE ( 'NONE', *, *, #1458, .T. ) ;
#3472 = DIRECTION ( 'NONE',  ( -0.4153637994577553672, -0.8055226371389487827, 0.4226182617407003850 ) ) ;
#3473 = CARTESIAN_POINT ( 'NONE',  ( -0.1259842519685039353, 0.001910576577067484277, 0.07480314960629921850 ) ) ;
#3474 = EDGE_CURVE ( 'NONE', #341, #2690, #578, .T. ) ;
#3475 = ORIENTED_EDGE ( 'NONE', *, *, #658, .F. ) ;
#3476 = LINE ( 'NONE', #563, #1383 ) ;
#3477 = LINE ( 'NONE', #1820, #1057 ) ;
#3478 = DIRECTION ( 'NONE',  ( -0.4153637994577553672, 0.8055226371389487827, -0.4226182617407003850 ) ) ;
#3479 = ORIENTED_EDGE ( 'NONE', *, *, #2216, .T. ) ;
#3480 = LENGTH_MEASURE_WITH_UNIT ( LENGTH_MEASURE( 0.02539999999999999897 ), #736 );
#3481 = CARTESIAN_POINT ( 'NONE',  ( -0.08858267716535432601, 0.1496062992125984370, -0.08858267716535432601 ) ) ;
#3482 = ORIENTED_EDGE ( 'NONE', *, *, #737, .F. ) ;
#3483 = LINE ( 'NONE', #1316, #1840 ) ;
#3484 = ORIENTED_EDGE ( 'NONE', *, *, #1895, .F. ) ;
#3485 = ORIENTED_EDGE ( 'NONE', *, *, #1259, .F. ) ;
#3486 = ORIENTED_EDGE ( 'NONE', *, *, #3408, .F. ) ;
#3487 = CARTESIAN_POINT ( 'NONE',  ( -0.1185480476730569055, -0.06118778250134625923, 0.09251968503937008093 ) ) ;
#3488 = DIRECTION ( 'NONE',  ( 0.0000000000000000000, 0.0000000000000000000, -1.000000000000000000 ) ) ;
#3489 = EDGE_CURVE ( 'NONE', #2822, #3503, #2763, .T. ) ;
#3490 = EDGE_CURVE ( 'NONE', #3309, #1030, #2435, .T. ) ;
#3491 = EDGE_LOOP ( 'NONE', ( #3097, #155, #3043, #2873 ) ) ;
#3492 = PLANE ( 'NONE',  #409 ) ;
#3493 = EDGE_CURVE ( 'NONE', #1514, #1861, #2486, .T. ) ;
#3494 = FACE_BOUND ( 'NONE', #681, .T. ) ;
#3495 = CARTESIAN_POINT ( 'NONE',  ( -0.1338584372998307126, -0.03149606299212598381, 0.1023622047244094474 ) ) ;
#3496 = EDGE_LOOP ( 'NONE', ( #2626, #3073 ) ) ;
#3497 = DIRECTION ( 'NONE',  ( 0.4465975813569838526, -0.8947349329975285981, 0.0000000000000000000 ) ) ;
#3498 = CARTESIAN_POINT ( 'NONE',  ( -0.08858267716535432601, 0.1299212598425196763, -0.08858267716535432601 ) ) ;
#3499 = MANIFOLD_SOLID_BREP ( 'Imported3', #2466 ) ;
#3500 = AXIS2_PLACEMENT_3D ( 'NONE', #1078, #1591, #833 ) ;
#3501 = VECTOR ( 'NONE', #3125, 39.37007874015748143 ) ;
#3502 = CARTESIAN_POINT ( 'NONE',  ( 0.0000000000000000000, 0.3937007874015748254, 0.05588432940647960340 ) ) ;
#3503 = VERTEX_POINT ( 'NONE', #2715 ) ;
#3504 = DIRECTION ( 'NONE',  ( 0.0000000000000000000, 0.0000000000000000000, -1.000000000000000000 ) ) ;
#3505 = EDGE_LOOP ( 'NONE', ( #2922, #1252, #1898, #2428 ) ) ;
#3506 = ORIENTED_EDGE ( 'NONE', *, *, #2909, .T. ) ;
#3507 = ORIENTED_EDGE ( 'NONE', *, *, #1742, .T. ) ;
#3508 = AXIS2_PLACEMENT_3D ( 'NONE', #2408, #501, #3230 ) ;
#3509 = AXIS2_PLACEMENT_3D ( 'NONE', #125, #1233, #2893 ) ;
#3510 = CIRCLE ( 'NONE', #2070, 0.007874015748031499423 ) ;
#3511 = AXIS2_PLACEMENT_3D ( 'NONE', #1702, #1405, #2257 ) ;
#3512 = DIRECTION ( 'NONE',  ( 0.8887958910435520554, 0.4583032446580521113, 0.0000000000000000000 ) ) ;
#3513 = AXIS2_PLACEMENT_3D ( 'NONE', #2401, #3, #1641 ) ;
#3514 = LINE ( 'NONE', #770, #590 ) ;
#3515 = AXIS2_PLACEMENT_3D ( 'NONE', #3302, #1088, #1644 ) ;
#3516 = LINE ( 'NONE', #2144, #2075 ) ;
#3517 = CARTESIAN_POINT ( 'NONE',  ( 0.1189390950157675347, -0.001605939811570186943, 0.07480314960629921850 ) ) ;
#3518 = AXIS2_PLACEMENT_3D ( 'NONE', #398, #3139, #1222 ) ;
#3519 = CARTESIAN_POINT ( 'NONE',  ( -0.1181102362204724532, 0.1299212598425196763, -0.1181102362204724532 ) ) ;
#3520 = AXIS2_PLACEMENT_3D ( 'NONE', #435, #2613, #1254 ) ;
#3521 = LINE ( 'NONE', #1064, #3284 ) ;
#3522 = EDGE_LOOP ( 'NONE', ( #3325, #2959, #973, #1541 ) ) ;
#3523 = CARTESIAN_POINT ( 'NONE',  ( 0.1259842519685039353, 0.001910576577067480157, 0.1023622047244094474 ) ) ;
#3524 = CARTESIAN_POINT ( 'NONE',  ( 0.08858267716535432601, 0.1377952755905511861, -0.08858267716535432601 ) ) ;
#3525 = ORIENTED_EDGE ( 'NONE', *, *, #3474, .F. ) ;
#3526 = FACE_OUTER_BOUND ( 'NONE', #2306, .T. ) ;
#3527 = ORIENTED_EDGE ( 'NONE', *, *, #1842, .F. ) ;
#3528 = CARTESIAN_POINT ( 'NONE',  ( 0.1280139404404702919, -0.04283040298287204423, -0.07501445166377776474 ) ) ;
#3529 = EDGE_CURVE ( 'NONE', #3433, #1397, #184, .T. ) ;
#3530 = VERTEX_POINT ( 'NONE', #2656 ) ;
#3531 = ORIENTED_EDGE ( 'NONE', *, *, #2642, .T. ) ;
#3532 = LINE ( 'NONE', #2968, #2123 ) ;
#3533 = EDGE_CURVE ( 'NONE', #857, #2639, #2429, .T. ) ;
#3534 = LINE ( 'NONE', #2376, #1778 ) ;
#3535 = CARTESIAN_POINT ( 'NONE',  ( 0.1083935435132570846, -0.03220340707415822457, -0.1023622047244094474 ) ) ;
#3536 = CARTESIAN_POINT ( 'NONE',  ( 0.1181102362204724532, 0.1377952755905511861, 0.1122047244094488277 ) ) ;
#3537 = CARTESIAN_POINT ( 'NONE',  ( 7.325707212780358596E-18, 0.3899011791208760180, -0.05981893896167287533 ) ) ;
#3538 = CARTESIAN_POINT ( 'NONE',  ( 0.1185480476730569055, -0.06118778250134625923, -0.1023622047244094474 ) ) ;
#3539 = ORIENTED_EDGE ( 'NONE', *, *, #2670, .F. ) ;
#3540 =( LENGTH_UNIT ( ) NAMED_UNIT ( * ) SI_UNIT ( $, .METRE. ) );
#3541 = CARTESIAN_POINT ( 'NONE',  ( 0.1185480476730569055, -0.06118778250134625923, -0.09251968503937008093 ) ) ;
ENDSEC;
END-ISO-10303-21;
