ISO-10303-21;
HEADER;
FILE_DESCRIPTION (( 'STEP AP214' ),
    '1' );
FILE_NAME ('APTD1608.STEP',
    '2020-01-29T23:09:27',
    ( '' ),
    ( '' ),
    'SwSTEP 2.0',
    'SolidWorks 2014',
    '' );
FILE_SCHEMA (( 'AUTOMOTIVE_DESIGN' ));
ENDSEC;

DATA;
#1 = VERTEX_POINT ( 'NONE', #709 ) ;
#2 = CARTESIAN_POINT ( 'NONE',  ( -0.7185716786306158800, 0.08194529525437496700, 0.3999999999999999700 ) ) ;
#3 = CARTESIAN_POINT ( 'NONE',  ( 0.3236317041918410100, -0.0001000000000000000000, 0.0000000000000000000 ) ) ;
#4 = FILL_AREA_STYLE ('',( #564 ) ) ;
#5 = CARTESIAN_POINT ( 'NONE',  ( -0.7181420230529934600, 0.08175702425327172100, 0.3999999999999999100 ) ) ;
#6 = VECTOR ( 'NONE', #881, 1000.000000000000000 ) ;
#7 = CARTESIAN_POINT ( 'NONE',  ( -0.7162631032663822100, 0.08102497736046944400, 0.3998999999999999800 ) ) ;
#8 = ORIENTED_EDGE ( 'NONE', *, *, #167, .T. ) ;
#9 = ORIENTED_EDGE ( 'NONE', *, *, #250, .T. ) ;
#10 = B_SPLINE_SURFACE_WITH_KNOTS ( 'NONE', 3, 1, ( 
 ( #953, #150 ),
 ( #274, #1018 ),
 ( #883, #725 ),
 ( #141, #733 ),
 ( #1745, #743 ),
 ( #1457, #5 ),
 ( #895, #418 ),
 ( #1316, #15 ),
 ( #565, #1753 ),
 ( #434, #1615 ),
 ( #1327, #1761 ) ),
 .UNSPECIFIED., .F., .F., .F.,
 ( 4, 1, 1, 1, 1, 1, 1, 1, 4 ),
 ( 2, 2 ),
 ( 0.0000000000000000000, 0.1275189266999253400, 0.2499859477487863000, 0.3717923515057329800, 0.4988703527764591900, 0.6259483540472166000, 0.7484917380160548400, 0.8709587590649193700, 1.000000000000000000 ),
 ( 0.0000000000000000000, 1.000000000000000000 ),
 .UNSPECIFIED. ) ;
#11 = CARTESIAN_POINT ( 'NONE',  ( -0.7181420230529934600, 0.08175702425327172100, 0.3999999999999999100 ) ) ;
#12 = CARTESIAN_POINT ( 'NONE',  ( -0.7187476874365954500, 0.08194039412182270400, 0.4000000000000000800 ) ) ;
#13 = UNCERTAINTY_MEASURE_WITH_UNIT (LENGTH_MEASURE( 1.000000000000000100E-005 ), #1305, 'distance_accuracy_value', 'NONE');
#14 = DIRECTION ( 'NONE',  ( 0.0000000000000000000, -0.0000000000000000000, -1.000000000000000000 ) ) ;
#15 = CARTESIAN_POINT ( 'NONE',  ( -0.7179926497303605900, 0.08154150066043372400, 0.4000000000000001300 ) ) ;
#16 = SURFACE_STYLE_FILL_AREA ( #1190 ) ;
#17 = CARTESIAN_POINT ( 'NONE',  ( -0.7161164430276595300, 0.08080737292657785800, 0.3998999999999999200 ) ) ;
#18 = B_SPLINE_SURFACE_WITH_KNOTS ( 'NONE', 3, 1, ( 
 ( #379, #835 ),
 ( #264, #100 ),
 ( #122, #1286 ),
 ( #1710, #668 ),
 ( #1718, #233 ),
 ( #861, #1564 ),
 ( #682, #842 ),
 ( #1853, #116 ),
 ( #1144, #425 ),
 ( #660, #1120 ),
 ( #863, #224 ) ),
 .UNSPECIFIED., .F., .F., .F.,
 ( 4, 1, 1, 1, 1, 1, 1, 1, 4 ),
 ( 2, 2 ),
 ( 0.0000000000000000000, 0.1277566033101171000, 0.2494143553365074100, 0.3727964764553862200, 0.5001113325158641500, 0.6286099407650834700, 0.7506433738258050400, 0.8737683791425253600, 1.000000000000000000 ),
 ( 0.0000000000000000000, 1.000000000000000000 ),
 .UNSPECIFIED. ) ;
#19 = SURFACE_SIDE_STYLE ('',( #1623 ) ) ;
#20 = ADVANCED_FACE ( 'NONE', ( #1805 ), #551, .F. ) ;
#21 = DIRECTION ( 'NONE',  ( 1.000000000000000000, 0.0000000000000000000, -1.355252715606880500E-016 ) ) ;
#22 = CARTESIAN_POINT ( 'NONE',  ( -0.7157736300572687900, 0.08062165138142436700, 0.3999999999999999100 ) ) ;
#23 = AXIS2_PLACEMENT_3D ( 'NONE', #1091, #1536, #337 ) ;
#24 = VECTOR ( 'NONE', #873, 1000.000000000000000 ) ;
#25 = ORIENTED_EDGE ( 'NONE', *, *, #594, .F. ) ;
#26 = CARTESIAN_POINT ( 'NONE',  ( -0.7187476874365954500, 0.08194039412182270400, 0.3999000000000000900 ) ) ;
#27 = EDGE_LOOP ( 'NONE', ( #1773, #1500, #321, #56 ) ) ;
#28 = CARTESIAN_POINT ( 'NONE',  ( -0.7186162276870113900, 0.08061460915918210200, 0.4000000000000000200 ) ) ;
#29 = AXIS2_PLACEMENT_3D ( 'NONE', #368, #1255, #215 ) ;
#30 = PRESENTATION_STYLE_ASSIGNMENT (( #1179 ) ) ;
#31 = EDGE_CURVE ( 'NONE', #1272, #531, #1360, .T. ) ;
#32 = PRESENTATION_LAYER_ASSIGNMENT (  '', '', ( #991 ) ) ;
#33 =( GEOMETRIC_REPRESENTATION_CONTEXT ( 3 ) GLOBAL_UNCERTAINTY_ASSIGNED_CONTEXT ( ( #913 ) ) GLOBAL_UNIT_ASSIGNED_CONTEXT ( ( #696, #1872, #1836 ) ) REPRESENTATION_CONTEXT ( 'NONE', 'WORKASPACE' ) );
#34 = EDGE_CURVE ( 'NONE', #813, #120, #509, .T. ) ;
#35 = CARTESIAN_POINT ( 'NONE',  ( -0.7190908020020186900, 0.08080737292657785800, 0.3999999999999999100 ) ) ;
#36 = CARTESIAN_POINT ( 'NONE',  ( 2.570978074069704800E-017, 0.2500000000000002200, 0.4000000000000000200 ) ) ;
#37 = VECTOR ( 'NONE', #1713, 1000.000000000000000 ) ;
#38 = B_SPLINE_CURVE_WITH_KNOTS ( 'NONE', 3,
 ( #495, #221, #356, #363, #1535, #650, #1124, #1395, #1549, #503, #1680 ),
 .UNSPECIFIED., .F., .F.,
 ( 4, 1, 1, 1, 1, 1, 1, 1, 4 ),
 ( 0.0000000000000000000, 0.1261777183170000600, 0.2488206074857937100, 0.3715399692351297700, 0.4999837069108900600, 0.6272441978753922100, 0.7492255210762826000, 0.8722979504176678900, 1.000000000000000000 ),
 .UNSPECIFIED. ) ;
#39 = CARTESIAN_POINT ( 'NONE',  ( -0.7149829970755163800, 0.08141418273453889000, 0.3998999999999998100 ) ) ;
#40 = ADVANCED_FACE ( 'NONE', ( #186 ), #721, .T. ) ;
#41 = DIRECTION ( 'NONE',  ( -1.355252715606880500E-016, 1.000000000000000000, 0.0000000000000000000 ) ) ;
#42 = FILL_AREA_STYLE ('',( #286 ) ) ;
#43 = VECTOR ( 'NONE', #1293, 1000.000000000000000 ) ;
#44 = ORIENTED_EDGE ( 'NONE', *, *, #1587, .T. ) ;
#45 = ADVANCED_FACE ( 'NONE', ( #1634 ), #1390, .F. ) ;
#46 = VECTOR ( 'NONE', #858, 1000.000000000000000 ) ;
#47 = ORIENTED_EDGE ( 'NONE', *, *, #1420, .F. ) ;
#48 = VERTEX_POINT ( 'NONE', #1827 ) ;
#49 = SHAPE_DEFINITION_REPRESENTATION ( #1073, #1626 ) ;
#50 = VERTEX_POINT ( 'NONE', #1110 ) ;
#51 = ORIENTED_EDGE ( 'NONE', *, *, #857, .F. ) ;
#52 =( LENGTH_UNIT ( ) NAMED_UNIT ( * ) SI_UNIT ( .MILLI., .METRE. ) );
#53 = VECTOR ( 'NONE', #1392, 1000.000000000000000 ) ;
#54 = CARTESIAN_POINT ( 'NONE',  ( -0.7179522938220488400, 0.08123729107210594900, 0.4000000000000000200 ) ) ;
#55 = PRESENTATION_LAYER_ASSIGNMENT (  '', '', ( #1077 ) ) ;
#56 = ORIENTED_EDGE ( 'NONE', *, *, #1093, .T. ) ;
#57 = LINE ( 'NONE', #865, #1398 ) ;
#58 = DIRECTION ( 'NONE',  ( 1.000000000000000000, 0.0000000000000000000, 0.0000000000000000000 ) ) ;
#59 = UNCERTAINTY_MEASURE_WITH_UNIT (LENGTH_MEASURE( 1.000000000000000100E-005 ), #784, 'distance_accuracy_value', 'NONE');
#60 = ORIENTED_EDGE ( 'NONE', *, *, #902, .T. ) ;
#61 = SURFACE_STYLE_FILL_AREA ( #212 ) ;
#62 = ORIENTED_EDGE ( 'NONE', *, *, #477, .T. ) ;
#63 =( NAMED_UNIT ( * ) PLANE_ANGLE_UNIT ( ) SI_UNIT ( $, .RADIAN. ) );
#64 =( NAMED_UNIT ( * ) PLANE_ANGLE_UNIT ( ) SI_UNIT ( $, .RADIAN. ) );
#65 =( NAMED_UNIT ( * ) PLANE_ANGLE_UNIT ( ) SI_UNIT ( $, .RADIAN. ) );
#66 = FACE_OUTER_BOUND ( 'NONE', #361, .T. ) ;
#67 = EDGE_LOOP ( 'NONE', ( #915, #142, #1806, #333 ) ) ;
#68 = DIRECTION ( 'NONE',  ( 0.0000000000000000000, 0.0000000000000000000, -1.000000000000000000 ) ) ;
#69 = DIRECTION ( 'NONE',  ( 1.000000000000000000, 0.0000000000000000000, 0.0000000000000000000 ) ) ;
#70 = EDGE_CURVE ( 'NONE', #120, #218, #1662, .T. ) ;
#71 = DIRECTION ( 'NONE',  ( -0.0000000000000000000, -0.0000000000000000000, 1.000000000000000000 ) ) ;
#72 = STYLED_ITEM ( 'NONE', ( #1769 ), #602 ) ;
#73 = DIRECTION ( 'NONE',  ( -0.0000000000000000000, 1.000000000000000000, -0.0000000000000000000 ) ) ;
#74 = CARTESIAN_POINT ( 'NONE',  ( -0.7999999999999999300, 0.0000000000000000000, -0.4000000000000000200 ) ) ;
#75 =( GEOMETRIC_REPRESENTATION_CONTEXT ( 3 ) GLOBAL_UNCERTAINTY_ASSIGNED_CONTEXT ( ( #324 ) ) GLOBAL_UNIT_ASSIGNED_CONTEXT ( ( #1342, #1345, #1479 ) ) REPRESENTATION_CONTEXT ( 'NONE', 'WORKASPACE' ) );
#76 = FACE_OUTER_BOUND ( 'NONE', #1679, .T. ) ;
#77 = CARTESIAN_POINT ( 'NONE',  ( -0.7152694772292923500, 0.08072277921035464500, 0.4000000000000000200 ) ) ;
#78 = SURFACE_STYLE_FILL_AREA ( #1015 ) ;
#79 = ORIENTED_EDGE ( 'NONE', *, *, #1295, .T. ) ;
#80 = UNCERTAINTY_MEASURE_WITH_UNIT (LENGTH_MEASURE( 1.000000000000000100E-005 ), #87, 'distance_accuracy_value', 'NONE');
#81 = VERTEX_POINT ( 'NONE', #666 ) ;
#82 = CARTESIAN_POINT ( 'NONE',  ( -0.7156418687126523400, 0.08061460915918210200, 0.3999000000000000300 ) ) ;
#83 = FACE_OUTER_BOUND ( 'NONE', #1032, .T. ) ;
#84 = ORIENTED_EDGE ( 'NONE', *, *, #34, .T. ) ;
#85 = STYLED_ITEM ( 'NONE', ( #1787 ), #965 ) ;
#86 = DIRECTION ( 'NONE',  ( 1.000000000000000000, 0.0000000000000000000, 0.0000000000000000000 ) ) ;
#87 =( LENGTH_UNIT ( ) NAMED_UNIT ( * ) SI_UNIT ( .MILLI., .METRE. ) );
#88 = ORIENTED_EDGE ( 'NONE', *, *, #981, .F. ) ;
#89 = ORIENTED_EDGE ( 'NONE', *, *, #902, .F. ) ;
#90 = CARTESIAN_POINT ( 'NONE',  ( -0.2432895678366375800, -0.0001000000000000000000, 0.3273121490149618600 ) ) ;
#91 = FACE_OUTER_BOUND ( 'NONE', #805, .T. ) ;
#92 = DIRECTION ( 'NONE',  ( -0.0000000000000000000, 1.000000000000000000, -0.0000000000000000000 ) ) ;
#93 = CARTESIAN_POINT ( 'NONE',  ( 0.6000000000000000900, 0.5500000000000001600, 0.4000000000000000200 ) ) ;
#94 = CARTESIAN_POINT ( 'NONE',  ( -0.5999999999999998700, 0.5500000000000001600, -0.4000000000000000200 ) ) ;
#95 = CARTESIAN_POINT ( 'NONE',  ( -0.7156418687126523400, 0.08194794249251544100, 0.3999000000000000300 ) ) ;
#96 = DIRECTION ( 'NONE',  ( 0.0000000000000000000, 0.0000000000000000000, -1.000000000000000000 ) ) ;
#97 = SURFACE_STYLE_USAGE ( .BOTH. , #1121 ) ;
#98 = SURFACE_STYLE_FILL_AREA ( #378 ) ;
#99 = DIRECTION ( 'NONE',  ( -0.4999999999999939500, 0.0000000000000000000, -0.8660254037844421500 ) ) ;
#100 = CARTESIAN_POINT ( 'NONE',  ( -0.7186608583285015700, 0.08061699452415468900, 0.4000000000000000800 ) ) ;
#101 = CARTESIAN_POINT ( 'NONE',  ( 0.0000000000000000000, 0.0000000000000000000, 0.0000000000000000000 ) ) ;
#102 = CARTESIAN_POINT ( 'NONE',  ( 0.7999999999999999300, -0.0001000000000000000000, -0.4000000000000000200 ) ) ;
#103 = FILL_AREA_STYLE ('',( #1157 ) ) ;
#104 = DIRECTION ( 'NONE',  ( -0.8660254037844421500, 0.0000000000000000000, 0.4999999999999938900 ) ) ;
#105 = CARTESIAN_POINT ( 'NONE',  ( -0.7156418687126523400, 0.08194794249251544100, 0.4000000000000000200 ) ) ;
#106 = STYLED_ITEM ( 'NONE', ( #758 ), #1486 ) ;
#107 = AXIS2_PLACEMENT_3D ( 'NONE', #1268, #1117, #86 ) ;
#108 = EDGE_CURVE ( 'NONE', #726, #1467, #38, .T. ) ;
#109 =( GEOMETRIC_REPRESENTATION_CONTEXT ( 3 ) GLOBAL_UNCERTAINTY_ASSIGNED_CONTEXT ( ( #630 ) ) GLOBAL_UNIT_ASSIGNED_CONTEXT ( ( #1835, #1670, #1279 ) ) REPRESENTATION_CONTEXT ( 'NONE', 'WORKASPACE' ) );
#110 =( GEOMETRIC_REPRESENTATION_CONTEXT ( 3 ) GLOBAL_UNCERTAINTY_ASSIGNED_CONTEXT ( ( #1239 ) ) GLOBAL_UNIT_ASSIGNED_CONTEXT ( ( #1757, #146, #893 ) ) REPRESENTATION_CONTEXT ( 'NONE', 'WORKASPACE' ) );
#111 = CARTESIAN_POINT ( 'NONE',  ( -0.7163061077238778200, 0.08132641726504369300, 0.4000000000000000200 ) ) ;
#112 = CARTESIAN_POINT ( 'NONE',  ( 0.7999999999999999300, 0.0000000000000000000, -0.4000000000000000200 ) ) ;
#113 = CARTESIAN_POINT ( 'NONE',  ( 0.6000000000000000900, 0.5500000000000001600, -0.4000000000000000200 ) ) ;
#114 = ORIENTED_EDGE ( 'NONE', *, *, #1051, .T. ) ;
#115 = EDGE_CURVE ( 'NONE', #608, #1248, #1338, .T. ) ;
#116 = CARTESIAN_POINT ( 'NONE',  ( -0.7192374622407411400, 0.08102497736046944400, 0.3999999999999999700 ) ) ;
#117 = FILL_AREA_STYLE_COLOUR ( '', #185 ) ;
#118 = CARTESIAN_POINT ( 'NONE',  ( 0.7999999999999989300, -1.182404828777903900, -0.4000000000000000200 ) ) ;
#119 = CARTESIAN_POINT ( 'NONE',  ( -0.7158991331257880100, 0.08190373032254118200, 0.4000000000000000800 ) ) ;
#120 = VERTEX_POINT ( 'NONE', #1543 ) ;
#121 = SURFACE_SIDE_STYLE ('',( #780 ) ) ;
#122 = CARTESIAN_POINT ( 'NONE',  ( -0.7187479890316280700, 0.08062165138142436700, 0.3998999999999999200 ) ) ;
#123 = SURFACE_STYLE_USAGE ( .BOTH. , #1412 ) ;
#124 = CARTESIAN_POINT ( 'NONE',  ( 0.5000000000000000000, -0.0001000000000000000000, 0.4000000000000000200 ) ) ;
#125 = CARTESIAN_POINT ( 'NONE',  ( 0.3464101615137754600, 0.5500000000000001600, 0.0000000000000000000 ) ) ;
#126 = DIRECTION ( 'NONE',  ( -8.673617379884026600E-016, -1.000000000000000000, 0.0000000000000000000 ) ) ;
#127 = ORIENTED_EDGE ( 'NONE', *, *, #1490, .F. ) ;
#128 = CARTESIAN_POINT ( 'NONE',  ( -0.2432895678366375800, -0.0001000000000000000000, 0.3273121490149618600 ) ) ;
#129 = CARTESIAN_POINT ( 'NONE',  ( -0.5000000000000000000, -0.0001000000000000000000, 0.4000000000000000200 ) ) ;
#130 = PLANE ( 'NONE',  #1491 ) ;
#131 = CARTESIAN_POINT ( 'NONE',  ( -0.7179522042514514500, 0.08132634347748060600, 0.3999000000000000300 ) ) ;
#132 = CARTESIAN_POINT ( 'NONE',  ( -0.7163085353793189300, 0.08128127582584876400, 0.3999000000000000300 ) ) ;
#133 = CARTESIAN_POINT ( 'NONE',  ( -0.7161999595341467200, 0.08091023039719662200, 0.4000000000000001300 ) ) ;
#134 = VERTEX_POINT ( 'NONE', #1819 ) ;
#135 = DIRECTION ( 'NONE',  ( 1.000000000000000000, 0.0000000000000000000, 0.0000000000000000000 ) ) ;
#136 = LINE ( 'NONE', #642, #414 ) ;
#137 = CARTESIAN_POINT ( 'NONE',  ( -0.7149752020459856400, 0.08128127582584876400, 0.3999000000000000300 ) ) ;
#138 = CARTESIAN_POINT ( 'NONE',  ( -0.7192374622407411400, 0.08102497736046944400, 0.3998999999999999800 ) ) ;
#139 = SURFACE_STYLE_USAGE ( .BOTH. , #1739 ) ;
#140 = CARTESIAN_POINT ( 'NONE',  ( -0.7158988551869381900, 0.08066088065291764100, 0.4000000000000001300 ) ) ;
#141 = CARTESIAN_POINT ( 'NONE',  ( -0.7183580845489944100, 0.08190450182774826300, 0.3999000000000000300 ) ) ;
#142 = ORIENTED_EDGE ( 'NONE', *, *, #695, .F. ) ;
#143 = ORIENTED_EDGE ( 'NONE', *, *, #1709, .T. ) ;
#144 = MECHANICAL_DESIGN_GEOMETRIC_PRESENTATION_REPRESENTATION (  '', ( #516 ), #301 ) ;
#145 = CARTESIAN_POINT ( 'NONE',  ( -0.7179926497303605900, 0.08154150066043372400, 0.4000000000000001300 ) ) ;
#146 =( NAMED_UNIT ( * ) PLANE_ANGLE_UNIT ( ) SI_UNIT ( $, .RADIAN. ) );
#147 = UNCERTAINTY_MEASURE_WITH_UNIT (LENGTH_MEASURE( 1.000000000000000100E-005 ), #1465, 'distance_accuracy_value', 'NONE');
#148 = SURFACE_STYLE_USAGE ( .BOTH. , #1025 ) ;
#149 = ADVANCED_FACE ( 'NONE', ( #737 ), #10, .T. ) ;
#150 = CARTESIAN_POINT ( 'NONE',  ( -0.7186162276870113900, 0.08194794249251544100, 0.4000000000000000200 ) ) ;
#151 = DIRECTION ( 'NONE',  ( 1.224646799147353200E-016, 0.0000000000000000000, -1.000000000000000000 ) ) ;
#152 = CARTESIAN_POINT ( 'NONE',  ( -0.7152694520667186600, 0.08184128203238456900, 0.3999000000000001400 ) ) ;
#153 = CARTESIAN_POINT ( 'NONE',  ( -0.7189884548548397500, 0.08184186793822186000, 0.3999999999999999100 ) ) ;
#154 = CARTESIAN_POINT ( 'NONE',  ( -0.7161164430276595300, 0.08080737292657785800, 0.3999999999999999100 ) ) ;
#155 = PRESENTATION_LAYER_ASSIGNMENT (  '', '', ( #194 ) ) ;
#156 = CARTESIAN_POINT ( 'NONE',  ( 0.7999999999999999300, -0.0001000000000000000000, 0.4000000000000000200 ) ) ;
#157 = MECHANICAL_DESIGN_GEOMETRIC_PRESENTATION_REPRESENTATION (  '', ( #1077 ), #230 ) ;
#158 = ADVANCED_FACE ( 'NONE', ( #623 ), #1322, .F. ) ;
#159 = SURFACE_STYLE_FILL_AREA ( #1820 ) ;
#160 = CARTESIAN_POINT ( 'NONE',  ( -0.7151670853811593600, 0.08080721548603052300, 0.3999000000000001400 ) ) ;
#161 = ORIENTED_EDGE ( 'NONE', *, *, #594, .T. ) ;
#162 = CARTESIAN_POINT ( 'NONE',  ( -0.7158988551869381900, 0.08066088065291764100, 0.3999000000000001400 ) ) ;
#163 = VECTOR ( 'NONE', #1834, 1000.000000000000000 ) ;
#164 = CARTESIAN_POINT ( 'NONE',  ( -0.7190908020020186900, 0.08080737292657785800, 0.3998999999999999200 ) ) ;
#165 = MANIFOLD_SOLID_BREP ( 'Cut-Extrude1', #1400 ) ;
#166 = SURFACE_SIDE_STYLE ('',( #1162 ) ) ;
#167 = EDGE_CURVE ( 'NONE', #464, #442, #845, .T. ) ;
#168 = PRESENTATION_LAYER_ASSIGNMENT (  '', '', ( #1066 ) ) ;
#169 = ORIENTED_EDGE ( 'NONE', *, *, #795, .T. ) ;
#170 = CARTESIAN_POINT ( 'NONE',  ( -0.7149752020459856400, 0.08128127582584876400, 0.3999000000000000300 ) ) ;
#171 = SURFACE_STYLE_FILL_AREA ( #523 ) ;
#172 = AXIS2_PLACEMENT_3D ( 'NONE', #968, #99, #1572 ) ;
#173 = EDGE_LOOP ( 'NONE', ( #1505, #1138, #1354, #1782 ) ) ;
#174 = MECHANICAL_DESIGN_GEOMETRIC_PRESENTATION_REPRESENTATION (  '', ( #1583 ), #656 ) ;
#175 = CARTESIAN_POINT ( 'NONE',  ( -0.7152694520667186600, 0.08184128203238456900, 0.3999000000000001400 ) ) ;
#176 = ADVANCED_FACE ( 'NONE', ( #451 ), #290, .F. ) ;
#177 = VECTOR ( 'NONE', #1685, 1000.000000000000000 ) ;
#178 = COLOUR_RGB ( '',0.0000000000000000000, 0.0000000000000000000, 1.000000000000000000 ) ;
#179 = VERTEX_POINT ( 'NONE', #841 ) ;
#180 = ORIENTED_EDGE ( 'NONE', *, *, #1581, .T. ) ;
#181 = LINE ( 'NONE', #1815, #268 ) ;
#182 = CARTESIAN_POINT ( 'NONE',  ( -0.7156418687126523400, 0.08061460915918210200, 0.4000000000000000200 ) ) ;
#183 = STYLED_ITEM ( 'NONE', ( #615 ), #768 ) ;
#184 = CARTESIAN_POINT ( 'NONE',  ( -0.7181414443555184100, 0.08080721548603052300, 0.3999000000000001400 ) ) ;
#185 = COLOUR_RGB ( '',0.0000000000000000000, 0.0000000000000000000, 1.000000000000000000 ) ;
#186 = FACE_OUTER_BOUND ( 'NONE', #524, .T. ) ;
#187 = PRESENTATION_STYLE_ASSIGNMENT (( #1851 ) ) ;
#188 = ORIENTED_EDGE ( 'NONE', *, *, #678, .T. ) ;
#189 = CARTESIAN_POINT ( 'NONE',  ( -0.7182438362036514000, 0.08072277921035464500, 0.3999000000000000300 ) ) ;
#190 = UNCERTAINTY_MEASURE_WITH_UNIT (LENGTH_MEASURE( 1.000000000000000100E-005 ), #1326, 'distance_accuracy_value', 'NONE');
#191 = LINE ( 'NONE', #338, #358 ) ;
#192 = VERTEX_POINT ( 'NONE', #978 ) ;
#193 = PRESENTATION_LAYER_ASSIGNMENT (  '', '', ( #106 ) ) ;
#194 = STYLED_ITEM ( 'NONE', ( #209 ), #297 ) ;
#195 = EDGE_CURVE ( 'NONE', #1118, #537, #1568, .T. ) ;
#196 = PRESENTATION_LAYER_ASSIGNMENT (  '', '', ( #1049 ) ) ;
#197 = EDGE_LOOP ( 'NONE', ( #1610, #925, #731, #1770 ) ) ;
#198 = EDGE_CURVE ( 'NONE', #1462, #48, #1081, .T. ) ;
#199 = CARTESIAN_POINT ( 'NONE',  ( -0.7149779348476895700, 0.08123729107210594900, 0.4000000000000000200 ) ) ;
#200 = SURFACE_STYLE_FILL_AREA ( #103 ) ;
#201 =( NAMED_UNIT ( * ) PLANE_ANGLE_UNIT ( ) SI_UNIT ( $, .RADIAN. ) );
#202 = ORIENTED_EDGE ( 'NONE', *, *, #1233, .T. ) ;
#203 =( LENGTH_UNIT ( ) NAMED_UNIT ( * ) SI_UNIT ( .MILLI., .METRE. ) );
#204 = DIRECTION ( 'NONE',  ( -0.8660254037844421500, 0.0000000000000000000, 0.4999999999999938900 ) ) ;
#205 = ORIENTED_EDGE ( 'NONE', *, *, #1063, .T. ) ;
#206 = MANIFOLD_SOLID_BREP ( 'Extrude3[2]', #1831 ) ;
#207 = PLANE ( 'NONE',  #380 ) ;
#208 = DIRECTION ( 'NONE',  ( -1.000000000000000000, 0.0000000000000000000, 0.0000000000000000000 ) ) ;
#209 = PRESENTATION_STYLE_ASSIGNMENT (( #1038 ) ) ;
#210 = ORIENTED_EDGE ( 'NONE', *, *, #762, .F. ) ;
#211 = ORIENTED_EDGE ( 'NONE', *, *, #749, .T. ) ;
#212 = FILL_AREA_STYLE ('',( #1402 ) ) ;
#213 = CARTESIAN_POINT ( 'NONE',  ( -0.7149779348476895700, 0.08123729107210594900, 0.3999000000000000300 ) ) ;
#214 = STYLED_ITEM ( 'NONE', ( #393 ), #206 ) ;
#215 = DIRECTION ( 'NONE',  ( 0.0000000000000000000, 0.0000000000000000000, -1.000000000000000000 ) ) ;
#216 = FACE_OUTER_BOUND ( 'NONE', #1537, .T. ) ;
#217 = DIRECTION ( 'NONE',  ( 1.000000000000000000, 0.0000000000000000000, 0.0000000000000000000 ) ) ;
#218 = VERTEX_POINT ( 'NONE', #113 ) ;
#219 = COLOUR_RGB ( '',1.000000000000000000, 1.000000000000000000, 0.7529411764705882200 ) ;
#220 = CARTESIAN_POINT ( 'NONE',  ( 0.6000000000000000900, -1.182404828777903200, -0.4000000000000000200 ) ) ;
#221 = CARTESIAN_POINT ( 'NONE',  ( -0.7149779348476895700, 0.08123729107210594900, 0.4000000000000000200 ) ) ;
#222 =( NAMED_UNIT ( * ) PLANE_ANGLE_UNIT ( ) SI_UNIT ( $, .RADIAN. ) );
#223 = ORIENTED_EDGE ( 'NONE', *, *, #695, .T. ) ;
#224 = CARTESIAN_POINT ( 'NONE',  ( -0.7192828943536780900, 0.08128127582584876400, 0.4000000000000000200 ) ) ;
#225 =( NAMED_UNIT ( * ) SI_UNIT ( $, .STERADIAN. ) SOLID_ANGLE_UNIT ( ) );
#226 = MECHANICAL_DESIGN_GEOMETRIC_PRESENTATION_REPRESENTATION (  '', ( #214 ), #1335 ) ;
#227 = SURFACE_STYLE_FILL_AREA ( #894 ) ;
#228 = ORIENTED_EDGE ( 'NONE', *, *, #1382, .T. ) ;
#229 = AXIS2_PLACEMENT_3D ( 'NONE', #686, #394, #1433 ) ;
#230 =( GEOMETRIC_REPRESENTATION_CONTEXT ( 3 ) GLOBAL_UNCERTAINTY_ASSIGNED_CONTEXT ( ( #951 ) ) GLOBAL_UNIT_ASSIGNED_CONTEXT ( ( #817, #1552, #225 ) ) REPRESENTATION_CONTEXT ( 'NONE', 'WORKASPACE' ) );
#231 = CARTESIAN_POINT ( 'NONE',  ( -0.7157733284622361800, 0.08194039412182270400, 0.4000000000000000800 ) ) ;
#232 =( LENGTH_UNIT ( ) NAMED_UNIT ( * ) SI_UNIT ( .MILLI., .METRE. ) );
#233 = CARTESIAN_POINT ( 'NONE',  ( -0.7189884300894772200, 0.08072219141918918200, 0.4000000000000001900 ) ) ;
#234 = CARTESIAN_POINT ( 'NONE',  ( -0.7162004494596364600, 0.08165539049184621100, 0.3999999999999998600 ) ) ;
#235 = PLANE ( 'NONE',  #229 ) ;
#236 = CARTESIAN_POINT ( 'NONE',  ( -0.7179495610203446800, 0.08128127582584876400, 0.4000000000000000200 ) ) ;
#237 = CARTESIAN_POINT ( 'NONE',  ( -0.7191748084339955000, 0.08165539049184621100, 0.3998999999999998700 ) ) ;
#238 = CARTESIAN_POINT ( 'NONE',  ( 0.6000000000000000900, 0.2500000000000003300, 0.4000000000000000200 ) ) ;
#239 = CARTESIAN_POINT ( 'NONE',  ( -0.7161158656996542400, 0.08175686838927169500, 0.3999000000000000900 ) ) ;
#240 = CARTESIAN_POINT ( 'NONE',  ( -0.7190902246740136200, 0.08175686838927169500, 0.4000000000000000800 ) ) ;
#241 = LINE ( 'NONE', #1185, #1729 ) ;
#242 = CARTESIAN_POINT ( 'NONE',  ( -0.7184840490141195500, 0.08062194418260215700, 0.4000000000000000800 ) ) ;
#243 = DIRECTION ( 'NONE',  ( 1.000000000000000000, 0.0000000000000000000, -0.0000000000000000000 ) ) ;
#244 = CARTESIAN_POINT ( 'NONE',  ( -0.7192828943536780900, 0.08128127582584876400, 0.4000000000000000200 ) ) ;
#245 =( NAMED_UNIT ( * ) PLANE_ANGLE_UNIT ( ) SI_UNIT ( $, .RADIAN. ) );
#246 = SURFACE_STYLE_FILL_AREA ( #1746 ) ;
#247 = ORIENTED_EDGE ( 'NONE', *, *, #1493, .T. ) ;
#248 = ORIENTED_EDGE ( 'NONE', *, *, #797, .F. ) ;
#249 = ORIENTED_EDGE ( 'NONE', *, *, #1704, .T. ) ;
#250 = EDGE_CURVE ( 'NONE', #491, #326, #1351, .T. ) ;
#251 =( LENGTH_UNIT ( ) NAMED_UNIT ( * ) SI_UNIT ( .MILLI., .METRE. ) );
#252 =( LENGTH_UNIT ( ) NAMED_UNIT ( * ) SI_UNIT ( .MILLI., .METRE. ) );
#253 = SURFACE_STYLE_USAGE ( .BOTH. , #121 ) ;
#254 = CARTESIAN_POINT ( 'NONE',  ( -0.7192374622407411400, 0.08102497736046944400, 0.3999999999999999700 ) ) ;
#255 = FACE_BOUND ( 'NONE', #1513, .T. ) ;
#256 = CARTESIAN_POINT ( 'NONE',  ( -0.7163061077238778200, 0.08132641726504369300, 0.4000000000000000200 ) ) ;
#257 = CARTESIAN_POINT ( 'NONE',  ( -0.7156418687126523400, 0.08194794249251544100, 0.3999000000000000300 ) ) ;
#258 = CARTESIAN_POINT ( 'NONE',  ( -0.7179576828668754500, 0.08115055378368149500, 0.3999000000000000900 ) ) ;
#259 = PLANE ( 'NONE',  #345 ) ;
#260 = MECHANICAL_DESIGN_GEOMETRIC_PRESENTATION_REPRESENTATION (  '', ( #1049 ), #1655 ) ;
#261 = CARTESIAN_POINT ( 'NONE',  ( -0.7156418687126523400, 0.08061460915918210200, 0.3999000000000000300 ) ) ;
#262 = ORIENTED_EDGE ( 'NONE', *, *, #828, .F. ) ;
#263 = DIRECTION ( 'NONE',  ( -1.000000000000000000, 0.0000000000000000000, -1.355252715606880500E-016 ) ) ;
#264 = CARTESIAN_POINT ( 'NONE',  ( -0.7186608583285015700, 0.08061699452415468900, 0.3999000000000000900 ) ) ;
#265 = CARTESIAN_POINT ( 'NONE',  ( -0.7179495610203446800, 0.08128127582584876400, 0.3999000000000000300 ) ) ;
#266 = CARTESIAN_POINT ( 'NONE',  ( -0.5000000000000000000, -0.0001000000000000000000, 0.4000000000000000200 ) ) ;
#267 = CARTESIAN_POINT ( 'NONE',  ( -0.7185716291817725300, 0.08061708407494022600, 0.3999000000000000900 ) ) ;
#268 = VECTOR ( 'NONE', #341, 1000.000000000000000 ) ;
#269 = CARTESIAN_POINT ( 'NONE',  ( -0.7999999999999999300, 0.0000000000000000000, 0.4000000000000000200 ) ) ;
#270 = CARTESIAN_POINT ( 'NONE',  ( -0.7192828943536780900, 0.08128127582584876400, 0.4000000000000000200 ) ) ;
#271 = UNCERTAINTY_MEASURE_WITH_UNIT (LENGTH_MEASURE( 1.000000000000000100E-005 ), #933, 'distance_accuracy_value', 'NONE');
#272 = SURFACE_SIDE_STYLE ('',( #78 ) ) ;
#273 = CARTESIAN_POINT ( 'NONE',  ( -0.7182438362036514000, 0.08072277921035464500, 0.3999000000000000300 ) ) ;
#274 = CARTESIAN_POINT ( 'NONE',  ( -0.7185716786306158800, 0.08194529525437496700, 0.3998999999999999800 ) ) ;
#275 = CARTESIAN_POINT ( 'NONE',  ( -0.7155099864393570400, 0.08194010565348526500, 0.3999999999999999700 ) ) ;
#276 = SURFACE_STYLE_USAGE ( .BOTH. , #1173 ) ;
#277 = LINE ( 'NONE', #543, #1245 ) ;
#278 =( GEOMETRIC_REPRESENTATION_CONTEXT ( 3 ) GLOBAL_UNCERTAINTY_ASSIGNED_CONTEXT ( ( #1336 ) ) GLOBAL_UNIT_ASSIGNED_CONTEXT ( ( #808, #65, #1384 ) ) REPRESENTATION_CONTEXT ( 'NONE', 'WORKASPACE' ) );
#279 = ORIENTED_EDGE ( 'NONE', *, *, #625, .F. ) ;
#280 = FACE_OUTER_BOUND ( 'NONE', #173, .T. ) ;
#281 = CARTESIAN_POINT ( 'NONE',  ( -0.7179495610203446800, 0.08128127582584876400, 0.4000000000000000200 ) ) ;
#282 = FILL_AREA_STYLE_COLOUR ( '', #1687 ) ;
#283 = ORIENTED_EDGE ( 'NONE', *, *, #1633, .F. ) ;
#284 = CARTESIAN_POINT ( 'NONE',  ( -0.7161999595341467200, 0.08091023039719662200, 0.3999000000000001400 ) ) ;
#285 = CARTESIAN_POINT ( 'NONE',  ( -0.7151676640786345200, 0.08175702425327172100, 0.3998999999999999200 ) ) ;
#286 = FILL_AREA_STYLE_COLOUR ( '', #1750 ) ;
#287 = ORIENTED_EDGE ( 'NONE', *, *, #628, .T. ) ;
#288 = FILL_AREA_STYLE_COLOUR ( '', #1732 ) ;
#289 = ADVANCED_FACE ( 'NONE', ( #606 ), #1143, .F. ) ;
#290 = PLANE ( 'NONE',  #172 ) ;
#291 = CARTESIAN_POINT ( 'NONE',  ( -0.7163085353793189300, 0.08128127582584876400, 0.4000000000000000200 ) ) ;
#292 = COLOUR_RGB ( '',0.0000000000000000000, 0.0000000000000000000, 1.000000000000000000 ) ;
#293 = CARTESIAN_POINT ( 'NONE',  ( -0.7192828943536780900, 0.08128127582584876400, 0.3999000000000000300 ) ) ;
#294 = CARTESIAN_POINT ( 'NONE',  ( -0.7153839957354011200, 0.08066009727953789300, 0.3998999999999998700 ) ) ;
#295 = SURFACE_STYLE_USAGE ( .BOTH. , #1323 ) ;
#296 = AXIS2_PLACEMENT_3D ( 'NONE', #129, #263, #1737 ) ;
#297 = ADVANCED_FACE ( 'NONE', ( #946 ), #706, .T. ) ;
#298 = UNCERTAINTY_MEASURE_WITH_UNIT (LENGTH_MEASURE( 1.000000000000000100E-005 ), #671, 'distance_accuracy_value', 'NONE');
#299 = AXIS2_PLACEMENT_3D ( 'NONE', #959, #68, #1385 ) ;
#300 = CARTESIAN_POINT ( 'NONE',  ( -0.7192803697187292200, 0.08123721982962432700, 0.3998999999999999800 ) ) ;
#301 =( GEOMETRIC_REPRESENTATION_CONTEXT ( 3 ) GLOBAL_UNCERTAINTY_ASSIGNED_CONTEXT ( ( #147 ) ) GLOBAL_UNIT_ASSIGNED_CONTEXT ( ( #1465, #1026, #1622 ) ) REPRESENTATION_CONTEXT ( 'NONE', 'WORKASPACE' ) );
#302 = CARTESIAN_POINT ( 'NONE',  ( -0.7152694520667186600, 0.08184128203238456900, 0.4000000000000001300 ) ) ;
#303 = EDGE_CURVE ( 'NONE', #803, #1855, #57, .T. ) ;
#304 = EDGE_CURVE ( 'NONE', #48, #192, #772, .T. ) ;
#305 = ORIENTED_EDGE ( 'NONE', *, *, #940, .F. ) ;
#306 = ORIENTED_EDGE ( 'NONE', *, *, #1631, .F. ) ;
#307 = COLOUR_RGB ( '',0.0000000000000000000, 0.0000000000000000000, 1.000000000000000000 ) ;
#308 = DIRECTION ( 'NONE',  ( 1.000000000000000000, 1.355252715606880500E-016, 0.0000000000000000000 ) ) ;
#309 = VECTOR ( 'NONE', #855, 1000.000000000000000 ) ;
#310 = VECTOR ( 'NONE', #1188, 1000.000000000000000 ) ;
#311 = CARTESIAN_POINT ( 'NONE',  ( -0.7149752020459856400, 0.08128127582584876400, 0.4000000000000000200 ) ) ;
#312 = ORIENTED_EDGE ( 'NONE', *, *, #1135, .T. ) ;
#313 = LINE ( 'NONE', #1258, #53 ) ;
#314 = ADVANCED_FACE ( 'NONE', ( #576 ), #996, .F. ) ;
#315 = SURFACE_STYLE_USAGE ( .BOTH. , #1352 ) ;
#316 = PRESENTATION_STYLE_ASSIGNMENT (( #599 ) ) ;
#317 = STYLED_ITEM ( 'NONE', ( #823 ), #1065 ) ;
#318 = VERTEX_POINT ( 'NONE', #1879 ) ;
#319 = PRESENTATION_LAYER_ASSIGNMENT (  '', '', ( #1579 ) ) ;
#320 =( NAMED_UNIT ( * ) SI_UNIT ( $, .STERADIAN. ) SOLID_ANGLE_UNIT ( ) );
#321 = ORIENTED_EDGE ( 'NONE', *, *, #746, .F. ) ;
#322 = VECTOR ( 'NONE', #1373, 1000.000000000000000 ) ;
#323 =( NAMED_UNIT ( * ) PLANE_ANGLE_UNIT ( ) SI_UNIT ( $, .RADIAN. ) );
#324 = UNCERTAINTY_MEASURE_WITH_UNIT (LENGTH_MEASURE( 1.000000000000000100E-005 ), #1342, 'distance_accuracy_value', 'NONE');
#325 = VERTEX_POINT ( 'NONE', #699 ) ;
#326 = VERTEX_POINT ( 'NONE', #266 ) ;
#327 = PRESENTATION_STYLE_ASSIGNMENT (( #432 ) ) ;
#328 = AXIS2_PLACEMENT_3D ( 'NONE', #732, #712, #14 ) ;
#329 = AXIS2_PLACEMENT_3D ( 'NONE', #1839, #1405, #96 ) ;
#330 = PRESENTATION_STYLE_ASSIGNMENT (( #1700 ) ) ;
#331 = LINE ( 'NONE', #1002, #1595 ) ;
#332 = ORIENTED_EDGE ( 'NONE', *, *, #389, .F. ) ;
#333 = ORIENTED_EDGE ( 'NONE', *, *, #588, .T. ) ;
#334 = FILL_AREA_STYLE ('',( #1069 ) ) ;
#335 = LINE ( 'NONE', #667, #1808 ) ;
#336 = CARTESIAN_POINT ( 'NONE',  ( -0.5999999999999998700, 0.5500000000000001600, 0.4000000000000000200 ) ) ;
#337 = DIRECTION ( 'NONE',  ( -1.000000000000000000, -9.035018104045870700E-017, 0.0000000000000000000 ) ) ;
#338 = CARTESIAN_POINT ( 'NONE',  ( -0.5999999999999998700, 0.5500000000000001600, 0.4000000000000000200 ) ) ;
#339 = EDGE_CURVE ( 'NONE', #785, #411, #1682, .T. ) ;
#340 = EDGE_LOOP ( 'NONE', ( #51, #1084, #466, #1112 ) ) ;
#341 = DIRECTION ( 'NONE',  ( -1.000000000000000000, -0.0000000000000000000, -0.0000000000000000000 ) ) ;
#342 = AXIS2_PLACEMENT_3D ( 'NONE', #561, #1876, #719 ) ;
#343 = DIRECTION ( 'NONE',  ( -0.0000000000000000000, 1.000000000000000000, -0.0000000000000000000 ) ) ;
#344 = CARTESIAN_POINT ( 'NONE',  ( -0.7999999999999999300, 0.0000000000000000000, 0.4000000000000000200 ) ) ;
#345 = AXIS2_PLACEMENT_3D ( 'NONE', #1289, #1578, #1407 ) ;
#346 = CARTESIAN_POINT ( 'NONE',  ( -0.7155972702074134800, 0.08061708407494022600, 0.3999000000000000900 ) ) ;
#347 = SURFACE_STYLE_FILL_AREA ( #370 ) ;
#348 =( NAMED_UNIT ( * ) PLANE_ANGLE_UNIT ( ) SI_UNIT ( $, .RADIAN. ) );
#349 = ORIENTED_EDGE ( 'NONE', *, *, #1284, .T. ) ;
#350 = VECTOR ( 'NONE', #1280, 1000.000000000000000 ) ;
#351 = LINE ( 'NONE', #1428, #1030 ) ;
#352 = CARTESIAN_POINT ( 'NONE',  ( -0.7155096900397602800, 0.08062194418260215700, 0.3999000000000000900 ) ) ;
#353 = VERTEX_POINT ( 'NONE', #124 ) ;
#354 = VECTOR ( 'NONE', #1165, 1000.000000000000000 ) ;
#355 = PRESENTATION_LAYER_ASSIGNMENT (  '', '', ( #1209 ) ) ;
#356 = CARTESIAN_POINT ( 'NONE',  ( -0.7149833238925161800, 0.08115055378368149500, 0.4000000000000000800 ) ) ;
#357 = CARTESIAN_POINT ( 'NONE',  ( -0.7179495610203446800, 0.08128127582584876400, 0.3999000000000000300 ) ) ;
#358 = VECTOR ( 'NONE', #931, 1000.000000000000000 ) ;
#359 = CARTESIAN_POINT ( 'NONE',  ( -0.7163085353793189300, 0.08128127582584876400, 0.3999000000000000300 ) ) ;
#360 = ORIENTED_EDGE ( 'NONE', *, *, #1633, .T. ) ;
#361 = EDGE_LOOP ( 'NONE', ( #247, #557, #1365, #877 ) ) ;
#362 = CARTESIAN_POINT ( 'NONE',  ( -0.7156418687126523400, 0.08194794249251544100, 0.4000000000000000200 ) ) ;
#363 = CARTESIAN_POINT ( 'NONE',  ( -0.7150182098539538100, 0.08102419615482686600, 0.4000000000000000800 ) ) ;
#364 = DIRECTION ( 'NONE',  ( 0.0000000000000000000, -0.0000000000000000000, 1.000000000000000000 ) ) ;
#365 = COLOUR_RGB ( '',1.000000000000000000, 1.000000000000000000, 1.000000000000000000 ) ;
#366 = SURFACE_SIDE_STYLE ('',( #952 ) ) ;
#367 = CARTESIAN_POINT ( 'NONE',  ( -0.7163085353793189300, 0.08128127582584876400, 0.4000000000000000200 ) ) ;
#368 = CARTESIAN_POINT ( 'NONE',  ( 0.7999999999999999300, -0.0001000000000000000000, 0.4000000000000000200 ) ) ;
#369 = CARTESIAN_POINT ( 'NONE',  ( -0.5000000000000000000, -0.0001000000000000000000, 0.4000000000000000200 ) ) ;
#370 = FILL_AREA_STYLE ('',( #1692 ) ) ;
#371 = CARTESIAN_POINT ( 'NONE',  ( 2.198368341456633100E-016, 0.0000000000000000000, -0.4000000000000000200 ) ) ;
#372 = B_SPLINE_CURVE_WITH_KNOTS ( 'NONE', 3,
 ( #836, #1271, #1119, #1404, #1854, #1551, #986, #1429, #1873, #131, #265 ),
 .UNSPECIFIED., .F., .F.,
 ( 4, 1, 1, 1, 1, 1, 1, 1, 4 ),
 ( 0.0000000000000000000, 0.1275189266999253400, 0.2499859477487863000, 0.3717923515057329800, 0.4988703527764591900, 0.6259483540472166000, 0.7484917380160548400, 0.8709587590649193700, 1.000000000000000000 ),
 .UNSPECIFIED. ) ;
#373 = CARTESIAN_POINT ( 'NONE',  ( -0.3464101615137754600, 0.5500000000000001600, -4.242300954899627200E-017 ) ) ;
#374 = ORIENTED_EDGE ( 'NONE', *, *, #1569, .T. ) ;
#375 = EDGE_CURVE ( 'NONE', #810, #531, #1788, .T. ) ;
#376 = ORIENTED_EDGE ( 'NONE', *, *, #1339, .T. ) ;
#377 = DIRECTION ( 'NONE',  ( 8.673617379884027600E-016, 1.000000000000000000, 0.0000000000000000000 ) ) ;
#378 = FILL_AREA_STYLE ('',( #532 ) ) ;
#379 = CARTESIAN_POINT ( 'NONE',  ( -0.7186162276870113900, 0.08061460915918210200, 0.3999000000000000300 ) ) ;
#380 = AXIS2_PLACEMENT_3D ( 'NONE', #1262, #658, #364 ) ;
#381 =( NAMED_UNIT ( * ) SI_UNIT ( $, .STERADIAN. ) SOLID_ANGLE_UNIT ( ) );
#382 = AXIS2_PLACEMENT_3D ( 'NONE', #1699, #1708, #243 ) ;
#383 = EDGE_CURVE ( 'NONE', #134, #491, #351, .T. ) ;
#384 = STYLED_ITEM ( 'NONE', ( #391 ), #1643 ) ;
#385 = PRESENTATION_LAYER_ASSIGNMENT (  '', '', ( #438 ) ) ;
#386 = CARTESIAN_POINT ( 'NONE',  ( -0.7160140958804804800, 0.08184186793822186000, 0.3999999999999999100 ) ) ;
#387 = CARTESIAN_POINT ( 'NONE',  ( 0.6000000000000000900, -1.182404828777903200, 0.4000000000000000200 ) ) ;
#388 = DIRECTION ( 'NONE',  ( 1.000000000000000000, 0.0000000000000000000, 0.0000000000000000000 ) ) ;
#389 = EDGE_CURVE ( 'NONE', #1667, #1088, #404, .T. ) ;
#390 = DIRECTION ( 'NONE',  ( 0.0000000000000000000, 0.0000000000000000000, 1.000000000000000000 ) ) ;
#391 = PRESENTATION_STYLE_ASSIGNMENT (( #148 ) ) ;
#392 = FILL_AREA_STYLE_COLOUR ( '', #1212 ) ;
#393 = PRESENTATION_STYLE_ASSIGNMENT (( #253 ) ) ;
#394 = DIRECTION ( 'NONE',  ( 1.000000000000000000, 0.0000000000000000000, 0.0000000000000000000 ) ) ;
#395 = ORIENTED_EDGE ( 'NONE', *, *, #520, .T. ) ;
#396 = COLOUR_RGB ( '',0.0000000000000000000, 0.0000000000000000000, 1.000000000000000000 ) ;
#397 = CARTESIAN_POINT ( 'NONE',  ( -0.7163085353793189300, 0.08128127582584876400, 0.3999000000000000300 ) ) ;
#398 = FILL_AREA_STYLE ('',( #681 ) ) ;
#399 = DIRECTION ( 'NONE',  ( 1.000000000000000000, 0.0000000000000000000, 1.717731970209936700E-012 ) ) ;
#400 = FILL_AREA_STYLE_COLOUR ( '', #633 ) ;
#401 = CARTESIAN_POINT ( 'NONE',  ( -0.7999999999999999300, -0.0001000000000000000000, 0.4000000000000000200 ) ) ;
#402 = PRESENTATION_STYLE_ASSIGNMENT (( #969 ) ) ;
#403 = CARTESIAN_POINT ( 'NONE',  ( -0.7186162276870113900, 0.08194794249251544100, 0.3999000000000000300 ) ) ;
#404 = B_SPLINE_CURVE_WITH_KNOTS ( 'NONE', 3,
 ( #367, #111, #847, #1426, #1276, #1409, #386, #119, #231, #1401, #362 ),
 .UNSPECIFIED., .F., .F.,
 ( 4, 1, 1, 1, 1, 1, 1, 1, 4 ),
 ( 0.0000000000000000000, 0.1290969581672176700, 0.2520459672599821800, 0.3739049644020225900, 0.5010378352202031800, 0.6281707060384186200, 0.7513764634092190400, 0.8724260133704695400, 1.000000000000000000 ),
 .UNSPECIFIED. ) ;
#405 =( NAMED_UNIT ( * ) PLANE_ANGLE_UNIT ( ) SI_UNIT ( $, .RADIAN. ) );
#406 = CARTESIAN_POINT ( 'NONE',  ( -0.7158991331257880100, 0.08190373032254118200, 0.3999000000000000900 ) ) ;
#407 =( NAMED_UNIT ( * ) PLANE_ANGLE_UNIT ( ) SI_UNIT ( $, .RADIAN. ) );
#408 = ORIENTED_EDGE ( 'NONE', *, *, #788, .F. ) ;
#409 =( LENGTH_UNIT ( ) NAMED_UNIT ( * ) SI_UNIT ( .MILLI., .METRE. ) );
#410 = VECTOR ( 'NONE', #870, 1000.000000000000000 ) ;
#411 = VERTEX_POINT ( 'NONE', #530 ) ;
#412 = CARTESIAN_POINT ( 'NONE',  ( -0.7182438110410777100, 0.08184128203238456900, 0.4000000000000001300 ) ) ;
#413 = CARTESIAN_POINT ( 'NONE',  ( -0.7192753825812053800, 0.08115019207456074200, 0.3999000000000000300 ) ) ;
#414 = VECTOR ( 'NONE', #807, 1000.000000000000000 ) ;
#415 = MECHANICAL_DESIGN_GEOMETRIC_PRESENTATION_REPRESENTATION (  '', ( #106 ), #1202 ) ;
#416 =( NAMED_UNIT ( * ) PLANE_ANGLE_UNIT ( ) SI_UNIT ( $, .RADIAN. ) );
#417 = CARTESIAN_POINT ( 'NONE',  ( -0.7186162276870113900, 0.08061460915918210200, 0.3999000000000000300 ) ) ;
#418 = CARTESIAN_POINT ( 'NONE',  ( -0.7180581225352239400, 0.08165486273754495000, 0.3999999999999999700 ) ) ;
#419 = CARTESIAN_POINT ( 'NONE',  ( -0.7157736300572687900, 0.08062165138142436700, 0.3998999999999999200 ) ) ;
#420 = EDGE_LOOP ( 'NONE', ( #1195, #1754, #84, #1061 ) ) ;
#421 = VECTOR ( 'NONE', #126, 1000.000000000000000 ) ;
#422 = VERTEX_POINT ( 'NONE', #1833 ) ;
#423 = VERTEX_POINT ( 'NONE', #967 ) ;
#424 = CARTESIAN_POINT ( 'NONE',  ( -0.7155099864393570400, 0.08194010565348526500, 0.3998999999999999800 ) ) ;
#425 = CARTESIAN_POINT ( 'NONE',  ( -0.7192753825812053800, 0.08115019207456074200, 0.4000000000000000200 ) ) ;
#426 = CARTESIAN_POINT ( 'NONE',  ( -0.7157736300572687900, 0.08062165138142436700, 0.3999999999999999100 ) ) ;
#427 = CARTESIAN_POINT ( 'NONE',  ( 0.7999999999999999300, -0.0001000000000000000000, -0.4000000000000000200 ) ) ;
#428 = VECTOR ( 'NONE', #963, 1000.000000000000000 ) ;
#429 = CARTESIAN_POINT ( 'NONE',  ( -0.7158988551869381900, 0.08066088065291764100, 0.3999000000000001400 ) ) ;
#430 = FILL_AREA_STYLE_COLOUR ( '', #1309 ) ;
#431 = CARTESIAN_POINT ( 'NONE',  ( -0.7149778452770922900, 0.08132634347748060600, 0.3999000000000000300 ) ) ;
#432 = SURFACE_STYLE_USAGE ( .BOTH. , #1052 ) ;
#433 = DIRECTION ( 'NONE',  ( 0.0000000000000000000, 0.0000000000000000000, 1.000000000000000000 ) ) ;
#434 = CARTESIAN_POINT ( 'NONE',  ( -0.7179522042514514500, 0.08132634347748060600, 0.3999000000000000300 ) ) ;
#435 = MECHANICAL_DESIGN_GEOMETRIC_PRESENTATION_REPRESENTATION (  '', ( #1356 ), #1703 ) ;
#436 = DIRECTION ( 'NONE',  ( -1.000000000000000000, 0.0000000000000000000, -1.224646799147353200E-016 ) ) ;
#437 = PRESENTATION_LAYER_ASSIGNMENT (  '', '', ( #907 ) ) ;
#438 = STYLED_ITEM ( 'NONE', ( #1526 ), #882 ) ;
#439 = ORIENTED_EDGE ( 'NONE', *, *, #1374, .T. ) ;
#440 = PRESENTATION_STYLE_ASSIGNMENT (( #740 ) ) ;
#441 = CARTESIAN_POINT ( 'NONE',  ( -0.7192373826326351500, 0.08154071977356043600, 0.3999000000000000900 ) ) ;
#442 = VERTEX_POINT ( 'NONE', #1292 ) ;
#443 = CARTESIAN_POINT ( 'NONE',  ( -0.7181414443555184100, 0.08080721548603052300, 0.4000000000000001300 ) ) ;
#444 = ADVANCED_FACE ( 'NONE', ( #616 ), #1689, .T. ) ;
#445 = CARTESIAN_POINT ( 'NONE',  ( -0.7161999595341467200, 0.08091023039719662200, 0.4000000000000001300 ) ) ;
#446 = PRESENTATION_STYLE_ASSIGNMENT (( #1814 ) ) ;
#447 = LINE ( 'NONE', #1381, #1039 ) ;
#448 = CARTESIAN_POINT ( 'NONE',  ( -0.7155099864393570400, 0.08194010565348526500, 0.3999999999999999700 ) ) ;
#449 = CARTESIAN_POINT ( 'NONE',  ( -0.7151676640786345200, 0.08175702425327172100, 0.3999999999999999100 ) ) ;
#450 = FACE_OUTER_BOUND ( 'NONE', #1177, .T. ) ;
#451 = FACE_OUTER_BOUND ( 'NONE', #475, .T. ) ;
#452 = CARTESIAN_POINT ( 'NONE',  ( -0.7155973196562568400, 0.08194529525437496700, 0.3999999999999999700 ) ) ;
#453 = EDGE_CURVE ( 'NONE', #1388, #218, #1362, .T. ) ;
#454 = STYLED_ITEM ( 'NONE', ( #446 ), #1321 ) ;
#455 = CARTESIAN_POINT ( 'NONE',  ( 0.3236317041918410100, 0.0000000000000000000, 0.0000000000000000000 ) ) ;
#456 = AXIS2_PLACEMENT_3D ( 'NONE', #1435, #1593, #1584 ) ;
#457 = PRESENTATION_STYLE_ASSIGNMENT (( #123 ) ) ;
#458 = ORIENTED_EDGE ( 'NONE', *, *, #1244, .T. ) ;
#459 = MECHANICAL_DESIGN_GEOMETRIC_PRESENTATION_REPRESENTATION (  '', ( #384 ), #109 ) ;
#460 = CARTESIAN_POINT ( 'NONE',  ( -0.7186608583285015700, 0.08061699452415468900, 0.4000000000000000800 ) ) ;
#461 = ORIENTED_EDGE ( 'NONE', *, *, #994, .T. ) ;
#462 = LINE ( 'NONE', #798, #1219 ) ;
#463 = ADVANCED_FACE ( 'NONE', ( #1644 ), #1394, .F. ) ;
#464 = VERTEX_POINT ( 'NONE', #102 ) ;
#465 = ORIENTED_EDGE ( 'NONE', *, *, #1130, .T. ) ;
#466 = ORIENTED_EDGE ( 'NONE', *, *, #1095, .F. ) ;
#467 = CARTESIAN_POINT ( 'NONE',  ( -0.7155096900397602800, 0.08062194418260215700, 0.3999000000000000900 ) ) ;
#468 = UNCERTAINTY_MEASURE_WITH_UNIT (LENGTH_MEASURE( 1.000000000000000100E-005 ), #1167, 'distance_accuracy_value', 'NONE');
#469 = MECHANICAL_DESIGN_GEOMETRIC_PRESENTATION_REPRESENTATION (  '', ( #438 ), #278 ) ;
#470 = LINE ( 'NONE', #1237, #629 ) ;
#471 =( NAMED_UNIT ( * ) PLANE_ANGLE_UNIT ( ) SI_UNIT ( $, .RADIAN. ) );
#472 = VECTOR ( 'NONE', #832, 1000.000000000000000 ) ;
#473 = FILL_AREA_STYLE ('',( #923 ) ) ;
#474 = SURFACE_STYLE_FILL_AREA ( #1396 ) ;
#475 = EDGE_LOOP ( 'NONE', ( #854, #1830, #1353, #1598 ) ) ;
#476 = CARTESIAN_POINT ( 'NONE',  ( -0.7185716291817725300, 0.08061708407494022600, 0.4000000000000000800 ) ) ;
#477 = EDGE_CURVE ( 'NONE', #422, #646, #1580, .T. ) ;
#478 = MECHANICAL_DESIGN_GEOMETRIC_PRESENTATION_REPRESENTATION (  '', ( #454 ), #1024 ) ;
#479 =( GEOMETRIC_REPRESENTATION_CONTEXT ( 3 ) GLOBAL_UNCERTAINTY_ASSIGNED_CONTEXT ( ( #1103 ) ) GLOBAL_UNIT_ASSIGNED_CONTEXT ( ( #1441, #416, #1576 ) ) REPRESENTATION_CONTEXT ( 'NONE', 'WORKASPACE' ) );
#480 = UNCERTAINTY_MEASURE_WITH_UNIT (LENGTH_MEASURE( 1.000000000000000100E-005 ), #1616, 'distance_accuracy_value', 'NONE');
#481 = EDGE_CURVE ( 'NONE', #353, #608, #804, .T. ) ;
#482 =( GEOMETRIC_REPRESENTATION_CONTEXT ( 3 ) GLOBAL_UNCERTAINTY_ASSIGNED_CONTEXT ( ( #1519 ) ) GLOBAL_UNIT_ASSIGNED_CONTEXT ( ( #409, #560, #1028 ) ) REPRESENTATION_CONTEXT ( 'NONE', 'WORKASPACE' ) );
#483 = STYLED_ITEM ( 'NONE', ( #1424 ), #1037 ) ;
#484 = EDGE_CURVE ( 'NONE', #411, #1088, #331, .T. ) ;
#485 = CARTESIAN_POINT ( 'NONE',  ( -0.7150842625401936400, 0.08091076323032378400, 0.3998999999999999800 ) ) ;
#486 = ORIENTED_EDGE ( 'NONE', *, *, #981, .T. ) ;
#487 =( NAMED_UNIT ( * ) SI_UNIT ( $, .STERADIAN. ) SOLID_ANGLE_UNIT ( ) );
#488 = SURFACE_STYLE_USAGE ( .BOTH. , #939 ) ;
#489 = COLOUR_RGB ( '',0.0000000000000000000, 0.0000000000000000000, 1.000000000000000000 ) ;
#490 = DIRECTION ( 'NONE',  ( -1.355252715606880500E-016, 0.0000000000000000000, -1.000000000000000000 ) ) ;
#491 = VERTEX_POINT ( 'NONE', #1302 ) ;
#492 = CARTESIAN_POINT ( 'NONE',  ( 0.8000000000000001600, 0.2500000000000003300, -0.4000000000000000200 ) ) ;
#493 = SURFACE_SIDE_STYLE ('',( #664 ) ) ;
#494 = LINE ( 'NONE', #818, #1649 ) ;
#495 = CARTESIAN_POINT ( 'NONE',  ( -0.7149752020459856400, 0.08128127582584876400, 0.4000000000000000200 ) ) ;
#496 = PLANE ( 'NONE',  #23 ) ;
#497 = EDGE_LOOP ( 'NONE', ( #279, #1544, #202, #60 ) ) ;
#498 = ORIENTED_EDGE ( 'NONE', *, *, #1771, .F. ) ;
#499 = CARTESIAN_POINT ( 'NONE',  ( -0.7149752020459856400, 0.08128127582584876400, 0.4000000000000000200 ) ) ;
#500 = PRESENTATION_LAYER_ASSIGNMENT (  '', '', ( #763 ) ) ;
#501 = LINE ( 'NONE', #932, #1068 ) ;
#502 = DIRECTION ( 'NONE',  ( 1.000000000000000000, 9.035018104045870700E-017, 0.0000000000000000000 ) ) ;
#503 = CARTESIAN_POINT ( 'NONE',  ( -0.7155972702074134800, 0.08061708407494022600, 0.4000000000000000800 ) ) ;
#504 =( NAMED_UNIT ( * ) SI_UNIT ( $, .STERADIAN. ) SOLID_ANGLE_UNIT ( ) );
#505 = CARTESIAN_POINT ( 'NONE',  ( -0.7149752020459856400, 0.08128127582584876400, 0.3999000000000000300 ) ) ;
#506 =( LENGTH_UNIT ( ) NAMED_UNIT ( * ) SI_UNIT ( .MILLI., .METRE. ) );
#507 = DIRECTION ( 'NONE',  ( -0.0000000000000000000, -0.0000000000000000000, -1.000000000000000000 ) ) ;
#508 =( LENGTH_UNIT ( ) NAMED_UNIT ( * ) SI_UNIT ( .MILLI., .METRE. ) );
#509 = LINE ( 'NONE', #1727, #574 ) ;
#510 = CARTESIAN_POINT ( 'NONE',  ( 2.198368341456633100E-016, -1.182404828777903200, -0.4000000000000000200 ) ) ;
#511 = CARTESIAN_POINT ( 'NONE',  ( -0.7158991331257880100, 0.08190373032254118200, 0.3999000000000000900 ) ) ;
#512 = PRESENTATION_STYLE_ASSIGNMENT (( #1697 ) ) ;
#513 = CARTESIAN_POINT ( 'NONE',  ( -0.7179495610203446800, 0.08128127582584876400, 0.3999000000000000300 ) ) ;
#514 = UNCERTAINTY_MEASURE_WITH_UNIT (LENGTH_MEASURE( 1.000000000000000100E-005 ), #1759, 'distance_accuracy_value', 'NONE');
#515 = FILL_AREA_STYLE ('',( #700 ) ) ;
#516 = STYLED_ITEM ( 'NONE', ( #1281 ), #165 ) ;
#517 = EDGE_CURVE ( 'NONE', #218, #1855, #1166, .T. ) ;
#518 = MECHANICAL_DESIGN_GEOMETRIC_PRESENTATION_REPRESENTATION (  '', ( #907 ), #482 ) ;
#519 = CARTESIAN_POINT ( 'NONE',  ( -0.7999999999999999300, -1.182404828777903200, 0.4000000000000000200 ) ) ;
#520 = EDGE_CURVE ( 'NONE', #785, #1667, #1823, .T. ) ;
#521 = CARTESIAN_POINT ( 'NONE',  ( -0.2432895678366375800, -0.0001000000000000000000, 0.3273121490149618600 ) ) ;
#522 = ORIENTED_EDGE ( 'NONE', *, *, #339, .T. ) ;
#523 = FILL_AREA_STYLE ('',( #117 ) ) ;
#524 = EDGE_LOOP ( 'NONE', ( #1310, #169, #188, #545 ) ) ;
#525 = COLOUR_RGB ( '',0.7529411764705882200, 0.7529411764705882200, 0.7529411764705882200 ) ;
#526 = FILL_AREA_STYLE ('',( #1571 ) ) ;
#527 = CARTESIAN_POINT ( 'NONE',  ( -0.5000000000000000000, -0.0001000000000000000000, 0.4000000000000000200 ) ) ;
#528 = DIRECTION ( 'NONE',  ( 1.000000000000000000, 0.0000000000000000000, 0.0000000000000000000 ) ) ;
#529 = CARTESIAN_POINT ( 'NONE',  ( -0.7999999999999999300, 0.0000000000000000000, -0.4000000000000000200 ) ) ;
#530 = CARTESIAN_POINT ( 'NONE',  ( -0.7156418687126523400, 0.08194794249251544100, 0.3999000000000000300 ) ) ;
#531 = VERTEX_POINT ( 'NONE', #1156 ) ;
#532 = FILL_AREA_STYLE_COLOUR ( '', #489 ) ;
#533 = DIRECTION ( 'NONE',  ( -1.355252715606880500E-016, -0.0000000000000000000, 1.000000000000000000 ) ) ;
#534 = DIRECTION ( 'NONE',  ( -0.0000000000000000000, 1.000000000000000000, -0.0000000000000000000 ) ) ;
#535 = DIRECTION ( 'NONE',  ( 1.000000000000000000, 0.0000000000000000000, 0.0000000000000000000 ) ) ;
#536 = DIRECTION ( 'NONE',  ( 0.0000000000000000000, -1.000000000000000000, -0.0000000000000000000 ) ) ;
#537 = VERTEX_POINT ( 'NONE', #128 ) ;
#538 = PLANE ( 'NONE',  #456 ) ;
#539 = LINE ( 'NONE', #371, #1785 ) ;
#540 = CARTESIAN_POINT ( 'NONE',  ( -0.7186162276870113900, 0.08194794249251544100, 0.3999000000000000300 ) ) ;
#541 = CARTESIAN_POINT ( 'NONE',  ( -0.7999999999999999300, 0.0000000000000000000, 0.4000000000000000200 ) ) ;
#542 = UNCERTAINTY_MEASURE_WITH_UNIT (LENGTH_MEASURE( 1.000000000000000100E-005 ), #1150, 'distance_accuracy_value', 'NONE');
#543 = CARTESIAN_POINT ( 'NONE',  ( 0.7999999999999989300, -1.182404828777903900, 0.4000000000000000200 ) ) ;
#544 = CARTESIAN_POINT ( 'NONE',  ( -0.7186162276870113900, 0.08194794249251544100, 0.3999000000000000300 ) ) ;
#545 = ORIENTED_EDGE ( 'NONE', *, *, #788, .T. ) ;
#546 =( NAMED_UNIT ( * ) SI_UNIT ( $, .STERADIAN. ) SOLID_ANGLE_UNIT ( ) );
#547 = PRESENTATION_LAYER_ASSIGNMENT (  '', '', ( #72 ) ) ;
#548 = LINE ( 'NONE', #1514, #971 ) ;
#549 = CARTESIAN_POINT ( 'NONE',  ( 2.570978074069704800E-017, 0.2500000000000002200, -0.4000000000000000200 ) ) ;
#550 =( NAMED_UNIT ( * ) PLANE_ANGLE_UNIT ( ) SI_UNIT ( $, .RADIAN. ) );
#551 = PLANE ( 'NONE',  #296 ) ;
#552 = CARTESIAN_POINT ( 'NONE',  ( -0.7190902246740136200, 0.08175686838927169500, 0.4000000000000000800 ) ) ;
#553 = LINE ( 'NONE', #1423, #177 ) ;
#554 =( NAMED_UNIT ( * ) SI_UNIT ( $, .STERADIAN. ) SOLID_ANGLE_UNIT ( ) );
#555 = CARTESIAN_POINT ( 'NONE',  ( -0.7156864486030040100, 0.08194538273153245700, 0.3998999999999999800 ) ) ;
#556 = VECTOR ( 'NONE', #533, 1000.000000000000000 ) ;
#557 = ORIENTED_EDGE ( 'NONE', *, *, #1704, .F. ) ;
#558 = CARTESIAN_POINT ( 'NONE',  ( -0.7150837635608646700, 0.08165486273754495000, 0.3999999999999999700 ) ) ;
#559 = ORIENTED_EDGE ( 'NONE', *, *, #1339, .F. ) ;
#560 =( NAMED_UNIT ( * ) PLANE_ANGLE_UNIT ( ) SI_UNIT ( $, .RADIAN. ) );
#561 = CARTESIAN_POINT ( 'NONE',  ( 2.570978074069704800E-017, 0.2500000000000002200, 0.4000000000000000200 ) ) ;
#562 = DIRECTION ( 'NONE',  ( 0.0000000000000000000, 0.0000000000000000000, 1.000000000000000000 ) ) ;
#563 = CARTESIAN_POINT ( 'NONE',  ( -0.7999999999999999300, -1.182404828777903200, -0.4000000000000000200 ) ) ;
#564 = FILL_AREA_STYLE_COLOUR ( '', #1079 ) ;
#565 = CARTESIAN_POINT ( 'NONE',  ( -0.7179573560498756500, 0.08141418273453889000, 0.3998999999999998100 ) ) ;
#566 = CARTESIAN_POINT ( 'NONE',  ( -0.7156418687126523400, 0.08194794249251544100, 0.4000000000000000200 ) ) ;
#567 =( NAMED_UNIT ( * ) PLANE_ANGLE_UNIT ( ) SI_UNIT ( $, .RADIAN. ) );
#568 = MECHANICAL_DESIGN_GEOMETRIC_PRESENTATION_REPRESENTATION (  '', ( #1209 ), #33 ) ;
#569 = DIRECTION ( 'NONE',  ( -1.000000000000000000, 0.0000000000000000000, -0.0000000000000000000 ) ) ;
#570 = CARTESIAN_POINT ( 'NONE',  ( -0.7156418687126523400, 0.08194794249251544100, 0.3999000000000000300 ) ) ;
#571 = VECTOR ( 'NONE', #1588, 1000.000000000000000 ) ;
#572 = CARTESIAN_POINT ( 'NONE',  ( -0.7162631032663822100, 0.08102497736046944400, 0.3999999999999999700 ) ) ;
#573 = SURFACE_SIDE_STYLE ('',( #1009 ) ) ;
#574 = VECTOR ( 'NONE', #1877, 1000.000000000000000 ) ;
#575 = CARTESIAN_POINT ( 'NONE',  ( -0.7163010236068460000, 0.08115019207456074200, 0.3999000000000000300 ) ) ;
#576 = FACE_OUTER_BOUND ( 'NONE', #1163, .T. ) ;
#577 = ORIENTED_EDGE ( 'NONE', *, *, #339, .F. ) ;
#578 = CARTESIAN_POINT ( 'NONE',  ( -0.7999999999999999300, -0.0001000000000000000000, 0.4000000000000000200 ) ) ;
#579 = VECTOR ( 'NONE', #1250, 1000.000000000000000 ) ;
#580 = CARTESIAN_POINT ( 'NONE',  ( -0.7185716291817725300, 0.08061708407494022600, 0.3999000000000000900 ) ) ;
#581 = EDGE_LOOP ( 'NONE', ( #897, #1641, #283, #210 ) ) ;
#582 = ADVANCED_FACE ( 'NONE', ( #1460 ), #538, .F. ) ;
#583 = SURFACE_STYLE_FILL_AREA ( #4 ) ;
#584 = CARTESIAN_POINT ( 'NONE',  ( -0.7188734921001472800, 0.08190373032254118200, 0.3999000000000000900 ) ) ;
#585 = DIRECTION ( 'NONE',  ( 0.8660254037844352700, 0.0000000000000000000, 0.5000000000000057700 ) ) ;
#586 = CARTESIAN_POINT ( 'NONE',  ( -0.7163060107443701700, 0.08123721982962432700, 0.3999999999999999700 ) ) ;
#587 = B_SPLINE_CURVE_WITH_KNOTS ( 'NONE', 3,
 ( #566, #901, #275, #1199, #302, #449, #558, #875, #1206, #1480, #1059 ),
 .UNSPECIFIED., .F., .F.,
 ( 4, 1, 1, 1, 1, 1, 1, 1, 4 ),
 ( 0.0000000000000000000, 0.1275189266999253400, 0.2499859477487863000, 0.3717923515057329800, 0.4988703527764591900, 0.6259483540472166000, 0.7484917380160548400, 0.8709587590649193700, 1.000000000000000000 ),
 .UNSPECIFIED. ) ;
#588 = EDGE_CURVE ( 'NONE', #810, #1299, #1533, .T. ) ;
#589 = AXIS2_PLACEMENT_3D ( 'NONE', #1870, #840, #1003 ) ;
#590 = CARTESIAN_POINT ( 'NONE',  ( -0.7153837255746351400, 0.08190450182774826300, 0.4000000000000000200 ) ) ;
#591 = MECHANICAL_DESIGN_GEOMETRIC_PRESENTATION_REPRESENTATION (  '', ( #194 ), #479 ) ;
#592 = FILL_AREA_STYLE ('',( #1779 ) ) ;
#593 = COLOUR_RGB ( '',1.000000000000000000, 1.000000000000000000, 0.7529411764705882200 ) ;
#594 = EDGE_CURVE ( 'NONE', #81, #785, #1646, .T. ) ;
#595 = MECHANICAL_DESIGN_GEOMETRIC_PRESENTATION_REPRESENTATION (  '', ( #483 ), #1291 ) ;
#596 = EDGE_CURVE ( 'NONE', #1881, #773, #1055, .T. ) ;
#597 = ORIENTED_EDGE ( 'NONE', *, *, #1047, .T. ) ;
#598 = CARTESIAN_POINT ( 'NONE',  ( -0.7151676640786345200, 0.08175702425327172100, 0.3998999999999999200 ) ) ;
#599 = SURFACE_STYLE_USAGE ( .BOTH. , #166 ) ;
#600 = VERTEX_POINT ( 'NONE', #1882 ) ;
#601 = ORIENTED_EDGE ( 'NONE', *, *, #1233, .F. ) ;
#602 = ADVANCED_FACE ( 'NONE', ( #635 ), #1883, .T. ) ;
#603 = PRESENTATION_STYLE_ASSIGNMENT (( #1653 ) ) ;
#604 = CARTESIAN_POINT ( 'NONE',  ( -0.7150182907560015400, 0.08154150066043372400, 0.4000000000000001300 ) ) ;
#605 = PRESENTATION_STYLE_ASSIGNMENT (( #97 ) ) ;
#606 = FACE_OUTER_BOUND ( 'NONE', #1559, .T. ) ;
#607 = ORIENTED_EDGE ( 'NONE', *, *, #1095, .T. ) ;
#608 = VERTEX_POINT ( 'NONE', #1046 ) ;
#609 = ADVANCED_FACE ( 'NONE', ( #1070 ), #1172, .F. ) ;
#610 = UNCERTAINTY_MEASURE_WITH_UNIT (LENGTH_MEASURE( 1.000000000000000100E-005 ), #1698, 'distance_accuracy_value', 'NONE');
#611 = MECHANICAL_DESIGN_GEOMETRIC_PRESENTATION_REPRESENTATION (  '', ( #763 ), #723 ) ;
#612 = FILL_AREA_STYLE_COLOUR ( '', #1565 ) ;
#613 = COLOUR_RGB ( '',1.000000000000000000, 1.000000000000000000, 1.000000000000000000 ) ;
#614 = ORIENTED_EDGE ( 'NONE', *, *, #34, .F. ) ;
#615 = PRESENTATION_STYLE_ASSIGNMENT (( #139 ) ) ;
#616 = FACE_OUTER_BOUND ( 'NONE', #919, .T. ) ;
#617 = ORIENTED_EDGE ( 'NONE', *, *, #1581, .F. ) ;
#618 = DIRECTION ( 'NONE',  ( -0.0000000000000000000, 0.0000000000000000000, 1.000000000000000000 ) ) ;
#619 = FACE_OUTER_BOUND ( 'NONE', #1378, .T. ) ;
#620 = VECTOR ( 'NONE', #1798, 1000.000000000000000 ) ;
#621 = ORIENTED_EDGE ( 'NONE', *, *, #1374, .F. ) ;
#622 = AXIS2_PLACEMENT_3D ( 'NONE', #711, #1168, #1007 ) ;
#623 = FACE_OUTER_BOUND ( 'NONE', #636, .T. ) ;
#624 = CARTESIAN_POINT ( 'NONE',  ( -0.7179576828668754500, 0.08115055378368149500, 0.4000000000000000800 ) ) ;
#625 = EDGE_CURVE ( 'NONE', #1088, #726, #587, .T. ) ;
#626 = PRESENTATION_LAYER_ASSIGNMENT (  '', '', ( #1582 ) ) ;
#627 = PRESENTATION_LAYER_ASSIGNMENT (  '', '', ( #1469 ) ) ;
#628 = EDGE_CURVE ( 'NONE', #685, #1041, #1640, .T. ) ;
#629 = VECTOR ( 'NONE', #208, 1000.000000000000000 ) ;
#630 = UNCERTAINTY_MEASURE_WITH_UNIT (LENGTH_MEASURE( 1.000000000000000100E-005 ), #1835, 'distance_accuracy_value', 'NONE');
#631 = CARTESIAN_POINT ( 'NONE',  ( 0.6000000000000000900, -1.182404828777903200, 0.4000000000000000200 ) ) ;
#632 = DIRECTION ( 'NONE',  ( 0.0000000000000000000, 0.0000000000000000000, -1.000000000000000000 ) ) ;
#633 = COLOUR_RGB ( '',0.8588235294117646500, 0.7254901960784313500, 0.0000000000000000000 ) ;
#634 = LINE ( 'NONE', #722, #1512 ) ;
#635 = FACE_OUTER_BOUND ( 'NONE', #1481, .T. ) ;
#636 = EDGE_LOOP ( 'NONE', ( #778, #621, #1330, #936 ) ) ;
#637 = DIRECTION ( 'NONE',  ( -0.0000000000000000000, 0.0000000000000000000, -1.000000000000000000 ) ) ;
#638 = FILL_AREA_STYLE ('',( #1106 ) ) ;
#639 = EDGE_LOOP ( 'NONE', ( #332, #1793, #522, #1064 ) ) ;
#640 = ORIENTED_EDGE ( 'NONE', *, *, #1858, .T. ) ;
#641 = LINE ( 'NONE', #344, #1273 ) ;
#642 = CARTESIAN_POINT ( 'NONE',  ( -0.5999999999999998700, 0.2500000000000000000, 0.4000000000000000200 ) ) ;
#643 = CARTESIAN_POINT ( 'NONE',  ( -0.7155972702074134800, 0.08061708407494022600, 0.3999000000000000900 ) ) ;
#644 = EDGE_CURVE ( 'NONE', #179, #810, #1023, .T. ) ;
#645 =( GEOMETRIC_REPRESENTATION_CONTEXT ( 3 ) GLOBAL_UNCERTAINTY_ASSIGNED_CONTEXT ( ( #80 ) ) GLOBAL_UNIT_ASSIGNED_CONTEXT ( ( #87, #1111, #504 ) ) REPRESENTATION_CONTEXT ( 'NONE', 'WORKASPACE' ) );
#646 = VERTEX_POINT ( 'NONE', #914 ) ;
#647 = MECHANICAL_DESIGN_GEOMETRIC_PRESENTATION_REPRESENTATION (  '', ( #1579 ), #868 ) ;
#648 = DIRECTION ( 'NONE',  ( -0.0000000000000000000, 1.000000000000000000, -0.0000000000000000000 ) ) ;
#649 = CARTESIAN_POINT ( 'NONE',  ( -0.5999999999999998700, 0.2500000000000000000, -0.4000000000000000200 ) ) ;
#650 = CARTESIAN_POINT ( 'NONE',  ( -0.7151670853811593600, 0.08080721548603052300, 0.4000000000000001300 ) ) ;
#651 = SURFACE_SIDE_STYLE ('',( #474 ) ) ;
#652 = PRESENTATION_STYLE_ASSIGNMENT (( #821 ) ) ;
#653 = CARTESIAN_POINT ( 'NONE',  ( -0.7150182098539538100, 0.08102419615482686600, 0.4000000000000000800 ) ) ;
#654 = SPHERICAL_SURFACE ( 'NONE', #1044, 0.3499999999999999200 ) ;
#655 = ORIENTED_EDGE ( 'NONE', *, *, #828, .T. ) ;
#656 =( GEOMETRIC_REPRESENTATION_CONTEXT ( 3 ) GLOBAL_UNCERTAINTY_ASSIGNED_CONTEXT ( ( #843 ) ) GLOBAL_UNIT_ASSIGNED_CONTEXT ( ( #1439, #1296, #970 ) ) REPRESENTATION_CONTEXT ( 'NONE', 'WORKASPACE' ) );
#657 = FILL_AREA_STYLE ('',( #806 ) ) ;
#658 = DIRECTION ( 'NONE',  ( 0.0000000000000000000, 1.000000000000000000, 0.0000000000000000000 ) ) ;
#659 = ORIENTED_EDGE ( 'NONE', *, *, #1517, .T. ) ;
#660 = CARTESIAN_POINT ( 'NONE',  ( -0.7192803697187292200, 0.08123721982962432700, 0.3998999999999999800 ) ) ;
#661 = VECTOR ( 'NONE', #1104, 1000.000000000000200 ) ;
#662 = UNCERTAINTY_MEASURE_WITH_UNIT (LENGTH_MEASURE( 1.000000000000000100E-005 ), #675, 'distance_accuracy_value', 'NONE');
#663 = DIRECTION ( 'NONE',  ( 0.0000000000000000000, 0.0000000000000000000, -1.000000000000000000 ) ) ;
#664 = SURFACE_STYLE_FILL_AREA ( #1672 ) ;
#665 = ORIENTED_EDGE ( 'NONE', *, *, #588, .F. ) ;
#666 = CARTESIAN_POINT ( 'NONE',  ( -0.7156418687126523400, 0.08061460915918210200, 0.3999000000000000300 ) ) ;
#667 = CARTESIAN_POINT ( 'NONE',  ( -0.2432895678366375800, 0.0000000000000000000, -0.3273121490149722400 ) ) ;
#668 = CARTESIAN_POINT ( 'NONE',  ( -0.7188732141612972400, 0.08066088065291764100, 0.4000000000000001300 ) ) ;
#669 = CARTESIAN_POINT ( 'NONE',  ( -0.7163085353793189300, 0.08128127582584876400, 0.3999000000000000300 ) ) ;
#670 = CARTESIAN_POINT ( 'NONE',  ( -0.7999999999999999300, -0.0001000000000000000000, 0.4000000000000000200 ) ) ;
#671 =( LENGTH_UNIT ( ) NAMED_UNIT ( * ) SI_UNIT ( .MILLI., .METRE. ) );
#672 = ADVANCED_FACE ( 'NONE', ( #715 ), #654, .T. ) ;
#673 = SURFACE_SIDE_STYLE ('',( #1688 ) ) ;
#674 = SURFACE_STYLE_USAGE ( .BOTH. , #1269 ) ;
#675 =( LENGTH_UNIT ( ) NAMED_UNIT ( * ) SI_UNIT ( .MILLI., .METRE. ) );
#676 = FILL_AREA_STYLE ('',( #985 ) ) ;
#677 = CARTESIAN_POINT ( 'NONE',  ( -0.7157733284622361800, 0.08194039412182270400, 0.4000000000000000800 ) ) ;
#678 = EDGE_CURVE ( 'NONE', #50, #464, #1215, .T. ) ;
#679 = CARTESIAN_POINT ( 'NONE',  ( -0.7179576828668754500, 0.08115055378368149500, 0.4000000000000000800 ) ) ;
#680 = CARTESIAN_POINT ( 'NONE',  ( -0.5000000000000000000, 0.0000000000000000000, 0.4000000000000000200 ) ) ;
#681 = FILL_AREA_STYLE_COLOUR ( '', #178 ) ;
#682 = CARTESIAN_POINT ( 'NONE',  ( -0.7191743185085058800, 0.08091023039719662200, 0.3999000000000001400 ) ) ;
#683 = CARTESIAN_POINT ( 'NONE',  ( -0.7163013680245657900, 0.08141455038504068200, 0.4000000000000000200 ) ) ;
#684 = STYLED_ITEM ( 'NONE', ( #1476 ), #1192 ) ;
#685 = VERTEX_POINT ( 'NONE', #698 ) ;
#686 = CARTESIAN_POINT ( 'NONE',  ( -0.7999999999999999300, -0.0001000000000000000000, 0.4000000000000000200 ) ) ;
#687 = PRESENTATION_LAYER_ASSIGNMENT (  '', '', ( #1349 ) ) ;
#688 = ORIENTED_EDGE ( 'NONE', *, *, #1415, .F. ) ;
#689 = FACE_OUTER_BOUND ( 'NONE', #989, .T. ) ;
#690 = EDGE_CURVE ( 'NONE', #1, #600, #277, .T. ) ;
#691 = MECHANICAL_DESIGN_GEOMETRIC_PRESENTATION_REPRESENTATION (  '', ( #1582 ), #1340 ) ;
#692 =( GEOMETRIC_REPRESENTATION_CONTEXT ( 3 ) GLOBAL_UNCERTAINTY_ASSIGNED_CONTEXT ( ( #468 ) ) GLOBAL_UNIT_ASSIGNED_CONTEXT ( ( #1167, #872, #1006 ) ) REPRESENTATION_CONTEXT ( 'NONE', 'WORKASPACE' ) );
#693 = CARTESIAN_POINT ( 'NONE',  ( -0.7179925688283127500, 0.08102419615482686600, 0.4000000000000000800 ) ) ;
#694 = CARTESIAN_POINT ( 'NONE',  ( 0.0000000000000000000, 0.5999999999999998700, 0.0000000000000000000 ) ) ;
#695 = EDGE_CURVE ( 'NONE', #531, #1674, #539, .T. ) ;
#696 =( LENGTH_UNIT ( ) NAMED_UNIT ( * ) SI_UNIT ( .MILLI., .METRE. ) );
#697 = UNCERTAINTY_MEASURE_WITH_UNIT (LENGTH_MEASURE( 1.000000000000000100E-005 ), #203, 'distance_accuracy_value', 'NONE');
#698 = CARTESIAN_POINT ( 'NONE',  ( -0.5999999999999998700, 0.2500000000000000000, 0.4000000000000000200 ) ) ;
#699 = CARTESIAN_POINT ( 'NONE',  ( -0.7192828943536780900, 0.08128127582584876400, 0.4000000000000000200 ) ) ;
#700 = FILL_AREA_STYLE_COLOUR ( '', #945 ) ;
#701 = ORIENTED_EDGE ( 'NONE', *, *, #1799, .T. ) ;
#702 = DIRECTION ( 'NONE',  ( -0.0000000000000000000, 1.000000000000000000, -0.0000000000000000000 ) ) ;
#703 = CARTESIAN_POINT ( 'NONE',  ( -0.7192804666982368600, 0.08132641726504369300, 0.3999000000000000300 ) ) ;
#704 = DIRECTION ( 'NONE',  ( -0.0000000000000000000, -0.0000000000000000000, -1.000000000000000000 ) ) ;
#705 = SURFACE_SIDE_STYLE ('',( #347 ) ) ;
#706 = PLANE ( 'NONE',  #1487 ) ;
#707 = SURFACE_SIDE_STYLE ('',( #792 ) ) ;
#708 = DIRECTION ( 'NONE',  ( 0.0000000000000000000, 0.0000000000000000000, 1.000000000000000000 ) ) ;
#709 = CARTESIAN_POINT ( 'NONE',  ( 0.8000000000000001600, 0.2500000000000003300, 0.4000000000000000200 ) ) ;
#710 = FILL_AREA_STYLE ('',( #392 ) ) ;
#711 = CARTESIAN_POINT ( 'NONE',  ( 0.7999999999999999300, -0.0001000000000000000000, 0.4000000000000000200 ) ) ;
#712 = DIRECTION ( 'NONE',  ( 0.0000000000000000000, -1.000000000000000000, 0.0000000000000000000 ) ) ;
#713 = CARTESIAN_POINT ( 'NONE',  ( -0.7156864993541423000, 0.08061699452415468900, 0.4000000000000000800 ) ) ;
#714 = PRODUCT_CONTEXT ( 'NONE', #1600, 'mechanical' ) ;
#715 = FACE_OUTER_BOUND ( 'NONE', #1222, .T. ) ;
#716 = CLOSED_SHELL ( 'NONE', ( #609, #158, #289, #314, #40, #1784 ) ) ;
#717 = COLOUR_RGB ( '',0.7529411764705882200, 0.7529411764705882200, 0.7529411764705882200 ) ;
#718 = COLOUR_RGB ( '',0.7529411764705882200, 0.7529411764705882200, 0.7529411764705882200 ) ;
#719 = DIRECTION ( 'NONE',  ( -1.000000000000000000, -1.355252715606880500E-016, 0.0000000000000000000 ) ) ;
#720 = COLOUR_RGB ( '',1.000000000000000000, 1.000000000000000000, 0.7529411764705882200 ) ;
#721 = PLANE ( 'NONE',  #29 ) ;
#722 = CARTESIAN_POINT ( 'NONE',  ( -0.2432895678366375800, 0.0000000000000000000, 0.3273121490149618600 ) ) ;
#723 =( GEOMETRIC_REPRESENTATION_CONTEXT ( 3 ) GLOBAL_UNCERTAINTY_ASSIGNED_CONTEXT ( ( #1818 ) ) GLOBAL_UNIT_ASSIGNED_CONTEXT ( ( #1442, #1880, #998 ) ) REPRESENTATION_CONTEXT ( 'NONE', 'WORKASPACE' ) );
#724 = DIRECTION ( 'NONE',  ( -1.717731970209936700E-012, 9.237767865367669700E-014, 1.000000000000000000 ) ) ;
#725 = CARTESIAN_POINT ( 'NONE',  ( -0.7184843454137162000, 0.08194010565348526500, 0.3999999999999999700 ) ) ;
#726 = VERTEX_POINT ( 'NONE', #851 ) ;
#727 = DIRECTION ( 'NONE',  ( -0.0000000000000000000, 0.0000000000000000000, -1.000000000000000000 ) ) ;
#728 = LINE ( 'NONE', #1243, #322 ) ;
#729 = CARTESIAN_POINT ( 'NONE',  ( -0.7155973196562568400, 0.08194529525437496700, 0.3998999999999999800 ) ) ;
#730 = CARTESIAN_POINT ( 'NONE',  ( -0.7192804666982368600, 0.08132641726504369300, 0.3999000000000000300 ) ) ;
#731 = ORIENTED_EDGE ( 'NONE', *, *, #1155, .T. ) ;
#732 = CARTESIAN_POINT ( 'NONE',  ( -0.7999999999999999300, -0.0001000000000000000000, -0.4000000000000000200 ) ) ;
#733 = CARTESIAN_POINT ( 'NONE',  ( -0.7183580845489944100, 0.08190450182774826300, 0.4000000000000000200 ) ) ;
#734 = ORIENTED_EDGE ( 'NONE', *, *, #1155, .F. ) ;
#735 = CARTESIAN_POINT ( 'NONE',  ( -0.7160140711151181700, 0.08072219141918918200, 0.4000000000000001900 ) ) ;
#736 = PRESENTATION_STYLE_ASSIGNMENT (( #1731 ) ) ;
#737 = FACE_OUTER_BOUND ( 'NONE', #1171, .T. ) ;
#738 = VECTOR ( 'NONE', #973, 1000.000000000000000 ) ;
#739 = DIRECTION ( 'NONE',  ( -0.0000000000000000000, -0.0000000000000000000, -1.000000000000000000 ) ) ;
#740 = SURFACE_STYLE_USAGE ( .BOTH. , #19 ) ;
#741 = CARTESIAN_POINT ( 'NONE',  ( -0.7150182098539538100, 0.08102419615482686600, 0.3999000000000000900 ) ) ;
#742 = ADVANCED_FACE ( 'NONE', ( #1393 ), #1863, .F. ) ;
#743 = CARTESIAN_POINT ( 'NONE',  ( -0.7182438110410777100, 0.08184128203238456900, 0.4000000000000001300 ) ) ;
#744 = MECHANICAL_DESIGN_GEOMETRIC_PRESENTATION_REPRESENTATION (  '', ( #791 ), #1867 ) ;
#745 = UNCERTAINTY_MEASURE_WITH_UNIT (LENGTH_MEASURE( 1.000000000000000100E-005 ), #232, 'distance_accuracy_value', 'NONE');
#746 = EDGE_CURVE ( 'NONE', #999, #353, #1359, .T. ) ;
#747 = PRODUCT_DEFINITION ( 'UNKNOWN', '', #1208, #856 ) ;
#748 = STYLED_ITEM ( 'NONE', ( #1532 ), #766 ) ;
#749 = EDGE_CURVE ( 'NONE', #1072, #318, #1497, .T. ) ;
#750 = CARTESIAN_POINT ( 'NONE',  ( -0.7187479890316280700, 0.08062165138142436700, 0.3998999999999999200 ) ) ;
#751 = CARTESIAN_POINT ( 'NONE',  ( -0.7180586215145530200, 0.08091076323032378400, 0.3999999999999999700 ) ) ;
#752 = CIRCLE ( 'NONE', #992, 0.3464101615137754600 ) ;
#753 = DIRECTION ( 'NONE',  ( -1.000000000000000000, 0.0000000000000000000, 0.0000000000000000000 ) ) ;
#754 = ORIENTED_EDGE ( 'NONE', *, *, #1587, .F. ) ;
#755 = ADVANCED_FACE ( 'NONE', ( #862 ), #1254, .T. ) ;
#756 = ORIENTED_EDGE ( 'NONE', *, *, #1295, .F. ) ;
#757 = CARTESIAN_POINT ( 'NONE',  ( -0.7187479890316280700, 0.08062165138142436700, 0.3999999999999999100 ) ) ;
#758 = PRESENTATION_STYLE_ASSIGNMENT (( #1100 ) ) ;
#759 =( NAMED_UNIT ( * ) PLANE_ANGLE_UNIT ( ) SI_UNIT ( $, .RADIAN. ) );
#760 = CARTESIAN_POINT ( 'NONE',  ( -0.7150837635608646700, 0.08165486273754495000, 0.3998999999999999800 ) ) ;
#761 = CARTESIAN_POINT ( 'NONE',  ( 2.570978074069704800E-017, 0.2500000000000002200, 0.4000000000000000200 ) ) ;
#762 = EDGE_CURVE ( 'NONE', #48, #909, #372, .T. ) ;
#763 = STYLED_ITEM ( 'NONE', ( #30 ), #1618 ) ;
#764 = CARTESIAN_POINT ( 'NONE',  ( -0.7186162276870113900, 0.08061460915918210200, 0.3999000000000000300 ) ) ;
#765 =( GEOMETRIC_REPRESENTATION_CONTEXT ( 3 ) GLOBAL_UNCERTAINTY_ASSIGNED_CONTEXT ( ( #480 ) ) GLOBAL_UNIT_ASSIGNED_CONTEXT ( ( #1616, #1343, #884 ) ) REPRESENTATION_CONTEXT ( 'NONE', 'WORKASPACE' ) );
#766 = MANIFOLD_SOLID_BREP ( 'Extrude3[1]', #1724 ) ;
#767 = AXIS2_PLACEMENT_3D ( 'NONE', #1414, #536, #663 ) ;
#768 = ADVANCED_FACE ( 'NONE', ( #1164 ), #1701, .F. ) ;
#769 = LINE ( 'NONE', #1149, #1495 ) ;
#770 = VERTEX_POINT ( 'NONE', #1389 ) ;
#771 = VECTOR ( 'NONE', #534, 1000.000000000000000 ) ;
#772 = LINE ( 'NONE', #544, #1657 ) ;
#773 = VERTEX_POINT ( 'NONE', #800 ) ;
#774 = CARTESIAN_POINT ( 'NONE',  ( -0.7183583547097602800, 0.08066009727953789300, 0.3998999999999998700 ) ) ;
#775 = ORIENTED_EDGE ( 'NONE', *, *, #596, .T. ) ;
#776 = LINE ( 'NONE', #988, #1541 ) ;
#777 = STYLED_ITEM ( 'NONE', ( #402 ), #1058 ) ;
#778 = ORIENTED_EDGE ( 'NONE', *, *, #115, .T. ) ;
#779 = B_SPLINE_SURFACE_WITH_KNOTS ( 'NONE', 3, 1, ( 
 ( #1080, #1229 ),
 ( #1357, #54 ),
 ( #1368, #624 ),
 ( #1789, #782 ),
 ( #1074, #751 ),
 ( #184, #443 ),
 ( #189, #1765 ),
 ( #774, #1226 ),
 ( #899, #1501 ),
 ( #580, #476 ),
 ( #1082, #28 ) ),
 .UNSPECIFIED., .F., .F., .F.,
 ( 4, 1, 1, 1, 1, 1, 1, 1, 4 ),
 ( 2, 2 ),
 ( 0.0000000000000000000, 0.1261777183170000600, 0.2488206074857937100, 0.3715399692351297700, 0.4999837069108900600, 0.6272441978753922100, 0.7492255210762826000, 0.8722979504176678900, 1.000000000000000000 ),
 ( 0.0000000000000000000, 1.000000000000000000 ),
 .UNSPECIFIED. ) ;
#780 = SURFACE_STYLE_FILL_AREA ( #1134 ) ;
#781 = PRESENTATION_STYLE_ASSIGNMENT (( #1694 ) ) ;
#782 = CARTESIAN_POINT ( 'NONE',  ( -0.7179925688283127500, 0.08102419615482686600, 0.4000000000000000800 ) ) ;
#783 = B_SPLINE_CURVE_WITH_KNOTS ( 'NONE', 3,
 ( #1232, #1334, #1043, #741, #1760, #160, #1191, #294, #467, #643, #794 ),
 .UNSPECIFIED., .F., .F.,
 ( 4, 1, 1, 1, 1, 1, 1, 1, 4 ),
 ( 0.0000000000000000000, 0.1261777183170000600, 0.2488206074857937100, 0.3715399692351297700, 0.4999837069108900600, 0.6272441978753922100, 0.7492255210762826000, 0.8722979504176678900, 1.000000000000000000 ),
 .UNSPECIFIED. ) ;
#784 =( LENGTH_UNIT ( ) NAMED_UNIT ( * ) SI_UNIT ( .MILLI., .METRE. ) );
#785 = VERTEX_POINT ( 'NONE', #359 ) ;
#786 = EDGE_LOOP ( 'NONE', ( #1608, #1107, #1071, #1181 ) ) ;
#787 = LINE ( 'NONE', #357, #1114 ) ;
#788 = EDGE_CURVE ( 'NONE', #464, #999, #501, .T. ) ;
#789 = CARTESIAN_POINT ( 'NONE',  ( -0.7155972702074134800, 0.08061708407494022600, 0.4000000000000000800 ) ) ;
#790 = MECHANICAL_DESIGN_GEOMETRIC_PRESENTATION_REPRESENTATION (  '', ( #684 ), #920 ) ;
#791 = STYLED_ITEM ( 'NONE', ( #1443 ), #149 ) ;
#792 = SURFACE_STYLE_FILL_AREA ( #1606 ) ;
#793 = VECTOR ( 'NONE', #104, 1000.000000000000000 ) ;
#794 = CARTESIAN_POINT ( 'NONE',  ( -0.7156418687126523400, 0.08061460915918210200, 0.3999000000000000300 ) ) ;
#795 = EDGE_CURVE ( 'NONE', #353, #50, #1122, .T. ) ;
#796 = MECHANICAL_DESIGN_GEOMETRIC_PRESENTATION_REPRESENTATION (  '', ( #183 ), #692 ) ;
#797 = EDGE_CURVE ( 'NONE', #423, #1288, #181, .T. ) ;
#798 = CARTESIAN_POINT ( 'NONE',  ( 0.4999999999999998900, -0.0001000000000000000000, -0.4000000000000000200 ) ) ;
#799 = DIRECTION ( 'NONE',  ( 0.0000000000000000000, 0.0000000000000000000, -1.000000000000000000 ) ) ;
#800 = CARTESIAN_POINT ( 'NONE',  ( 2.143131898507867700E-017, 0.9499999999999997300, 0.0000000000000000000 ) ) ;
#801 = LINE ( 'NONE', #387, #43 ) ;
#802 = SURFACE_STYLE_USAGE ( .BOTH. , #954 ) ;
#803 = VERTEX_POINT ( 'NONE', #649 ) ;
#804 = LINE ( 'NONE', #1683, #1498 ) ;
#805 = EDGE_LOOP ( 'NONE', ( #1430, #89, #1783, #597 ) ) ;
#806 = FILL_AREA_STYLE_COLOUR ( '', #292 ) ;
#807 = DIRECTION ( 'NONE',  ( -0.0000000000000000000, -0.0000000000000000000, -1.000000000000000000 ) ) ;
#808 =( LENGTH_UNIT ( ) NAMED_UNIT ( * ) SI_UNIT ( .MILLI., .METRE. ) );
#809 = UNCERTAINTY_MEASURE_WITH_UNIT (LENGTH_MEASURE( 1.000000000000000100E-005 ), #251, 'distance_accuracy_value', 'NONE');
#810 = VERTEX_POINT ( 'NONE', #1538 ) ;
#811 =( GEOMETRIC_REPRESENTATION_CONTEXT ( 3 ) GLOBAL_UNCERTAINTY_ASSIGNED_CONTEXT ( ( #1445 ) ) GLOBAL_UNIT_ASSIGNED_CONTEXT ( ( #252, #550, #1410 ) ) REPRESENTATION_CONTEXT ( 'NONE', 'WORKASPACE' ) );
#812 = ORIENTED_EDGE ( 'NONE', *, *, #644, .F. ) ;
#813 = VERTEX_POINT ( 'NONE', #336 ) ;
#814 =( NAMED_UNIT ( * ) SI_UNIT ( $, .STERADIAN. ) SOLID_ANGLE_UNIT ( ) );
#815 = SURFACE_SIDE_STYLE ('',( #61 ) ) ;
#816 = CARTESIAN_POINT ( 'NONE',  ( -0.7156864486030040100, 0.08194538273153245700, 0.3998999999999999800 ) ) ;
#817 =( LENGTH_UNIT ( ) NAMED_UNIT ( * ) SI_UNIT ( .MILLI., .METRE. ) );
#818 = CARTESIAN_POINT ( 'NONE',  ( -0.7999999999999999300, -1.182404828777903200, 0.4000000000000000200 ) ) ;
#819 = DIRECTION ( 'NONE',  ( -0.0000000000000000000, 0.0000000000000000000, -1.000000000000000000 ) ) ;
#820 =( LENGTH_UNIT ( ) NAMED_UNIT ( * ) SI_UNIT ( .MILLI., .METRE. ) );
#821 = SURFACE_STYLE_USAGE ( .BOTH. , #705 ) ;
#822 = CARTESIAN_POINT ( 'NONE',  ( -0.7162004494596364600, 0.08165539049184621100, 0.3998999999999998700 ) ) ;
#823 = PRESENTATION_STYLE_ASSIGNMENT (( #1418 ) ) ;
#824 = PLANE ( 'NONE',  #329 ) ;
#825 = DIRECTION ( 'NONE',  ( 0.0000000000000000000, 0.0000000000000000000, -1.000000000000000000 ) ) ;
#826 = AXIS2_PLACEMENT_3D ( 'NONE', #519, #1141, #819 ) ;
#827 = VECTOR ( 'NONE', #833, 1000.000000000000000 ) ;
#828 = EDGE_CURVE ( 'NONE', #803, #1388, #313, .T. ) ;
#829 = ORIENTED_EDGE ( 'NONE', *, *, #31, .T. ) ;
#830 =( GEOMETRIC_REPRESENTATION_CONTEXT ( 3 ) GLOBAL_UNCERTAINTY_ASSIGNED_CONTEXT ( ( #13 ) ) GLOBAL_UNIT_ASSIGNED_CONTEXT ( ( #1305, #405, #554 ) ) REPRESENTATION_CONTEXT ( 'NONE', 'WORKASPACE' ) );
#831 =( NAMED_UNIT ( * ) PLANE_ANGLE_UNIT ( ) SI_UNIT ( $, .RADIAN. ) );
#832 = DIRECTION ( 'NONE',  ( -0.0000000000000000000, -0.0000000000000000000, -1.000000000000000000 ) ) ;
#833 = DIRECTION ( 'NONE',  ( 0.0000000000000000000, -1.000000000000000000, 0.0000000000000000000 ) ) ;
#834 = EDGE_CURVE ( 'NONE', #975, #891, #1045, .T. ) ;
#835 = CARTESIAN_POINT ( 'NONE',  ( -0.7186162276870113900, 0.08061460915918210200, 0.4000000000000000200 ) ) ;
#836 = CARTESIAN_POINT ( 'NONE',  ( -0.7186162276870113900, 0.08194794249251544100, 0.3999000000000000300 ) ) ;
#837 = CARTESIAN_POINT ( 'NONE',  ( -0.7192804666982368600, 0.08132641726504369300, 0.4000000000000000200 ) ) ;
#838 = SURFACE_STYLE_FILL_AREA ( #334 ) ;
#839 = CARTESIAN_POINT ( 'NONE',  ( -0.7182438362036514000, 0.08072277921035464500, 0.4000000000000000200 ) ) ;
#840 = DIRECTION ( 'NONE',  ( -1.717731970204035200E-012, 9.237767865335932300E-014, 1.000000000000000000 ) ) ;
#841 = CARTESIAN_POINT ( 'NONE',  ( -0.7999999999999999300, 0.2500000000000001100, 0.4000000000000000200 ) ) ;
#842 = CARTESIAN_POINT ( 'NONE',  ( -0.7191743185085058800, 0.08091023039719662200, 0.4000000000000001300 ) ) ;
#843 = UNCERTAINTY_MEASURE_WITH_UNIT (LENGTH_MEASURE( 1.000000000000000100E-005 ), #1439, 'distance_accuracy_value', 'NONE');
#844 = CARTESIAN_POINT ( 'NONE',  ( -0.7158991331257880100, 0.08190373032254118200, 0.4000000000000000800 ) ) ;
#845 = LINE ( 'NONE', #427, #310 ) ;
#846 = CARTESIAN_POINT ( 'NONE',  ( -0.7192828943536780900, 0.08128127582584876400, 0.4000000000000000200 ) ) ;
#847 = CARTESIAN_POINT ( 'NONE',  ( -0.7163013680245657900, 0.08141455038504068200, 0.4000000000000000200 ) ) ;
#848 = CARTESIAN_POINT ( 'NONE',  ( 0.8000000000000001600, 0.2500000000000003300, 0.4000000000000000200 ) ) ;
#849 = CARTESIAN_POINT ( 'NONE',  ( -0.7192373826326351500, 0.08154071977356043600, 0.3999000000000000900 ) ) ;
#850 = CARTESIAN_POINT ( 'NONE',  ( -0.7191743185085058800, 0.08091023039719662200, 0.4000000000000001300 ) ) ;
#851 = CARTESIAN_POINT ( 'NONE',  ( -0.7149752020459856400, 0.08128127582584876400, 0.4000000000000000200 ) ) ;
#852 = CARTESIAN_POINT ( 'NONE',  ( -0.7162004494596364600, 0.08165539049184621100, 0.3998999999999998700 ) ) ;
#853 = CARTESIAN_POINT ( 'NONE',  ( -0.7163060107443701700, 0.08123721982962432700, 0.3999999999999999700 ) ) ;
#854 = ORIENTED_EDGE ( 'NONE', *, *, #834, .T. ) ;
#855 = DIRECTION ( 'NONE',  ( 0.0000000000000000000, 1.000000000000000000, -0.0000000000000000000 ) ) ;
#856 = PRODUCT_DEFINITION_CONTEXT ( 'detailed design', #1020, 'design' ) ;
#857 = EDGE_CURVE ( 'NONE', #1194, #608, #470, .T. ) ;
#858 = DIRECTION ( 'NONE',  ( -0.0000000000000000000, -0.0000000000000000000, 1.000000000000000000 ) ) ;
#859 = DIRECTION ( 'NONE',  ( -0.0000000000000000000, 1.000000000000000000, -0.0000000000000000000 ) ) ;
#860 = VECTOR ( 'NONE', #1142, 1000.000000000000000 ) ;
#861 = CARTESIAN_POINT ( 'NONE',  ( -0.7190908020020186900, 0.08080737292657785800, 0.3998999999999999200 ) ) ;
#862 = FACE_OUTER_BOUND ( 'NONE', #639, .T. ) ;
#863 = CARTESIAN_POINT ( 'NONE',  ( -0.7192828943536780900, 0.08128127582584876400, 0.3999000000000000300 ) ) ;
#864 = AXIS2_PLACEMENT_3D ( 'NONE', #1585, #702, #1716 ) ;
#865 = CARTESIAN_POINT ( 'NONE',  ( 2.570978074069704800E-017, 0.2500000000000002200, -0.4000000000000000200 ) ) ;
#866 = PLANE ( 'NONE',  #1259 ) ;
#867 = ORIENTED_EDGE ( 'NONE', *, *, #1290, .T. ) ;
#868 =( GEOMETRIC_REPRESENTATION_CONTEXT ( 3 ) GLOBAL_UNCERTAINTY_ASSIGNED_CONTEXT ( ( #1227 ) ) GLOBAL_UNIT_ASSIGNED_CONTEXT ( ( #506, #1417, #814 ) ) REPRESENTATION_CONTEXT ( 'NONE', 'WORKASPACE' ) );
#869 = ORIENTED_EDGE ( 'NONE', *, *, #1047, .F. ) ;
#870 = DIRECTION ( 'NONE',  ( 0.0000000000000000000, -1.000000000000000000, 0.0000000000000000000 ) ) ;
#871 = CARTESIAN_POINT ( 'NONE',  ( -0.7191748084339955000, 0.08165539049184621100, 0.3999999999999998600 ) ) ;
#872 =( NAMED_UNIT ( * ) PLANE_ANGLE_UNIT ( ) SI_UNIT ( $, .RADIAN. ) );
#873 = DIRECTION ( 'NONE',  ( 1.000000000000000000, 1.355252715606880500E-016, 0.0000000000000000000 ) ) ;
#874 = DIRECTION ( 'NONE',  ( -1.355252715606880500E-016, 0.0000000000000000000, -1.000000000000000000 ) ) ;
#875 = CARTESIAN_POINT ( 'NONE',  ( -0.7150182907560015400, 0.08154150066043372400, 0.4000000000000001300 ) ) ;
#876 = ORIENTED_EDGE ( 'NONE', *, *, #453, .T. ) ;
#877 = ORIENTED_EDGE ( 'NONE', *, *, #1415, .T. ) ;
#878 = CARTESIAN_POINT ( 'NONE',  ( -0.7183580845489944100, 0.08190450182774826300, 0.4000000000000000200 ) ) ;
#879 = FILL_AREA_STYLE_COLOUR ( '', #1324 ) ;
#880 = CARTESIAN_POINT ( 'NONE',  ( -0.7192828943536780900, 0.08128127582584876400, 0.3999000000000000300 ) ) ;
#881 = DIRECTION ( 'NONE',  ( -0.0000000000000000000, -0.0000000000000000000, 1.000000000000000000 ) ) ;
#882 = ADVANCED_FACE ( 'NONE', ( #91 ), #1224, .T. ) ;
#883 = CARTESIAN_POINT ( 'NONE',  ( -0.7184843454137162000, 0.08194010565348526500, 0.3998999999999999800 ) ) ;
#884 =( NAMED_UNIT ( * ) SI_UNIT ( $, .STERADIAN. ) SOLID_ANGLE_UNIT ( ) );
#885 = CARTESIAN_POINT ( 'NONE',  ( 0.4999999999999998900, 0.0000000000000000000, -0.4000000000000000200 ) ) ;
#886 = CARTESIAN_POINT ( 'NONE',  ( -0.7192757269989249500, 0.08141455038504068200, 0.3999000000000000300 ) ) ;
#887 = PLANE ( 'NONE',  #328 ) ;
#888 = FILL_AREA_STYLE ('',( #1607 ) ) ;
#889 = CARTESIAN_POINT ( 'NONE',  ( -0.7156418687126523400, 0.08061460915918210200, 0.3999000000000000300 ) ) ;
#890 = UNCERTAINTY_MEASURE_WITH_UNIT (LENGTH_MEASURE( 1.000000000000000100E-005 ), #508, 'distance_accuracy_value', 'NONE');
#891 = VERTEX_POINT ( 'NONE', #1527 ) ;
#892 = ADVANCED_FACE ( 'NONE', ( #1101 ), #955, .F. ) ;
#893 =( NAMED_UNIT ( * ) SI_UNIT ( $, .STERADIAN. ) SOLID_ANGLE_UNIT ( ) );
#894 = FILL_AREA_STYLE ('',( #612 ) ) ;
#895 = CARTESIAN_POINT ( 'NONE',  ( -0.7180581225352239400, 0.08165486273754495000, 0.3998999999999999800 ) ) ;
#896 = CARTESIAN_POINT ( 'NONE',  ( -0.7163060107443701700, 0.08123721982962432700, 0.3998999999999999800 ) ) ;
#897 = ORIENTED_EDGE ( 'NONE', *, *, #198, .F. ) ;
#898 = CARTESIAN_POINT ( 'NONE',  ( -0.7186608583285015700, 0.08061699452415468900, 0.3999000000000000900 ) ) ;
#899 = CARTESIAN_POINT ( 'NONE',  ( -0.7184840490141195500, 0.08062194418260215700, 0.3999000000000000900 ) ) ;
#900 = ADVANCED_FACE ( 'NONE', ( #1446 ), #824, .T. ) ;
#901 = CARTESIAN_POINT ( 'NONE',  ( -0.7155973196562568400, 0.08194529525437496700, 0.3999999999999999700 ) ) ;
#902 = EDGE_CURVE ( 'NONE', #770, #726, #1257, .T. ) ;
#903 = AXIS2_PLACEMENT_3D ( 'NONE', #1627, #1654, #585 ) ;
#904 = CARTESIAN_POINT ( 'NONE',  ( -0.7189884300894772200, 0.08072219141918918200, 0.4000000000000001900 ) ) ;
#905 = PRESENTATION_LAYER_ASSIGNMENT (  '', '', ( #516 ) ) ;
#906 = EDGE_CURVE ( 'NONE', #326, #1722, #1507, .T. ) ;
#907 = STYLED_ITEM ( 'NONE', ( #1283 ), #1626 ) ;
#908 = AXIS2_PLACEMENT_3D ( 'NONE', #90, #217, #632 ) ;
#909 = VERTEX_POINT ( 'NONE', #513 ) ;
#910 = ADVANCED_FACE ( 'NONE', ( #1837 ), #1463, .F. ) ;
#911 = CARTESIAN_POINT ( 'NONE',  ( -0.7150837635608646700, 0.08165486273754495000, 0.3999999999999999700 ) ) ;
#912 = VECTOR ( 'NONE', #1725, 1000.000000000000000 ) ;
#913 = UNCERTAINTY_MEASURE_WITH_UNIT (LENGTH_MEASURE( 1.000000000000000100E-005 ), #696, 'distance_accuracy_value', 'NONE');
#914 = CARTESIAN_POINT ( 'NONE',  ( -0.7186162276870113900, 0.08061460915918210200, 0.4000000000000000200 ) ) ;
#915 = ORIENTED_EDGE ( 'NONE', *, *, #1771, .T. ) ;
#916 = ADVANCED_FACE ( 'NONE', ( #280 ), #1266, .T. ) ;
#917 = FACE_OUTER_BOUND ( 'NONE', #420, .T. ) ;
#918 = ORIENTED_EDGE ( 'NONE', *, *, #1631, .T. ) ;
#919 = EDGE_LOOP ( 'NONE', ( #498, #997, #1478, #349 ) ) ;
#920 =( GEOMETRIC_REPRESENTATION_CONTEXT ( 3 ) GLOBAL_UNCERTAINTY_ASSIGNED_CONTEXT ( ( #610 ) ) GLOBAL_UNIT_ASSIGNED_CONTEXT ( ( #1698, #1841, #977 ) ) REPRESENTATION_CONTEXT ( 'NONE', 'WORKASPACE' ) );
#921 = CARTESIAN_POINT ( 'NONE',  ( -0.7192828943536780900, 0.08128127582584876400, 0.3999000000000000300 ) ) ;
#922 = PRESENTATION_STYLE_ASSIGNMENT (( #1004 ) ) ;
#923 = FILL_AREA_STYLE_COLOUR ( '', #307 ) ;
#924 = MECHANICAL_DESIGN_GEOMETRIC_PRESENTATION_REPRESENTATION (  '', ( #777 ), #1504 ) ;
#925 = ORIENTED_EDGE ( 'NONE', *, *, #70, .F. ) ;
#926 = ORIENTED_EDGE ( 'NONE', *, *, #31, .F. ) ;
#927 = EDGE_CURVE ( 'NONE', #949, #1462, #1714, .T. ) ;
#928 = MECHANICAL_DESIGN_GEOMETRIC_PRESENTATION_REPRESENTATION (  '', ( #991 ), #1468 ) ;
#929 = PRESENTATION_LAYER_ASSIGNMENT (  '', '', ( #183 ) ) ;
#930 = EDGE_CURVE ( 'NONE', #1118, #975, #1656, .T. ) ;
#931 = DIRECTION ( 'NONE',  ( -0.0000000000000000000, -0.0000000000000000000, -1.000000000000000000 ) ) ;
#932 = CARTESIAN_POINT ( 'NONE',  ( 0.7999999999999999300, -0.0001000000000000000000, 0.4000000000000000200 ) ) ;
#933 =( LENGTH_UNIT ( ) NAMED_UNIT ( * ) SI_UNIT ( .MILLI., .METRE. ) );
#934 = FACE_OUTER_BOUND ( 'NONE', #1645, .T. ) ;
#935 = CARTESIAN_POINT ( 'NONE',  ( 0.3236317041918410100, 0.0000000000000000000, 0.0000000000000000000 ) ) ;
#936 = ORIENTED_EDGE ( 'NONE', *, *, #481, .T. ) ;
#937 = CARTESIAN_POINT ( 'NONE',  ( -0.7999999999999999300, -0.0001000000000000000000, 0.4000000000000000200 ) ) ;
#938 = ORIENTED_EDGE ( 'NONE', *, *, #906, .T. ) ;
#939 = SURFACE_SIDE_STYLE ('',( #838 ) ) ;
#940 = EDGE_CURVE ( 'NONE', #891, #318, #634, .T. ) ;
#941 = CARTESIAN_POINT ( 'NONE',  ( -0.7151670853811593600, 0.08080721548603052300, 0.3999000000000001400 ) ) ;
#942 = COLOUR_RGB ( '',1.000000000000000000, 1.000000000000000000, 0.7529411764705882200 ) ;
#943 = PRESENTATION_LAYER_ASSIGNMENT (  '', '', ( #1247 ) ) ;
#944 =( GEOMETRIC_REPRESENTATION_CONTEXT ( 3 ) GLOBAL_UNCERTAINTY_ASSIGNED_CONTEXT ( ( #514 ) ) GLOBAL_UNIT_ASSIGNED_CONTEXT ( ( #1759, #63, #974 ) ) REPRESENTATION_CONTEXT ( 'NONE', 'WORKASPACE' ) );
#945 = COLOUR_RGB ( '',0.7529411764705882200, 0.7529411764705882200, 0.7529411764705882200 ) ;
#946 = FACE_OUTER_BOUND ( 'NONE', #581, .T. ) ;
#947 = CARTESIAN_POINT ( 'NONE',  ( -0.2432895678366375800, -0.0001000000000000000000, -0.3273121490149722400 ) ) ;
#948 = ORIENTED_EDGE ( 'NONE', *, *, #1420, .T. ) ;
#949 = VERTEX_POINT ( 'NONE', #764 ) ;
#950 = CARTESIAN_POINT ( 'NONE',  ( -0.7153839957354011200, 0.08066009727953789300, 0.3999999999999998600 ) ) ;
#951 = UNCERTAINTY_MEASURE_WITH_UNIT (LENGTH_MEASURE( 1.000000000000000100E-005 ), #817, 'distance_accuracy_value', 'NONE');
#952 = SURFACE_STYLE_FILL_AREA ( #1522 ) ;
#953 = CARTESIAN_POINT ( 'NONE',  ( -0.7186162276870113900, 0.08194794249251544100, 0.3999000000000000300 ) ) ;
#954 = SURFACE_SIDE_STYLE ('',( #159 ) ) ;
#955 = PLANE ( 'NONE',  #908 ) ;
#956 = PRESENTATION_LAYER_ASSIGNMENT (  '', '', ( #777 ) ) ;
#957 = CARTESIAN_POINT ( 'NONE',  ( -0.7186162276870113900, 0.08061460915918210200, 0.4000000000000000200 ) ) ;
#958 = SURFACE_STYLE_USAGE ( .BOTH. , #1261 ) ;
#959 = CARTESIAN_POINT ( 'NONE',  ( 0.0000000000000000000, 0.5999999999999998700, 0.0000000000000000000 ) ) ;
#960 = VECTOR ( 'NONE', #704, 1000.000000000000000 ) ;
#961 = SURFACE_STYLE_FILL_AREA ( #42 ) ;
#962 = CARTESIAN_POINT ( 'NONE',  ( -0.7160140958804804800, 0.08184186793822186000, 0.3998999999999999200 ) ) ;
#963 = DIRECTION ( 'NONE',  ( -0.0000000000000000000, -0.0000000000000000000, 1.000000000000000000 ) ) ;
#964 = ORIENTED_EDGE ( 'NONE', *, *, #250, .F. ) ;
#965 = ADVANCED_FACE ( 'NONE', ( #1361 ), #1274, .T. ) ;
#966 = LINE ( 'NONE', #1452, #579 ) ;
#967 = CARTESIAN_POINT ( 'NONE',  ( -0.5000000000000000000, 0.0000000000000000000, 0.4000000000000000200 ) ) ;
#968 = CARTESIAN_POINT ( 'NONE',  ( 0.3236317041918410100, -0.0001000000000000000000, 0.0000000000000000000 ) ) ;
#969 = SURFACE_STYLE_USAGE ( .BOTH. , #1133 ) ;
#970 =( NAMED_UNIT ( * ) SI_UNIT ( $, .STERADIAN. ) SOLID_ANGLE_UNIT ( ) );
#971 = VECTOR ( 'NONE', #1187, 1000.000000000000000 ) ;
#972 = CARTESIAN_POINT ( 'NONE',  ( -0.2432895678366375800, -0.0001000000000000000000, -0.3273121490149722400 ) ) ;
#973 = DIRECTION ( 'NONE',  ( -1.000000000000000000, -0.0000000000000000000, -0.0000000000000000000 ) ) ;
#974 =( NAMED_UNIT ( * ) SI_UNIT ( $, .STERADIAN. ) SOLID_ANGLE_UNIT ( ) );
#975 = VERTEX_POINT ( 'NONE', #455 ) ;
#976 = FILL_AREA_STYLE_COLOUR ( '', #720 ) ;
#977 =( NAMED_UNIT ( * ) SI_UNIT ( $, .STERADIAN. ) SOLID_ANGLE_UNIT ( ) );
#978 = CARTESIAN_POINT ( 'NONE',  ( -0.7186162276870113900, 0.08194794249251544100, 0.4000000000000000200 ) ) ;
#979 =( NAMED_UNIT ( * ) PLANE_ANGLE_UNIT ( ) SI_UNIT ( $, .RADIAN. ) );
#980 = B_SPLINE_CURVE_WITH_KNOTS ( 'NONE', 3,
 ( #1214, #460, #757, #1767, #904, #35, #850, #254, #1304, #1843, #244 ),
 .UNSPECIFIED., .F., .F.,
 ( 4, 1, 1, 1, 1, 1, 1, 1, 4 ),
 ( 0.0000000000000000000, 0.1277566033101171000, 0.2494143553365074100, 0.3727964764553862200, 0.5001113325158641500, 0.6286099407650834700, 0.7506433738258050400, 0.8737683791425253600, 1.000000000000000000 ),
 .UNSPECIFIED. ) ;
#981 = EDGE_CURVE ( 'NONE', #646, #325, #980, .T. ) ;
#982 = CARTESIAN_POINT ( 'NONE',  ( -0.7183583547097602800, 0.08066009727953789300, 0.3999999999999998600 ) ) ;
#983 = SURFACE_SIDE_STYLE ('',( #98 ) ) ;
#984 = CARTESIAN_POINT ( 'NONE',  ( -0.7188734921001472800, 0.08190373032254118200, 0.3999000000000000900 ) ) ;
#985 = FILL_AREA_STYLE_COLOUR ( '', #717 ) ;
#986 = CARTESIAN_POINT ( 'NONE',  ( -0.7180581225352239400, 0.08165486273754495000, 0.3998999999999999800 ) ) ;
#987 =( GEOMETRIC_REPRESENTATION_CONTEXT ( 3 ) GLOBAL_UNCERTAINTY_ASSIGNED_CONTEXT ( ( #1308 ) ) GLOBAL_UNIT_ASSIGNED_CONTEXT ( ( #52, #323, #1508 ) ) REPRESENTATION_CONTEXT ( 'NONE', 'WORKASPACE' ) );
#988 = CARTESIAN_POINT ( 'NONE',  ( -0.7999999999999999300, -0.0001000000000000000000, 0.4000000000000000200 ) ) ;
#989 = EDGE_LOOP ( 'NONE', ( #1650, #559, #360, #180 ) ) ;
#990 = EDGE_CURVE ( 'NONE', #537, #891, #1556, .T. ) ;
#991 = STYLED_ITEM ( 'NONE', ( #736 ), #1628 ) ;
#992 = AXIS2_PLACEMENT_3D ( 'NONE', #1411, #1574, #390 ) ;
#993 = CARTESIAN_POINT ( 'NONE',  ( -0.7186608075773630600, 0.08194538273153245700, 0.3998999999999999800 ) ) ;
#994 = EDGE_CURVE ( 'NONE', #1881, #1592, #752, .T. ) ;
#995 = DIRECTION ( 'NONE',  ( -0.0000000000000000000, 1.000000000000000000, -0.0000000000000000000 ) ) ;
#996 = PLANE ( 'NONE',  #622 ) ;
#997 = ORIENTED_EDGE ( 'NONE', *, *, #1051, .F. ) ;
#998 =( NAMED_UNIT ( * ) SI_UNIT ( $, .STERADIAN. ) SOLID_ANGLE_UNIT ( ) );
#999 = VERTEX_POINT ( 'NONE', #1642 ) ;
#1000 = CARTESIAN_POINT ( 'NONE',  ( -0.7163085353793189300, 0.08128127582584876400, 0.4000000000000000200 ) ) ;
#1001 = FACE_OUTER_BOUND ( 'NONE', #1659, .T. ) ;
#1002 = CARTESIAN_POINT ( 'NONE',  ( -0.7156418687126523400, 0.08194794249251544100, 0.3999000000000000300 ) ) ;
#1003 = DIRECTION ( 'NONE',  ( 1.000000000000000000, 0.0000000000000000000, 1.717731970204035200E-012 ) ) ;
#1004 = SURFACE_STYLE_USAGE ( .BOTH. , #1438 ) ;
#1005 = FILL_AREA_STYLE ('',( #1781 ) ) ;
#1006 =( NAMED_UNIT ( * ) SI_UNIT ( $, .STERADIAN. ) SOLID_ANGLE_UNIT ( ) );
#1007 = DIRECTION ( 'NONE',  ( -0.0000000000000000000, 0.0000000000000000000, 1.000000000000000000 ) ) ;
#1008 = CARTESIAN_POINT ( 'NONE',  ( -0.7180586215145530200, 0.08091076323032378400, 0.3998999999999999800 ) ) ;
#1009 = SURFACE_STYLE_FILL_AREA ( #398 ) ;
#1010 = CLOSED_SHELL ( 'NONE', ( #672, #1321, #910 ) ) ;
#1011 = ORIENTED_EDGE ( 'NONE', *, *, #195, .T. ) ;
#1012 = CARTESIAN_POINT ( 'NONE',  ( -0.7150837635608646700, 0.08165486273754495000, 0.3998999999999999800 ) ) ;
#1013 =( NAMED_UNIT ( * ) SI_UNIT ( $, .STERADIAN. ) SOLID_ANGLE_UNIT ( ) );
#1014 = CARTESIAN_POINT ( 'NONE',  ( -0.7186162276870113900, 0.08061460915918210200, 0.3999000000000000300 ) ) ;
#1015 = FILL_AREA_STYLE ('',( #1730 ) ) ;
#1016 = CARTESIAN_POINT ( 'NONE',  ( -0.7160140958804804800, 0.08184186793822186000, 0.3998999999999999200 ) ) ;
#1017 =( NAMED_UNIT ( * ) SI_UNIT ( $, .STERADIAN. ) SOLID_ANGLE_UNIT ( ) );
#1018 = CARTESIAN_POINT ( 'NONE',  ( -0.7185716786306158800, 0.08194529525437496700, 0.3999999999999999700 ) ) ;
#1019 = CARTESIAN_POINT ( 'NONE',  ( -0.7162631032663822100, 0.08102497736046944400, 0.3999999999999999700 ) ) ;
#1020 = APPLICATION_CONTEXT ( 'automotive_design' ) ;
#1021 = CARTESIAN_POINT ( 'NONE',  ( -0.7180581225352239400, 0.08165486273754495000, 0.3999999999999999700 ) ) ;
#1022 = CARTESIAN_POINT ( 'NONE',  ( -0.7192373826326351500, 0.08154071977356043600, 0.4000000000000000800 ) ) ;
#1023 = LINE ( 'NONE', #1766, #1301 ) ;
#1024 =( GEOMETRIC_REPRESENTATION_CONTEXT ( 3 ) GLOBAL_UNCERTAINTY_ASSIGNED_CONTEXT ( ( #890 ) ) GLOBAL_UNIT_ASSIGNED_CONTEXT ( ( #508, #222, #487 ) ) REPRESENTATION_CONTEXT ( 'NONE', 'WORKASPACE' ) );
#1025 = SURFACE_SIDE_STYLE ('',( #583 ) ) ;
#1026 =( NAMED_UNIT ( * ) PLANE_ANGLE_UNIT ( ) SI_UNIT ( $, .RADIAN. ) );
#1027 = ORIENTED_EDGE ( 'NONE', *, *, #762, .T. ) ;
#1028 =( NAMED_UNIT ( * ) SI_UNIT ( $, .STERADIAN. ) SOLID_ANGLE_UNIT ( ) );
#1029 = SURFACE_STYLE_FILL_AREA ( #710 ) ;
#1030 = VECTOR ( 'NONE', #1437, 1000.000000000000000 ) ;
#1031 = MANIFOLD_SOLID_BREP ( 'Extrude2', #1511 ) ;
#1032 = EDGE_LOOP ( 'NONE', ( #1850, #688, #1369, #312 ) ) ;
#1033 = CARTESIAN_POINT ( 'NONE',  ( -0.7153837255746351400, 0.08190450182774826300, 0.3999000000000000300 ) ) ;
#1034 = FILL_AREA_STYLE ('',( #282 ) ) ;
#1035 = SPHERICAL_SURFACE ( 'NONE', #299, 0.3499999999999999200 ) ;
#1036 = CARTESIAN_POINT ( 'NONE',  ( -0.7156864993541423000, 0.08061699452415468900, 0.4000000000000000800 ) ) ;
#1037 = ADVANCED_FACE ( 'NONE', ( #1801 ), #130, .F. ) ;
#1038 = SURFACE_STYLE_USAGE ( .BOTH. , #573 ) ;
#1039 = VECTOR ( 'NONE', #648, 1000.000000000000000 ) ;
#1040 = CARTESIAN_POINT ( 'NONE',  ( -0.7158988551869381900, 0.08066088065291764100, 0.4000000000000001300 ) ) ;
#1041 = VERTEX_POINT ( 'NONE', #238 ) ;
#1042 = PLANE ( 'NONE',  #1740 ) ;
#1043 = CARTESIAN_POINT ( 'NONE',  ( -0.7149833238925161800, 0.08115055378368149500, 0.3999000000000000900 ) ) ;
#1044 = AXIS2_PLACEMENT_3D ( 'NONE', #1488, #1638, #388 ) ;
#1045 = LINE ( 'NONE', #935, #1681 ) ;
#1046 = CARTESIAN_POINT ( 'NONE',  ( 0.5000000000000000000, 0.0000000000000000000, 0.4000000000000000200 ) ) ;
#1047 = EDGE_CURVE ( 'NONE', #81, #1467, #769, .T. ) ;
#1048 = AXIS2_PLACEMENT_3D ( 'NONE', #101, #708, #135 ) ;
#1049 = STYLED_ITEM ( 'NONE', ( #457 ), #755 ) ;
#1050 = ADVANCED_FACE ( 'NONE', ( #216 ), #18, .T. ) ;
#1051 = EDGE_CURVE ( 'NONE', #1, #1299, #1453, .T. ) ;
#1052 = SURFACE_SIDE_STYLE ('',( #16 ) ) ;
#1053 = FILL_AREA_STYLE_COLOUR ( '', #1804 ) ;
#1054 = SURFACE_STYLE_FILL_AREA ( #1152 ) ;
#1055 = CIRCLE ( 'NONE', #1231, 0.3499999999999999200 ) ;
#1056 = ORIENTED_EDGE ( 'NONE', *, *, #1483, .F. ) ;
#1057 = CARTESIAN_POINT ( 'NONE',  ( -0.7150182907560015400, 0.08154150066043372400, 0.3999000000000001400 ) ) ;
#1058 = MANIFOLD_SOLID_BREP ( 'Extrude3[3]', #716 ) ;
#1059 = CARTESIAN_POINT ( 'NONE',  ( -0.7149752020459856400, 0.08128127582584876400, 0.4000000000000000200 ) ) ;
#1060 = ORIENTED_EDGE ( 'NONE', *, *, #1515, .T. ) ;
#1061 = ORIENTED_EDGE ( 'NONE', *, *, #70, .T. ) ;
#1062 = CARTESIAN_POINT ( 'NONE',  ( -0.7149778452770922900, 0.08132634347748060600, 0.3999000000000000300 ) ) ;
#1063 = EDGE_CURVE ( 'NONE', #1735, #423, #1620, .T. ) ;
#1064 = ORIENTED_EDGE ( 'NONE', *, *, #484, .T. ) ;
#1065 = ADVANCED_FACE ( 'NONE', ( #934 ), #1147, .T. ) ;
#1066 = STYLED_ITEM ( 'NONE', ( #1658 ), #1355 ) ;
#1067 = CARTESIAN_POINT ( 'NONE',  ( -0.7155099864393570400, 0.08194010565348526500, 0.3998999999999999800 ) ) ;
#1068 = VECTOR ( 'NONE', #71, 1000.000000000000000 ) ;
#1069 = FILL_AREA_STYLE_COLOUR ( '', #1520 ) ;
#1070 = FACE_OUTER_BOUND ( 'NONE', #27, .T. ) ;
#1071 = ORIENTED_EDGE ( 'NONE', *, *, #1244, .F. ) ;
#1072 = VERTEX_POINT ( 'NONE', #1860 ) ;
#1073 = PRODUCT_DEFINITION_SHAPE ( 'NONE', 'NONE',  #747 ) ;
#1074 = CARTESIAN_POINT ( 'NONE',  ( -0.7180586215145530200, 0.08091076323032378400, 0.3998999999999999800 ) ) ;
#1075 = LINE ( 'NONE', #1256, #1791 ) ;
#1076 = PRESENTATION_LAYER_ASSIGNMENT (  '', '', ( #384 ) ) ;
#1077 = STYLED_ITEM ( 'NONE', ( #781 ), #900 ) ;
#1078 = ORIENTED_EDGE ( 'NONE', *, *, #690, .F. ) ;
#1079 = COLOUR_RGB ( '',1.000000000000000000, 1.000000000000000000, 1.000000000000000000 ) ;
#1080 = CARTESIAN_POINT ( 'NONE',  ( -0.7179495610203446800, 0.08128127582584876400, 0.3999000000000000300 ) ) ;
#1081 = B_SPLINE_CURVE_WITH_KNOTS ( 'NONE', 3,
 ( #1842, #703, #1717, #849, #237, #1861, #1148, #984, #1726, #993, #540 ),
 .UNSPECIFIED., .F., .F.,
 ( 4, 1, 1, 1, 1, 1, 1, 1, 4 ),
 ( 0.0000000000000000000, 0.1290969581672176700, 0.2520459672599821800, 0.3739049644020225900, 0.5010378352202031800, 0.6281707060384186200, 0.7513764634092190400, 0.8724260133704695400, 1.000000000000000000 ),
 .UNSPECIFIED. ) ;
#1082 = CARTESIAN_POINT ( 'NONE',  ( -0.7186162276870113900, 0.08061460915918210200, 0.3999000000000000300 ) ) ;
#1083 = ORIENTED_EDGE ( 'NONE', *, *, #994, .F. ) ;
#1084 = ORIENTED_EDGE ( 'NONE', *, *, #1569, .F. ) ;
#1085 =( NAMED_UNIT ( * ) PLANE_ANGLE_UNIT ( ) SI_UNIT ( $, .RADIAN. ) );
#1086 = EDGE_CURVE ( 'NONE', #1592, #773, #1294, .T. ) ;
#1087 = SURFACE_STYLE_USAGE ( .BOTH. , #1664 ) ;
#1088 = VERTEX_POINT ( 'NONE', #1427 ) ;
#1089 = LINE ( 'NONE', #937, #1776 ) ;
#1090 = FACE_BOUND ( 'NONE', #1712, .T. ) ;
#1091 = CARTESIAN_POINT ( 'NONE',  ( 6.331374423021487700E-017, 0.5500000000000001600, 0.4000000000000000200 ) ) ;
#1092 = FILL_AREA_STYLE_COLOUR ( '', #1828 ) ;
#1093 = EDGE_CURVE ( 'NONE', #999, #1194, #1129, .T. ) ;
#1094 = AXIS2_PLACEMENT_3D ( 'NONE', #36, #41, #1597 ) ;
#1095 = EDGE_CURVE ( 'NONE', #1248, #442, #1240, .T. ) ;
#1096 = CARTESIAN_POINT ( 'NONE',  ( 0.5000000000000000000, -0.0001000000000000000000, 0.4000000000000000200 ) ) ;
#1097 = LINE ( 'NONE', #1264, #309 ) ;
#1098 = ORIENTED_EDGE ( 'NONE', *, *, #644, .T. ) ;
#1099 = SURFACE_STYLE_USAGE ( .BOTH. , #815 ) ;
#1100 = SURFACE_STYLE_USAGE ( .BOTH. , #493 ) ;
#1101 = FACE_OUTER_BOUND ( 'NONE', #786, .T. ) ;
#1102 = CARTESIAN_POINT ( 'NONE',  ( -0.7153839957354011200, 0.08066009727953789300, 0.3998999999999998700 ) ) ;
#1103 = UNCERTAINTY_MEASURE_WITH_UNIT (LENGTH_MEASURE( 1.000000000000000100E-005 ), #1441, 'distance_accuracy_value', 'NONE');
#1104 = DIRECTION ( 'NONE',  ( 0.8660254037844352700, 0.0000000000000000000, 0.5000000000000057700 ) ) ;
#1105 = SURFACE_STYLE_FILL_AREA ( #526 ) ;
#1106 = FILL_AREA_STYLE_COLOUR ( '', #396 ) ;
#1107 = ORIENTED_EDGE ( 'NONE', *, *, #749, .F. ) ;
#1108 = VECTOR ( 'NONE', #308, 1000.000000000000000 ) ;
#1109 = VECTOR ( 'NONE', #502, 1000.000000000000000 ) ;
#1110 = CARTESIAN_POINT ( 'NONE',  ( 0.4999999999999998900, -0.0001000000000000000000, -0.4000000000000000200 ) ) ;
#1111 =( NAMED_UNIT ( * ) PLANE_ANGLE_UNIT ( ) SI_UNIT ( $, .RADIAN. ) );
#1112 = ORIENTED_EDGE ( 'NONE', *, *, #115, .F. ) ;
#1113 = CARTESIAN_POINT ( 'NONE',  ( -0.7156418687126523400, 0.08061460915918210200, 0.4000000000000000200 ) ) ;
#1114 = VECTOR ( 'NONE', #1524, 1000.000000000000000 ) ;
#1115 =( GEOMETRIC_REPRESENTATION_CONTEXT ( 3 ) GLOBAL_UNCERTAINTY_ASSIGNED_CONTEXT ( ( #1275 ) ) GLOBAL_UNIT_ASSIGNED_CONTEXT ( ( #820, #201, #1391 ) ) REPRESENTATION_CONTEXT ( 'NONE', 'WORKASPACE' ) );
#1116 = EDGE_LOOP ( 'NONE', ( #1011, #458, #79 ) ) ;
#1117 = DIRECTION ( 'NONE',  ( -0.0000000000000000000, 0.0000000000000000000, 1.000000000000000000 ) ) ;
#1118 = VERTEX_POINT ( 'NONE', #1436 ) ;
#1119 = CARTESIAN_POINT ( 'NONE',  ( -0.7184843454137162000, 0.08194010565348526500, 0.3998999999999999800 ) ) ;
#1120 = CARTESIAN_POINT ( 'NONE',  ( -0.7192803697187292200, 0.08123721982962432700, 0.3999999999999999700 ) ) ;
#1121 = SURFACE_SIDE_STYLE ('',( #1201 ) ) ;
#1122 = LINE ( 'NONE', #1096, #1794 ) ;
#1123 = FILL_AREA_STYLE_COLOUR ( '', #1216 ) ;
#1124 = CARTESIAN_POINT ( 'NONE',  ( -0.7152694772292923500, 0.08072277921035464500, 0.4000000000000000200 ) ) ;
#1125 = PLANE ( 'NONE',  #342 ) ;
#1126 = UNCERTAINTY_MEASURE_WITH_UNIT (LENGTH_MEASURE( 1.000000000000000100E-005 ), #1636, 'distance_accuracy_value', 'NONE');
#1127 = DIRECTION ( 'NONE',  ( 0.0000000000000000000, -1.000000000000000000, 0.0000000000000000000 ) ) ;
#1128 = CARTESIAN_POINT ( 'NONE',  ( 0.6000000000000000900, 0.2500000000000003300, -0.4000000000000000200 ) ) ;
#1129 = LINE ( 'NONE', #1852, #912 ) ;
#1130 = EDGE_CURVE ( 'NONE', #1592, #1881, #1510, .T. ) ;
#1131 =( GEOMETRIC_REPRESENTATION_CONTEXT ( 3 ) GLOBAL_UNCERTAINTY_ASSIGNED_CONTEXT ( ( #190 ) ) GLOBAL_UNIT_ASSIGNED_CONTEXT ( ( #1326, #1621, #1470 ) ) REPRESENTATION_CONTEXT ( 'NONE', 'WORKASPACE' ) );
#1132 = FILL_AREA_STYLE ('',( #976 ) ) ;
#1133 = SURFACE_SIDE_STYLE ('',( #1105 ) ) ;
#1134 = FILL_AREA_STYLE ('',( #1586 ) ) ;
#1135 = EDGE_CURVE ( 'NONE', #326, #423, #1591, .T. ) ;
#1136 = DIRECTION ( 'NONE',  ( -0.0000000000000000000, -0.0000000000000000000, 1.000000000000000000 ) ) ;
#1137 = CARTESIAN_POINT ( 'NONE',  ( 0.7999999999999999300, -0.0001000000000000000000, 0.4000000000000000200 ) ) ;
#1138 = ORIENTED_EDGE ( 'NONE', *, *, #1666, .F. ) ;
#1139 = CARTESIAN_POINT ( 'NONE',  ( -0.7192373826326351500, 0.08154071977356043600, 0.4000000000000000800 ) ) ;
#1140 = ORIENTED_EDGE ( 'NONE', *, *, #1200, .F. ) ;
#1141 = DIRECTION ( 'NONE',  ( 1.000000000000000000, 0.0000000000000000000, -0.0000000000000000000 ) ) ;
#1142 = DIRECTION ( 'NONE',  ( 1.000000000000000000, -0.0000000000000000000, -0.0000000000000000000 ) ) ;
#1143 = PLANE ( 'NONE',  #382 ) ;
#1144 = CARTESIAN_POINT ( 'NONE',  ( -0.7192753825812053800, 0.08115019207456074200, 0.3999000000000000300 ) ) ;
#1145 = PRESENTATION_STYLE_ASSIGNMENT (( #488 ) ) ;
#1146 = CARTESIAN_POINT ( 'NONE',  ( -0.7163061077238778200, 0.08132641726504369300, 0.3999000000000000300 ) ) ;
#1147 = PLANE ( 'NONE',  #589 ) ;
#1148 = CARTESIAN_POINT ( 'NONE',  ( -0.7189884548548397500, 0.08184186793822186000, 0.3998999999999999200 ) ) ;
#1149 = CARTESIAN_POINT ( 'NONE',  ( -0.7156418687126523400, 0.08061460915918210200, 0.3999000000000000300 ) ) ;
#1150 =( LENGTH_UNIT ( ) NAMED_UNIT ( * ) SI_UNIT ( .MILLI., .METRE. ) );
#1151 = CARTESIAN_POINT ( 'NONE',  ( -0.7157733284622361800, 0.08194039412182270400, 0.3999000000000000900 ) ) ;
#1152 = FILL_AREA_STYLE ('',( #400 ) ) ;
#1153 = SURFACE_STYLE_FILL_AREA ( #638 ) ;
#1154 = CARTESIAN_POINT ( 'NONE',  ( -0.7189884548548397500, 0.08184186793822186000, 0.3999999999999999100 ) ) ;
#1155 = EDGE_CURVE ( 'NONE', #120, #1041, #801, .T. ) ;
#1156 = CARTESIAN_POINT ( 'NONE',  ( -0.7999999999999999300, 0.0000000000000000000, -0.4000000000000000200 ) ) ;
#1157 = FILL_AREA_STYLE_COLOUR ( '', #593 ) ;
#1158 = PRESENTATION_LAYER_ASSIGNMENT (  '', '', ( #454 ) ) ;
#1159 = DIRECTION ( 'NONE',  ( -0.0000000000000000000, -0.0000000000000000000, 1.000000000000000000 ) ) ;
#1160 = CARTESIAN_POINT ( 'NONE',  ( -0.7163085353793189300, 0.08128127582584876400, 0.4000000000000000200 ) ) ;
#1161 = AXIS2_PLACEMENT_3D ( 'NONE', #1859, #1826, #377 ) ;
#1162 = SURFACE_STYLE_FILL_AREA ( #592 ) ;
#1163 = EDGE_LOOP ( 'NONE', ( #374, #1558, #408, #8 ) ) ;
#1164 = FACE_OUTER_BOUND ( 'NONE', #1545, .T. ) ;
#1165 = DIRECTION ( 'NONE',  ( 0.0000000000000000000, 0.0000000000000000000, -1.000000000000000000 ) ) ;
#1166 = LINE ( 'NONE', #220, #410 ) ;
#1167 =( LENGTH_UNIT ( ) NAMED_UNIT ( * ) SI_UNIT ( .MILLI., .METRE. ) );
#1168 = DIRECTION ( 'NONE',  ( -1.000000000000000000, 0.0000000000000000000, -0.0000000000000000000 ) ) ;
#1169 = CARTESIAN_POINT ( 'NONE',  ( -0.7179522938220488400, 0.08123729107210594900, 0.3999000000000000300 ) ) ;
#1170 = SURFACE_SIDE_STYLE ('',( #1371 ) ) ;
#1171 = EDGE_LOOP ( 'NONE', ( #1503, #1825, #1027, #376 ) ) ;
#1172 = PLANE ( 'NONE',  #1451 ) ;
#1173 = SURFACE_SIDE_STYLE ('',( #1652 ) ) ;
#1174 = B_SPLINE_CURVE_WITH_KNOTS ( 'NONE', 3,
 ( #1865, #1169, #258, #1450, #1008, #1298, #273, #1590, #1315, #267, #417 ),
 .UNSPECIFIED., .F., .F.,
 ( 4, 1, 1, 1, 1, 1, 1, 1, 4 ),
 ( 0.0000000000000000000, 0.1261777183170000600, 0.2488206074857937100, 0.3715399692351297700, 0.4999837069108900600, 0.6272441978753922100, 0.7492255210762826000, 0.8722979504176678900, 1.000000000000000000 ),
 .UNSPECIFIED. ) ;
#1175 = CARTESIAN_POINT ( 'NONE',  ( -0.7179522042514514500, 0.08132634347748060600, 0.4000000000000000200 ) ) ;
#1176 = DIRECTION ( 'NONE',  ( -0.0000000000000000000, 1.000000000000000000, 0.0000000000000000000 ) ) ;
#1177 = EDGE_LOOP ( 'NONE', ( #262, #1844, #143, #659 ) ) ;
#1178 = FACE_OUTER_BOUND ( 'NONE', #340, .T. ) ;
#1179 = SURFACE_STYLE_USAGE ( .BOTH. , #1752 ) ;
#1180 = CARTESIAN_POINT ( 'NONE',  ( 0.5000000000000000000, -0.0001000000000000000000, 0.4000000000000000200 ) ) ;
#1181 = ORIENTED_EDGE ( 'NONE', *, *, #990, .T. ) ;
#1182 = CARTESIAN_POINT ( 'NONE',  ( -0.7156418687126523400, 0.08061460915918210200, 0.4000000000000000200 ) ) ;
#1183 = COLOUR_RGB ( '',0.7529411764705882200, 0.7529411764705882200, 0.7529411764705882200 ) ;
#1184 = MECHANICAL_DESIGN_GEOMETRIC_PRESENTATION_REPRESENTATION (  '', ( #1469 ), #1131 ) ;
#1185 = CARTESIAN_POINT ( 'NONE',  ( 0.6000000000000000900, 0.2500000000000003300, 0.4000000000000000200 ) ) ;
#1186 = CARTESIAN_POINT ( 'NONE',  ( -0.7186608075773630600, 0.08194538273153245700, 0.3999999999999999700 ) ) ;
#1187 = DIRECTION ( 'NONE',  ( 1.000000000000000000, 1.355252715606880500E-016, 0.0000000000000000000 ) ) ;
#1188 = DIRECTION ( 'NONE',  ( -0.0000000000000000000, 1.000000000000000000, -0.0000000000000000000 ) ) ;
#1189 = CARTESIAN_POINT ( 'NONE',  ( -0.7160140711151181700, 0.08072219141918918200, 0.3999000000000002000 ) ) ;
#1190 = FILL_AREA_STYLE ('',( #1684 ) ) ;
#1191 = CARTESIAN_POINT ( 'NONE',  ( -0.7152694772292923500, 0.08072277921035464500, 0.3999000000000000300 ) ) ;
#1192 = ADVANCED_FACE ( 'NONE', ( #76 ), #1125, .T. ) ;
#1193 = CARTESIAN_POINT ( 'NONE',  ( -0.7163085353793189300, 0.08128127582584876400, 0.3999000000000000300 ) ) ;
#1194 = VERTEX_POINT ( 'NONE', #1555 ) ;
#1195 = ORIENTED_EDGE ( 'NONE', *, *, #453, .F. ) ;
#1196 = CARTESIAN_POINT ( 'NONE',  ( -0.7191743185085058800, 0.08091023039719662200, 0.3999000000000001400 ) ) ;
#1197 = PRESENTATION_STYLE_ASSIGNMENT (( #1099 ) ) ;
#1198 = B_SPLINE_CURVE_WITH_KNOTS ( 'NONE', 3,
 ( #846, #837, #1866, #1139, #1553, #240, #1154, #1282, #1567, #1857, #1695 ),
 .UNSPECIFIED., .F., .F.,
 ( 4, 1, 1, 1, 1, 1, 1, 1, 4 ),
 ( 0.0000000000000000000, 0.1290969581672176700, 0.2520459672599821800, 0.3739049644020225900, 0.5010378352202031800, 0.6281707060384186200, 0.7513764634092190400, 0.8724260133704695400, 1.000000000000000000 ),
 .UNSPECIFIED. ) ;
#1199 = CARTESIAN_POINT ( 'NONE',  ( -0.7153837255746351400, 0.08190450182774826300, 0.4000000000000000200 ) ) ;
#1200 = EDGE_CURVE ( 'NONE', #1041, #1855, #241, .T. ) ;
#1201 = SURFACE_STYLE_FILL_AREA ( #515 ) ;
#1202 =( GEOMETRIC_REPRESENTATION_CONTEXT ( 3 ) GLOBAL_UNCERTAINTY_ASSIGNED_CONTEXT ( ( #697 ) ) GLOBAL_UNIT_ASSIGNED_CONTEXT ( ( #203, #1085, #1663 ) ) REPRESENTATION_CONTEXT ( 'NONE', 'WORKASPACE' ) );
#1203 = SURFACE_STYLE_FILL_AREA ( #657 ) ;
#1204 = CARTESIAN_POINT ( 'NONE',  ( -0.7155973196562568400, 0.08194529525437496700, 0.3998999999999999800 ) ) ;
#1205 = PRESENTATION_LAYER_ASSIGNMENT (  '', '', ( #214 ) ) ;
#1206 = CARTESIAN_POINT ( 'NONE',  ( -0.7149829970755163800, 0.08141418273453889000, 0.3999999999999998000 ) ) ;
#1207 = EDGE_CURVE ( 'NONE', #192, #422, #1358, .T. ) ;
#1208 = PRODUCT_DEFINITION_FORMATION_WITH_SPECIFIED_SOURCE ( 'ANY', '', #1777, .NOT_KNOWN. ) ;
#1209 = STYLED_ITEM ( 'NONE', ( #330 ), #1031 ) ;
#1210 = CARTESIAN_POINT ( 'NONE',  ( -0.7149829970755163800, 0.08141418273453889000, 0.3999999999999998000 ) ) ;
#1211 = VECTOR ( 'NONE', #859, 1000.000000000000000 ) ;
#1212 = COLOUR_RGB ( '',1.000000000000000000, 1.000000000000000000, 1.000000000000000000 ) ;
#1213 = ORIENTED_EDGE ( 'NONE', *, *, #1802, .T. ) ;
#1214 = CARTESIAN_POINT ( 'NONE',  ( -0.7186162276870113900, 0.08061460915918210200, 0.4000000000000000200 ) ) ;
#1215 = LINE ( 'NONE', #1422, #350 ) ;
#1216 = COLOUR_RGB ( '',1.000000000000000000, 1.000000000000000000, 0.7529411764705882200 ) ;
#1217 = ORIENTED_EDGE ( 'NONE', *, *, #1130, .F. ) ;
#1218 = ADVANCED_FACE ( 'NONE', ( #83 ), #1042, .F. ) ;
#1219 = VECTOR ( 'NONE', #343, 1000.000000000000000 ) ;
#1220 = SURFACE_SIDE_STYLE ('',( #1482 ) ) ;
#1221 = ORIENTED_EDGE ( 'NONE', *, *, #1666, .T. ) ;
#1222 = EDGE_LOOP ( 'NONE', ( #465, #775, #1253 ) ) ;
#1223 = ORIENTED_EDGE ( 'NONE', *, *, #375, .T. ) ;
#1224 = B_SPLINE_SURFACE_WITH_KNOTS ( 'NONE', 3, 1, ( 
 ( #1251, #499 ),
 ( #213, #199 ),
 ( #1812, #1375 ),
 ( #1677, #653 ),
 ( #485, #1803 ),
 ( #941, #1518 ),
 ( #1809, #77 ),
 ( #1102, #950 ),
 ( #352, #1246 ),
 ( #346, #789 ),
 ( #82, #1113 ) ),
 .UNSPECIFIED., .F., .F., .F.,
 ( 4, 1, 1, 1, 1, 1, 1, 1, 4 ),
 ( 2, 2 ),
 ( 0.0000000000000000000, 0.1261777183170000600, 0.2488206074857937100, 0.3715399692351297700, 0.4999837069108900600, 0.6272441978753922100, 0.7492255210762826000, 0.8722979504176678900, 1.000000000000000000 ),
 ( 0.0000000000000000000, 1.000000000000000000 ),
 .UNSPECIFIED. ) ;
#1225 = MECHANICAL_DESIGN_GEOMETRIC_PRESENTATION_REPRESENTATION (  '', ( #1066 ), #645 ) ;
#1226 = CARTESIAN_POINT ( 'NONE',  ( -0.7183583547097602800, 0.08066009727953789300, 0.3999999999999998600 ) ) ;
#1227 = UNCERTAINTY_MEASURE_WITH_UNIT (LENGTH_MEASURE( 1.000000000000000100E-005 ), #506, 'distance_accuracy_value', 'NONE');
#1228 = VECTOR ( 'NONE', #1447, 1000.000000000000000 ) ;
#1229 = CARTESIAN_POINT ( 'NONE',  ( -0.7179495610203446800, 0.08128127582584876400, 0.4000000000000000200 ) ) ;
#1230 = AXIS2_PLACEMENT_3D ( 'NONE', #1795, #618, #58 ) ;
#1231 = AXIS2_PLACEMENT_3D ( 'NONE', #1328, #151, #436 ) ;
#1232 = CARTESIAN_POINT ( 'NONE',  ( -0.7149752020459856400, 0.08128127582584876400, 0.3999000000000000300 ) ) ;
#1233 = EDGE_CURVE ( 'NONE', #411, #770, #1376, .T. ) ;
#1234 = ORIENTED_EDGE ( 'NONE', *, *, #167, .F. ) ;
#1235 = FACE_OUTER_BOUND ( 'NONE', #1671, .T. ) ;
#1236 =( NAMED_UNIT ( * ) SI_UNIT ( $, .STERADIAN. ) SOLID_ANGLE_UNIT ( ) );
#1237 = CARTESIAN_POINT ( 'NONE',  ( 0.7999999999999999300, 0.0000000000000000000, 0.4000000000000000200 ) ) ;
#1238 = CARTESIAN_POINT ( 'NONE',  ( 2.198368341456633100E-016, -1.182404828777903200, 0.4000000000000000200 ) ) ;
#1239 = UNCERTAINTY_MEASURE_WITH_UNIT (LENGTH_MEASURE( 1.000000000000000100E-005 ), #1757, 'distance_accuracy_value', 'NONE');
#1240 = LINE ( 'NONE', #112, #860 ) ;
#1241 = FILL_AREA_STYLE_COLOUR ( '', #942 ) ;
#1242 = ORIENTED_EDGE ( 'NONE', *, *, #596, .F. ) ;
#1243 = CARTESIAN_POINT ( 'NONE',  ( 0.7999999999999999300, 0.0000000000000000000, 0.4000000000000000200 ) ) ;
#1244 = EDGE_CURVE ( 'NONE', #537, #1072, #1601, .T. ) ;
#1245 = VECTOR ( 'NONE', #1719, 1000.000000000000000 ) ;
#1246 = CARTESIAN_POINT ( 'NONE',  ( -0.7155096900397602800, 0.08062194418260215700, 0.4000000000000000800 ) ) ;
#1247 = STYLED_ITEM ( 'NONE', ( #1197 ), #1329 ) ;
#1248 = VERTEX_POINT ( 'NONE', #885 ) ;
#1249 = PRESENTATION_LAYER_ASSIGNMENT (  '', '', ( #1648 ) ) ;
#1250 = DIRECTION ( 'NONE',  ( -0.0000000000000000000, -0.0000000000000000000, -1.000000000000000000 ) ) ;
#1251 = CARTESIAN_POINT ( 'NONE',  ( -0.7149752020459856400, 0.08128127582584876400, 0.3999000000000000300 ) ) ;
#1252 = EDGE_LOOP ( 'NONE', ( #1217, #1083 ) ) ;
#1253 = ORIENTED_EDGE ( 'NONE', *, *, #1086, .F. ) ;
#1254 = B_SPLINE_SURFACE_WITH_KNOTS ( 'NONE', 3, 1, ( 
 ( #669, #1693 ),
 ( #1146, #256 ),
 ( #1297, #683 ),
 ( #1711, #1838 ),
 ( #822, #234 ),
 ( #239, #1557 ),
 ( #962, #1287 ),
 ( #511, #844 ),
 ( #1440, #677 ),
 ( #816, #1829 ),
 ( #95, #105 ) ),
 .UNSPECIFIED., .F., .F., .F.,
 ( 4, 1, 1, 1, 1, 1, 1, 1, 4 ),
 ( 2, 2 ),
 ( 0.0000000000000000000, 0.1290969581672176700, 0.2520459672599821800, 0.3739049644020225900, 0.5010378352202031800, 0.6281707060384186200, 0.7513764634092190400, 0.8724260133704695400, 1.000000000000000000 ),
 ( 0.0000000000000000000, 1.000000000000000000 ),
 .UNSPECIFIED. ) ;
#1255 = DIRECTION ( 'NONE',  ( 0.0000000000000000000, -1.000000000000000000, -0.0000000000000000000 ) ) ;
#1256 = CARTESIAN_POINT ( 'NONE',  ( 2.198368341456633100E-016, 0.0000000000000000000, 0.4000000000000000200 ) ) ;
#1257 = LINE ( 'NONE', #505, #428 ) ;
#1258 = CARTESIAN_POINT ( 'NONE',  ( -0.5999999999999998700, -1.182404828777903200, -0.4000000000000000200 ) ) ;
#1259 = AXIS2_PLACEMENT_3D ( 'NONE', #1577, #1875, #433 ) ;
#1260 = PRESENTATION_LAYER_ASSIGNMENT (  '', '', ( #748 ) ) ;
#1261 = SURFACE_SIDE_STYLE ('',( #1203 ) ) ;
#1262 = CARTESIAN_POINT ( 'NONE',  ( 2.198368341456633100E-016, 0.0000000000000000000, 0.4000000000000000200 ) ) ;
#1263 = EDGE_LOOP ( 'NONE', ( #223, #1531, #1425, #829 ) ) ;
#1264 = CARTESIAN_POINT ( 'NONE',  ( -0.5999999999999998700, -1.182404828777903200, 0.4000000000000000200 ) ) ;
#1265 = VECTOR ( 'NONE', #1613, 1000.000000000000000 ) ;
#1266 = B_SPLINE_SURFACE_WITH_KNOTS ( 'NONE', 3, 1, ( 
 ( #293, #270 ),
 ( #730, #1751 ),
 ( #886, #1332 ),
 ( #441, #1022 ),
 ( #1474, #871 ),
 ( #1454, #552 ),
 ( #1313, #153 ),
 ( #584, #1625 ),
 ( #26, #12 ),
 ( #1878, #1186 ),
 ( #403, #1603 ) ),
 .UNSPECIFIED., .F., .F., .F.,
 ( 4, 1, 1, 1, 1, 1, 1, 1, 4 ),
 ( 2, 2 ),
 ( 0.0000000000000000000, 0.1290969581672176700, 0.2520459672599821800, 0.3739049644020225900, 0.5010378352202031800, 0.6281707060384186200, 0.7513764634092190400, 0.8724260133704695400, 1.000000000000000000 ),
 ( 0.0000000000000000000, 1.000000000000000000 ),
 .UNSPECIFIED. ) ;
#1267 =( NAMED_UNIT ( * ) SI_UNIT ( $, .STERADIAN. ) SOLID_ANGLE_UNIT ( ) );
#1268 = CARTESIAN_POINT ( 'NONE',  ( -0.7999999999999999300, -0.0001000000000000000000, -0.4000000000000000200 ) ) ;
#1269 = SURFACE_SIDE_STYLE ('',( #200 ) ) ;
#1270 =( LENGTH_UNIT ( ) NAMED_UNIT ( * ) SI_UNIT ( .MILLI., .METRE. ) );
#1271 = CARTESIAN_POINT ( 'NONE',  ( -0.7185716786306158800, 0.08194529525437496700, 0.3998999999999999800 ) ) ;
#1272 = VERTEX_POINT ( 'NONE', #269 ) ;
#1273 = VECTOR ( 'NONE', #799, 1000.000000000000000 ) ;
#1274 = B_SPLINE_SURFACE_WITH_KNOTS ( 'NONE', 3, 1, ( 
 ( #570, #1775 ),
 ( #1204, #452 ),
 ( #1067, #448 ),
 ( #1485, #590 ),
 ( #175, #1348 ),
 ( #598, #1637 ),
 ( #760, #911 ),
 ( #1057, #604 ),
 ( #39, #1210 ),
 ( #1062, #1635 ),
 ( #170, #311 ) ),
 .UNSPECIFIED., .F., .F., .F.,
 ( 4, 1, 1, 1, 1, 1, 1, 1, 4 ),
 ( 2, 2 ),
 ( 0.0000000000000000000, 0.1275189266999253400, 0.2499859477487863000, 0.3717923515057329800, 0.4988703527764591900, 0.6259483540472166000, 0.7484917380160548400, 0.8709587590649193700, 1.000000000000000000 ),
 ( 0.0000000000000000000, 1.000000000000000000 ),
 .UNSPECIFIED. ) ;
#1275 = UNCERTAINTY_MEASURE_WITH_UNIT (LENGTH_MEASURE( 1.000000000000000100E-005 ), #820, 'distance_accuracy_value', 'NONE');
#1276 = CARTESIAN_POINT ( 'NONE',  ( -0.7162004494596364600, 0.08165539049184621100, 0.3999999999999998600 ) ) ;
#1277 =( LENGTH_UNIT ( ) NAMED_UNIT ( * ) SI_UNIT ( .MILLI., .METRE. ) );
#1278 =( NAMED_UNIT ( * ) SI_UNIT ( $, .STERADIAN. ) SOLID_ANGLE_UNIT ( ) );
#1279 =( NAMED_UNIT ( * ) SI_UNIT ( $, .STERADIAN. ) SOLID_ANGLE_UNIT ( ) );
#1280 = DIRECTION ( 'NONE',  ( 1.000000000000000000, -0.0000000000000000000, -0.0000000000000000000 ) ) ;
#1281 = PRESENTATION_STYLE_ASSIGNMENT (( #1472 ) ) ;
#1282 = CARTESIAN_POINT ( 'NONE',  ( -0.7188734921001472800, 0.08190373032254118200, 0.4000000000000000800 ) ) ;
#1283 = PRESENTATION_STYLE_ASSIGNMENT (( #276 ) ) ;
#1284 = EDGE_CURVE ( 'NONE', #600, #1674, #966, .T. ) ;
#1285 = CARTESIAN_POINT ( 'NONE',  ( 0.3236317041918410100, -0.0001000000000000000000, 0.0000000000000000000 ) ) ;
#1286 = CARTESIAN_POINT ( 'NONE',  ( -0.7187479890316280700, 0.08062165138142436700, 0.3999999999999999100 ) ) ;
#1287 = CARTESIAN_POINT ( 'NONE',  ( -0.7160140958804804800, 0.08184186793822186000, 0.3999999999999999100 ) ) ;
#1288 = VERTEX_POINT ( 'NONE', #1676 ) ;
#1289 = CARTESIAN_POINT ( 'NONE',  ( 2.198368341456633100E-016, -1.182404828777903200, -0.4000000000000000200 ) ) ;
#1290 = EDGE_CURVE ( 'NONE', #1272, #600, #1075, .T. ) ;
#1291 =( GEOMETRIC_REPRESENTATION_CONTEXT ( 3 ) GLOBAL_UNCERTAINTY_ASSIGNED_CONTEXT ( ( #1547 ) ) GLOBAL_UNIT_ASSIGNED_CONTEXT ( ( #1270, #979, #1403 ) ) REPRESENTATION_CONTEXT ( 'NONE', 'WORKASPACE' ) );
#1292 = CARTESIAN_POINT ( 'NONE',  ( 0.7999999999999999300, 0.0000000000000000000, -0.4000000000000000200 ) ) ;
#1293 = DIRECTION ( 'NONE',  ( 0.0000000000000000000, -1.000000000000000000, 0.0000000000000000000 ) ) ;
#1294 = CIRCLE ( 'NONE', #1647, 0.3499999999999999200 ) ;
#1295 = EDGE_CURVE ( 'NONE', #1072, #1118, #1539, .T. ) ;
#1296 =( NAMED_UNIT ( * ) PLANE_ANGLE_UNIT ( ) SI_UNIT ( $, .RADIAN. ) );
#1297 = CARTESIAN_POINT ( 'NONE',  ( -0.7163013680245657900, 0.08141455038504068200, 0.3999000000000000300 ) ) ;
#1298 = CARTESIAN_POINT ( 'NONE',  ( -0.7181414443555184100, 0.08080721548603052300, 0.3999000000000001400 ) ) ;
#1299 = VERTEX_POINT ( 'NONE', #492 ) ;
#1300 = CARTESIAN_POINT ( 'NONE',  ( 0.7999999999999999300, 0.0000000000000000000, -0.4000000000000000200 ) ) ;
#1301 = VECTOR ( 'NONE', #1609, 1000.000000000000000 ) ;
#1302 = CARTESIAN_POINT ( 'NONE',  ( -0.4999999999999998900, -0.0001000000000000000000, -0.4000000000000000200 ) ) ;
#1303 = DIRECTION ( 'NONE',  ( 0.8660254037844352700, 0.0000000000000000000, 0.5000000000000057700 ) ) ;
#1304 = CARTESIAN_POINT ( 'NONE',  ( -0.7192753825812053800, 0.08115019207456074200, 0.4000000000000000200 ) ) ;
#1305 =( LENGTH_UNIT ( ) NAMED_UNIT ( * ) SI_UNIT ( .MILLI., .METRE. ) );
#1306 = CARTESIAN_POINT ( 'NONE',  ( -0.7162630236582759900, 0.08154071977356043600, 0.3999000000000000900 ) ) ;
#1307 =( LENGTH_UNIT ( ) NAMED_UNIT ( * ) SI_UNIT ( .MILLI., .METRE. ) );
#1308 = UNCERTAINTY_MEASURE_WITH_UNIT (LENGTH_MEASURE( 1.000000000000000100E-005 ), #52, 'distance_accuracy_value', 'NONE');
#1309 = COLOUR_RGB ( '',0.7529411764705882200, 0.7529411764705882200, 0.7529411764705882200 ) ;
#1310 = ORIENTED_EDGE ( 'NONE', *, *, #746, .T. ) ;
#1311 = ORIENTED_EDGE ( 'NONE', *, *, #383, .F. ) ;
#1312 = CARTESIAN_POINT ( 'NONE',  ( -0.2432895678366375800, -0.0001000000000000000000, 0.3273121490149618600 ) ) ;
#1313 = CARTESIAN_POINT ( 'NONE',  ( -0.7189884548548397500, 0.08184186793822186000, 0.3998999999999999200 ) ) ;
#1314 = CARTESIAN_POINT ( 'NONE',  ( -0.7190881507653195100, 0.08175326110793509900, 0.3999000000000000300 ) ) ;
#1315 = CARTESIAN_POINT ( 'NONE',  ( -0.7184840490141195500, 0.08062194418260215700, 0.3999000000000000900 ) ) ;
#1316 = CARTESIAN_POINT ( 'NONE',  ( -0.7179926497303605900, 0.08154150066043372400, 0.3999000000000001400 ) ) ;
#1317 = DIRECTION ( 'NONE',  ( 0.0000000000000000000, 0.0000000000000000000, -1.000000000000000000 ) ) ;
#1318 = CARTESIAN_POINT ( 'NONE',  ( -0.7189884300894772200, 0.08072219141918918200, 0.3999000000000002000 ) ) ;
#1319 = MECHANICAL_DESIGN_GEOMETRIC_PRESENTATION_REPRESENTATION (  '', ( #1449 ), #1484 ) ;
#1320 = CARTESIAN_POINT ( 'NONE',  ( -0.7156418687126523400, 0.08061460915918210200, 0.4000000000000000200 ) ) ;
#1321 = ADVANCED_FACE ( 'NONE', ( #619 ), #1035, .T. ) ;
#1322 = PLANE ( 'NONE',  #1534 ) ;
#1323 = SURFACE_SIDE_STYLE ('',( #246 ) ) ;
#1324 = COLOUR_RGB ( '',0.8588235294117646500, 0.7254901960784313500, 0.0000000000000000000 ) ;
#1325 = CARTESIAN_POINT ( 'NONE',  ( -0.7149829970755163800, 0.08141418273453889000, 0.3998999999999998100 ) ) ;
#1326 =( LENGTH_UNIT ( ) NAMED_UNIT ( * ) SI_UNIT ( .MILLI., .METRE. ) );
#1327 = CARTESIAN_POINT ( 'NONE',  ( -0.7179495610203446800, 0.08128127582584876400, 0.3999000000000000300 ) ) ;
#1328 = CARTESIAN_POINT ( 'NONE',  ( 0.0000000000000000000, 0.5999999999999998700, 0.0000000000000000000 ) ) ;
#1329 = ADVANCED_FACE ( 'NONE', ( #917 ), #496, .T. ) ;
#1330 = ORIENTED_EDGE ( 'NONE', *, *, #795, .F. ) ;
#1331 = PRESENTATION_LAYER_ASSIGNMENT (  '', '', ( #684 ) ) ;
#1332 = CARTESIAN_POINT ( 'NONE',  ( -0.7192757269989249500, 0.08141455038504068200, 0.4000000000000000200 ) ) ;
#1333 = ORIENTED_EDGE ( 'NONE', *, *, #1709, .F. ) ;
#1334 = CARTESIAN_POINT ( 'NONE',  ( -0.7149779348476895700, 0.08123729107210594900, 0.3999000000000000300 ) ) ;
#1335 =( GEOMETRIC_REPRESENTATION_CONTEXT ( 3 ) GLOBAL_UNCERTAINTY_ASSIGNED_CONTEXT ( ( #662 ) ) GLOBAL_UNIT_ASSIGNED_CONTEXT ( ( #675, #1419, #1278 ) ) REPRESENTATION_CONTEXT ( 'NONE', 'WORKASPACE' ) );
#1336 = UNCERTAINTY_MEASURE_WITH_UNIT (LENGTH_MEASURE( 1.000000000000000100E-005 ), #808, 'distance_accuracy_value', 'NONE');
#1337 = CARTESIAN_POINT ( 'NONE',  ( -0.7161999595341467200, 0.08091023039719662200, 0.3999000000000001400 ) ) ;
#1338 = LINE ( 'NONE', #1690, #163 ) ;
#1339 = EDGE_CURVE ( 'NONE', #909, #422, #787, .T. ) ;
#1340 =( GEOMETRIC_REPRESENTATION_CONTEXT ( 3 ) GLOBAL_UNCERTAINTY_ASSIGNED_CONTEXT ( ( #298 ) ) GLOBAL_UNIT_ASSIGNED_CONTEXT ( ( #671, #1560, #381 ) ) REPRESENTATION_CONTEXT ( 'NONE', 'WORKASPACE' ) );
#1341 = STYLED_ITEM ( 'NONE', ( #440 ), #916 ) ;
#1342 =( LENGTH_UNIT ( ) NAMED_UNIT ( * ) SI_UNIT ( .MILLI., .METRE. ) );
#1343 =( NAMED_UNIT ( * ) PLANE_ANGLE_UNIT ( ) SI_UNIT ( $, .RADIAN. ) );
#1344 = ORIENTED_EDGE ( 'NONE', *, *, #517, .T. ) ;
#1345 =( NAMED_UNIT ( * ) PLANE_ANGLE_UNIT ( ) SI_UNIT ( $, .RADIAN. ) );
#1346 = ORIENTED_EDGE ( 'NONE', *, *, #930, .F. ) ;
#1347 = ORIENTED_EDGE ( 'NONE', *, *, #389, .T. ) ;
#1348 = CARTESIAN_POINT ( 'NONE',  ( -0.7152694520667186600, 0.08184128203238456900, 0.4000000000000001300 ) ) ;
#1349 = STYLED_ITEM ( 'NONE', ( #922 ), #40 ) ;
#1350 = MECHANICAL_DESIGN_GEOMETRIC_PRESENTATION_REPRESENTATION (  '', ( #1247 ), #1115 ) ;
#1351 = LINE ( 'NONE', #527, #556 ) ;
#1352 = SURFACE_SIDE_STYLE ('',( #961 ) ) ;
#1353 = ORIENTED_EDGE ( 'NONE', *, *, #195, .F. ) ;
#1354 = ORIENTED_EDGE ( 'NONE', *, *, #198, .T. ) ;
#1355 = ADVANCED_FACE ( 'NONE', ( #1675 ), #207, .F. ) ;
#1356 = STYLED_ITEM ( 'NONE', ( #316 ), #672 ) ;
#1357 = CARTESIAN_POINT ( 'NONE',  ( -0.7179522938220488400, 0.08123729107210594900, 0.3999000000000000300 ) ) ;
#1358 = B_SPLINE_CURVE_WITH_KNOTS ( 'NONE', 3,
 ( #1602, #2, #1744, #878, #412, #11, #1021, #145, #1612, #1175, #281 ),
 .UNSPECIFIED., .F., .F.,
 ( 4, 1, 1, 1, 1, 1, 1, 1, 4 ),
 ( 0.0000000000000000000, 0.1275189266999253400, 0.2499859477487863000, 0.3717923515057329800, 0.4988703527764591900, 0.6259483540472166000, 0.7484917380160548400, 0.8709587590649193700, 1.000000000000000000 ),
 .UNSPECIFIED. ) ;
#1359 = LINE ( 'NONE', #1137, #571 ) ;
#1360 = LINE ( 'NONE', #541, #960 ) ;
#1361 = FACE_OUTER_BOUND ( 'NONE', #497, .T. ) ;
#1362 = LINE ( 'NONE', #1554, #1109 ) ;
#1363 = PLANE ( 'NONE',  #903 ) ;
#1364 = MECHANICAL_DESIGN_GEOMETRIC_PRESENTATION_REPRESENTATION (  '', ( #748 ), #830 ) ;
#1365 = ORIENTED_EDGE ( 'NONE', *, *, #1802, .F. ) ;
#1366 = COLOUR_RGB ( '',1.000000000000000000, 1.000000000000000000, 1.000000000000000000 ) ;
#1367 = LINE ( 'NONE', #1386, #6 ) ;
#1368 = CARTESIAN_POINT ( 'NONE',  ( -0.7179576828668754500, 0.08115055378368149500, 0.3999000000000000900 ) ) ;
#1369 = ORIENTED_EDGE ( 'NONE', *, *, #906, .F. ) ;
#1370 = LINE ( 'NONE', #1723, #37 ) ;
#1371 = SURFACE_STYLE_FILL_AREA ( #888 ) ;
#1372 = SURFACE_SIDE_STYLE ('',( #227 ) ) ;
#1373 = DIRECTION ( 'NONE',  ( -0.0000000000000000000, -0.0000000000000000000, 1.000000000000000000 ) ) ;
#1374 = EDGE_CURVE ( 'NONE', #50, #1248, #462, .T. ) ;
#1375 = CARTESIAN_POINT ( 'NONE',  ( -0.7149833238925161800, 0.08115055378368149500, 0.4000000000000000800 ) ) ;
#1376 = B_SPLINE_CURVE_WITH_KNOTS ( 'NONE', 3,
 ( #1756, #729, #424, #1033, #152, #285, #1012, #1619, #1325, #431, #137 ),
 .UNSPECIFIED., .F., .F.,
 ( 4, 1, 1, 1, 1, 1, 1, 1, 4 ),
 ( 0.0000000000000000000, 0.1275189266999253400, 0.2499859477487863000, 0.3717923515057329800, 0.4988703527764591900, 0.6259483540472166000, 0.7484917380160548400, 0.8709587590649193700, 1.000000000000000000 ),
 .UNSPECIFIED. ) ;
#1377 = MECHANICAL_DESIGN_GEOMETRIC_PRESENTATION_REPRESENTATION (  '', ( #1668 ), #1864 ) ;
#1378 = EDGE_LOOP ( 'NONE', ( #1242, #461, #1523 ) ) ;
#1379 = ORIENTED_EDGE ( 'NONE', *, *, #1493, .F. ) ;
#1380 = ORIENTED_EDGE ( 'NONE', *, *, #678, .F. ) ;
#1381 = CARTESIAN_POINT ( 'NONE',  ( -0.4999999999999998900, -0.0001000000000000000000, -0.4000000000000000200 ) ) ;
#1382 = EDGE_CURVE ( 'NONE', #685, #803, #136, .T. ) ;
#1383 = PRODUCT_RELATED_PRODUCT_CATEGORY ( 'part', '', ( #1777 ) ) ;
#1384 =( NAMED_UNIT ( * ) SI_UNIT ( $, .STERADIAN. ) SOLID_ANGLE_UNIT ( ) );
#1385 = DIRECTION ( 'NONE',  ( 1.000000000000000000, 0.0000000000000000000, 0.0000000000000000000 ) ) ;
#1386 = CARTESIAN_POINT ( 'NONE',  ( -0.7186162276870113900, 0.08061460915918210200, 0.3999000000000000300 ) ) ;
#1387 = EDGE_LOOP ( 'NONE', ( #1807, #47, #305 ) ) ;
#1388 = VERTEX_POINT ( 'NONE', #94 ) ;
#1389 = CARTESIAN_POINT ( 'NONE',  ( -0.7149752020459856400, 0.08128127582584876400, 0.3999000000000000300 ) ) ;
#1390 = PLANE ( 'NONE',  #107 ) ;
#1391 =( NAMED_UNIT ( * ) SI_UNIT ( $, .STERADIAN. ) SOLID_ANGLE_UNIT ( ) );
#1392 = DIRECTION ( 'NONE',  ( 0.0000000000000000000, 1.000000000000000000, -0.0000000000000000000 ) ) ;
#1393 = FACE_OUTER_BOUND ( 'NONE', #1651, .T. ) ;
#1394 = PLANE ( 'NONE',  #826 ) ;
#1395 = CARTESIAN_POINT ( 'NONE',  ( -0.7153839957354011200, 0.08066009727953789300, 0.3999999999999998600 ) ) ;
#1396 = FILL_AREA_STYLE ('',( #1691 ) ) ;
#1397 = ORIENTED_EDGE ( 'NONE', *, *, #1207, .T. ) ;
#1398 = VECTOR ( 'NONE', #1874, 1000.000000000000000 ) ;
#1399 = STYLED_ITEM ( 'NONE', ( #603 ), #1477 ) ;
#1400 = CLOSED_SHELL ( 'NONE', ( #1494, #444, #1192, #463, #1355, #1037, #916, #149, #1471, #1050, #297, #755, #965, #882, #602, #1065 ) ) ;
#1401 = CARTESIAN_POINT ( 'NONE',  ( -0.7156864486030040100, 0.08194538273153245700, 0.3999999999999999700 ) ) ;
#1402 = FILL_AREA_STYLE_COLOUR ( '', #1366 ) ;
#1403 =( NAMED_UNIT ( * ) SI_UNIT ( $, .STERADIAN. ) SOLID_ANGLE_UNIT ( ) );
#1404 = CARTESIAN_POINT ( 'NONE',  ( -0.7183580845489944100, 0.08190450182774826300, 0.3999000000000000300 ) ) ;
#1405 = DIRECTION ( 'NONE',  ( 0.0000000000000000000, -1.000000000000000000, -0.0000000000000000000 ) ) ;
#1406 = ORIENTED_EDGE ( 'NONE', *, *, #1515, .F. ) ;
#1407 = DIRECTION ( 'NONE',  ( 1.000000000000000000, 0.0000000000000000000, 0.0000000000000000000 ) ) ;
#1408 = UNCERTAINTY_MEASURE_WITH_UNIT (LENGTH_MEASURE( 1.000000000000000100E-005 ), #1456, 'distance_accuracy_value', 'NONE');
#1409 = CARTESIAN_POINT ( 'NONE',  ( -0.7161158656996542400, 0.08175686838927169500, 0.4000000000000000800 ) ) ;
#1410 =( NAMED_UNIT ( * ) SI_UNIT ( $, .STERADIAN. ) SOLID_ANGLE_UNIT ( ) );
#1411 = CARTESIAN_POINT ( 'NONE',  ( 0.0000000000000000000, 0.5500000000000001600, 0.0000000000000000000 ) ) ;
#1412 = SURFACE_SIDE_STYLE ('',( #171 ) ) ;
#1413 = MECHANICAL_DESIGN_GEOMETRIC_PRESENTATION_REPRESENTATION (  '', ( #317 ), #811 ) ;
#1414 = CARTESIAN_POINT ( 'NONE',  ( 0.7999999999999999300, 0.0000000000000000000, 0.4000000000000000200 ) ) ;
#1415 = EDGE_CURVE ( 'NONE', #1722, #1288, #1089, .T. ) ;
#1416 = AXIS2_PLACEMENT_3D ( 'NONE', #1738, #1176, #562 ) ;
#1417 =( NAMED_UNIT ( * ) PLANE_ANGLE_UNIT ( ) SI_UNIT ( $, .RADIAN. ) );
#1418 = SURFACE_STYLE_USAGE ( .BOTH. , #983 ) ;
#1419 =( NAMED_UNIT ( * ) PLANE_ANGLE_UNIT ( ) SI_UNIT ( $, .RADIAN. ) );
#1420 = EDGE_CURVE ( 'NONE', #318, #975, #335, .T. ) ;
#1421 = SURFACE_SIDE_STYLE ('',( #1847 ) ) ;
#1422 = CARTESIAN_POINT ( 'NONE',  ( 0.7999999999999999300, -0.0001000000000000000000, -0.4000000000000000200 ) ) ;
#1423 = CARTESIAN_POINT ( 'NONE',  ( -0.7999999999999999300, -0.0001000000000000000000, -0.4000000000000000200 ) ) ;
#1424 = PRESENTATION_STYLE_ASSIGNMENT (( #1728 ) ) ;
#1425 = ORIENTED_EDGE ( 'NONE', *, *, #1290, .F. ) ;
#1426 = CARTESIAN_POINT ( 'NONE',  ( -0.7162630236582759900, 0.08154071977356043600, 0.4000000000000000800 ) ) ;
#1427 = CARTESIAN_POINT ( 'NONE',  ( -0.7156418687126523400, 0.08194794249251544100, 0.4000000000000000200 ) ) ;
#1428 = CARTESIAN_POINT ( 'NONE',  ( -0.7999999999999999300, -0.0001000000000000000000, -0.4000000000000000200 ) ) ;
#1429 = CARTESIAN_POINT ( 'NONE',  ( -0.7179926497303605900, 0.08154150066043372400, 0.3999000000000001400 ) ) ;
#1430 = ORIENTED_EDGE ( 'NONE', *, *, #108, .F. ) ;
#1431 = ORIENTED_EDGE ( 'NONE', *, *, #303, .F. ) ;
#1432 = PRESENTATION_STYLE_ASSIGNMENT (( #1792 ) ) ;
#1433 = DIRECTION ( 'NONE',  ( 0.0000000000000000000, 0.0000000000000000000, -1.000000000000000000 ) ) ;
#1434 = FACE_OUTER_BOUND ( 'NONE', #1774, .T. ) ;
#1435 = CARTESIAN_POINT ( 'NONE',  ( -0.2432895678366375800, 0.0000000000000000000, 0.3273121490149618600 ) ) ;
#1436 = CARTESIAN_POINT ( 'NONE',  ( 0.3236317041918410100, -0.0001000000000000000000, 0.0000000000000000000 ) ) ;
#1437 = DIRECTION ( 'NONE',  ( 1.000000000000000000, 0.0000000000000000000, 0.0000000000000000000 ) ) ;
#1438 = SURFACE_SIDE_STYLE ('',( #1686 ) ) ;
#1439 =( LENGTH_UNIT ( ) NAMED_UNIT ( * ) SI_UNIT ( .MILLI., .METRE. ) );
#1440 = CARTESIAN_POINT ( 'NONE',  ( -0.7157733284622361800, 0.08194039412182270400, 0.3999000000000000900 ) ) ;
#1441 =( LENGTH_UNIT ( ) NAMED_UNIT ( * ) SI_UNIT ( .MILLI., .METRE. ) );
#1442 =( LENGTH_UNIT ( ) NAMED_UNIT ( * ) SI_UNIT ( .MILLI., .METRE. ) );
#1443 = PRESENTATION_STYLE_ASSIGNMENT (( #958 ) ) ;
#1444 = EDGE_LOOP ( 'NONE', ( #205, #1492, #964, #1573 ) ) ;
#1445 = UNCERTAINTY_MEASURE_WITH_UNIT (LENGTH_MEASURE( 1.000000000000000100E-005 ), #252, 'distance_accuracy_value', 'NONE');
#1446 = FACE_OUTER_BOUND ( 'NONE', #1116, .T. ) ;
#1447 = DIRECTION ( 'NONE',  ( -1.355252715606880500E-016, -0.0000000000000000000, 1.000000000000000000 ) ) ;
#1448 = SURFACE_STYLE_USAGE ( .BOTH. , #272 ) ;
#1449 = STYLED_ITEM ( 'NONE', ( #1432 ), #1471 ) ;
#1450 = CARTESIAN_POINT ( 'NONE',  ( -0.7179925688283127500, 0.08102419615482686600, 0.3999000000000000900 ) ) ;
#1451 = AXIS2_PLACEMENT_3D ( 'NONE', #156, #727, #753 ) ;
#1452 = CARTESIAN_POINT ( 'NONE',  ( 0.7999999999999999300, 0.0000000000000000000, 0.4000000000000000200 ) ) ;
#1453 = LINE ( 'NONE', #848, #472 ) ;
#1454 = CARTESIAN_POINT ( 'NONE',  ( -0.7190902246740136200, 0.08175686838927169500, 0.3999000000000000900 ) ) ;
#1455 = CARTESIAN_POINT ( 'NONE',  ( -0.7161158656996542400, 0.08175686838927169500, 0.3999000000000000900 ) ) ;
#1456 =( LENGTH_UNIT ( ) NAMED_UNIT ( * ) SI_UNIT ( .MILLI., .METRE. ) );
#1457 = CARTESIAN_POINT ( 'NONE',  ( -0.7181420230529934600, 0.08175702425327172100, 0.3998999999999999200 ) ) ;
#1458 = ORIENTED_EDGE ( 'NONE', *, *, #628, .F. ) ;
#1459 = CARTESIAN_POINT ( 'NONE',  ( -0.7163010236068460000, 0.08115019207456074200, 0.4000000000000000200 ) ) ;
#1460 = FACE_OUTER_BOUND ( 'NONE', #1387, .T. ) ;
#1461 = ADVANCED_FACE ( 'NONE', ( #1856 ), #1363, .F. ) ;
#1462 = VERTEX_POINT ( 'NONE', #921 ) ;
#1463 = PLANE ( 'NONE',  #1416 ) ;
#1464 = CARTESIAN_POINT ( 'NONE',  ( -0.7160140711151181700, 0.08072219141918918200, 0.4000000000000001900 ) ) ;
#1465 =( LENGTH_UNIT ( ) NAMED_UNIT ( * ) SI_UNIT ( .MILLI., .METRE. ) );
#1466 = CARTESIAN_POINT ( 'NONE',  ( -0.7163060107443701700, 0.08123721982962432700, 0.3998999999999999800 ) ) ;
#1467 = VERTEX_POINT ( 'NONE', #182 ) ;
#1468 =( GEOMETRIC_REPRESENTATION_CONTEXT ( 3 ) GLOBAL_UNCERTAINTY_ASSIGNED_CONTEXT ( ( #1408 ) ) GLOBAL_UNIT_ASSIGNED_CONTEXT ( ( #1456, #407, #1017 ) ) REPRESENTATION_CONTEXT ( 'NONE', 'WORKASPACE' ) );
#1469 = STYLED_ITEM ( 'NONE', ( #327 ), #910 ) ;
#1470 =( NAMED_UNIT ( * ) SI_UNIT ( $, .STERADIAN. ) SOLID_ANGLE_UNIT ( ) );
#1471 = ADVANCED_FACE ( 'NONE', ( #689 ), #779, .T. ) ;
#1472 = SURFACE_STYLE_USAGE ( .BOTH. , #1170 ) ;
#1473 = CARTESIAN_POINT ( 'NONE',  ( -0.7163010236068460000, 0.08115019207456074200, 0.3999000000000000300 ) ) ;
#1474 = CARTESIAN_POINT ( 'NONE',  ( -0.7191748084339955000, 0.08165539049184621100, 0.3998999999999998700 ) ) ;
#1475 = CARTESIAN_POINT ( 'NONE',  ( -0.7160140711151181700, 0.08072219141918918200, 0.3999000000000002000 ) ) ;
#1476 = PRESENTATION_STYLE_ASSIGNMENT (( #674 ) ) ;
#1477 = ADVANCED_FACE ( 'NONE', ( #1001 ), #1506, .T. ) ;
#1478 = ORIENTED_EDGE ( 'NONE', *, *, #690, .T. ) ;
#1479 =( NAMED_UNIT ( * ) SI_UNIT ( $, .STERADIAN. ) SOLID_ANGLE_UNIT ( ) );
#1480 = CARTESIAN_POINT ( 'NONE',  ( -0.7149778452770922900, 0.08132634347748060600, 0.4000000000000000200 ) ) ;
#1481 = EDGE_LOOP ( 'NONE', ( #306, #869, #161, #395 ) ) ;
#1482 = SURFACE_STYLE_FILL_AREA ( #473 ) ;
#1483 = EDGE_CURVE ( 'NONE', #770, #81, #783, .T. ) ;
#1484 =( GEOMETRIC_REPRESENTATION_CONTEXT ( 3 ) GLOBAL_UNCERTAINTY_ASSIGNED_CONTEXT ( ( #59 ) ) GLOBAL_UNIT_ASSIGNED_CONTEXT ( ( #784, #471, #320 ) ) REPRESENTATION_CONTEXT ( 'NONE', 'WORKASPACE' ) );
#1485 = CARTESIAN_POINT ( 'NONE',  ( -0.7153837255746351400, 0.08190450182774826300, 0.3999000000000000300 ) ) ;
#1486 = ADVANCED_FACE ( 'NONE', ( #1660 ), #1521, .T. ) ;
#1487 = AXIS2_PLACEMENT_3D ( 'NONE', #1314, #724, #399 ) ;
#1488 = CARTESIAN_POINT ( 'NONE',  ( 0.0000000000000000000, 0.5999999999999998700, 0.0000000000000000000 ) ) ;
#1489 = VECTOR ( 'NONE', #507, 1000.000000000000000 ) ;
#1490 = EDGE_CURVE ( 'NONE', #491, #1735, #447, .T. ) ;
#1491 = AXIS2_PLACEMENT_3D ( 'NONE', #510, #1550, #528 ) ;
#1492 = ORIENTED_EDGE ( 'NONE', *, *, #1135, .F. ) ;
#1493 = EDGE_CURVE ( 'NONE', #1288, #1821, #641, .T. ) ;
#1494 = ADVANCED_FACE ( 'NONE', ( #1090, #1434, #255 ), #1810, .T. ) ;
#1495 = VECTOR ( 'NONE', #1136, 1000.000000000000000 ) ;
#1496 = ORIENTED_EDGE ( 'NONE', *, *, #383, .T. ) ;
#1497 = LINE ( 'NONE', #972, #1748 ) ;
#1498 = VECTOR ( 'NONE', #92, 1000.000000000000000 ) ;
#1499 = B_SPLINE_CURVE_WITH_KNOTS ( 'NONE', 3,
 ( #1320, #1036, #426, #140, #1464, #154, #133, #572, #1721, #853, #1160 ),
 .UNSPECIFIED., .F., .F.,
 ( 4, 1, 1, 1, 1, 1, 1, 1, 4 ),
 ( 0.0000000000000000000, 0.1277566033101171000, 0.2494143553365074100, 0.3727964764553862200, 0.5001113325158641500, 0.6286099407650834700, 0.7506433738258050400, 0.8737683791425253600, 1.000000000000000000 ),
 .UNSPECIFIED. ) ;
#1500 = ORIENTED_EDGE ( 'NONE', *, *, #481, .F. ) ;
#1501 = CARTESIAN_POINT ( 'NONE',  ( -0.7184840490141195500, 0.08062194418260215700, 0.4000000000000000800 ) ) ;
#1502 = LINE ( 'NONE', #74, #620 ) ;
#1503 = ORIENTED_EDGE ( 'NONE', *, *, #1207, .F. ) ;
#1504 =( GEOMETRIC_REPRESENTATION_CONTEXT ( 3 ) GLOBAL_UNCERTAINTY_ASSIGNED_CONTEXT ( ( #1780 ) ) GLOBAL_UNIT_ASSIGNED_CONTEXT ( ( #1277, #1563, #1594 ) ) REPRESENTATION_CONTEXT ( 'NONE', 'WORKASPACE' ) );
#1505 = ORIENTED_EDGE ( 'NONE', *, *, #1799, .F. ) ;
#1506 = PLANE ( 'NONE',  #1230 ) ;
#1507 = LINE ( 'NONE', #670, #738 ) ;
#1508 =( NAMED_UNIT ( * ) SI_UNIT ( $, .STERADIAN. ) SOLID_ANGLE_UNIT ( ) );
#1509 = PRESENTATION_LAYER_ASSIGNMENT (  '', '', ( #317 ) ) ;
#1510 = CIRCLE ( 'NONE', #864, 0.3464101615137754600 ) ;
#1511 = CLOSED_SHELL ( 'NONE', ( #768, #1486, #1329, #1628, #1477, #1643 ) ) ;
#1512 = VECTOR ( 'NONE', #1596, 1000.000000000000000 ) ;
#1513 = EDGE_LOOP ( 'NONE', ( #918, #1347, #1786, #1733 ) ) ;
#1514 = CARTESIAN_POINT ( 'NONE',  ( 2.570978074069704800E-017, 0.2500000000000002200, 0.4000000000000000200 ) ) ;
#1515 = EDGE_CURVE ( 'NONE', #1821, #1735, #1502, .T. ) ;
#1516 = PRESENTATION_LAYER_ASSIGNMENT (  '', '', ( #1341 ) ) ;
#1517 = EDGE_CURVE ( 'NONE', #813, #1388, #191, .T. ) ;
#1518 = CARTESIAN_POINT ( 'NONE',  ( -0.7151670853811593600, 0.08080721548603052300, 0.4000000000000001300 ) ) ;
#1519 = UNCERTAINTY_MEASURE_WITH_UNIT (LENGTH_MEASURE( 1.000000000000000100E-005 ), #409, 'distance_accuracy_value', 'NONE');
#1520 = COLOUR_RGB ( '',1.000000000000000000, 1.000000000000000000, 0.7529411764705882200 ) ;
#1521 = PLANE ( 'NONE',  #1575 ) ;
#1522 = FILL_AREA_STYLE ('',( #1824 ) ) ;
#1523 = ORIENTED_EDGE ( 'NONE', *, *, #1086, .T. ) ;
#1524 = DIRECTION ( 'NONE',  ( -0.0000000000000000000, -0.0000000000000000000, 1.000000000000000000 ) ) ;
#1525 = DIRECTION ( 'NONE',  ( 1.000000000000000000, 0.0000000000000000000, -0.0000000000000000000 ) ) ;
#1526 = PRESENTATION_STYLE_ASSIGNMENT (( #1087 ) ) ;
#1527 = CARTESIAN_POINT ( 'NONE',  ( -0.2432895678366375800, 0.0000000000000000000, 0.3273121490149618600 ) ) ;
#1528 = DIRECTION ( 'NONE',  ( 1.000000000000000000, 0.0000000000000000000, 0.0000000000000000000 ) ) ;
#1529 = COLOUR_RGB ( '',0.7529411764705882200, 0.7529411764705882200, 0.7529411764705882200 ) ;
#1530 = PRESENTATION_LAYER_ASSIGNMENT (  '', '', ( #1449 ) ) ;
#1531 = ORIENTED_EDGE ( 'NONE', *, *, #1284, .F. ) ;
#1532 = PRESENTATION_STYLE_ASSIGNMENT (( #1448 ) ) ;
#1533 = LINE ( 'NONE', #549, #24 ) ;
#1534 = AXIS2_PLACEMENT_3D ( 'NONE', #1180, #21, #874 ) ;
#1535 = CARTESIAN_POINT ( 'NONE',  ( -0.7150842625401936400, 0.08091076323032378400, 0.3999999999999999700 ) ) ;
#1536 = DIRECTION ( 'NONE',  ( -9.035018104045870700E-017, 1.000000000000000000, 0.0000000000000000000 ) ) ;
#1537 = EDGE_LOOP ( 'NONE', ( #88, #617, #1696, #1221 ) ) ;
#1538 = CARTESIAN_POINT ( 'NONE',  ( -0.7999999999999999300, 0.2500000000000001100, -0.4000000000000000200 ) ) ;
#1539 = LINE ( 'NONE', #947, #661 ) ;
#1540 = ORIENTED_EDGE ( 'NONE', *, *, #1858, .F. ) ;
#1541 = VECTOR ( 'NONE', #825, 1000.000000000000000 ) ;
#1542 = CARTESIAN_POINT ( 'NONE',  ( -0.7181414443555184100, 0.08080721548603052300, 0.4000000000000001300 ) ) ;
#1543 = CARTESIAN_POINT ( 'NONE',  ( 0.6000000000000000900, 0.5500000000000001600, 0.4000000000000000200 ) ) ;
#1544 = ORIENTED_EDGE ( 'NONE', *, *, #484, .F. ) ;
#1545 = EDGE_LOOP ( 'NONE', ( #1811, #1140, #1458, #228 ) ) ;
#1546 = PLANE ( 'NONE',  #767 ) ;
#1547 = UNCERTAINTY_MEASURE_WITH_UNIT (LENGTH_MEASURE( 1.000000000000000100E-005 ), #1270, 'distance_accuracy_value', 'NONE');
#1548 = FILL_AREA_STYLE ('',( #1123 ) ) ;
#1549 = CARTESIAN_POINT ( 'NONE',  ( -0.7155096900397602800, 0.08062194418260215700, 0.4000000000000000800 ) ) ;
#1550 = DIRECTION ( 'NONE',  ( -0.0000000000000000000, 0.0000000000000000000, 1.000000000000000000 ) ) ;
#1551 = CARTESIAN_POINT ( 'NONE',  ( -0.7181420230529934600, 0.08175702425327172100, 0.3998999999999999200 ) ) ;
#1552 =( NAMED_UNIT ( * ) PLANE_ANGLE_UNIT ( ) SI_UNIT ( $, .RADIAN. ) );
#1553 = CARTESIAN_POINT ( 'NONE',  ( -0.7191748084339955000, 0.08165539049184621100, 0.3999999999999998600 ) ) ;
#1554 = CARTESIAN_POINT ( 'NONE',  ( 6.331374423021487700E-017, 0.5500000000000001600, -0.4000000000000000200 ) ) ;
#1555 = CARTESIAN_POINT ( 'NONE',  ( 0.7999999999999999300, 0.0000000000000000000, 0.4000000000000000200 ) ) ;
#1556 = LINE ( 'NONE', #521, #771 ) ;
#1557 = CARTESIAN_POINT ( 'NONE',  ( -0.7161158656996542400, 0.08175686838927169500, 0.4000000000000000800 ) ) ;
#1558 = ORIENTED_EDGE ( 'NONE', *, *, #1093, .F. ) ;
#1559 = EDGE_LOOP ( 'NONE', ( #607, #1234, #1380, #439 ) ) ;
#1560 =( NAMED_UNIT ( * ) PLANE_ANGLE_UNIT ( ) SI_UNIT ( $, .RADIAN. ) );
#1561 = COLOUR_RGB ( '',1.000000000000000000, 1.000000000000000000, 1.000000000000000000 ) ;
#1562 = CARTESIAN_POINT ( 'NONE',  ( -0.7179522938220488400, 0.08123729107210594900, 0.4000000000000000200 ) ) ;
#1563 =( NAMED_UNIT ( * ) PLANE_ANGLE_UNIT ( ) SI_UNIT ( $, .RADIAN. ) );
#1564 = CARTESIAN_POINT ( 'NONE',  ( -0.7190908020020186900, 0.08080737292657785800, 0.3999999999999999100 ) ) ;
#1565 = COLOUR_RGB ( '',1.000000000000000000, 1.000000000000000000, 1.000000000000000000 ) ;
#1566 = DIRECTION ( 'NONE',  ( 0.0000000000000000000, -0.0000000000000000000, -1.000000000000000000 ) ) ;
#1567 = CARTESIAN_POINT ( 'NONE',  ( -0.7187476874365954500, 0.08194039412182270400, 0.4000000000000000800 ) ) ;
#1568 = LINE ( 'NONE', #1285, #793 ) ;
#1569 = EDGE_CURVE ( 'NONE', #442, #1194, #728, .T. ) ;
#1570 = SURFACE_SIDE_STYLE ('',( #1849 ) ) ;
#1571 = FILL_AREA_STYLE_COLOUR ( '', #1529 ) ;
#1572 = DIRECTION ( 'NONE',  ( -0.8660254037844421500, 0.0000000000000000000, 0.4999999999999939500 ) ) ;
#1573 = ORIENTED_EDGE ( 'NONE', *, *, #1490, .T. ) ;
#1574 = DIRECTION ( 'NONE',  ( -0.0000000000000000000, 1.000000000000000000, -0.0000000000000000000 ) ) ;
#1575 = AXIS2_PLACEMENT_3D ( 'NONE', #631, #1525, #637 ) ;
#1576 =( NAMED_UNIT ( * ) SI_UNIT ( $, .STERADIAN. ) SOLID_ANGLE_UNIT ( ) );
#1577 = CARTESIAN_POINT ( 'NONE',  ( -0.5999999999999998700, -1.182404828777903200, 0.4000000000000000200 ) ) ;
#1578 = DIRECTION ( 'NONE',  ( -0.0000000000000000000, 0.0000000000000000000, 1.000000000000000000 ) ) ;
#1579 = STYLED_ITEM ( 'NONE', ( #187 ), #444 ) ;
#1580 = B_SPLINE_CURVE_WITH_KNOTS ( 'NONE', 3,
 ( #236, #1562, #679, #693, #1706, #1542, #839, #982, #242, #1715, #957 ),
 .UNSPECIFIED., .F., .F.,
 ( 4, 1, 1, 1, 1, 1, 1, 1, 4 ),
 ( 0.0000000000000000000, 0.1261777183170000600, 0.2488206074857937100, 0.3715399692351297700, 0.4999837069108900600, 0.6272441978753922100, 0.7492255210762826000, 0.8722979504176678900, 1.000000000000000000 ),
 .UNSPECIFIED. ) ;
#1581 = EDGE_CURVE ( 'NONE', #949, #646, #1367, .T. ) ;
#1582 = STYLED_ITEM ( 'NONE', ( #605 ), #1661 ) ;
#1583 = STYLED_ITEM ( 'NONE', ( #652 ), #1050 ) ;
#1584 = DIRECTION ( 'NONE',  ( 0.0000000000000000000, 0.0000000000000000000, -1.000000000000000000 ) ) ;
#1585 = CARTESIAN_POINT ( 'NONE',  ( 0.0000000000000000000, 0.5500000000000001600, 0.0000000000000000000 ) ) ;
#1586 = FILL_AREA_STYLE_COLOUR ( '', #1183 ) ;
#1587 = EDGE_CURVE ( 'NONE', #179, #1, #548, .T. ) ;
#1588 = DIRECTION ( 'NONE',  ( -1.000000000000000000, 0.0000000000000000000, 0.0000000000000000000 ) ) ;
#1589 = CARTESIAN_POINT ( 'NONE',  ( -0.7163061077238778200, 0.08132641726504369300, 0.3999000000000000300 ) ) ;
#1590 = CARTESIAN_POINT ( 'NONE',  ( -0.7183583547097602800, 0.08066009727953789300, 0.3998999999999998700 ) ) ;
#1591 = LINE ( 'NONE', #369, #1211 ) ;
#1592 = VERTEX_POINT ( 'NONE', #125 ) ;
#1593 = DIRECTION ( 'NONE',  ( 0.0000000000000000000, -1.000000000000000000, -0.0000000000000000000 ) ) ;
#1594 =( NAMED_UNIT ( * ) SI_UNIT ( $, .STERADIAN. ) SOLID_ANGLE_UNIT ( ) );
#1595 = VECTOR ( 'NONE', #1734, 1000.000000000000000 ) ;
#1596 = DIRECTION ( 'NONE',  ( 0.0000000000000000000, 0.0000000000000000000, -1.000000000000000000 ) ) ;
#1597 = DIRECTION ( 'NONE',  ( -1.000000000000000000, -1.355252715606880500E-016, 0.0000000000000000000 ) ) ;
#1598 = ORIENTED_EDGE ( 'NONE', *, *, #930, .T. ) ;
#1599 = CARTESIAN_POINT ( 'NONE',  ( -0.7156864993541423000, 0.08061699452415468900, 0.3999000000000000900 ) ) ;
#1600 = APPLICATION_CONTEXT ( 'automotive_design' ) ;
#1601 = LINE ( 'NONE', #1312, #354 ) ;
#1602 = CARTESIAN_POINT ( 'NONE',  ( -0.7186162276870113900, 0.08194794249251544100, 0.4000000000000000200 ) ) ;
#1603 = CARTESIAN_POINT ( 'NONE',  ( -0.7186162276870113900, 0.08194794249251544100, 0.4000000000000000200 ) ) ;
#1604 = EDGE_LOOP ( 'NONE', ( #1060, #127, #1311, #249 ) ) ;
#1605 = LINE ( 'NONE', #118, #421 ) ;
#1606 = FILL_AREA_STYLE ('',( #288 ) ) ;
#1607 = FILL_AREA_STYLE_COLOUR ( '', #525 ) ;
#1608 = ORIENTED_EDGE ( 'NONE', *, *, #940, .T. ) ;
#1609 = DIRECTION ( 'NONE',  ( -0.0000000000000000000, -0.0000000000000000000, -1.000000000000000000 ) ) ;
#1610 = ORIENTED_EDGE ( 'NONE', *, *, #517, .F. ) ;
#1611 = FILL_AREA_STYLE ('',( #430 ) ) ;
#1612 = CARTESIAN_POINT ( 'NONE',  ( -0.7179573560498756500, 0.08141418273453889000, 0.3999999999999998000 ) ) ;
#1613 = DIRECTION ( 'NONE',  ( -0.0000000000000000000, 1.000000000000000000, -0.0000000000000000000 ) ) ;
#1614 = PRESENTATION_LAYER_ASSIGNMENT (  '', '', ( #1399 ) ) ;
#1615 = CARTESIAN_POINT ( 'NONE',  ( -0.7179522042514514500, 0.08132634347748060600, 0.4000000000000000200 ) ) ;
#1616 =( LENGTH_UNIT ( ) NAMED_UNIT ( * ) SI_UNIT ( .MILLI., .METRE. ) );
#1617 = APPLICATION_PROTOCOL_DEFINITION ( 'draft international standard', 'automotive_design', 1998, #1600 ) ;
#1618 = ADVANCED_FACE ( 'NONE', ( #1639 ), #887, .T. ) ;
#1619 = CARTESIAN_POINT ( 'NONE',  ( -0.7150182907560015400, 0.08154150066043372400, 0.3999000000000001400 ) ) ;
#1620 = LINE ( 'NONE', #680, #1228 ) ;
#1621 =( NAMED_UNIT ( * ) PLANE_ANGLE_UNIT ( ) SI_UNIT ( $, .RADIAN. ) );
#1622 =( NAMED_UNIT ( * ) SI_UNIT ( $, .STERADIAN. ) SOLID_ANGLE_UNIT ( ) );
#1623 = SURFACE_STYLE_FILL_AREA ( #1034 ) ;
#1624 = CARTESIAN_POINT ( 'NONE',  ( -0.7157736300572687900, 0.08062165138142436700, 0.3998999999999999200 ) ) ;
#1625 = CARTESIAN_POINT ( 'NONE',  ( -0.7188734921001472800, 0.08190373032254118200, 0.4000000000000000800 ) ) ;
#1626 = ADVANCED_BREP_SHAPE_REPRESENTATION ( 'APTD1608', ( #1661, #1031, #766, #206, #1058, #165, #1048 ), #1832 ) ;
#1627 = CARTESIAN_POINT ( 'NONE',  ( -0.2432895678366375800, -0.0001000000000000000000, -0.3273121490149722400 ) ) ;
#1628 = ADVANCED_FACE ( 'NONE', ( #450 ), #866, .T. ) ;
#1629 = MECHANICAL_DESIGN_GEOMETRIC_PRESENTATION_REPRESENTATION (  '', ( #72 ), #765 ) ;
#1630 = CARTESIAN_POINT ( 'NONE',  ( -0.7163085353793189300, 0.08128127582584876400, 0.3999000000000000300 ) ) ;
#1631 = EDGE_CURVE ( 'NONE', #1467, #1667, #1499, .T. ) ;
#1632 = MECHANICAL_DESIGN_GEOMETRIC_PRESENTATION_REPRESENTATION (  '', ( #1341 ), #110 ) ;
#1633 = EDGE_CURVE ( 'NONE', #909, #949, #1174, .T. ) ;
#1634 = FACE_OUTER_BOUND ( 'NONE', #1604, .T. ) ;
#1635 = CARTESIAN_POINT ( 'NONE',  ( -0.7149778452770922900, 0.08132634347748060600, 0.4000000000000000200 ) ) ;
#1636 =( LENGTH_UNIT ( ) NAMED_UNIT ( * ) SI_UNIT ( .MILLI., .METRE. ) );
#1637 = CARTESIAN_POINT ( 'NONE',  ( -0.7151676640786345200, 0.08175702425327172100, 0.3999999999999999100 ) ) ;
#1638 = DIRECTION ( 'NONE',  ( 0.0000000000000000000, 0.0000000000000000000, -1.000000000000000000 ) ) ;
#1639 = FACE_OUTER_BOUND ( 'NONE', #1790, .T. ) ;
#1640 = LINE ( 'NONE', #761, #1108 ) ;
#1641 = ORIENTED_EDGE ( 'NONE', *, *, #927, .F. ) ;
#1642 = CARTESIAN_POINT ( 'NONE',  ( 0.7999999999999999300, -0.0001000000000000000000, 0.4000000000000000200 ) ) ;
#1643 = ADVANCED_FACE ( 'NONE', ( #1235 ), #259, .F. ) ;
#1644 = FACE_OUTER_BOUND ( 'NONE', #1758, .T. ) ;
#1645 = EDGE_LOOP ( 'NONE', ( #577, #25, #1056, #601 ) ) ;
#1646 = B_SPLINE_CURVE_WITH_KNOTS ( 'NONE', 3,
 ( #261, #1869, #1624, #162, #1475, #17, #284, #7, #575, #1466, #1193 ),
 .UNSPECIFIED., .F., .F.,
 ( 4, 1, 1, 1, 1, 1, 1, 1, 4 ),
 ( 0.0000000000000000000, 0.1277566033101171000, 0.2494143553365074100, 0.3727964764553862200, 0.5001113325158641500, 0.6286099407650834700, 0.7506433738258050400, 0.8737683791425253600, 1.000000000000000000 ),
 .UNSPECIFIED. ) ;
#1647 = AXIS2_PLACEMENT_3D ( 'NONE', #694, #1736, #1707 ) ;
#1648 = STYLED_ITEM ( 'NONE', ( #512 ), #463 ) ;
#1649 = VECTOR ( 'NONE', #1702, 1000.000000000000000 ) ;
#1650 = ORIENTED_EDGE ( 'NONE', *, *, #477, .F. ) ;
#1651 = EDGE_LOOP ( 'NONE', ( #1379, #248, #1678, #1406 ) ) ;
#1652 = SURFACE_STYLE_FILL_AREA ( #1611 ) ;
#1653 = SURFACE_STYLE_USAGE ( .BOTH. , #1372 ) ;
#1654 = DIRECTION ( 'NONE',  ( -0.5000000000000058800, 0.0000000000000000000, 0.8660254037844353800 ) ) ;
#1655 =( GEOMETRIC_REPRESENTATION_CONTEXT ( 3 ) GLOBAL_UNCERTAINTY_ASSIGNED_CONTEXT ( ( #542 ) ) GLOBAL_UNIT_ASSIGNED_CONTEXT ( ( #1150, #245, #1845 ) ) REPRESENTATION_CONTEXT ( 'NONE', 'WORKASPACE' ) );
#1656 = LINE ( 'NONE', #3, #1265 ) ;
#1657 = VECTOR ( 'NONE', #1159, 1000.000000000000000 ) ;
#1658 = PRESENTATION_STYLE_ASSIGNMENT (( #802 ) ) ;
#1659 = EDGE_LOOP ( 'NONE', ( #287, #734, #614, #1333 ) ) ;
#1660 = FACE_OUTER_BOUND ( 'NONE', #197, .T. ) ;
#1661 = MANIFOLD_SOLID_BREP ( 'Revolve1', #1010 ) ;
#1662 = LINE ( 'NONE', #93, #1489 ) ;
#1663 =( NAMED_UNIT ( * ) SI_UNIT ( $, .STERADIAN. ) SOLID_ANGLE_UNIT ( ) );
#1664 = SURFACE_SIDE_STYLE ('',( #1153 ) ) ;
#1665 = DIRECTION ( 'NONE',  ( -0.0000000000000000000, 0.0000000000000000000, 1.000000000000000000 ) ) ;
#1666 = EDGE_CURVE ( 'NONE', #1462, #325, #1370, .T. ) ;
#1667 = VERTEX_POINT ( 'NONE', #1000 ) ;
#1668 = STYLED_ITEM ( 'NONE', ( #1145 ), #1494 ) ;
#1669 = MECHANICAL_DESIGN_GEOMETRIC_PRESENTATION_REPRESENTATION (  '', ( #1648 ), #1778 ) ;
#1670 =( NAMED_UNIT ( * ) PLANE_ANGLE_UNIT ( ) SI_UNIT ( $, .RADIAN. ) );
#1671 = EDGE_LOOP ( 'NONE', ( #1431, #655, #876, #1344 ) ) ;
#1672 = FILL_AREA_STYLE ('',( #1092 ) ) ;
#1673 = AXIS2_PLACEMENT_3D ( 'NONE', #529, #1127, #1566 ) ;
#1674 = VERTEX_POINT ( 'NONE', #1300 ) ;
#1675 = FACE_OUTER_BOUND ( 'NONE', #1263, .T. ) ;
#1676 = CARTESIAN_POINT ( 'NONE',  ( -0.7999999999999999300, 0.0000000000000000000, 0.4000000000000000200 ) ) ;
#1677 = CARTESIAN_POINT ( 'NONE',  ( -0.7150182098539538100, 0.08102419615482686600, 0.3999000000000000900 ) ) ;
#1678 = ORIENTED_EDGE ( 'NONE', *, *, #1063, .F. ) ;
#1679 = EDGE_LOOP ( 'NONE', ( #665, #812, #44, #114 ) ) ;
#1680 = CARTESIAN_POINT ( 'NONE',  ( -0.7156418687126523400, 0.08061460915918210200, 0.4000000000000000200 ) ) ;
#1681 = VECTOR ( 'NONE', #204, 1000.000000000000000 ) ;
#1682 = B_SPLINE_CURVE_WITH_KNOTS ( 'NONE', 3,
 ( #132, #1589, #1720, #1306, #852, #1455, #1016, #406, #1151, #555, #257 ),
 .UNSPECIFIED., .F., .F.,
 ( 4, 1, 1, 1, 1, 1, 1, 1, 4 ),
 ( 0.0000000000000000000, 0.1290969581672176700, 0.2520459672599821800, 0.3739049644020225900, 0.5010378352202031800, 0.6281707060384186200, 0.7513764634092190400, 0.8724260133704695400, 1.000000000000000000 ),
 .UNSPECIFIED. ) ;
#1683 = CARTESIAN_POINT ( 'NONE',  ( 0.5000000000000000000, -0.0001000000000000000000, 0.4000000000000000200 ) ) ;
#1684 = FILL_AREA_STYLE_COLOUR ( '', #365 ) ;
#1685 = DIRECTION ( 'NONE',  ( -0.0000000000000000000, 1.000000000000000000, -0.0000000000000000000 ) ) ;
#1686 = SURFACE_STYLE_FILL_AREA ( #1871 ) ;
#1687 = COLOUR_RGB ( '',0.0000000000000000000, 0.0000000000000000000, 1.000000000000000000 ) ;
#1688 = SURFACE_STYLE_FILL_AREA ( #1548 ) ;
#1689 = PLANE ( 'NONE',  #1161 ) ;
#1690 = CARTESIAN_POINT ( 'NONE',  ( 0.5000000000000000000, 0.0000000000000000000, 0.4000000000000000200 ) ) ;
#1691 = FILL_AREA_STYLE_COLOUR ( '', #1561 ) ;
#1692 = FILL_AREA_STYLE_COLOUR ( '', #1747 ) ;
#1693 = CARTESIAN_POINT ( 'NONE',  ( -0.7163085353793189300, 0.08128127582584876400, 0.4000000000000000200 ) ) ;
#1694 = SURFACE_STYLE_USAGE ( .BOTH. , #366 ) ;
#1695 = CARTESIAN_POINT ( 'NONE',  ( -0.7186162276870113900, 0.08194794249251544100, 0.4000000000000000200 ) ) ;
#1696 = ORIENTED_EDGE ( 'NONE', *, *, #927, .T. ) ;
#1697 = SURFACE_STYLE_USAGE ( .BOTH. , #673 ) ;
#1698 =( LENGTH_UNIT ( ) NAMED_UNIT ( * ) SI_UNIT ( .MILLI., .METRE. ) );
#1699 = CARTESIAN_POINT ( 'NONE',  ( 0.7999999999999999300, -0.0001000000000000000000, -0.4000000000000000200 ) ) ;
#1700 = SURFACE_STYLE_USAGE ( .BOTH. , #1421 ) ;
#1701 = PLANE ( 'NONE',  #1094 ) ;
#1702 = DIRECTION ( 'NONE',  ( 0.0000000000000000000, -1.000000000000000000, 0.0000000000000000000 ) ) ;
#1703 =( GEOMETRIC_REPRESENTATION_CONTEXT ( 3 ) GLOBAL_UNCERTAINTY_ASSIGNED_CONTEXT ( ( #1126 ) ) GLOBAL_UNIT_ASSIGNED_CONTEXT ( ( #1636, #759, #1768 ) ) REPRESENTATION_CONTEXT ( 'NONE', 'WORKASPACE' ) );
#1704 = EDGE_CURVE ( 'NONE', #134, #1821, #553, .T. ) ;
#1705 = PRESENTATION_LAYER_ASSIGNMENT (  '', '', ( #85 ) ) ;
#1706 = CARTESIAN_POINT ( 'NONE',  ( -0.7180586215145530200, 0.08091076323032378400, 0.3999999999999999700 ) ) ;
#1707 = DIRECTION ( 'NONE',  ( 1.000000000000000000, 0.0000000000000000000, 0.0000000000000000000 ) ) ;
#1708 = DIRECTION ( 'NONE',  ( 0.0000000000000000000, 0.0000000000000000000, 1.000000000000000000 ) ) ;
#1709 = EDGE_CURVE ( 'NONE', #685, #813, #1097, .T. ) ;
#1710 = CARTESIAN_POINT ( 'NONE',  ( -0.7188732141612972400, 0.08066088065291764100, 0.3999000000000001400 ) ) ;
#1711 = CARTESIAN_POINT ( 'NONE',  ( -0.7162630236582759900, 0.08154071977356043600, 0.3999000000000000900 ) ) ;
#1712 = EDGE_LOOP ( 'NONE', ( #486, #701, #1397, #62 ) ) ;
#1713 = DIRECTION ( 'NONE',  ( -0.0000000000000000000, -0.0000000000000000000, 1.000000000000000000 ) ) ;
#1714 = B_SPLINE_CURVE_WITH_KNOTS ( 'NONE', 3,
 ( #1014, #898, #750, #1764, #1318, #164, #1196, #138, #413, #300, #880 ),
 .UNSPECIFIED., .F., .F.,
 ( 4, 1, 1, 1, 1, 1, 1, 1, 4 ),
 ( 0.0000000000000000000, 0.1277566033101171000, 0.2494143553365074100, 0.3727964764553862200, 0.5001113325158641500, 0.6286099407650834700, 0.7506433738258050400, 0.8737683791425253600, 1.000000000000000000 ),
 .UNSPECIFIED. ) ;
#1715 = CARTESIAN_POINT ( 'NONE',  ( -0.7185716291817725300, 0.08061708407494022600, 0.4000000000000000800 ) ) ;
#1716 = DIRECTION ( 'NONE',  ( 0.0000000000000000000, 0.0000000000000000000, 1.000000000000000000 ) ) ;
#1717 = CARTESIAN_POINT ( 'NONE',  ( -0.7192757269989249500, 0.08141455038504068200, 0.3999000000000000300 ) ) ;
#1718 = CARTESIAN_POINT ( 'NONE',  ( -0.7189884300894772200, 0.08072219141918918200, 0.3999000000000002000 ) ) ;
#1719 = DIRECTION ( 'NONE',  ( -8.673617379884026600E-016, -1.000000000000000000, 0.0000000000000000000 ) ) ;
#1720 = CARTESIAN_POINT ( 'NONE',  ( -0.7163013680245657900, 0.08141455038504068200, 0.3999000000000000300 ) ) ;
#1721 = CARTESIAN_POINT ( 'NONE',  ( -0.7163010236068460000, 0.08115019207456074200, 0.4000000000000000200 ) ) ;
#1722 = VERTEX_POINT ( 'NONE', #401 ) ;
#1723 = CARTESIAN_POINT ( 'NONE',  ( -0.7192828943536780900, 0.08128127582584876400, 0.3999000000000000300 ) ) ;
#1724 = CLOSED_SHELL ( 'NONE', ( #176, #892, #1461, #900, #582 ) ) ;
#1725 = DIRECTION ( 'NONE',  ( -0.0000000000000000000, 1.000000000000000000, -0.0000000000000000000 ) ) ;
#1726 = CARTESIAN_POINT ( 'NONE',  ( -0.7187476874365954500, 0.08194039412182270400, 0.3999000000000000900 ) ) ;
#1727 = CARTESIAN_POINT ( 'NONE',  ( 6.331374423021487700E-017, 0.5500000000000001600, 0.4000000000000000200 ) ) ;
#1728 = SURFACE_STYLE_USAGE ( .BOTH. , #1862 ) ;
#1729 = VECTOR ( 'NONE', #739, 1000.000000000000000 ) ;
#1730 = FILL_AREA_STYLE_COLOUR ( '', #718 ) ;
#1731 = SURFACE_STYLE_USAGE ( .BOTH. , #707 ) ;
#1732 = COLOUR_RGB ( '',1.000000000000000000, 1.000000000000000000, 1.000000000000000000 ) ;
#1733 = ORIENTED_EDGE ( 'NONE', *, *, #108, .T. ) ;
#1734 = DIRECTION ( 'NONE',  ( -0.0000000000000000000, -0.0000000000000000000, 1.000000000000000000 ) ) ;
#1735 = VERTEX_POINT ( 'NONE', #1846 ) ;
#1736 = DIRECTION ( 'NONE',  ( 0.0000000000000000000, 0.0000000000000000000, 1.000000000000000000 ) ) ;
#1737 = DIRECTION ( 'NONE',  ( -1.355252715606880500E-016, 0.0000000000000000000, 1.000000000000000000 ) ) ;
#1738 = CARTESIAN_POINT ( 'NONE',  ( 6.331374423021487700E-017, 0.5500000000000001600, 0.0000000000000000000 ) ) ;
#1739 = SURFACE_SIDE_STYLE ('',( #1029 ) ) ;
#1740 = AXIS2_PLACEMENT_3D ( 'NONE', #578, #1317, #569 ) ;
#1741 = CARTESIAN_POINT ( 'NONE',  ( -0.7161164430276595300, 0.08080737292657785800, 0.3999999999999999100 ) ) ;
#1742 = APPLICATION_PROTOCOL_DEFINITION ( 'draft international standard', 'automotive_design', 1998, #1020 ) ;
#1743 = PRESENTATION_LAYER_ASSIGNMENT (  '', '', ( #1356 ) ) ;
#1744 = CARTESIAN_POINT ( 'NONE',  ( -0.7184843454137162000, 0.08194010565348526500, 0.3999999999999999700 ) ) ;
#1745 = CARTESIAN_POINT ( 'NONE',  ( -0.7182438110410777100, 0.08184128203238456900, 0.3999000000000001400 ) ) ;
#1746 = FILL_AREA_STYLE ('',( #1053 ) ) ;
#1747 = COLOUR_RGB ( '',0.0000000000000000000, 0.0000000000000000000, 1.000000000000000000 ) ;
#1748 = VECTOR ( 'NONE', #995, 1000.000000000000000 ) ;
#1749 = EDGE_LOOP ( 'NONE', ( #948, #1346, #756, #211 ) ) ;
#1750 = COLOUR_RGB ( '',0.0000000000000000000, 0.0000000000000000000, 1.000000000000000000 ) ;
#1751 = CARTESIAN_POINT ( 'NONE',  ( -0.7192804666982368600, 0.08132641726504369300, 0.4000000000000000200 ) ) ;
#1752 = SURFACE_SIDE_STYLE ('',( #1054 ) ) ;
#1753 = CARTESIAN_POINT ( 'NONE',  ( -0.7179573560498756500, 0.08141418273453889000, 0.3999999999999998000 ) ) ;
#1754 = ORIENTED_EDGE ( 'NONE', *, *, #1517, .F. ) ;
#1755 = CARTESIAN_POINT ( 'NONE',  ( -0.7161164430276595300, 0.08080737292657785800, 0.3998999999999999200 ) ) ;
#1756 = CARTESIAN_POINT ( 'NONE',  ( -0.7156418687126523400, 0.08194794249251544100, 0.3999000000000000300 ) ) ;
#1757 =( LENGTH_UNIT ( ) NAMED_UNIT ( * ) SI_UNIT ( .MILLI., .METRE. ) );
#1758 = EDGE_LOOP ( 'NONE', ( #1223, #926, #1540, #1098 ) ) ;
#1759 =( LENGTH_UNIT ( ) NAMED_UNIT ( * ) SI_UNIT ( .MILLI., .METRE. ) );
#1760 = CARTESIAN_POINT ( 'NONE',  ( -0.7150842625401936400, 0.08091076323032378400, 0.3998999999999999800 ) ) ;
#1761 = CARTESIAN_POINT ( 'NONE',  ( -0.7179495610203446800, 0.08128127582584876400, 0.4000000000000000200 ) ) ;
#1762 = CARTESIAN_POINT ( 'NONE',  ( -0.7162631032663822100, 0.08102497736046944400, 0.3998999999999999800 ) ) ;
#1763 = ADVANCED_FACE ( 'NONE', ( #66 ), #235, .F. ) ;
#1764 = CARTESIAN_POINT ( 'NONE',  ( -0.7188732141612972400, 0.08066088065291764100, 0.3999000000000001400 ) ) ;
#1765 = CARTESIAN_POINT ( 'NONE',  ( -0.7182438362036514000, 0.08072277921035464500, 0.4000000000000000200 ) ) ;
#1766 = CARTESIAN_POINT ( 'NONE',  ( -0.7999999999999999300, 0.2500000000000001100, 0.4000000000000000200 ) ) ;
#1767 = CARTESIAN_POINT ( 'NONE',  ( -0.7188732141612972400, 0.08066088065291764100, 0.4000000000000001300 ) ) ;
#1768 =( NAMED_UNIT ( * ) SI_UNIT ( $, .STERADIAN. ) SOLID_ANGLE_UNIT ( ) );
#1769 = PRESENTATION_STYLE_ASSIGNMENT (( #295 ) ) ;
#1770 = ORIENTED_EDGE ( 'NONE', *, *, #1200, .T. ) ;
#1771 = EDGE_CURVE ( 'NONE', #1299, #1674, #1605, .T. ) ;
#1772 = PRESENTATION_LAYER_ASSIGNMENT (  '', '', ( #1668 ) ) ;
#1773 = ORIENTED_EDGE ( 'NONE', *, *, #857, .T. ) ;
#1774 = EDGE_LOOP ( 'NONE', ( #1078, #754, #640, #867 ) ) ;
#1775 = CARTESIAN_POINT ( 'NONE',  ( -0.7156418687126523400, 0.08194794249251544100, 0.4000000000000000200 ) ) ;
#1776 = VECTOR ( 'NONE', #73, 1000.000000000000000 ) ;
#1777 = PRODUCT ( 'APTD1608', 'APTD1608', '', ( #714 ) ) ;
#1778 =( GEOMETRIC_REPRESENTATION_CONTEXT ( 3 ) GLOBAL_UNCERTAINTY_ASSIGNED_CONTEXT ( ( #809 ) ) GLOBAL_UNIT_ASSIGNED_CONTEXT ( ( #251, #831, #1267 ) ) REPRESENTATION_CONTEXT ( 'NONE', 'WORKASPACE' ) );
#1779 = FILL_AREA_STYLE_COLOUR ( '', #613 ) ;
#1780 = UNCERTAINTY_MEASURE_WITH_UNIT (LENGTH_MEASURE( 1.000000000000000100E-005 ), #1277, 'distance_accuracy_value', 'NONE');
#1781 = FILL_AREA_STYLE_COLOUR ( '', #219 ) ;
#1782 = ORIENTED_EDGE ( 'NONE', *, *, #304, .T. ) ;
#1783 = ORIENTED_EDGE ( 'NONE', *, *, #1483, .T. ) ;
#1784 = ADVANCED_FACE ( 'NONE', ( #1178 ), #1546, .F. ) ;
#1785 = VECTOR ( 'NONE', #535, 1000.000000000000000 ) ;
#1786 = ORIENTED_EDGE ( 'NONE', *, *, #625, .T. ) ;
#1787 = PRESENTATION_STYLE_ASSIGNMENT (( #315 ) ) ;
#1788 = LINE ( 'NONE', #563, #827 ) ;
#1789 = CARTESIAN_POINT ( 'NONE',  ( -0.7179925688283127500, 0.08102419615482686600, 0.3999000000000000900 ) ) ;
#1790 = EDGE_LOOP ( 'NONE', ( #1213, #1496, #9, #938 ) ) ;
#1791 = VECTOR ( 'NONE', #1528, 1000.000000000000000 ) ;
#1792 = SURFACE_STYLE_USAGE ( .BOTH. , #1220 ) ;
#1793 = ORIENTED_EDGE ( 'NONE', *, *, #520, .F. ) ;
#1794 = VECTOR ( 'NONE', #490, 1000.000000000000000 ) ;
#1795 = CARTESIAN_POINT ( 'NONE',  ( 2.198368341456633100E-016, -1.182404828777903200, 0.4000000000000000200 ) ) ;
#1796 = MECHANICAL_DESIGN_GEOMETRIC_PRESENTATION_REPRESENTATION (  '', ( #1399 ), #987 ) ;
#1797 = PRESENTATION_LAYER_ASSIGNMENT (  '', '', ( #791 ) ) ;
#1798 = DIRECTION ( 'NONE',  ( 1.000000000000000000, 0.0000000000000000000, 0.0000000000000000000 ) ) ;
#1799 = EDGE_CURVE ( 'NONE', #325, #192, #1198, .T. ) ;
#1800 = MECHANICAL_DESIGN_GEOMETRIC_PRESENTATION_REPRESENTATION (  '', ( #85 ), #75 ) ;
#1801 = FACE_OUTER_BOUND ( 'NONE', #67, .T. ) ;
#1802 = EDGE_CURVE ( 'NONE', #1722, #134, #776, .T. ) ;
#1803 = CARTESIAN_POINT ( 'NONE',  ( -0.7150842625401936400, 0.08091076323032378400, 0.3999999999999999700 ) ) ;
#1804 = COLOUR_RGB ( '',0.0000000000000000000, 0.0000000000000000000, 1.000000000000000000 ) ;
#1805 = FACE_OUTER_BOUND ( 'NONE', #1444, .T. ) ;
#1806 = ORIENTED_EDGE ( 'NONE', *, *, #375, .F. ) ;
#1807 = ORIENTED_EDGE ( 'NONE', *, *, #834, .F. ) ;
#1808 = VECTOR ( 'NONE', #1303, 1000.000000000000200 ) ;
#1809 = CARTESIAN_POINT ( 'NONE',  ( -0.7152694772292923500, 0.08072277921035464500, 0.3999000000000000300 ) ) ;
#1810 = PLANE ( 'NONE',  #1816 ) ;
#1811 = ORIENTED_EDGE ( 'NONE', *, *, #303, .T. ) ;
#1812 = CARTESIAN_POINT ( 'NONE',  ( -0.7149833238925161800, 0.08115055378368149500, 0.3999000000000000900 ) ) ;
#1813 = COLOUR_RGB ( '',0.0000000000000000000, 0.5019607843137254800, 0.0000000000000000000 ) ;
#1814 = SURFACE_STYLE_USAGE ( .BOTH. , #651 ) ;
#1815 = CARTESIAN_POINT ( 'NONE',  ( -0.7999999999999999300, 0.0000000000000000000, 0.4000000000000000200 ) ) ;
#1816 = AXIS2_PLACEMENT_3D ( 'NONE', #1238, #1665, #69 ) ;
#1817 = MECHANICAL_DESIGN_GEOMETRIC_PRESENTATION_REPRESENTATION (  '', ( #1349 ), #944 ) ;
#1818 = UNCERTAINTY_MEASURE_WITH_UNIT (LENGTH_MEASURE( 1.000000000000000100E-005 ), #1442, 'distance_accuracy_value', 'NONE');
#1819 = CARTESIAN_POINT ( 'NONE',  ( -0.7999999999999999300, -0.0001000000000000000000, -0.4000000000000000200 ) ) ;
#1820 = FILL_AREA_STYLE ('',( #1241 ) ) ;
#1821 = VERTEX_POINT ( 'NONE', #1840 ) ;
#1822 = SURFACE_STYLE_FILL_AREA ( #1005 ) ;
#1823 = LINE ( 'NONE', #397, #46 ) ;
#1824 = FILL_AREA_STYLE_COLOUR ( '', #1813 ) ;
#1825 = ORIENTED_EDGE ( 'NONE', *, *, #304, .F. ) ;
#1826 = DIRECTION ( 'NONE',  ( 1.000000000000000000, -8.673617379884027600E-016, 0.0000000000000000000 ) ) ;
#1827 = CARTESIAN_POINT ( 'NONE',  ( -0.7186162276870113900, 0.08194794249251544100, 0.3999000000000000300 ) ) ;
#1828 = COLOUR_RGB ( '',1.000000000000000000, 1.000000000000000000, 1.000000000000000000 ) ;
#1829 = CARTESIAN_POINT ( 'NONE',  ( -0.7156864486030040100, 0.08194538273153245700, 0.3999999999999999700 ) ) ;
#1830 = ORIENTED_EDGE ( 'NONE', *, *, #990, .F. ) ;
#1831 = CLOSED_SHELL ( 'NONE', ( #1763, #45, #20, #1218, #1618, #742 ) ) ;
#1832 =( GEOMETRIC_REPRESENTATION_CONTEXT ( 3 ) GLOBAL_UNCERTAINTY_ASSIGNED_CONTEXT ( ( #1848 ) ) GLOBAL_UNIT_ASSIGNED_CONTEXT ( ( #1307, #567, #546 ) ) REPRESENTATION_CONTEXT ( 'NONE', 'WORKASPACE' ) );
#1833 = CARTESIAN_POINT ( 'NONE',  ( -0.7179495610203446800, 0.08128127582584876400, 0.4000000000000000200 ) ) ;
#1834 = DIRECTION ( 'NONE',  ( -1.355252715606880500E-016, 0.0000000000000000000, -1.000000000000000000 ) ) ;
#1835 =( LENGTH_UNIT ( ) NAMED_UNIT ( * ) SI_UNIT ( .MILLI., .METRE. ) );
#1836 =( NAMED_UNIT ( * ) SI_UNIT ( $, .STERADIAN. ) SOLID_ANGLE_UNIT ( ) );
#1837 = FACE_OUTER_BOUND ( 'NONE', #1252, .T. ) ;
#1838 = CARTESIAN_POINT ( 'NONE',  ( -0.7162630236582759900, 0.08154071977356043600, 0.4000000000000000800 ) ) ;
#1839 = CARTESIAN_POINT ( 'NONE',  ( -0.2432895678366375800, -0.0001000000000000000000, 0.3273121490149618600 ) ) ;
#1840 = CARTESIAN_POINT ( 'NONE',  ( -0.7999999999999999300, 0.0000000000000000000, -0.4000000000000000200 ) ) ;
#1841 =( NAMED_UNIT ( * ) PLANE_ANGLE_UNIT ( ) SI_UNIT ( $, .RADIAN. ) );
#1842 = CARTESIAN_POINT ( 'NONE',  ( -0.7192828943536780900, 0.08128127582584876400, 0.3999000000000000300 ) ) ;
#1843 = CARTESIAN_POINT ( 'NONE',  ( -0.7192803697187292200, 0.08123721982962432700, 0.3999999999999999700 ) ) ;
#1844 = ORIENTED_EDGE ( 'NONE', *, *, #1382, .F. ) ;
#1845 =( NAMED_UNIT ( * ) SI_UNIT ( $, .STERADIAN. ) SOLID_ANGLE_UNIT ( ) );
#1846 = CARTESIAN_POINT ( 'NONE',  ( -0.4999999999999998900, 0.0000000000000000000, -0.4000000000000000200 ) ) ;
#1847 = SURFACE_STYLE_FILL_AREA ( #676 ) ;
#1848 = UNCERTAINTY_MEASURE_WITH_UNIT (LENGTH_MEASURE( 1.000000000000000100E-005 ), #1307, 'distance_accuracy_value', 'NONE');
#1849 = SURFACE_STYLE_FILL_AREA ( #1132 ) ;
#1850 = ORIENTED_EDGE ( 'NONE', *, *, #797, .T. ) ;
#1851 = SURFACE_STYLE_USAGE ( .BOTH. , #1570 ) ;
#1852 = CARTESIAN_POINT ( 'NONE',  ( 0.7999999999999999300, -0.0001000000000000000000, 0.4000000000000000200 ) ) ;
#1853 = CARTESIAN_POINT ( 'NONE',  ( -0.7192374622407411400, 0.08102497736046944400, 0.3998999999999999800 ) ) ;
#1854 = CARTESIAN_POINT ( 'NONE',  ( -0.7182438110410777100, 0.08184128203238456900, 0.3999000000000001400 ) ) ;
#1855 = VERTEX_POINT ( 'NONE', #1128 ) ;
#1856 = FACE_OUTER_BOUND ( 'NONE', #1749, .T. ) ;
#1857 = CARTESIAN_POINT ( 'NONE',  ( -0.7186608075773630600, 0.08194538273153245700, 0.3999999999999999700 ) ) ;
#1858 = EDGE_CURVE ( 'NONE', #179, #1272, #494, .T. ) ;
#1859 = CARTESIAN_POINT ( 'NONE',  ( 0.7999999999999989300, -1.182404828777903900, 0.4000000000000000200 ) ) ;
#1860 = CARTESIAN_POINT ( 'NONE',  ( -0.2432895678366375800, -0.0001000000000000000000, -0.3273121490149722400 ) ) ;
#1861 = CARTESIAN_POINT ( 'NONE',  ( -0.7190902246740136200, 0.08175686838927169500, 0.3999000000000000900 ) ) ;
#1862 = SURFACE_SIDE_STYLE ('',( #1822 ) ) ;
#1863 = PLANE ( 'NONE',  #1673 ) ;
#1864 =( GEOMETRIC_REPRESENTATION_CONTEXT ( 3 ) GLOBAL_UNCERTAINTY_ASSIGNED_CONTEXT ( ( #271 ) ) GLOBAL_UNIT_ASSIGNED_CONTEXT ( ( #933, #64, #1236 ) ) REPRESENTATION_CONTEXT ( 'NONE', 'WORKASPACE' ) );
#1865 = CARTESIAN_POINT ( 'NONE',  ( -0.7179495610203446800, 0.08128127582584876400, 0.3999000000000000300 ) ) ;
#1866 = CARTESIAN_POINT ( 'NONE',  ( -0.7192757269989249500, 0.08141455038504068200, 0.4000000000000000200 ) ) ;
#1867 =( GEOMETRIC_REPRESENTATION_CONTEXT ( 3 ) GLOBAL_UNCERTAINTY_ASSIGNED_CONTEXT ( ( #745 ) ) GLOBAL_UNIT_ASSIGNED_CONTEXT ( ( #232, #348, #1013 ) ) REPRESENTATION_CONTEXT ( 'NONE', 'WORKASPACE' ) );
#1868 = PRESENTATION_LAYER_ASSIGNMENT (  '', '', ( #1583 ) ) ;
#1869 = CARTESIAN_POINT ( 'NONE',  ( -0.7156864993541423000, 0.08061699452415468900, 0.3999000000000000900 ) ) ;
#1870 = CARTESIAN_POINT ( 'NONE',  ( -0.7161137917909603500, 0.08175326110793509900, 0.3999000000000000300 ) ) ;
#1871 = FILL_AREA_STYLE ('',( #879 ) ) ;
#1872 =( NAMED_UNIT ( * ) PLANE_ANGLE_UNIT ( ) SI_UNIT ( $, .RADIAN. ) );
#1873 = CARTESIAN_POINT ( 'NONE',  ( -0.7179573560498756500, 0.08141418273453889000, 0.3998999999999998100 ) ) ;
#1874 = DIRECTION ( 'NONE',  ( 1.000000000000000000, 1.355252715606880500E-016, 0.0000000000000000000 ) ) ;
#1875 = DIRECTION ( 'NONE',  ( -1.000000000000000000, 0.0000000000000000000, 0.0000000000000000000 ) ) ;
#1876 = DIRECTION ( 'NONE',  ( -1.355252715606880500E-016, 1.000000000000000000, 0.0000000000000000000 ) ) ;
#1877 = DIRECTION ( 'NONE',  ( 1.000000000000000000, 9.035018104045870700E-017, 0.0000000000000000000 ) ) ;
#1878 = CARTESIAN_POINT ( 'NONE',  ( -0.7186608075773630600, 0.08194538273153245700, 0.3998999999999999800 ) ) ;
#1879 = CARTESIAN_POINT ( 'NONE',  ( -0.2432895678366375800, 0.0000000000000000000, -0.3273121490149722400 ) ) ;
#1880 =( NAMED_UNIT ( * ) PLANE_ANGLE_UNIT ( ) SI_UNIT ( $, .RADIAN. ) );
#1881 = VERTEX_POINT ( 'NONE', #373 ) ;
#1882 = CARTESIAN_POINT ( 'NONE',  ( 0.7999999999999999300, 0.0000000000000000000, 0.4000000000000000200 ) ) ;
#1883 = B_SPLINE_SURFACE_WITH_KNOTS ( 'NONE', 3, 1, ( 
 ( #889, #1182 ),
 ( #1599, #713 ),
 ( #419, #22 ),
 ( #429, #1040 ),
 ( #1189, #735 ),
 ( #1755, #1741 ),
 ( #1337, #445 ),
 ( #1762, #1019 ),
 ( #1473, #1459 ),
 ( #896, #586 ),
 ( #1630, #291 ) ),
 .UNSPECIFIED., .F., .F., .F.,
 ( 4, 1, 1, 1, 1, 1, 1, 1, 4 ),
 ( 2, 2 ),
 ( 0.0000000000000000000, 0.1277566033101171000, 0.2494143553365074100, 0.3727964764553862200, 0.5001113325158641500, 0.6286099407650834700, 0.7506433738258050400, 0.8737683791425253600, 1.000000000000000000 ),
 ( 0.0000000000000000000, 1.000000000000000000 ),
 .UNSPECIFIED. ) ;
#1884 = PRESENTATION_LAYER_ASSIGNMENT (  '', '', ( #483 ) ) ;
ENDSEC;
END-ISO-10303-21;
