ISO-10303-21;
HEADER;
/* Generated by software containing ST-Developer
 * from STEP Tools, Inc. (www.steptools.com) 
 */

FILE_DESCRIPTION(
/* description */ (''),
/* implementation_level */ '2;1');

FILE_NAME(
/* name */ 
'\\\\Tk106\\r&d\\06_\X2\958B767A90E854E1\X0\\\\X2\91CE6751\X0\\\Web\X2\7528
56F39762\X0\(\X2\691C56F36E08\X0\)\\CS100\X2\95A29023\X0\\\3D\\stp\\CS
T-2032M.stp',
/* time_stamp */ '2021-07-26T09:45:39+09:00',
/* author */ ('TK100'),
/* organization */ (''),
/* preprocessor_version */ 'ST-DEVELOPER v16.5',
/* originating_system */ 'Autodesk Inventor 2017',
/* authorisation */ '');

FILE_SCHEMA (('AUTOMOTIVE_DESIGN { 1 0 10303 214 3 1 1 }'));
ENDSEC;

DATA;
#10=MECHANICAL_DESIGN_GEOMETRIC_PRESENTATION_REPRESENTATION('',(#3862,#3861,
#3860,#3859,#3858,#3863,#3857,#3856,#3855),#7281);
#11=SHAPE_REPRESENTATION_RELATIONSHIP('SRR','None',#7290,#12);
#12=ADVANCED_BREP_SHAPE_REPRESENTATION('',(#13),#7280);
#13=MANIFOLD_SOLID_BREP('\X2\30BD30EA30C330C9\X0\1',#4083);
#14=SPHERICAL_SURFACE('',#4264,0.5);
#15=SPHERICAL_SURFACE('',#4265,0.5);
#16=SPHERICAL_SURFACE('',#4266,0.5);
#17=SPHERICAL_SURFACE('',#4267,0.5);
#18=SPHERICAL_SURFACE('',#4268,0.500000000000001);
#19=SPHERICAL_SURFACE('',#4269,0.5);
#20=SPHERICAL_SURFACE('',#4270,0.5);
#21=SPHERICAL_SURFACE('',#4271,0.5);
#22=ELLIPSE('',#4227,0.517638090205041,0.5);
#23=ELLIPSE('',#4228,0.517638090205041,0.5);
#24=ELLIPSE('',#4231,0.517638090205041,0.5);
#25=ELLIPSE('',#4232,0.517638090205041,0.5);
#26=ELLIPSE('',#4235,0.517638090205042,0.5);
#27=ELLIPSE('',#4236,0.517638090205041,0.5);
#28=ELLIPSE('',#4240,0.517638090205041,0.5);
#29=ELLIPSE('',#4241,0.517638090205041,0.5);
#30=CYLINDRICAL_SURFACE('',#4166,0.5);
#31=CYLINDRICAL_SURFACE('',#4168,0.5);
#32=CYLINDRICAL_SURFACE('',#4170,0.5);
#33=CYLINDRICAL_SURFACE('',#4174,0.5);
#34=CYLINDRICAL_SURFACE('',#4178,0.5);
#35=CYLINDRICAL_SURFACE('',#4180,0.5);
#36=CYLINDRICAL_SURFACE('',#4182,0.1);
#37=CYLINDRICAL_SURFACE('',#4188,0.1);
#38=CYLINDRICAL_SURFACE('',#4190,0.1);
#39=CYLINDRICAL_SURFACE('',#4196,0.1);
#40=CYLINDRICAL_SURFACE('',#4198,0.2);
#41=CYLINDRICAL_SURFACE('',#4202,0.2);
#42=CYLINDRICAL_SURFACE('',#4206,0.5);
#43=CYLINDRICAL_SURFACE('',#4223,0.5);
#44=CYLINDRICAL_SURFACE('',#4224,0.5);
#45=CYLINDRICAL_SURFACE('',#4226,0.5);
#46=CYLINDRICAL_SURFACE('',#4230,0.5);
#47=CYLINDRICAL_SURFACE('',#4234,0.5);
#48=CYLINDRICAL_SURFACE('',#4239,0.5);
#49=CYLINDRICAL_SURFACE('',#4243,0.5);
#50=CYLINDRICAL_SURFACE('',#4245,2.);
#51=CYLINDRICAL_SURFACE('',#4247,2.);
#52=CYLINDRICAL_SURFACE('',#4248,2.);
#53=CYLINDRICAL_SURFACE('',#4250,2.);
#54=CYLINDRICAL_SURFACE('',#4255,0.75);
#55=CYLINDRICAL_SURFACE('',#4262,0.75);
#56=CIRCLE('',#4124,4.39969342487051);
#57=CIRCLE('',#4125,4.39970285710353);
#58=CIRCLE('',#4134,4.39969342487037);
#59=CIRCLE('',#4135,4.39970285710285);
#60=CIRCLE('',#4144,0.5);
#61=CIRCLE('',#4145,0.5);
#62=CIRCLE('',#4146,2.);
#63=CIRCLE('',#4147,2.);
#64=CIRCLE('',#4148,0.5);
#65=CIRCLE('',#4149,0.5);
#66=CIRCLE('',#4150,0.5);
#67=CIRCLE('',#4151,0.5);
#68=CIRCLE('',#4152,2.);
#69=CIRCLE('',#4153,0.5);
#70=CIRCLE('',#4154,0.5);
#71=CIRCLE('',#4155,0.5);
#72=CIRCLE('',#4156,0.5);
#73=CIRCLE('',#4157,0.5);
#74=CIRCLE('',#4158,0.5);
#75=CIRCLE('',#4159,2.);
#76=CIRCLE('',#4160,0.5);
#77=CIRCLE('',#4161,0.5);
#78=CIRCLE('',#4162,0.4);
#79=CIRCLE('',#4163,0.4);
#80=CIRCLE('',#4167,0.5);
#81=CIRCLE('',#4169,0.5);
#82=CIRCLE('',#4171,0.5);
#83=CIRCLE('',#4173,0.2);
#84=CIRCLE('',#4175,0.5);
#85=CIRCLE('',#4177,0.2);
#86=CIRCLE('',#4179,0.5);
#87=CIRCLE('',#4181,0.5);
#88=CIRCLE('',#4183,0.1);
#89=CIRCLE('',#4184,0.1);
#90=CIRCLE('',#4186,0.1);
#91=CIRCLE('',#4189,0.1);
#92=CIRCLE('',#4191,0.1);
#93=CIRCLE('',#4192,0.1);
#94=CIRCLE('',#4195,0.1);
#95=CIRCLE('',#4197,0.1);
#96=CIRCLE('',#4199,0.2);
#97=CIRCLE('',#4203,0.2);
#98=CIRCLE('',#4207,0.5);
#99=CIRCLE('',#4210,2.);
#100=CIRCLE('',#4211,0.5);
#101=CIRCLE('',#4212,0.5);
#102=CIRCLE('',#4213,0.5);
#103=CIRCLE('',#4214,0.5);
#104=CIRCLE('',#4215,0.5);
#105=CIRCLE('',#4216,0.5);
#106=CIRCLE('',#4217,2.);
#107=CIRCLE('',#4218,0.5);
#108=CIRCLE('',#4219,2.);
#109=CIRCLE('',#4220,2.);
#110=CIRCLE('',#4221,0.4);
#111=CIRCLE('',#4222,0.4);
#112=CIRCLE('',#4253,0.75);
#113=CIRCLE('',#4254,0.4);
#114=CIRCLE('',#4256,0.75);
#115=CIRCLE('',#4258,0.400000000000001);
#116=CIRCLE('',#4260,0.75);
#117=CIRCLE('',#4261,0.4);
#118=CIRCLE('',#4263,0.75);
#119=CIRCLE('',#4272,0.4);
#120=FACE_BOUND('',#679,.T.);
#121=FACE_BOUND('',#720,.T.);
#122=FACE_BOUND('',#775,.T.);
#123=FACE_BOUND('',#806,.T.);
#124=FACE_BOUND('',#807,.T.);
#125=FACE_BOUND('',#808,.T.);
#126=FACE_BOUND('',#809,.T.);
#127=FACE_BOUND('',#810,.T.);
#128=FACE_BOUND('',#811,.T.);
#129=FACE_BOUND('',#812,.T.);
#130=FACE_BOUND('',#813,.T.);
#131=FACE_BOUND('',#814,.T.);
#132=FACE_BOUND('',#817,.T.);
#133=FACE_BOUND('',#843,.T.);
#134=FACE_BOUND('',#844,.T.);
#135=FACE_BOUND('',#867,.T.);
#136=FACE_BOUND('',#870,.T.);
#137=FACE_BOUND('',#872,.T.);
#138=FACE_BOUND('',#884,.T.);
#139=B_SPLINE_CURVE_WITH_KNOTS('',2,(#5034,#5035,#5036),.UNSPECIFIED.,.F.,
 .F.,(3,3),(0.,1.),.UNSPECIFIED.);
#140=B_SPLINE_CURVE_WITH_KNOTS('',3,(#5040,#5041,#5042,#5043),
 .UNSPECIFIED.,.F.,.F.,(4,4),(-0.0487905896852452,0.),.UNSPECIFIED.);
#141=B_SPLINE_CURVE_WITH_KNOTS('',2,(#5052,#5053,#5054),.UNSPECIFIED.,.F.,
 .F.,(3,3),(0.,1.),.UNSPECIFIED.);
#142=B_SPLINE_CURVE_WITH_KNOTS('',3,(#5056,#5057,#5058,#5059),
 .UNSPECIFIED.,.F.,.F.,(4,4),(-0.0349030975874579,0.),.UNSPECIFIED.);
#143=B_SPLINE_CURVE_WITH_KNOTS('',2,(#5068,#5069,#5070),.UNSPECIFIED.,.F.,
 .F.,(3,3),(0.,1.),.UNSPECIFIED.);
#144=B_SPLINE_CURVE_WITH_KNOTS('',3,(#5072,#5073,#5074,#5075),
 .UNSPECIFIED.,.F.,.F.,(4,4),(-0.0332228315559978,0.),.UNSPECIFIED.);
#145=B_SPLINE_CURVE_WITH_KNOTS('',2,(#5084,#5085,#5086),.UNSPECIFIED.,.F.,
 .F.,(3,3),(0.,1.),.UNSPECIFIED.);
#146=B_SPLINE_CURVE_WITH_KNOTS('',3,(#5088,#5089,#5090,#5091),
 .UNSPECIFIED.,.F.,.F.,(4,4),(-0.0331254924825849,0.),.UNSPECIFIED.);
#147=B_SPLINE_CURVE_WITH_KNOTS('',2,(#5106,#5107,#5108),.UNSPECIFIED.,.F.,
 .F.,(3,3),(0.,1.),.UNSPECIFIED.);
#148=B_SPLINE_CURVE_WITH_KNOTS('',3,(#5110,#5111,#5112,#5113),
 .UNSPECIFIED.,.F.,.F.,(4,4),(-0.022680040479894,0.),.UNSPECIFIED.);
#149=B_SPLINE_CURVE_WITH_KNOTS('',2,(#5122,#5123,#5124),.UNSPECIFIED.,.F.,
 .F.,(3,3),(0.,1.),.UNSPECIFIED.);
#150=B_SPLINE_CURVE_WITH_KNOTS('',3,(#5126,#5127,#5128,#5129),
 .UNSPECIFIED.,.F.,.F.,(4,4),(-0.0209788845065437,0.),.UNSPECIFIED.);
#151=B_SPLINE_CURVE_WITH_KNOTS('',2,(#5138,#5139,#5140),.UNSPECIFIED.,.F.,
 .F.,(3,3),(0.,1.),.UNSPECIFIED.);
#152=B_SPLINE_CURVE_WITH_KNOTS('',3,(#5142,#5143,#5144,#5145),
 .UNSPECIFIED.,.F.,.F.,(4,4),(-0.0232064035767475,0.),.UNSPECIFIED.);
#153=B_SPLINE_CURVE_WITH_KNOTS('',2,(#5154,#5155,#5156),.UNSPECIFIED.,.F.,
 .F.,(3,3),(0.,1.),.UNSPECIFIED.);
#154=B_SPLINE_CURVE_WITH_KNOTS('',3,(#5158,#5159,#5160,#5161),
 .UNSPECIFIED.,.F.,.F.,(4,4),(-0.0379970623631861,0.),.UNSPECIFIED.);
#155=B_SPLINE_CURVE_WITH_KNOTS('',2,(#5170,#5171,#5172),.UNSPECIFIED.,.F.,
 .F.,(3,3),(0.,1.),.UNSPECIFIED.);
#156=B_SPLINE_CURVE_WITH_KNOTS('',3,(#5175,#5176,#5177,#5178),
 .UNSPECIFIED.,.F.,.F.,(4,4),(-0.0479797169255474,0.),.UNSPECIFIED.);
#157=B_SPLINE_CURVE_WITH_KNOTS('',2,(#5186,#5187,#5188),.UNSPECIFIED.,.F.,
 .F.,(3,3),(0.,1.),.UNSPECIFIED.);
#158=B_SPLINE_CURVE_WITH_KNOTS('',3,(#5191,#5192,#5193,#5194),
 .UNSPECIFIED.,.F.,.F.,(4,4),(-0.035084418063826,0.),.UNSPECIFIED.);
#159=B_SPLINE_CURVE_WITH_KNOTS('',2,(#5202,#5203,#5204),.UNSPECIFIED.,.F.,
 .F.,(3,3),(0.,1.),.UNSPECIFIED.);
#160=B_SPLINE_CURVE_WITH_KNOTS('',3,(#5207,#5208,#5209,#5210),
 .UNSPECIFIED.,.F.,.F.,(4,4),(-0.0342134408081504,0.),.UNSPECIFIED.);
#161=B_SPLINE_CURVE_WITH_KNOTS('',2,(#5218,#5219,#5220),.UNSPECIFIED.,.F.,
 .F.,(3,3),(0.,1.),.UNSPECIFIED.);
#162=B_SPLINE_CURVE_WITH_KNOTS('',3,(#5223,#5224,#5225,#5226),
 .UNSPECIFIED.,.F.,.F.,(4,4),(-0.0375337806337648,0.),.UNSPECIFIED.);
#163=B_SPLINE_CURVE_WITH_KNOTS('',2,(#5240,#5241,#5242),.UNSPECIFIED.,.F.,
 .F.,(3,3),(0.,1.),.UNSPECIFIED.);
#164=B_SPLINE_CURVE_WITH_KNOTS('',3,(#5245,#5246,#5247,#5248),
 .UNSPECIFIED.,.F.,.F.,(4,4),(-0.0279738870220619,0.),.UNSPECIFIED.);
#165=B_SPLINE_CURVE_WITH_KNOTS('',2,(#5256,#5257,#5258),.UNSPECIFIED.,.F.,
 .F.,(3,3),(0.,1.),.UNSPECIFIED.);
#166=B_SPLINE_CURVE_WITH_KNOTS('',3,(#5261,#5262,#5263,#5264),
 .UNSPECIFIED.,.F.,.F.,(4,4),(-0.0218352777615256,0.),.UNSPECIFIED.);
#167=B_SPLINE_CURVE_WITH_KNOTS('',2,(#5272,#5273,#5274),.UNSPECIFIED.,.F.,
 .F.,(3,3),(0.,1.),.UNSPECIFIED.);
#168=B_SPLINE_CURVE_WITH_KNOTS('',3,(#5277,#5278,#5279,#5280),
 .UNSPECIFIED.,.F.,.F.,(4,4),(-0.023085005843731,0.),.UNSPECIFIED.);
#169=B_SPLINE_CURVE_WITH_KNOTS('',2,(#5287,#5288,#5289),.UNSPECIFIED.,.F.,
 .F.,(3,3),(0.,1.),.UNSPECIFIED.);
#170=B_SPLINE_CURVE_WITH_KNOTS('',3,(#5290,#5291,#5292,#5293),
 .UNSPECIFIED.,.F.,.F.,(4,4),(-0.0382532580418157,0.),.UNSPECIFIED.);
#171=B_SPLINE_CURVE_WITH_KNOTS('',3,(#5300,#5301,#5302,#5303),
 .UNSPECIFIED.,.F.,.F.,(4,4),(-0.0432829112091822,0.),.UNSPECIFIED.);
#172=B_SPLINE_CURVE_WITH_KNOTS('',3,(#5305,#5306,#5307,#5308),
 .UNSPECIFIED.,.F.,.F.,(4,4),(-0.0251891684611301,0.),.UNSPECIFIED.);
#173=B_SPLINE_CURVE_WITH_KNOTS('',3,(#5310,#5311,#5312,#5313),
 .UNSPECIFIED.,.F.,.F.,(4,4),(-0.0250670604625739,0.),.UNSPECIFIED.);
#174=B_SPLINE_CURVE_WITH_KNOTS('',3,(#5315,#5316,#5317,#5318),
 .UNSPECIFIED.,.F.,.F.,(4,4),(-0.043612202297851,0.),.UNSPECIFIED.);
#175=B_SPLINE_CURVE_WITH_KNOTS('',3,(#5322,#5323,#5324,#5325,#5326,#5327,
#5328,#5329),.UNSPECIFIED.,.F.,.F.,(4,2,2,4),(-0.0438438446270482,-0.0344962099675879,
-0.0243352496500093,0.),.UNSPECIFIED.);
#176=B_SPLINE_CURVE_WITH_KNOTS('',3,(#5331,#5332,#5333,#5334),
 .UNSPECIFIED.,.F.,.F.,(4,4),(-0.0251891684611338,0.),.UNSPECIFIED.);
#177=B_SPLINE_CURVE_WITH_KNOTS('',3,(#5336,#5337,#5338,#5339),
 .UNSPECIFIED.,.F.,.F.,(4,4),(-0.0250670604625739,0.),.UNSPECIFIED.);
#178=B_SPLINE_CURVE_WITH_KNOTS('',3,(#5340,#5341,#5342,#5343),
 .UNSPECIFIED.,.F.,.F.,(4,4),(-0.0441975651302143,0.),.UNSPECIFIED.);
#179=B_SPLINE_CURVE_WITH_KNOTS('',3,(#5346,#5347,#5348,#5349),
 .UNSPECIFIED.,.F.,.F.,(4,4),(-0.0325889935820456,0.),.UNSPECIFIED.);
#180=B_SPLINE_CURVE_WITH_KNOTS('',3,(#5351,#5352,#5353,#5354),
 .UNSPECIFIED.,.F.,.F.,(4,4),(-0.0130768190471708,0.),.UNSPECIFIED.);
#181=B_SPLINE_CURVE_WITH_KNOTS('',3,(#5356,#5357,#5358,#5359),
 .UNSPECIFIED.,.F.,.F.,(4,4),(-0.0131452409283367,0.),.UNSPECIFIED.);
#182=B_SPLINE_CURVE_WITH_KNOTS('',3,(#5361,#5362,#5363,#5364),
 .UNSPECIFIED.,.F.,.F.,(4,4),(-0.0330106759042956,0.),.UNSPECIFIED.);
#183=B_SPLINE_CURVE_WITH_KNOTS('',3,(#5368,#5369,#5370,#5371),
 .UNSPECIFIED.,.F.,.F.,(4,4),(-0.0325889935820465,0.),.UNSPECIFIED.);
#184=B_SPLINE_CURVE_WITH_KNOTS('',3,(#5373,#5374,#5375,#5376),
 .UNSPECIFIED.,.F.,.F.,(4,4),(-0.0130768190471693,0.),.UNSPECIFIED.);
#185=B_SPLINE_CURVE_WITH_KNOTS('',3,(#5378,#5379,#5380,#5381),
 .UNSPECIFIED.,.F.,.F.,(4,4),(-0.0124839168135367,0.),.UNSPECIFIED.);
#186=B_SPLINE_CURVE_WITH_KNOTS('',3,(#5383,#5384,#5385,#5386),
 .UNSPECIFIED.,.F.,.F.,(4,4),(-0.0333809747651579,0.),.UNSPECIFIED.);
#187=B_SPLINE_CURVE_WITH_KNOTS('',2,(#5401,#5402,#5403),.UNSPECIFIED.,.F.,
 .F.,(3,3),(0.,1.),.UNSPECIFIED.);
#188=B_SPLINE_CURVE_WITH_KNOTS('',2,(#5412,#5413,#5414),.UNSPECIFIED.,.F.,
 .F.,(3,3),(0.,1.),.UNSPECIFIED.);
#189=B_SPLINE_CURVE_WITH_KNOTS('',2,(#5423,#5424,#5425),.UNSPECIFIED.,.F.,
 .F.,(3,3),(0.,1.),.UNSPECIFIED.);
#190=B_SPLINE_CURVE_WITH_KNOTS('',2,(#5434,#5435,#5436),.UNSPECIFIED.,.F.,
 .F.,(3,3),(0.,1.),.UNSPECIFIED.);
#191=B_SPLINE_CURVE_WITH_KNOTS('',2,(#5446,#5447,#5448),.UNSPECIFIED.,.F.,
 .F.,(3,3),(0.,1.),.UNSPECIFIED.);
#192=B_SPLINE_CURVE_WITH_KNOTS('',2,(#5458,#5459,#5460),.UNSPECIFIED.,.F.,
 .F.,(3,3),(0.,1.),.UNSPECIFIED.);
#193=B_SPLINE_CURVE_WITH_KNOTS('',2,(#5469,#5470,#5471),.UNSPECIFIED.,.F.,
 .F.,(3,3),(0.,1.),.UNSPECIFIED.);
#194=B_SPLINE_CURVE_WITH_KNOTS('',2,(#5480,#5481,#5482),.UNSPECIFIED.,.F.,
 .F.,(3,3),(0.,1.),.UNSPECIFIED.);
#195=B_SPLINE_CURVE_WITH_KNOTS('',2,(#5499,#5500,#5501),.UNSPECIFIED.,.F.,
 .F.,(3,3),(0.,1.),.UNSPECIFIED.);
#196=B_SPLINE_CURVE_WITH_KNOTS('',2,(#5510,#5511,#5512),.UNSPECIFIED.,.F.,
 .F.,(3,3),(0.,1.),.UNSPECIFIED.);
#197=B_SPLINE_CURVE_WITH_KNOTS('',2,(#5521,#5522,#5523),.UNSPECIFIED.,.F.,
 .F.,(3,3),(0.,1.),.UNSPECIFIED.);
#198=B_SPLINE_CURVE_WITH_KNOTS('',2,(#5531,#5532,#5533),.UNSPECIFIED.,.F.,
 .F.,(3,3),(0.,1.),.UNSPECIFIED.);
#199=B_SPLINE_CURVE_WITH_KNOTS('',2,(#5545,#5546,#5547),.UNSPECIFIED.,.F.,
 .F.,(3,3),(0.,1.),.UNSPECIFIED.);
#200=B_SPLINE_CURVE_WITH_KNOTS('',2,(#5556,#5557,#5558),.UNSPECIFIED.,.F.,
 .F.,(3,3),(0.,1.),.UNSPECIFIED.);
#201=B_SPLINE_CURVE_WITH_KNOTS('',2,(#5567,#5568,#5569),.UNSPECIFIED.,.F.,
 .F.,(3,3),(0.,1.),.UNSPECIFIED.);
#202=B_SPLINE_CURVE_WITH_KNOTS('',2,(#5577,#5578,#5579),.UNSPECIFIED.,.F.,
 .F.,(3,3),(0.,1.),.UNSPECIFIED.);
#203=B_SPLINE_CURVE_WITH_KNOTS('',2,(#5596,#5597,#5598),.UNSPECIFIED.,.F.,
 .F.,(3,3),(0.,1.),.UNSPECIFIED.);
#204=B_SPLINE_CURVE_WITH_KNOTS('',3,(#5600,#5601,#5602,#5603),
 .UNSPECIFIED.,.F.,.F.,(4,4),(-0.0236911060434948,0.),.UNSPECIFIED.);
#205=B_SPLINE_CURVE_WITH_KNOTS('',2,(#5612,#5613,#5614),.UNSPECIFIED.,.F.,
 .F.,(3,3),(0.,1.),.UNSPECIFIED.);
#206=B_SPLINE_CURVE_WITH_KNOTS('',3,(#5616,#5617,#5618,#5619),
 .UNSPECIFIED.,.F.,.F.,(4,4),(-0.0253191807984727,0.),.UNSPECIFIED.);
#207=B_SPLINE_CURVE_WITH_KNOTS('',2,(#5628,#5629,#5630),.UNSPECIFIED.,.F.,
 .F.,(3,3),(0.,1.),.UNSPECIFIED.);
#208=B_SPLINE_CURVE_WITH_KNOTS('',3,(#5632,#5633,#5634,#5635),
 .UNSPECIFIED.,.F.,.F.,(4,4),(-0.0254389138459439,0.),.UNSPECIFIED.);
#209=B_SPLINE_CURVE_WITH_KNOTS('',2,(#5644,#5645,#5646),.UNSPECIFIED.,.F.,
 .F.,(3,3),(0.,1.),.UNSPECIFIED.);
#210=B_SPLINE_CURVE_WITH_KNOTS('',3,(#5648,#5649,#5650,#5651),
 .UNSPECIFIED.,.F.,.F.,(4,4),(-0.0143600562260105,0.),.UNSPECIFIED.);
#211=B_SPLINE_CURVE_WITH_KNOTS('',2,(#5667,#5668,#5669),.UNSPECIFIED.,.F.,
 .F.,(3,3),(0.,1.),.UNSPECIFIED.);
#212=B_SPLINE_CURVE_WITH_KNOTS('',3,(#5673,#5674,#5675,#5676),
 .UNSPECIFIED.,.F.,.F.,(4,4),(-0.0155676745233823,0.),.UNSPECIFIED.);
#213=B_SPLINE_CURVE_WITH_KNOTS('',2,(#5685,#5686,#5687),.UNSPECIFIED.,.F.,
 .F.,(3,3),(0.,1.),.UNSPECIFIED.);
#214=B_SPLINE_CURVE_WITH_KNOTS('',3,(#5690,#5691,#5692,#5693),
 .UNSPECIFIED.,.F.,.F.,(4,4),(-0.0151209273278103,0.),.UNSPECIFIED.);
#215=B_SPLINE_CURVE_WITH_KNOTS('',2,(#5701,#5702,#5703),.UNSPECIFIED.,.F.,
 .F.,(3,3),(0.,1.),.UNSPECIFIED.);
#216=B_SPLINE_CURVE_WITH_KNOTS('',3,(#5706,#5707,#5708,#5709),
 .UNSPECIFIED.,.F.,.F.,(4,4),(-0.0122891835174515,0.),.UNSPECIFIED.);
#217=B_SPLINE_CURVE_WITH_KNOTS('',2,(#5767,#5768,#5769),.UNSPECIFIED.,.F.,
 .F.,(3,3),(0.,1.),.UNSPECIFIED.);
#218=B_SPLINE_CURVE_WITH_KNOTS('',3,(#5770,#5771,#5772,#5773),
 .UNSPECIFIED.,.F.,.F.,(4,4),(-0.0137796578201408,0.),.UNSPECIFIED.);
#219=B_SPLINE_CURVE_WITH_KNOTS('',3,(#5780,#5781,#5782,#5783),
 .UNSPECIFIED.,.F.,.F.,(4,4),(-0.0179015628701054,0.),.UNSPECIFIED.);
#220=B_SPLINE_CURVE_WITH_KNOTS('',3,(#5785,#5786,#5787,#5788),
 .UNSPECIFIED.,.F.,.F.,(4,4),(-0.0116032017883731,0.),.UNSPECIFIED.);
#221=B_SPLINE_CURVE_WITH_KNOTS('',3,(#5790,#5791,#5792,#5793),
 .UNSPECIFIED.,.F.,.F.,(4,4),(-0.0113294447556763,0.),.UNSPECIFIED.);
#222=B_SPLINE_CURVE_WITH_KNOTS('',3,(#5795,#5796,#5797,#5798),
 .UNSPECIFIED.,.F.,.F.,(4,4),(-0.0149899650162945,0.),.UNSPECIFIED.);
#223=B_SPLINE_CURVE_WITH_KNOTS('',3,(#5800,#5801,#5802,#5803),
 .UNSPECIFIED.,.F.,.F.,(4,4),(-0.0160668169654121,0.),.UNSPECIFIED.);
#224=B_SPLINE_CURVE_WITH_KNOTS('',3,(#5805,#5806,#5807,#5808),
 .UNSPECIFIED.,.F.,.F.,(4,4),(-0.0124259841319337,0.),.UNSPECIFIED.);
#225=B_SPLINE_CURVE_WITH_KNOTS('',3,(#5816,#5817,#5818,#5819),
 .UNSPECIFIED.,.F.,.F.,(4,4),(-0.0131452409283383,0.),.UNSPECIFIED.);
#226=B_SPLINE_CURVE_WITH_KNOTS('',3,(#5821,#5822,#5823,#5824),
 .UNSPECIFIED.,.F.,.F.,(4,4),(-0.015567674523383,0.),.UNSPECIFIED.);
#227=B_SPLINE_CURVE_WITH_KNOTS('',3,(#5826,#5827,#5828,#5829),
 .UNSPECIFIED.,.F.,.F.,(4,4),(-0.0172007406074986,0.),.UNSPECIFIED.);
#228=B_SPLINE_CURVE_WITH_KNOTS('',3,(#5831,#5832,#5833,#5834),
 .UNSPECIFIED.,.F.,.F.,(4,4),(-0.0149899650162948,0.),.UNSPECIFIED.);
#229=B_SPLINE_CURVE_WITH_KNOTS('',3,(#5836,#5837,#5838,#5839),
 .UNSPECIFIED.,.F.,.F.,(4,4),(-0.0122889737861041,0.),.UNSPECIFIED.);
#230=B_SPLINE_CURVE_WITH_KNOTS('',3,(#5841,#5842,#5843,#5844),
 .UNSPECIFIED.,.F.,.F.,(4,4),(-0.0158883664749858,0.),.UNSPECIFIED.);
#231=B_SPLINE_CURVE_WITH_KNOTS('',3,(#5852,#5853,#5854,#5855),
 .UNSPECIFIED.,.F.,.F.,(4,4),(-0.0239579854756721,0.),.UNSPECIFIED.);
#232=B_SPLINE_CURVE_WITH_KNOTS('',3,(#5857,#5858,#5859,#5860,#5861,#5862),
 .UNSPECIFIED.,.F.,.F.,(4,2,4),(-0.0251891684611315,-0.01214355600927,0.),
 .UNSPECIFIED.);
#233=B_SPLINE_CURVE_WITH_KNOTS('',3,(#5864,#5865,#5866,#5867),
 .UNSPECIFIED.,.F.,.F.,(4,4),(-0.0273997621331804,0.),.UNSPECIFIED.);
#234=B_SPLINE_CURVE_WITH_KNOTS('',3,(#5869,#5870,#5871,#5872),
 .UNSPECIFIED.,.F.,.F.,(4,4),(-0.0257891181212956,0.),.UNSPECIFIED.);
#235=B_SPLINE_CURVE_WITH_KNOTS('',3,(#5874,#5875,#5876,#5877),
 .UNSPECIFIED.,.F.,.F.,(4,4),(-0.0226588895113467,0.),.UNSPECIFIED.);
#236=B_SPLINE_CURVE_WITH_KNOTS('',3,(#5879,#5880,#5881,#5882),
 .UNSPECIFIED.,.F.,.F.,(4,4),(-0.0128790953602206,0.),.UNSPECIFIED.);
#237=B_SPLINE_CURVE_WITH_KNOTS('',3,(#5884,#5885,#5886,#5887,#5888,#5889),
 .UNSPECIFIED.,.F.,.F.,(4,2,4),(-0.0111982155317272,-0.00532241348141038,
0.),.UNSPECIFIED.);
#238=B_SPLINE_CURVE_WITH_KNOTS('',3,(#5891,#5892,#5893,#5894),
 .UNSPECIFIED.,.F.,.F.,(4,4),(-0.0209248750329601,0.),.UNSPECIFIED.);
#239=B_SPLINE_CURVE_WITH_KNOTS('',3,(#5896,#5897,#5898,#5899),
 .UNSPECIFIED.,.F.,.F.,(4,4),(-0.0226588895113466,0.),.UNSPECIFIED.);
#240=B_SPLINE_CURVE_WITH_KNOTS('',3,(#5901,#5902,#5903,#5904),
 .UNSPECIFIED.,.F.,.F.,(4,4),(-0.0248690619537812,0.),.UNSPECIFIED.);
#241=B_SPLINE_CURVE_WITH_KNOTS('',3,(#5906,#5907,#5908,#5909),
 .UNSPECIFIED.,.F.,.F.,(4,4),(-0.023085005843731,0.),.UNSPECIFIED.);
#242=B_SPLINE_CURVE_WITH_KNOTS('',3,(#5910,#5911,#5912,#5913),
 .UNSPECIFIED.,.F.,.F.,(4,4),(-0.0272897461989601,0.),.UNSPECIFIED.);
#243=B_SPLINE_CURVE_WITH_KNOTS('',2,(#5922,#5923,#5924),.UNSPECIFIED.,.F.,
 .F.,(3,3),(0.,1.),.UNSPECIFIED.);
#244=B_SPLINE_CURVE_WITH_KNOTS('',2,(#5934,#5935,#5936),.UNSPECIFIED.,.F.,
 .F.,(3,3),(0.,1.),.UNSPECIFIED.);
#245=B_SPLINE_CURVE_WITH_KNOTS('',2,(#5945,#5946,#5947),.UNSPECIFIED.,.F.,
 .F.,(3,3),(0.,1.),.UNSPECIFIED.);
#246=B_SPLINE_CURVE_WITH_KNOTS('',2,(#5956,#5957,#5958),.UNSPECIFIED.,.F.,
 .F.,(3,3),(0.,1.),.UNSPECIFIED.);
#247=B_SPLINE_CURVE_WITH_KNOTS('',2,(#5967,#5968,#5969),.UNSPECIFIED.,.F.,
 .F.,(3,3),(0.,1.),.UNSPECIFIED.);
#248=B_SPLINE_CURVE_WITH_KNOTS('',2,(#5978,#5979,#5980),.UNSPECIFIED.,.F.,
 .F.,(3,3),(0.,1.),.UNSPECIFIED.);
#249=B_SPLINE_CURVE_WITH_KNOTS('',2,(#6001,#6002,#6003),.UNSPECIFIED.,.F.,
 .F.,(3,3),(0.,1.),.UNSPECIFIED.);
#250=B_SPLINE_CURVE_WITH_KNOTS('',2,(#6012,#6013,#6014),.UNSPECIFIED.,.F.,
 .F.,(3,3),(0.,1.),.UNSPECIFIED.);
#251=B_SPLINE_CURVE_WITH_KNOTS('',2,(#6023,#6024,#6025),.UNSPECIFIED.,.F.,
 .F.,(3,3),(0.,1.),.UNSPECIFIED.);
#252=B_SPLINE_CURVE_WITH_KNOTS('',2,(#6034,#6035,#6036),.UNSPECIFIED.,.F.,
 .F.,(3,3),(0.,1.),.UNSPECIFIED.);
#253=B_SPLINE_CURVE_WITH_KNOTS('',2,(#6045,#6046,#6047),.UNSPECIFIED.,.F.,
 .F.,(3,3),(0.,1.),.UNSPECIFIED.);
#254=B_SPLINE_CURVE_WITH_KNOTS('',2,(#6056,#6057,#6058),.UNSPECIFIED.,.F.,
 .F.,(3,3),(0.,1.),.UNSPECIFIED.);
#255=B_SPLINE_CURVE_WITH_KNOTS('',2,(#6083,#6084,#6085),.UNSPECIFIED.,.F.,
 .F.,(3,3),(0.,1.),.UNSPECIFIED.);
#256=B_SPLINE_CURVE_WITH_KNOTS('',2,(#6094,#6095,#6096),.UNSPECIFIED.,.F.,
 .F.,(3,3),(0.,1.),.UNSPECIFIED.);
#257=B_SPLINE_CURVE_WITH_KNOTS('',2,(#6105,#6106,#6107),.UNSPECIFIED.,.F.,
 .F.,(3,3),(0.,1.),.UNSPECIFIED.);
#258=B_SPLINE_CURVE_WITH_KNOTS('',2,(#6116,#6117,#6118),.UNSPECIFIED.,.F.,
 .F.,(3,3),(0.,1.),.UNSPECIFIED.);
#259=B_SPLINE_CURVE_WITH_KNOTS('',2,(#6127,#6128,#6129),.UNSPECIFIED.,.F.,
 .F.,(3,3),(0.,1.),.UNSPECIFIED.);
#260=B_SPLINE_CURVE_WITH_KNOTS('',2,(#6138,#6139,#6140),.UNSPECIFIED.,.F.,
 .F.,(3,3),(0.,1.),.UNSPECIFIED.);
#261=B_SPLINE_CURVE_WITH_KNOTS('',2,(#6149,#6150,#6151),.UNSPECIFIED.,.F.,
 .F.,(3,3),(0.,1.),.UNSPECIFIED.);
#262=B_SPLINE_CURVE_WITH_KNOTS('',2,(#6160,#6161,#6162),.UNSPECIFIED.,.F.,
 .F.,(3,3),(0.,1.),.UNSPECIFIED.);
#263=B_SPLINE_CURVE_WITH_KNOTS('',2,(#6171,#6172,#6173),.UNSPECIFIED.,.F.,
 .F.,(3,3),(0.,1.),.UNSPECIFIED.);
#264=B_SPLINE_CURVE_WITH_KNOTS('',2,(#6182,#6183,#6184),.UNSPECIFIED.,.F.,
 .F.,(3,3),(0.,1.),.UNSPECIFIED.);
#265=B_SPLINE_CURVE_WITH_KNOTS('',2,(#6193,#6194,#6195),.UNSPECIFIED.,.F.,
 .F.,(3,3),(0.,1.),.UNSPECIFIED.);
#266=B_SPLINE_CURVE_WITH_KNOTS('',2,(#6203,#6204,#6205),.UNSPECIFIED.,.F.,
 .F.,(3,3),(0.,1.),.UNSPECIFIED.);
#267=B_SPLINE_CURVE_WITH_KNOTS('',2,(#6214,#6215,#6216),.UNSPECIFIED.,.F.,
 .F.,(3,3),(0.,1.),.UNSPECIFIED.);
#268=B_SPLINE_CURVE_WITH_KNOTS('',3,(#6220,#6221,#6222,#6223),
 .UNSPECIFIED.,.F.,.F.,(4,4),(-0.0328900628952852,0.),.UNSPECIFIED.);
#269=B_SPLINE_CURVE_WITH_KNOTS('',2,(#6232,#6233,#6234),.UNSPECIFIED.,.F.,
 .F.,(3,3),(0.,1.),.UNSPECIFIED.);
#270=B_SPLINE_CURVE_WITH_KNOTS('',3,(#6236,#6237,#6238,#6239,#6240,#6241),
 .UNSPECIFIED.,.F.,.F.,(4,2,4),(-0.0224695433528789,-0.011178828063389,
0.),.UNSPECIFIED.);
#271=B_SPLINE_CURVE_WITH_KNOTS('',2,(#6250,#6251,#6252),.UNSPECIFIED.,.F.,
 .F.,(3,3),(0.,1.),.UNSPECIFIED.);
#272=B_SPLINE_CURVE_WITH_KNOTS('',3,(#6254,#6255,#6256,#6257),
 .UNSPECIFIED.,.F.,.F.,(4,4),(-0.0248690619537812,0.),.UNSPECIFIED.);
#273=B_SPLINE_CURVE_WITH_KNOTS('',2,(#6266,#6267,#6268),.UNSPECIFIED.,.F.,
 .F.,(3,3),(0.,1.),.UNSPECIFIED.);
#274=B_SPLINE_CURVE_WITH_KNOTS('',3,(#6270,#6271,#6272,#6273),
 .UNSPECIFIED.,.F.,.F.,(4,4),(-0.023085005843731,0.),.UNSPECIFIED.);
#275=B_SPLINE_CURVE_WITH_KNOTS('',2,(#6282,#6283,#6284),.UNSPECIFIED.,.F.,
 .F.,(3,3),(0.,1.),.UNSPECIFIED.);
#276=B_SPLINE_CURVE_WITH_KNOTS('',3,(#6286,#6287,#6288,#6289),
 .UNSPECIFIED.,.F.,.F.,(4,4),(-0.0295634678450077,0.),.UNSPECIFIED.);
#277=B_SPLINE_CURVE_WITH_KNOTS('',2,(#6315,#6316,#6317),.UNSPECIFIED.,.F.,
 .F.,(3,3),(0.,1.),.UNSPECIFIED.);
#278=B_SPLINE_CURVE_WITH_KNOTS('',3,(#6319,#6320,#6321,#6322),
 .UNSPECIFIED.,.F.,.F.,(4,4),(-0.0128719558499687,0.),.UNSPECIFIED.);
#279=B_SPLINE_CURVE_WITH_KNOTS('',2,(#6349,#6350,#6351),.UNSPECIFIED.,.F.,
 .F.,(3,3),(0.,1.),.UNSPECIFIED.);
#280=B_SPLINE_CURVE_WITH_KNOTS('',3,(#6354,#6355,#6356,#6357),
 .UNSPECIFIED.,.F.,.F.,(4,4),(-0.0240020267059659,0.),.UNSPECIFIED.);
#281=B_SPLINE_CURVE_WITH_KNOTS('',2,(#6365,#6366,#6367),.UNSPECIFIED.,.F.,
 .F.,(3,3),(0.,1.),.UNSPECIFIED.);
#282=B_SPLINE_CURVE_WITH_KNOTS('',3,(#6370,#6371,#6372,#6373),
 .UNSPECIFIED.,.F.,.F.,(4,4),(-0.0101286219642867,0.),.UNSPECIFIED.);
#283=B_SPLINE_CURVE_WITH_KNOTS('',2,(#6381,#6382,#6383),.UNSPECIFIED.,.F.,
 .F.,(3,3),(0.,1.),.UNSPECIFIED.);
#284=B_SPLINE_CURVE_WITH_KNOTS('',3,(#6386,#6387,#6388,#6389),
 .UNSPECIFIED.,.F.,.F.,(4,4),(-0.0107430259125302,0.),.UNSPECIFIED.);
#285=B_SPLINE_CURVE_WITH_KNOTS('',2,(#6397,#6398,#6399),.UNSPECIFIED.,.F.,
 .F.,(3,3),(0.,1.),.UNSPECIFIED.);
#286=B_SPLINE_CURVE_WITH_KNOTS('',3,(#6402,#6403,#6404,#6405),
 .UNSPECIFIED.,.F.,.F.,(4,4),(-0.0143938105492186,0.),.UNSPECIFIED.);
#287=B_SPLINE_CURVE_WITH_KNOTS('',2,(#6413,#6414,#6415),.UNSPECIFIED.,.F.,
 .F.,(3,3),(0.,1.),.UNSPECIFIED.);
#288=B_SPLINE_CURVE_WITH_KNOTS('',3,(#6418,#6419,#6420,#6421),
 .UNSPECIFIED.,.F.,.F.,(4,4),(-0.0276173344033461,0.),.UNSPECIFIED.);
#289=B_SPLINE_CURVE_WITH_KNOTS('',2,(#6429,#6430,#6431),.UNSPECIFIED.,.F.,
 .F.,(3,3),(0.,1.),.UNSPECIFIED.);
#290=B_SPLINE_CURVE_WITH_KNOTS('',3,(#6434,#6435,#6436,#6437),
 .UNSPECIFIED.,.F.,.F.,(4,4),(-0.0386556158572656,0.),.UNSPECIFIED.);
#291=B_SPLINE_CURVE_WITH_KNOTS('',2,(#6445,#6446,#6447),.UNSPECIFIED.,.F.,
 .F.,(3,3),(0.,1.),.UNSPECIFIED.);
#292=B_SPLINE_CURVE_WITH_KNOTS('',3,(#6450,#6451,#6452,#6453),
 .UNSPECIFIED.,.F.,.F.,(4,4),(-0.0216682607764668,0.),.UNSPECIFIED.);
#293=B_SPLINE_CURVE_WITH_KNOTS('',3,(#6467,#6468,#6469,#6470,#6471,#6472,
#6473),.UNSPECIFIED.,.F.,.F.,(4,3,4),(-0.0794967749646266,-0.0397483874823133,
0.),.UNSPECIFIED.);
#294=B_SPLINE_CURVE_WITH_KNOTS('',3,(#6475,#6476,#6477,#6478,#6479,#6480,
#6481),.UNSPECIFIED.,.F.,.F.,(4,3,4),(-0.0713272671076394,-0.0356636335538197,
0.),.UNSPECIFIED.);
#295=B_SPLINE_CURVE_WITH_KNOTS('',3,(#6483,#6484,#6485,#6486,#6487,#6488,
#6489),.UNSPECIFIED.,.F.,.F.,(4,3,4),(-0.078652191181567,-0.0393260955907835,
0.),.UNSPECIFIED.);
#296=B_SPLINE_CURVE_WITH_KNOTS('',3,(#6490,#6491,#6492,#6493,#6494,#6495,
#6496),.UNSPECIFIED.,.F.,.F.,(4,3,4),(-0.0789171508446915,-0.0394585754223458,
0.),.UNSPECIFIED.);
#297=B_SPLINE_CURVE_WITH_KNOTS('',3,(#6499,#6500,#6501,#6502,#6503,#6504,
#6505),.UNSPECIFIED.,.F.,.F.,(4,3,4),(-0.0691353316471034,-0.0345676658235517,
0.),.UNSPECIFIED.);
#298=B_SPLINE_CURVE_WITH_KNOTS('',3,(#6507,#6508,#6509,#6510,#6511,#6512,
#6513),.UNSPECIFIED.,.F.,.F.,(4,3,4),(-0.0694836796402847,-0.0347418398201424,
0.),.UNSPECIFIED.);
#299=B_SPLINE_CURVE_WITH_KNOTS('',3,(#6515,#6516,#6517,#6518,#6519,#6520,
#6521),.UNSPECIFIED.,.F.,.F.,(4,3,4),(-0.0708987774639289,-0.0354493887319645,
0.),.UNSPECIFIED.);
#300=B_SPLINE_CURVE_WITH_KNOTS('',3,(#6522,#6523,#6524,#6525,#6526,#6527,
#6528),.UNSPECIFIED.,.F.,.F.,(4,3,4),(-0.0621973077097164,-0.0310986538548582,
0.),.UNSPECIFIED.);
#301=B_SPLINE_CURVE_WITH_KNOTS('',2,(#6539,#6540,#6541,#6542),
 .UNSPECIFIED.,.F.,.F.,(3,1,3),(0.,1.,2.),.UNSPECIFIED.);
#302=B_SPLINE_CURVE_WITH_KNOTS('',2,(#6554,#6555,#6556,#6557),
 .UNSPECIFIED.,.F.,.F.,(3,1,3),(0.,1.,2.),.UNSPECIFIED.);
#303=B_SPLINE_CURVE_WITH_KNOTS('',2,(#6569,#6570,#6571,#6572),
 .UNSPECIFIED.,.F.,.F.,(3,1,3),(0.,1.,2.),.UNSPECIFIED.);
#304=B_SPLINE_CURVE_WITH_KNOTS('',2,(#6584,#6585,#6586,#6587),
 .UNSPECIFIED.,.F.,.F.,(3,1,3),(0.,1.,2.),.UNSPECIFIED.);
#305=B_SPLINE_CURVE_WITH_KNOTS('',2,(#6598,#6599,#6600,#6601),
 .UNSPECIFIED.,.F.,.F.,(3,1,3),(0.,1.,2.),.UNSPECIFIED.);
#306=B_SPLINE_CURVE_WITH_KNOTS('',2,(#6611,#6612,#6613,#6614),
 .UNSPECIFIED.,.F.,.F.,(3,1,3),(0.,1.,2.),.UNSPECIFIED.);
#307=B_SPLINE_CURVE_WITH_KNOTS('',2,(#6624,#6625,#6626,#6627),
 .UNSPECIFIED.,.F.,.F.,(3,1,3),(0.,1.,2.),.UNSPECIFIED.);
#308=B_SPLINE_CURVE_WITH_KNOTS('',2,(#6637,#6638,#6639,#6640),
 .UNSPECIFIED.,.F.,.F.,(3,1,3),(0.,1.,2.),.UNSPECIFIED.);
#309=B_SPLINE_CURVE_WITH_KNOTS('',2,(#6649,#6650,#6651),.UNSPECIFIED.,.F.,
 .F.,(3,3),(0.,1.),.UNSPECIFIED.);
#310=B_SPLINE_CURVE_WITH_KNOTS('',3,(#6655,#6656,#6657,#6658),
 .UNSPECIFIED.,.F.,.F.,(4,4),(-0.032890062895285,0.),.UNSPECIFIED.);
#311=B_SPLINE_CURVE_WITH_KNOTS('',2,(#6667,#6668,#6669),.UNSPECIFIED.,.F.,
 .F.,(3,3),(0.,1.),.UNSPECIFIED.);
#312=B_SPLINE_CURVE_WITH_KNOTS('',3,(#6671,#6672,#6673,#6674),
 .UNSPECIFIED.,.F.,.F.,(4,4),(-0.0224695433528792,0.),.UNSPECIFIED.);
#313=B_SPLINE_CURVE_WITH_KNOTS('',2,(#6683,#6684,#6685),.UNSPECIFIED.,.F.,
 .F.,(3,3),(0.,1.),.UNSPECIFIED.);
#314=B_SPLINE_CURVE_WITH_KNOTS('',3,(#6687,#6688,#6689,#6690),
 .UNSPECIFIED.,.F.,.F.,(4,4),(-0.0248690619537819,0.),.UNSPECIFIED.);
#315=B_SPLINE_CURVE_WITH_KNOTS('',2,(#6699,#6700,#6701),.UNSPECIFIED.,.F.,
 .F.,(3,3),(0.,1.),.UNSPECIFIED.);
#316=B_SPLINE_CURVE_WITH_KNOTS('',3,(#6703,#6704,#6705,#6706),
 .UNSPECIFIED.,.F.,.F.,(4,4),(-0.0230850058437311,0.),.UNSPECIFIED.);
#317=B_SPLINE_CURVE_WITH_KNOTS('',2,(#6715,#6716,#6717),.UNSPECIFIED.,.F.,
 .F.,(3,3),(0.,1.),.UNSPECIFIED.);
#318=B_SPLINE_CURVE_WITH_KNOTS('',3,(#6719,#6720,#6721,#6722,#6723,#6724),
 .UNSPECIFIED.,.F.,.F.,(4,2,4),(-0.0295634678450076,-0.0146970620074225,
0.),.UNSPECIFIED.);
#319=B_SPLINE_CURVE_WITH_KNOTS('',2,(#6750,#6751,#6752),.UNSPECIFIED.,.F.,
 .F.,(3,3),(0.,1.),.UNSPECIFIED.);
#320=B_SPLINE_CURVE_WITH_KNOTS('',3,(#6754,#6755,#6756,#6757),
 .UNSPECIFIED.,.F.,.F.,(4,4),(-0.0128719558499702,0.),.UNSPECIFIED.);
#321=B_SPLINE_CURVE_WITH_KNOTS('',2,(#6784,#6785,#6786),.UNSPECIFIED.,.F.,
 .F.,(3,3),(0.,1.),.UNSPECIFIED.);
#322=B_SPLINE_CURVE_WITH_KNOTS('',3,(#6789,#6790,#6791,#6792),
 .UNSPECIFIED.,.F.,.F.,(4,4),(-0.0240020267059671,0.),.UNSPECIFIED.);
#323=B_SPLINE_CURVE_WITH_KNOTS('',2,(#6800,#6801,#6802),.UNSPECIFIED.,.F.,
 .F.,(3,3),(0.,1.),.UNSPECIFIED.);
#324=B_SPLINE_CURVE_WITH_KNOTS('',3,(#6805,#6806,#6807,#6808),
 .UNSPECIFIED.,.F.,.F.,(4,4),(-0.0101286219642865,0.),.UNSPECIFIED.);
#325=B_SPLINE_CURVE_WITH_KNOTS('',2,(#6816,#6817,#6818),.UNSPECIFIED.,.F.,
 .F.,(3,3),(0.,1.),.UNSPECIFIED.);
#326=B_SPLINE_CURVE_WITH_KNOTS('',3,(#6821,#6822,#6823,#6824),
 .UNSPECIFIED.,.F.,.F.,(4,4),(-0.0107430259125302,0.),.UNSPECIFIED.);
#327=B_SPLINE_CURVE_WITH_KNOTS('',2,(#6832,#6833,#6834),.UNSPECIFIED.,.F.,
 .F.,(3,3),(0.,1.),.UNSPECIFIED.);
#328=B_SPLINE_CURVE_WITH_KNOTS('',3,(#6837,#6838,#6839,#6840),
 .UNSPECIFIED.,.F.,.F.,(4,4),(-0.0143938105492191,0.),.UNSPECIFIED.);
#329=B_SPLINE_CURVE_WITH_KNOTS('',2,(#6848,#6849,#6850),.UNSPECIFIED.,.F.,
 .F.,(3,3),(0.,1.),.UNSPECIFIED.);
#330=B_SPLINE_CURVE_WITH_KNOTS('',3,(#6853,#6854,#6855,#6856,#6857,#6858),
 .UNSPECIFIED.,.F.,.F.,(4,2,4),(-0.0276173344033441,-0.0119653009512026,
0.),.UNSPECIFIED.);
#331=B_SPLINE_CURVE_WITH_KNOTS('',2,(#6866,#6867,#6868),.UNSPECIFIED.,.F.,
 .F.,(3,3),(0.,1.),.UNSPECIFIED.);
#332=B_SPLINE_CURVE_WITH_KNOTS('',3,(#6871,#6872,#6873,#6874),
 .UNSPECIFIED.,.F.,.F.,(4,4),(-0.0386556158572694,0.),.UNSPECIFIED.);
#333=B_SPLINE_CURVE_WITH_KNOTS('',2,(#6882,#6883,#6884),.UNSPECIFIED.,.F.,
 .F.,(3,3),(0.,1.),.UNSPECIFIED.);
#334=B_SPLINE_CURVE_WITH_KNOTS('',3,(#6887,#6888,#6889,#6890),
 .UNSPECIFIED.,.F.,.F.,(4,4),(-0.0216682607764485,0.),.UNSPECIFIED.);
#335=B_SPLINE_SURFACE_WITH_KNOTS('',2,1,((#5026,#5027),(#5028,#5029),(#5030,
#5031)),.UNSPECIFIED.,.F.,.F.,.F.,(3,3),(2,2),(0.,1.),(0.,5.64689864896627),
 .UNSPECIFIED.);
#336=B_SPLINE_SURFACE_WITH_KNOTS('',2,1,((#5045,#5046),(#5047,#5048),(#5049,
#5050)),.UNSPECIFIED.,.F.,.F.,.F.,(3,3),(2,2),(0.,1.),(0.,5.64689864896627),
 .UNSPECIFIED.);
#337=B_SPLINE_SURFACE_WITH_KNOTS('',2,1,((#5061,#5062),(#5063,#5064),(#5065,
#5066)),.UNSPECIFIED.,.F.,.F.,.F.,(3,3),(2,2),(0.,1.),(0.,5.64689864896627),
 .UNSPECIFIED.);
#338=B_SPLINE_SURFACE_WITH_KNOTS('',2,1,((#5077,#5078),(#5079,#5080),(#5081,
#5082)),.UNSPECIFIED.,.F.,.F.,.F.,(3,3),(2,2),(0.,1.),(0.,5.64689864896627),
 .UNSPECIFIED.);
#339=B_SPLINE_SURFACE_WITH_KNOTS('',2,1,((#5099,#5100),(#5101,#5102),(#5103,
#5104)),.UNSPECIFIED.,.F.,.F.,.F.,(3,3),(2,2),(0.,1.),(0.,5.64689864896627),
 .UNSPECIFIED.);
#340=B_SPLINE_SURFACE_WITH_KNOTS('',2,1,((#5115,#5116),(#5117,#5118),(#5119,
#5120)),.UNSPECIFIED.,.F.,.F.,.F.,(3,3),(2,2),(0.,1.),(0.,5.64689864896627),
 .UNSPECIFIED.);
#341=B_SPLINE_SURFACE_WITH_KNOTS('',2,1,((#5131,#5132),(#5133,#5134),(#5135,
#5136)),.UNSPECIFIED.,.F.,.F.,.F.,(3,3),(2,2),(0.,1.),(0.,5.64689864896627),
 .UNSPECIFIED.);
#342=B_SPLINE_SURFACE_WITH_KNOTS('',2,1,((#5147,#5148),(#5149,#5150),(#5151,
#5152)),.UNSPECIFIED.,.F.,.F.,.F.,(3,3),(2,2),(0.,1.),(0.,5.64689864896627),
 .UNSPECIFIED.);
#343=B_SPLINE_SURFACE_WITH_KNOTS('',2,1,((#5163,#5164),(#5165,#5166),(#5167,
#5168)),.UNSPECIFIED.,.F.,.F.,.F.,(3,3),(2,2),(0.,1.),(0.,5.64689864896627),
 .UNSPECIFIED.);
#344=B_SPLINE_SURFACE_WITH_KNOTS('',2,1,((#5179,#5180),(#5181,#5182),(#5183,
#5184)),.UNSPECIFIED.,.F.,.F.,.F.,(3,3),(2,2),(0.,1.),(0.,5.64689864896627),
 .UNSPECIFIED.);
#345=B_SPLINE_SURFACE_WITH_KNOTS('',2,1,((#5195,#5196),(#5197,#5198),(#5199,
#5200)),.UNSPECIFIED.,.F.,.F.,.F.,(3,3),(2,2),(0.,1.),(0.,5.64689864896627),
 .UNSPECIFIED.);
#346=B_SPLINE_SURFACE_WITH_KNOTS('',2,1,((#5211,#5212),(#5213,#5214),(#5215,
#5216)),.UNSPECIFIED.,.F.,.F.,.F.,(3,3),(2,2),(0.,1.),(0.,5.64689864896627),
 .UNSPECIFIED.);
#347=B_SPLINE_SURFACE_WITH_KNOTS('',2,1,((#5233,#5234),(#5235,#5236),(#5237,
#5238)),.UNSPECIFIED.,.F.,.F.,.F.,(3,3),(2,2),(0.,1.),(0.,5.64689864896627),
 .UNSPECIFIED.);
#348=B_SPLINE_SURFACE_WITH_KNOTS('',2,1,((#5249,#5250),(#5251,#5252),(#5253,
#5254)),.UNSPECIFIED.,.F.,.F.,.F.,(3,3),(2,2),(0.,1.),(0.,5.64689864896627),
 .UNSPECIFIED.);
#349=B_SPLINE_SURFACE_WITH_KNOTS('',2,1,((#5265,#5266),(#5267,#5268),(#5269,
#5270)),.UNSPECIFIED.,.F.,.F.,.F.,(3,3),(2,2),(0.,1.),(0.,5.64689864896627),
 .UNSPECIFIED.);
#350=B_SPLINE_SURFACE_WITH_KNOTS('',2,1,((#5281,#5282),(#5283,#5284),(#5285,
#5286)),.UNSPECIFIED.,.F.,.F.,.F.,(3,3),(2,2),(0.,1.),(0.,5.64689864896627),
 .UNSPECIFIED.);
#351=B_SPLINE_SURFACE_WITH_KNOTS('',2,1,((#5394,#5395),(#5396,#5397),(#5398,
#5399)),.UNSPECIFIED.,.F.,.F.,.F.,(3,3),(2,2),(-1.,0.),(0.,5.64689864896627),
 .UNSPECIFIED.);
#352=B_SPLINE_SURFACE_WITH_KNOTS('',2,1,((#5405,#5406),(#5407,#5408),(#5409,
#5410)),.UNSPECIFIED.,.F.,.F.,.F.,(3,3),(2,2),(-1.,0.),(0.,5.64689864896627),
 .UNSPECIFIED.);
#353=B_SPLINE_SURFACE_WITH_KNOTS('',2,1,((#5416,#5417),(#5418,#5419),(#5420,
#5421)),.UNSPECIFIED.,.F.,.F.,.F.,(3,3),(2,2),(-1.,0.),(0.,5.64689864896627),
 .UNSPECIFIED.);
#354=B_SPLINE_SURFACE_WITH_KNOTS('',2,1,((#5427,#5428),(#5429,#5430),(#5431,
#5432)),.UNSPECIFIED.,.F.,.F.,.F.,(3,3),(2,2),(-1.,0.),(0.,5.64689864896627),
 .UNSPECIFIED.);
#355=B_SPLINE_SURFACE_WITH_KNOTS('',2,1,((#5438,#5439),(#5440,#5441),(#5442,
#5443)),.UNSPECIFIED.,.F.,.F.,.F.,(3,3),(2,2),(0.,1.),(0.,5.64689864896627),
 .UNSPECIFIED.);
#356=B_SPLINE_SURFACE_WITH_KNOTS('',2,1,((#5451,#5452),(#5453,#5454),(#5455,
#5456)),.UNSPECIFIED.,.F.,.F.,.F.,(3,3),(2,2),(0.,1.),(0.,5.64689864896627),
 .UNSPECIFIED.);
#357=B_SPLINE_SURFACE_WITH_KNOTS('',2,1,((#5462,#5463),(#5464,#5465),(#5466,
#5467)),.UNSPECIFIED.,.F.,.F.,.F.,(3,3),(2,2),(0.,1.),(0.,5.64689864896627),
 .UNSPECIFIED.);
#358=B_SPLINE_SURFACE_WITH_KNOTS('',2,1,((#5473,#5474),(#5475,#5476),(#5477,
#5478)),.UNSPECIFIED.,.F.,.F.,.F.,(3,3),(2,2),(0.,1.),(0.,5.64689864896627),
 .UNSPECIFIED.);
#359=B_SPLINE_SURFACE_WITH_KNOTS('',2,1,((#5492,#5493),(#5494,#5495),(#5496,
#5497)),.UNSPECIFIED.,.F.,.F.,.F.,(3,3),(2,2),(-1.,0.),(0.,5.64689864896627),
 .UNSPECIFIED.);
#360=B_SPLINE_SURFACE_WITH_KNOTS('',2,1,((#5503,#5504),(#5505,#5506),(#5507,
#5508)),.UNSPECIFIED.,.F.,.F.,.F.,(3,3),(2,2),(-1.,0.),(0.,5.64689864896627),
 .UNSPECIFIED.);
#361=B_SPLINE_SURFACE_WITH_KNOTS('',2,1,((#5514,#5515),(#5516,#5517),(#5518,
#5519)),.UNSPECIFIED.,.F.,.F.,.F.,(3,3),(2,2),(-1.,0.),(0.,5.64689864896627),
 .UNSPECIFIED.);
#362=B_SPLINE_SURFACE_WITH_KNOTS('',2,1,((#5525,#5526),(#5527,#5528),(#5529,
#5530)),.UNSPECIFIED.,.F.,.F.,.F.,(3,3),(2,2),(-1.,0.),(0.,5.64689864896627),
 .UNSPECIFIED.);
#363=B_SPLINE_SURFACE_WITH_KNOTS('',2,1,((#5538,#5539),(#5540,#5541),(#5542,
#5543)),.UNSPECIFIED.,.F.,.F.,.F.,(3,3),(2,2),(0.,1.),(0.,5.64689864896627),
 .UNSPECIFIED.);
#364=B_SPLINE_SURFACE_WITH_KNOTS('',2,1,((#5549,#5550),(#5551,#5552),(#5553,
#5554)),.UNSPECIFIED.,.F.,.F.,.F.,(3,3),(2,2),(0.,1.),(0.,5.64689864896627),
 .UNSPECIFIED.);
#365=B_SPLINE_SURFACE_WITH_KNOTS('',2,1,((#5560,#5561),(#5562,#5563),(#5564,
#5565)),.UNSPECIFIED.,.F.,.F.,.F.,(3,3),(2,2),(0.,1.),(0.,5.64689864896627),
 .UNSPECIFIED.);
#366=B_SPLINE_SURFACE_WITH_KNOTS('',2,1,((#5571,#5572),(#5573,#5574),(#5575,
#5576)),.UNSPECIFIED.,.F.,.F.,.F.,(3,3),(2,2),(0.,1.),(0.,5.64689864896627),
 .UNSPECIFIED.);
#367=B_SPLINE_SURFACE_WITH_KNOTS('',2,1,((#5589,#5590),(#5591,#5592),(#5593,
#5594)),.UNSPECIFIED.,.F.,.F.,.F.,(3,3),(2,2),(0.,1.),(0.,5.64689864896627),
 .UNSPECIFIED.);
#368=B_SPLINE_SURFACE_WITH_KNOTS('',2,1,((#5605,#5606),(#5607,#5608),(#5609,
#5610)),.UNSPECIFIED.,.F.,.F.,.F.,(3,3),(2,2),(0.,1.),(0.,5.64689864896627),
 .UNSPECIFIED.);
#369=B_SPLINE_SURFACE_WITH_KNOTS('',2,1,((#5621,#5622),(#5623,#5624),(#5625,
#5626)),.UNSPECIFIED.,.F.,.F.,.F.,(3,3),(2,2),(0.,1.),(0.,5.64689864896627),
 .UNSPECIFIED.);
#370=B_SPLINE_SURFACE_WITH_KNOTS('',2,1,((#5637,#5638),(#5639,#5640),(#5641,
#5642)),.UNSPECIFIED.,.F.,.F.,.F.,(3,3),(2,2),(0.,1.),(0.,5.64689864896627),
 .UNSPECIFIED.);
#371=B_SPLINE_SURFACE_WITH_KNOTS('',2,1,((#5659,#5660),(#5661,#5662),(#5663,
#5664)),.UNSPECIFIED.,.F.,.F.,.F.,(3,3),(2,2),(-1.,0.),(0.,5.64689864896627),
 .UNSPECIFIED.);
#372=B_SPLINE_SURFACE_WITH_KNOTS('',2,1,((#5678,#5679),(#5680,#5681),(#5682,
#5683)),.UNSPECIFIED.,.F.,.F.,.F.,(3,3),(2,2),(-1.,0.),(0.,5.64689864896627),
 .UNSPECIFIED.);
#373=B_SPLINE_SURFACE_WITH_KNOTS('',2,1,((#5694,#5695),(#5696,#5697),(#5698,
#5699)),.UNSPECIFIED.,.F.,.F.,.F.,(3,3),(2,2),(-1.,0.),(0.,5.64689864896627),
 .UNSPECIFIED.);
#374=B_SPLINE_SURFACE_WITH_KNOTS('',2,1,((#5761,#5762),(#5763,#5764),(#5765,
#5766)),.UNSPECIFIED.,.F.,.F.,.F.,(3,3),(2,2),(-1.,0.),(0.,5.64689864896627),
 .UNSPECIFIED.);
#375=B_SPLINE_SURFACE_WITH_KNOTS('',2,1,((#5914,#5915),(#5916,#5917),(#5918,
#5919)),.UNSPECIFIED.,.F.,.F.,.F.,(3,3),(2,2),(0.,1.),(0.,5.64689864896627),
 .UNSPECIFIED.);
#376=B_SPLINE_SURFACE_WITH_KNOTS('',2,1,((#5927,#5928),(#5929,#5930),(#5931,
#5932)),.UNSPECIFIED.,.F.,.F.,.F.,(3,3),(2,2),(0.,1.),(0.,5.64689864896627),
 .UNSPECIFIED.);
#377=B_SPLINE_SURFACE_WITH_KNOTS('',2,1,((#5938,#5939),(#5940,#5941),(#5942,
#5943)),.UNSPECIFIED.,.F.,.F.,.F.,(3,3),(2,2),(0.,1.),(0.,5.64689864896627),
 .UNSPECIFIED.);
#378=B_SPLINE_SURFACE_WITH_KNOTS('',2,1,((#5949,#5950),(#5951,#5952),(#5953,
#5954)),.UNSPECIFIED.,.F.,.F.,.F.,(3,3),(2,2),(0.,1.),(0.,5.64689864896627),
 .UNSPECIFIED.);
#379=B_SPLINE_SURFACE_WITH_KNOTS('',2,1,((#5960,#5961),(#5962,#5963),(#5964,
#5965)),.UNSPECIFIED.,.F.,.F.,.F.,(3,3),(2,2),(0.,1.),(0.,5.64689864896627),
 .UNSPECIFIED.);
#380=B_SPLINE_SURFACE_WITH_KNOTS('',2,1,((#5971,#5972),(#5973,#5974),(#5975,
#5976)),.UNSPECIFIED.,.F.,.F.,.F.,(3,3),(2,2),(0.,1.),(0.,5.64689864896627),
 .UNSPECIFIED.);
#381=B_SPLINE_SURFACE_WITH_KNOTS('',2,1,((#5994,#5995),(#5996,#5997),(#5998,
#5999)),.UNSPECIFIED.,.F.,.F.,.F.,(3,3),(2,2),(0.,1.),(0.,5.64689864896627),
 .UNSPECIFIED.);
#382=B_SPLINE_SURFACE_WITH_KNOTS('',2,1,((#6005,#6006),(#6007,#6008),(#6009,
#6010)),.UNSPECIFIED.,.F.,.F.,.F.,(3,3),(2,2),(0.,1.),(0.,5.64689864896627),
 .UNSPECIFIED.);
#383=B_SPLINE_SURFACE_WITH_KNOTS('',2,1,((#6016,#6017),(#6018,#6019),(#6020,
#6021)),.UNSPECIFIED.,.F.,.F.,.F.,(3,3),(2,2),(0.,1.),(0.,5.64689864896627),
 .UNSPECIFIED.);
#384=B_SPLINE_SURFACE_WITH_KNOTS('',2,1,((#6027,#6028),(#6029,#6030),(#6031,
#6032)),.UNSPECIFIED.,.F.,.F.,.F.,(3,3),(2,2),(0.,1.),(0.,5.64689864896627),
 .UNSPECIFIED.);
#385=B_SPLINE_SURFACE_WITH_KNOTS('',2,1,((#6038,#6039),(#6040,#6041),(#6042,
#6043)),.UNSPECIFIED.,.F.,.F.,.F.,(3,3),(2,2),(0.,1.),(0.,5.64689864896627),
 .UNSPECIFIED.);
#386=B_SPLINE_SURFACE_WITH_KNOTS('',2,1,((#6049,#6050),(#6051,#6052),(#6053,
#6054)),.UNSPECIFIED.,.F.,.F.,.F.,(3,3),(2,2),(0.,1.),(0.,5.64689864896627),
 .UNSPECIFIED.);
#387=B_SPLINE_SURFACE_WITH_KNOTS('',2,1,((#6076,#6077),(#6078,#6079),(#6080,
#6081)),.UNSPECIFIED.,.F.,.F.,.F.,(3,3),(2,2),(0.,1.),(0.,5.64689864896627),
 .UNSPECIFIED.);
#388=B_SPLINE_SURFACE_WITH_KNOTS('',2,1,((#6087,#6088),(#6089,#6090),(#6091,
#6092)),.UNSPECIFIED.,.F.,.F.,.F.,(3,3),(2,2),(0.,1.),(0.,5.64689864896627),
 .UNSPECIFIED.);
#389=B_SPLINE_SURFACE_WITH_KNOTS('',2,1,((#6098,#6099),(#6100,#6101),(#6102,
#6103)),.UNSPECIFIED.,.F.,.F.,.F.,(3,3),(2,2),(0.,1.),(0.,5.64689864896627),
 .UNSPECIFIED.);
#390=B_SPLINE_SURFACE_WITH_KNOTS('',2,1,((#6109,#6110),(#6111,#6112),(#6113,
#6114)),.UNSPECIFIED.,.F.,.F.,.F.,(3,3),(2,2),(0.,1.),(0.,5.64689864896627),
 .UNSPECIFIED.);
#391=B_SPLINE_SURFACE_WITH_KNOTS('',2,1,((#6120,#6121),(#6122,#6123),(#6124,
#6125)),.UNSPECIFIED.,.F.,.F.,.F.,(3,3),(2,2),(0.,1.),(0.,5.64689864896627),
 .UNSPECIFIED.);
#392=B_SPLINE_SURFACE_WITH_KNOTS('',2,1,((#6131,#6132),(#6133,#6134),(#6135,
#6136)),.UNSPECIFIED.,.F.,.F.,.F.,(3,3),(2,2),(0.,1.),(0.,5.64689864896627),
 .UNSPECIFIED.);
#393=B_SPLINE_SURFACE_WITH_KNOTS('',2,1,((#6142,#6143),(#6144,#6145),(#6146,
#6147)),.UNSPECIFIED.,.F.,.F.,.F.,(3,3),(2,2),(0.,1.),(0.,5.64689864896627),
 .UNSPECIFIED.);
#394=B_SPLINE_SURFACE_WITH_KNOTS('',2,1,((#6153,#6154),(#6155,#6156),(#6157,
#6158)),.UNSPECIFIED.,.F.,.F.,.F.,(3,3),(2,2),(0.,1.),(0.,5.64689864896627),
 .UNSPECIFIED.);
#395=B_SPLINE_SURFACE_WITH_KNOTS('',2,1,((#6164,#6165),(#6166,#6167),(#6168,
#6169)),.UNSPECIFIED.,.F.,.F.,.F.,(3,3),(2,2),(0.,1.),(0.,5.64689864896627),
 .UNSPECIFIED.);
#396=B_SPLINE_SURFACE_WITH_KNOTS('',2,1,((#6175,#6176),(#6177,#6178),(#6179,
#6180)),.UNSPECIFIED.,.F.,.F.,.F.,(3,3),(2,2),(0.,1.),(0.,5.64689864896627),
 .UNSPECIFIED.);
#397=B_SPLINE_SURFACE_WITH_KNOTS('',2,1,((#6186,#6187),(#6188,#6189),(#6190,
#6191)),.UNSPECIFIED.,.F.,.F.,.F.,(3,3),(2,2),(0.,1.),(0.,5.64689864896627),
 .UNSPECIFIED.);
#398=B_SPLINE_SURFACE_WITH_KNOTS('',2,1,((#6197,#6198),(#6199,#6200),(#6201,
#6202)),.UNSPECIFIED.,.F.,.F.,.F.,(3,3),(2,2),(0.,1.),(0.,5.64689864896627),
 .UNSPECIFIED.);
#399=B_SPLINE_SURFACE_WITH_KNOTS('',2,1,((#6206,#6207),(#6208,#6209),(#6210,
#6211)),.UNSPECIFIED.,.F.,.F.,.F.,(3,3),(2,2),(0.,1.),(0.,5.64689864896627),
 .UNSPECIFIED.);
#400=B_SPLINE_SURFACE_WITH_KNOTS('',2,1,((#6225,#6226),(#6227,#6228),(#6229,
#6230)),.UNSPECIFIED.,.F.,.F.,.F.,(3,3),(2,2),(0.,1.),(0.,5.64689864896627),
 .UNSPECIFIED.);
#401=B_SPLINE_SURFACE_WITH_KNOTS('',2,1,((#6243,#6244),(#6245,#6246),(#6247,
#6248)),.UNSPECIFIED.,.F.,.F.,.F.,(3,3),(2,2),(0.,1.),(0.,5.64689864896627),
 .UNSPECIFIED.);
#402=B_SPLINE_SURFACE_WITH_KNOTS('',2,1,((#6259,#6260),(#6261,#6262),(#6263,
#6264)),.UNSPECIFIED.,.F.,.F.,.F.,(3,3),(2,2),(0.,1.),(0.,5.64689864896627),
 .UNSPECIFIED.);
#403=B_SPLINE_SURFACE_WITH_KNOTS('',2,1,((#6275,#6276),(#6277,#6278),(#6279,
#6280)),.UNSPECIFIED.,.F.,.F.,.F.,(3,3),(2,2),(0.,1.),(0.,5.64689864896627),
 .UNSPECIFIED.);
#404=B_SPLINE_SURFACE_WITH_KNOTS('',2,1,((#6291,#6292),(#6293,#6294),(#6295,
#6296)),.UNSPECIFIED.,.F.,.F.,.F.,(3,3),(2,2),(0.,1.),(0.,5.64689864896627),
 .UNSPECIFIED.);
#405=B_SPLINE_SURFACE_WITH_KNOTS('',2,1,((#6308,#6309),(#6310,#6311),(#6312,
#6313)),.UNSPECIFIED.,.F.,.F.,.F.,(3,3),(2,2),(0.,1.),(0.,5.64689864896627),
 .UNSPECIFIED.);
#406=B_SPLINE_SURFACE_WITH_KNOTS('',2,1,((#6342,#6343),(#6344,#6345),(#6346,
#6347)),.UNSPECIFIED.,.F.,.F.,.F.,(3,3),(2,2),(0.,1.),(0.,5.64689864896627),
 .UNSPECIFIED.);
#407=B_SPLINE_SURFACE_WITH_KNOTS('',2,1,((#6358,#6359),(#6360,#6361),(#6362,
#6363)),.UNSPECIFIED.,.F.,.F.,.F.,(3,3),(2,2),(0.,1.),(0.,5.64689864896627),
 .UNSPECIFIED.);
#408=B_SPLINE_SURFACE_WITH_KNOTS('',2,1,((#6374,#6375),(#6376,#6377),(#6378,
#6379)),.UNSPECIFIED.,.F.,.F.,.F.,(3,3),(2,2),(0.,1.),(0.,5.64689864896627),
 .UNSPECIFIED.);
#409=B_SPLINE_SURFACE_WITH_KNOTS('',2,1,((#6390,#6391),(#6392,#6393),(#6394,
#6395)),.UNSPECIFIED.,.F.,.F.,.F.,(3,3),(2,2),(0.,1.),(0.,5.64689864896627),
 .UNSPECIFIED.);
#410=B_SPLINE_SURFACE_WITH_KNOTS('',2,1,((#6406,#6407),(#6408,#6409),(#6410,
#6411)),.UNSPECIFIED.,.F.,.F.,.F.,(3,3),(2,2),(0.,1.),(0.,5.64689864896627),
 .UNSPECIFIED.);
#411=B_SPLINE_SURFACE_WITH_KNOTS('',2,1,((#6422,#6423),(#6424,#6425),(#6426,
#6427)),.UNSPECIFIED.,.F.,.F.,.F.,(3,3),(2,2),(0.,1.),(0.,5.64689864896627),
 .UNSPECIFIED.);
#412=B_SPLINE_SURFACE_WITH_KNOTS('',2,1,((#6438,#6439),(#6440,#6441),(#6442,
#6443)),.UNSPECIFIED.,.F.,.F.,.F.,(3,3),(2,2),(0.,1.),(0.,5.64689864896627),
 .UNSPECIFIED.);
#413=B_SPLINE_SURFACE_WITH_KNOTS('',2,1,((#6529,#6530),(#6531,#6532),(#6533,
#6534),(#6535,#6536)),.UNSPECIFIED.,.F.,.F.,.F.,(3,1,3),(2,2),(-2.,-1.,
0.),(0.,5.64689864896627),.UNSPECIFIED.);
#414=B_SPLINE_SURFACE_WITH_KNOTS('',2,1,((#6545,#6546),(#6547,#6548),(#6549,
#6550),(#6551,#6552)),.UNSPECIFIED.,.F.,.F.,.F.,(3,1,3),(2,2),(-2.,-1.,
0.),(0.,5.64689864896627),.UNSPECIFIED.);
#415=B_SPLINE_SURFACE_WITH_KNOTS('',2,1,((#6559,#6560),(#6561,#6562),(#6563,
#6564),(#6565,#6566)),.UNSPECIFIED.,.F.,.F.,.F.,(3,1,3),(2,2),(0.,1.,2.),
(0.,5.64689864896627),.UNSPECIFIED.);
#416=B_SPLINE_SURFACE_WITH_KNOTS('',2,1,((#6575,#6576),(#6577,#6578),(#6579,
#6580),(#6581,#6582)),.UNSPECIFIED.,.F.,.F.,.F.,(3,1,3),(2,2),(0.,1.,2.),
(0.,5.64689864896627),.UNSPECIFIED.);
#417=B_SPLINE_SURFACE_WITH_KNOTS('',2,1,((#6589,#6590),(#6591,#6592),(#6593,
#6594),(#6595,#6596)),.UNSPECIFIED.,.F.,.F.,.F.,(3,1,3),(2,2),(-2.,-1.,
0.),(0.,5.64689864896627),.UNSPECIFIED.);
#418=B_SPLINE_SURFACE_WITH_KNOTS('',2,1,((#6603,#6604),(#6605,#6606),(#6607,
#6608),(#6609,#6610)),.UNSPECIFIED.,.F.,.F.,.F.,(3,1,3),(2,2),(-2.,-1.,
0.),(0.,5.64689864896627),.UNSPECIFIED.);
#419=B_SPLINE_SURFACE_WITH_KNOTS('',2,1,((#6615,#6616),(#6617,#6618),(#6619,
#6620),(#6621,#6622)),.UNSPECIFIED.,.F.,.F.,.F.,(3,1,3),(2,2),(0.,1.,2.),
(0.,5.64689864896627),.UNSPECIFIED.);
#420=B_SPLINE_SURFACE_WITH_KNOTS('',2,1,((#6629,#6630),(#6631,#6632),(#6633,
#6634),(#6635,#6636)),.UNSPECIFIED.,.F.,.F.,.F.,(3,1,3),(2,2),(0.,1.,2.),
(0.,5.64689864896627),.UNSPECIFIED.);
#421=B_SPLINE_SURFACE_WITH_KNOTS('',2,1,((#6641,#6642),(#6643,#6644),(#6645,
#6646)),.UNSPECIFIED.,.F.,.F.,.F.,(3,3),(2,2),(0.,1.),(0.,5.64689864896627),
 .UNSPECIFIED.);
#422=B_SPLINE_SURFACE_WITH_KNOTS('',2,1,((#6660,#6661),(#6662,#6663),(#6664,
#6665)),.UNSPECIFIED.,.F.,.F.,.F.,(3,3),(2,2),(0.,1.),(0.,5.64689864896627),
 .UNSPECIFIED.);
#423=B_SPLINE_SURFACE_WITH_KNOTS('',2,1,((#6676,#6677),(#6678,#6679),(#6680,
#6681)),.UNSPECIFIED.,.F.,.F.,.F.,(3,3),(2,2),(0.,1.),(0.,5.64689864896627),
 .UNSPECIFIED.);
#424=B_SPLINE_SURFACE_WITH_KNOTS('',2,1,((#6692,#6693),(#6694,#6695),(#6696,
#6697)),.UNSPECIFIED.,.F.,.F.,.F.,(3,3),(2,2),(0.,1.),(0.,5.64689864896627),
 .UNSPECIFIED.);
#425=B_SPLINE_SURFACE_WITH_KNOTS('',2,1,((#6708,#6709),(#6710,#6711),(#6712,
#6713)),.UNSPECIFIED.,.F.,.F.,.F.,(3,3),(2,2),(0.,1.),(0.,5.64689864896627),
 .UNSPECIFIED.);
#426=B_SPLINE_SURFACE_WITH_KNOTS('',2,1,((#6726,#6727),(#6728,#6729),(#6730,
#6731)),.UNSPECIFIED.,.F.,.F.,.F.,(3,3),(2,2),(0.,1.),(0.,5.64689864896627),
 .UNSPECIFIED.);
#427=B_SPLINE_SURFACE_WITH_KNOTS('',2,1,((#6743,#6744),(#6745,#6746),(#6747,
#6748)),.UNSPECIFIED.,.F.,.F.,.F.,(3,3),(2,2),(0.,1.),(0.,5.64689864896627),
 .UNSPECIFIED.);
#428=B_SPLINE_SURFACE_WITH_KNOTS('',2,1,((#6777,#6778),(#6779,#6780),(#6781,
#6782)),.UNSPECIFIED.,.F.,.F.,.F.,(3,3),(2,2),(0.,1.),(0.,5.64689864896627),
 .UNSPECIFIED.);
#429=B_SPLINE_SURFACE_WITH_KNOTS('',2,1,((#6793,#6794),(#6795,#6796),(#6797,
#6798)),.UNSPECIFIED.,.F.,.F.,.F.,(3,3),(2,2),(0.,1.),(0.,5.64689864896627),
 .UNSPECIFIED.);
#430=B_SPLINE_SURFACE_WITH_KNOTS('',2,1,((#6809,#6810),(#6811,#6812),(#6813,
#6814)),.UNSPECIFIED.,.F.,.F.,.F.,(3,3),(2,2),(0.,1.),(0.,5.64689864896627),
 .UNSPECIFIED.);
#431=B_SPLINE_SURFACE_WITH_KNOTS('',2,1,((#6825,#6826),(#6827,#6828),(#6829,
#6830)),.UNSPECIFIED.,.F.,.F.,.F.,(3,3),(2,2),(0.,1.),(0.,5.64689864896627),
 .UNSPECIFIED.);
#432=B_SPLINE_SURFACE_WITH_KNOTS('',2,1,((#6841,#6842),(#6843,#6844),(#6845,
#6846)),.UNSPECIFIED.,.F.,.F.,.F.,(3,3),(2,2),(0.,1.),(0.,5.64689864896627),
 .UNSPECIFIED.);
#433=B_SPLINE_SURFACE_WITH_KNOTS('',2,1,((#6859,#6860),(#6861,#6862),(#6863,
#6864)),.UNSPECIFIED.,.F.,.F.,.F.,(3,3),(2,2),(0.,1.),(0.,5.64689864896627),
 .UNSPECIFIED.);
#434=B_SPLINE_SURFACE_WITH_KNOTS('',2,1,((#6875,#6876),(#6877,#6878),(#6879,
#6880)),.UNSPECIFIED.,.F.,.F.,.F.,(3,3),(2,2),(0.,1.),(0.,5.64689864896627),
 .UNSPECIFIED.);
#435=FACE_OUTER_BOUND('',#654,.T.);
#436=FACE_OUTER_BOUND('',#655,.T.);
#437=FACE_OUTER_BOUND('',#656,.T.);
#438=FACE_OUTER_BOUND('',#657,.T.);
#439=FACE_OUTER_BOUND('',#658,.T.);
#440=FACE_OUTER_BOUND('',#659,.T.);
#441=FACE_OUTER_BOUND('',#660,.T.);
#442=FACE_OUTER_BOUND('',#661,.T.);
#443=FACE_OUTER_BOUND('',#662,.T.);
#444=FACE_OUTER_BOUND('',#663,.T.);
#445=FACE_OUTER_BOUND('',#664,.T.);
#446=FACE_OUTER_BOUND('',#665,.T.);
#447=FACE_OUTER_BOUND('',#666,.T.);
#448=FACE_OUTER_BOUND('',#667,.T.);
#449=FACE_OUTER_BOUND('',#668,.T.);
#450=FACE_OUTER_BOUND('',#669,.T.);
#451=FACE_OUTER_BOUND('',#670,.T.);
#452=FACE_OUTER_BOUND('',#671,.T.);
#453=FACE_OUTER_BOUND('',#672,.T.);
#454=FACE_OUTER_BOUND('',#673,.T.);
#455=FACE_OUTER_BOUND('',#674,.T.);
#456=FACE_OUTER_BOUND('',#675,.T.);
#457=FACE_OUTER_BOUND('',#676,.T.);
#458=FACE_OUTER_BOUND('',#677,.T.);
#459=FACE_OUTER_BOUND('',#678,.T.);
#460=FACE_OUTER_BOUND('',#680,.T.);
#461=FACE_OUTER_BOUND('',#681,.T.);
#462=FACE_OUTER_BOUND('',#682,.T.);
#463=FACE_OUTER_BOUND('',#683,.T.);
#464=FACE_OUTER_BOUND('',#684,.T.);
#465=FACE_OUTER_BOUND('',#685,.T.);
#466=FACE_OUTER_BOUND('',#686,.T.);
#467=FACE_OUTER_BOUND('',#687,.T.);
#468=FACE_OUTER_BOUND('',#688,.T.);
#469=FACE_OUTER_BOUND('',#689,.T.);
#470=FACE_OUTER_BOUND('',#690,.T.);
#471=FACE_OUTER_BOUND('',#691,.T.);
#472=FACE_OUTER_BOUND('',#692,.T.);
#473=FACE_OUTER_BOUND('',#693,.T.);
#474=FACE_OUTER_BOUND('',#694,.T.);
#475=FACE_OUTER_BOUND('',#695,.T.);
#476=FACE_OUTER_BOUND('',#696,.T.);
#477=FACE_OUTER_BOUND('',#697,.T.);
#478=FACE_OUTER_BOUND('',#698,.T.);
#479=FACE_OUTER_BOUND('',#699,.T.);
#480=FACE_OUTER_BOUND('',#700,.T.);
#481=FACE_OUTER_BOUND('',#701,.T.);
#482=FACE_OUTER_BOUND('',#702,.T.);
#483=FACE_OUTER_BOUND('',#703,.T.);
#484=FACE_OUTER_BOUND('',#704,.T.);
#485=FACE_OUTER_BOUND('',#705,.T.);
#486=FACE_OUTER_BOUND('',#706,.T.);
#487=FACE_OUTER_BOUND('',#707,.T.);
#488=FACE_OUTER_BOUND('',#708,.T.);
#489=FACE_OUTER_BOUND('',#709,.T.);
#490=FACE_OUTER_BOUND('',#710,.T.);
#491=FACE_OUTER_BOUND('',#711,.T.);
#492=FACE_OUTER_BOUND('',#712,.T.);
#493=FACE_OUTER_BOUND('',#713,.T.);
#494=FACE_OUTER_BOUND('',#714,.T.);
#495=FACE_OUTER_BOUND('',#715,.T.);
#496=FACE_OUTER_BOUND('',#716,.T.);
#497=FACE_OUTER_BOUND('',#717,.T.);
#498=FACE_OUTER_BOUND('',#718,.T.);
#499=FACE_OUTER_BOUND('',#719,.T.);
#500=FACE_OUTER_BOUND('',#721,.T.);
#501=FACE_OUTER_BOUND('',#722,.T.);
#502=FACE_OUTER_BOUND('',#723,.T.);
#503=FACE_OUTER_BOUND('',#724,.T.);
#504=FACE_OUTER_BOUND('',#725,.T.);
#505=FACE_OUTER_BOUND('',#726,.T.);
#506=FACE_OUTER_BOUND('',#727,.T.);
#507=FACE_OUTER_BOUND('',#728,.T.);
#508=FACE_OUTER_BOUND('',#729,.T.);
#509=FACE_OUTER_BOUND('',#730,.T.);
#510=FACE_OUTER_BOUND('',#731,.T.);
#511=FACE_OUTER_BOUND('',#732,.T.);
#512=FACE_OUTER_BOUND('',#733,.T.);
#513=FACE_OUTER_BOUND('',#734,.T.);
#514=FACE_OUTER_BOUND('',#735,.T.);
#515=FACE_OUTER_BOUND('',#736,.T.);
#516=FACE_OUTER_BOUND('',#737,.T.);
#517=FACE_OUTER_BOUND('',#738,.T.);
#518=FACE_OUTER_BOUND('',#739,.T.);
#519=FACE_OUTER_BOUND('',#740,.T.);
#520=FACE_OUTER_BOUND('',#741,.T.);
#521=FACE_OUTER_BOUND('',#742,.T.);
#522=FACE_OUTER_BOUND('',#743,.T.);
#523=FACE_OUTER_BOUND('',#744,.T.);
#524=FACE_OUTER_BOUND('',#745,.T.);
#525=FACE_OUTER_BOUND('',#746,.T.);
#526=FACE_OUTER_BOUND('',#747,.T.);
#527=FACE_OUTER_BOUND('',#748,.T.);
#528=FACE_OUTER_BOUND('',#749,.T.);
#529=FACE_OUTER_BOUND('',#750,.T.);
#530=FACE_OUTER_BOUND('',#751,.T.);
#531=FACE_OUTER_BOUND('',#752,.T.);
#532=FACE_OUTER_BOUND('',#753,.T.);
#533=FACE_OUTER_BOUND('',#754,.T.);
#534=FACE_OUTER_BOUND('',#755,.T.);
#535=FACE_OUTER_BOUND('',#756,.T.);
#536=FACE_OUTER_BOUND('',#757,.T.);
#537=FACE_OUTER_BOUND('',#758,.T.);
#538=FACE_OUTER_BOUND('',#759,.T.);
#539=FACE_OUTER_BOUND('',#760,.T.);
#540=FACE_OUTER_BOUND('',#761,.T.);
#541=FACE_OUTER_BOUND('',#762,.T.);
#542=FACE_OUTER_BOUND('',#763,.T.);
#543=FACE_OUTER_BOUND('',#764,.T.);
#544=FACE_OUTER_BOUND('',#765,.T.);
#545=FACE_OUTER_BOUND('',#766,.T.);
#546=FACE_OUTER_BOUND('',#767,.T.);
#547=FACE_OUTER_BOUND('',#768,.T.);
#548=FACE_OUTER_BOUND('',#769,.T.);
#549=FACE_OUTER_BOUND('',#770,.T.);
#550=FACE_OUTER_BOUND('',#771,.T.);
#551=FACE_OUTER_BOUND('',#772,.T.);
#552=FACE_OUTER_BOUND('',#773,.T.);
#553=FACE_OUTER_BOUND('',#774,.T.);
#554=FACE_OUTER_BOUND('',#776,.T.);
#555=FACE_OUTER_BOUND('',#777,.T.);
#556=FACE_OUTER_BOUND('',#778,.T.);
#557=FACE_OUTER_BOUND('',#779,.T.);
#558=FACE_OUTER_BOUND('',#780,.T.);
#559=FACE_OUTER_BOUND('',#781,.T.);
#560=FACE_OUTER_BOUND('',#782,.T.);
#561=FACE_OUTER_BOUND('',#783,.T.);
#562=FACE_OUTER_BOUND('',#784,.T.);
#563=FACE_OUTER_BOUND('',#785,.T.);
#564=FACE_OUTER_BOUND('',#786,.T.);
#565=FACE_OUTER_BOUND('',#787,.T.);
#566=FACE_OUTER_BOUND('',#788,.T.);
#567=FACE_OUTER_BOUND('',#789,.T.);
#568=FACE_OUTER_BOUND('',#790,.T.);
#569=FACE_OUTER_BOUND('',#791,.T.);
#570=FACE_OUTER_BOUND('',#792,.T.);
#571=FACE_OUTER_BOUND('',#793,.T.);
#572=FACE_OUTER_BOUND('',#794,.T.);
#573=FACE_OUTER_BOUND('',#795,.T.);
#574=FACE_OUTER_BOUND('',#796,.T.);
#575=FACE_OUTER_BOUND('',#797,.T.);
#576=FACE_OUTER_BOUND('',#798,.T.);
#577=FACE_OUTER_BOUND('',#799,.T.);
#578=FACE_OUTER_BOUND('',#800,.T.);
#579=FACE_OUTER_BOUND('',#801,.T.);
#580=FACE_OUTER_BOUND('',#802,.T.);
#581=FACE_OUTER_BOUND('',#803,.T.);
#582=FACE_OUTER_BOUND('',#804,.T.);
#583=FACE_OUTER_BOUND('',#805,.T.);
#584=FACE_OUTER_BOUND('',#815,.T.);
#585=FACE_OUTER_BOUND('',#816,.T.);
#586=FACE_OUTER_BOUND('',#818,.T.);
#587=FACE_OUTER_BOUND('',#819,.T.);
#588=FACE_OUTER_BOUND('',#820,.T.);
#589=FACE_OUTER_BOUND('',#821,.T.);
#590=FACE_OUTER_BOUND('',#822,.T.);
#591=FACE_OUTER_BOUND('',#823,.T.);
#592=FACE_OUTER_BOUND('',#824,.T.);
#593=FACE_OUTER_BOUND('',#825,.T.);
#594=FACE_OUTER_BOUND('',#826,.T.);
#595=FACE_OUTER_BOUND('',#827,.T.);
#596=FACE_OUTER_BOUND('',#828,.T.);
#597=FACE_OUTER_BOUND('',#829,.T.);
#598=FACE_OUTER_BOUND('',#830,.T.);
#599=FACE_OUTER_BOUND('',#831,.T.);
#600=FACE_OUTER_BOUND('',#832,.T.);
#601=FACE_OUTER_BOUND('',#833,.T.);
#602=FACE_OUTER_BOUND('',#834,.T.);
#603=FACE_OUTER_BOUND('',#835,.T.);
#604=FACE_OUTER_BOUND('',#836,.T.);
#605=FACE_OUTER_BOUND('',#837,.T.);
#606=FACE_OUTER_BOUND('',#838,.T.);
#607=FACE_OUTER_BOUND('',#839,.T.);
#608=FACE_OUTER_BOUND('',#840,.T.);
#609=FACE_OUTER_BOUND('',#841,.T.);
#610=FACE_OUTER_BOUND('',#842,.T.);
#611=FACE_OUTER_BOUND('',#845,.T.);
#612=FACE_OUTER_BOUND('',#846,.T.);
#613=FACE_OUTER_BOUND('',#847,.T.);
#614=FACE_OUTER_BOUND('',#848,.T.);
#615=FACE_OUTER_BOUND('',#849,.T.);
#616=FACE_OUTER_BOUND('',#850,.T.);
#617=FACE_OUTER_BOUND('',#851,.T.);
#618=FACE_OUTER_BOUND('',#852,.T.);
#619=FACE_OUTER_BOUND('',#853,.T.);
#620=FACE_OUTER_BOUND('',#854,.T.);
#621=FACE_OUTER_BOUND('',#855,.T.);
#622=FACE_OUTER_BOUND('',#856,.T.);
#623=FACE_OUTER_BOUND('',#857,.T.);
#624=FACE_OUTER_BOUND('',#858,.T.);
#625=FACE_OUTER_BOUND('',#859,.T.);
#626=FACE_OUTER_BOUND('',#860,.T.);
#627=FACE_OUTER_BOUND('',#861,.T.);
#628=FACE_OUTER_BOUND('',#862,.T.);
#629=FACE_OUTER_BOUND('',#863,.T.);
#630=FACE_OUTER_BOUND('',#864,.T.);
#631=FACE_OUTER_BOUND('',#865,.T.);
#632=FACE_OUTER_BOUND('',#866,.T.);
#633=FACE_OUTER_BOUND('',#868,.T.);
#634=FACE_OUTER_BOUND('',#869,.T.);
#635=FACE_OUTER_BOUND('',#871,.T.);
#636=FACE_OUTER_BOUND('',#873,.T.);
#637=FACE_OUTER_BOUND('',#874,.T.);
#638=FACE_OUTER_BOUND('',#875,.T.);
#639=FACE_OUTER_BOUND('',#876,.T.);
#640=FACE_OUTER_BOUND('',#877,.T.);
#641=FACE_OUTER_BOUND('',#878,.T.);
#642=FACE_OUTER_BOUND('',#879,.T.);
#643=FACE_OUTER_BOUND('',#880,.T.);
#644=FACE_OUTER_BOUND('',#881,.T.);
#645=FACE_OUTER_BOUND('',#882,.T.);
#646=FACE_OUTER_BOUND('',#883,.T.);
#647=FACE_OUTER_BOUND('',#885,.T.);
#648=FACE_OUTER_BOUND('',#886,.T.);
#649=FACE_OUTER_BOUND('',#887,.T.);
#650=FACE_OUTER_BOUND('',#888,.T.);
#651=FACE_OUTER_BOUND('',#889,.T.);
#652=FACE_OUTER_BOUND('',#890,.T.);
#653=FACE_OUTER_BOUND('',#891,.T.);
#654=EDGE_LOOP('',(#2566,#2567,#2568,#2569));
#655=EDGE_LOOP('',(#2570,#2571,#2572,#2573));
#656=EDGE_LOOP('',(#2574,#2575,#2576,#2577));
#657=EDGE_LOOP('',(#2578,#2579,#2580,#2581));
#658=EDGE_LOOP('',(#2582,#2583,#2584,#2585));
#659=EDGE_LOOP('',(#2586,#2587,#2588,#2589));
#660=EDGE_LOOP('',(#2590,#2591,#2592,#2593));
#661=EDGE_LOOP('',(#2594,#2595,#2596,#2597));
#662=EDGE_LOOP('',(#2598,#2599,#2600,#2601));
#663=EDGE_LOOP('',(#2602,#2603,#2604,#2605));
#664=EDGE_LOOP('',(#2606,#2607,#2608,#2609));
#665=EDGE_LOOP('',(#2610,#2611,#2612,#2613));
#666=EDGE_LOOP('',(#2614,#2615,#2616,#2617));
#667=EDGE_LOOP('',(#2618,#2619,#2620,#2621));
#668=EDGE_LOOP('',(#2622,#2623,#2624,#2625));
#669=EDGE_LOOP('',(#2626,#2627,#2628,#2629));
#670=EDGE_LOOP('',(#2630,#2631,#2632,#2633));
#671=EDGE_LOOP('',(#2634,#2635,#2636,#2637));
#672=EDGE_LOOP('',(#2638,#2639,#2640,#2641));
#673=EDGE_LOOP('',(#2642,#2643,#2644,#2645));
#674=EDGE_LOOP('',(#2646,#2647,#2648,#2649));
#675=EDGE_LOOP('',(#2650,#2651,#2652,#2653));
#676=EDGE_LOOP('',(#2654,#2655,#2656,#2657));
#677=EDGE_LOOP('',(#2658,#2659,#2660,#2661,#2662,#2663,#2664,#2665,#2666,
#2667,#2668,#2669,#2670,#2671,#2672,#2673,#2674,#2675));
#678=EDGE_LOOP('',(#2676,#2677,#2678,#2679,#2680,#2681,#2682,#2683,#2684,
#2685));
#679=EDGE_LOOP('',(#2686,#2687,#2688,#2689,#2690,#2691,#2692,#2693,#2694,
#2695));
#680=EDGE_LOOP('',(#2696,#2697,#2698,#2699));
#681=EDGE_LOOP('',(#2700,#2701,#2702,#2703));
#682=EDGE_LOOP('',(#2704,#2705,#2706,#2707));
#683=EDGE_LOOP('',(#2708,#2709,#2710,#2711));
#684=EDGE_LOOP('',(#2712,#2713,#2714,#2715));
#685=EDGE_LOOP('',(#2716,#2717,#2718,#2719));
#686=EDGE_LOOP('',(#2720,#2721,#2722,#2723));
#687=EDGE_LOOP('',(#2724,#2725,#2726,#2727));
#688=EDGE_LOOP('',(#2728,#2729,#2730,#2731));
#689=EDGE_LOOP('',(#2732,#2733,#2734,#2735));
#690=EDGE_LOOP('',(#2736,#2737,#2738,#2739));
#691=EDGE_LOOP('',(#2740,#2741,#2742,#2743));
#692=EDGE_LOOP('',(#2744,#2745,#2746,#2747));
#693=EDGE_LOOP('',(#2748,#2749,#2750,#2751));
#694=EDGE_LOOP('',(#2752,#2753,#2754,#2755));
#695=EDGE_LOOP('',(#2756,#2757,#2758,#2759));
#696=EDGE_LOOP('',(#2760,#2761,#2762,#2763));
#697=EDGE_LOOP('',(#2764,#2765,#2766,#2767));
#698=EDGE_LOOP('',(#2768,#2769,#2770,#2771));
#699=EDGE_LOOP('',(#2772,#2773,#2774,#2775));
#700=EDGE_LOOP('',(#2776,#2777,#2778,#2779));
#701=EDGE_LOOP('',(#2780,#2781,#2782,#2783));
#702=EDGE_LOOP('',(#2784,#2785,#2786,#2787));
#703=EDGE_LOOP('',(#2788,#2789,#2790,#2791));
#704=EDGE_LOOP('',(#2792,#2793,#2794,#2795));
#705=EDGE_LOOP('',(#2796,#2797,#2798,#2799));
#706=EDGE_LOOP('',(#2800,#2801,#2802,#2803));
#707=EDGE_LOOP('',(#2804,#2805,#2806,#2807));
#708=EDGE_LOOP('',(#2808,#2809,#2810,#2811));
#709=EDGE_LOOP('',(#2812,#2813,#2814,#2815));
#710=EDGE_LOOP('',(#2816,#2817,#2818,#2819));
#711=EDGE_LOOP('',(#2820,#2821,#2822,#2823));
#712=EDGE_LOOP('',(#2824,#2825,#2826,#2827));
#713=EDGE_LOOP('',(#2828,#2829,#2830,#2831));
#714=EDGE_LOOP('',(#2832,#2833,#2834,#2835));
#715=EDGE_LOOP('',(#2836,#2837,#2838,#2839));
#716=EDGE_LOOP('',(#2840,#2841,#2842,#2843));
#717=EDGE_LOOP('',(#2844,#2845,#2846,#2847));
#718=EDGE_LOOP('',(#2848,#2849,#2850,#2851));
#719=EDGE_LOOP('',(#2852,#2853,#2854,#2855,#2856,#2857,#2858,#2859,#2860,
#2861,#2862,#2863));
#720=EDGE_LOOP('',(#2864,#2865,#2866,#2867,#2868,#2869,#2870));
#721=EDGE_LOOP('',(#2871,#2872,#2873,#2874,#2875,#2876,#2877,#2878,#2879,
#2880,#2881,#2882,#2883,#2884,#2885,#2886,#2887,#2888,#2889,#2890,#2891,
#2892,#2893,#2894,#2895,#2896,#2897,#2898,#2899,#2900,#2901));
#722=EDGE_LOOP('',(#2902,#2903,#2904,#2905));
#723=EDGE_LOOP('',(#2906,#2907,#2908,#2909));
#724=EDGE_LOOP('',(#2910,#2911,#2912,#2913));
#725=EDGE_LOOP('',(#2914,#2915,#2916,#2917));
#726=EDGE_LOOP('',(#2918,#2919,#2920,#2921));
#727=EDGE_LOOP('',(#2922,#2923,#2924,#2925));
#728=EDGE_LOOP('',(#2926,#2927,#2928,#2929));
#729=EDGE_LOOP('',(#2930,#2931,#2932,#2933));
#730=EDGE_LOOP('',(#2934,#2935,#2936,#2937));
#731=EDGE_LOOP('',(#2938,#2939,#2940,#2941));
#732=EDGE_LOOP('',(#2942,#2943,#2944,#2945));
#733=EDGE_LOOP('',(#2946,#2947,#2948,#2949));
#734=EDGE_LOOP('',(#2950,#2951,#2952,#2953));
#735=EDGE_LOOP('',(#2954,#2955,#2956,#2957));
#736=EDGE_LOOP('',(#2958,#2959,#2960,#2961));
#737=EDGE_LOOP('',(#2962,#2963,#2964,#2965));
#738=EDGE_LOOP('',(#2966,#2967,#2968,#2969));
#739=EDGE_LOOP('',(#2970,#2971,#2972,#2973));
#740=EDGE_LOOP('',(#2974,#2975,#2976,#2977));
#741=EDGE_LOOP('',(#2978,#2979,#2980,#2981));
#742=EDGE_LOOP('',(#2982,#2983,#2984,#2985));
#743=EDGE_LOOP('',(#2986,#2987,#2988,#2989));
#744=EDGE_LOOP('',(#2990,#2991,#2992,#2993));
#745=EDGE_LOOP('',(#2994,#2995,#2996,#2997));
#746=EDGE_LOOP('',(#2998,#2999,#3000,#3001));
#747=EDGE_LOOP('',(#3002,#3003,#3004,#3005));
#748=EDGE_LOOP('',(#3006,#3007,#3008,#3009));
#749=EDGE_LOOP('',(#3010,#3011,#3012,#3013));
#750=EDGE_LOOP('',(#3014,#3015,#3016,#3017));
#751=EDGE_LOOP('',(#3018,#3019,#3020,#3021));
#752=EDGE_LOOP('',(#3022,#3023,#3024,#3025));
#753=EDGE_LOOP('',(#3026,#3027,#3028,#3029));
#754=EDGE_LOOP('',(#3030,#3031,#3032,#3033));
#755=EDGE_LOOP('',(#3034,#3035,#3036,#3037));
#756=EDGE_LOOP('',(#3038,#3039,#3040,#3041));
#757=EDGE_LOOP('',(#3042,#3043,#3044,#3045));
#758=EDGE_LOOP('',(#3046,#3047,#3048,#3049));
#759=EDGE_LOOP('',(#3050,#3051,#3052,#3053));
#760=EDGE_LOOP('',(#3054,#3055,#3056,#3057));
#761=EDGE_LOOP('',(#3058,#3059,#3060,#3061));
#762=EDGE_LOOP('',(#3062,#3063,#3064,#3065));
#763=EDGE_LOOP('',(#3066,#3067,#3068,#3069));
#764=EDGE_LOOP('',(#3070,#3071,#3072,#3073));
#765=EDGE_LOOP('',(#3074,#3075,#3076,#3077));
#766=EDGE_LOOP('',(#3078,#3079,#3080,#3081));
#767=EDGE_LOOP('',(#3082,#3083,#3084,#3085));
#768=EDGE_LOOP('',(#3086,#3087,#3088,#3089));
#769=EDGE_LOOP('',(#3090,#3091,#3092,#3093));
#770=EDGE_LOOP('',(#3094,#3095,#3096,#3097));
#771=EDGE_LOOP('',(#3098,#3099,#3100,#3101));
#772=EDGE_LOOP('',(#3102,#3103,#3104,#3105));
#773=EDGE_LOOP('',(#3106,#3107,#3108,#3109,#3110,#3111,#3112,#3113,#3114,
#3115,#3116,#3117,#3118,#3119,#3120,#3121,#3122,#3123,#3124,#3125));
#774=EDGE_LOOP('',(#3126,#3127,#3128,#3129));
#775=EDGE_LOOP('',(#3130,#3131,#3132,#3133));
#776=EDGE_LOOP('',(#3134,#3135,#3136,#3137));
#777=EDGE_LOOP('',(#3138,#3139,#3140,#3141));
#778=EDGE_LOOP('',(#3142,#3143,#3144,#3145));
#779=EDGE_LOOP('',(#3146,#3147,#3148,#3149));
#780=EDGE_LOOP('',(#3150,#3151,#3152,#3153));
#781=EDGE_LOOP('',(#3154,#3155,#3156,#3157));
#782=EDGE_LOOP('',(#3158,#3159,#3160,#3161));
#783=EDGE_LOOP('',(#3162,#3163,#3164,#3165));
#784=EDGE_LOOP('',(#3166,#3167,#3168,#3169));
#785=EDGE_LOOP('',(#3170,#3171,#3172,#3173));
#786=EDGE_LOOP('',(#3174,#3175,#3176,#3177));
#787=EDGE_LOOP('',(#3178,#3179,#3180,#3181));
#788=EDGE_LOOP('',(#3182,#3183,#3184,#3185));
#789=EDGE_LOOP('',(#3186,#3187,#3188,#3189));
#790=EDGE_LOOP('',(#3190,#3191,#3192,#3193));
#791=EDGE_LOOP('',(#3194,#3195,#3196,#3197));
#792=EDGE_LOOP('',(#3198,#3199,#3200,#3201));
#793=EDGE_LOOP('',(#3202,#3203,#3204,#3205));
#794=EDGE_LOOP('',(#3206,#3207,#3208,#3209));
#795=EDGE_LOOP('',(#3210,#3211,#3212,#3213));
#796=EDGE_LOOP('',(#3214,#3215,#3216,#3217));
#797=EDGE_LOOP('',(#3218,#3219,#3220,#3221));
#798=EDGE_LOOP('',(#3222,#3223,#3224,#3225));
#799=EDGE_LOOP('',(#3226,#3227,#3228,#3229));
#800=EDGE_LOOP('',(#3230,#3231,#3232,#3233));
#801=EDGE_LOOP('',(#3234,#3235,#3236,#3237));
#802=EDGE_LOOP('',(#3238,#3239,#3240,#3241));
#803=EDGE_LOOP('',(#3242,#3243,#3244,#3245));
#804=EDGE_LOOP('',(#3246,#3247,#3248,#3249,#3250,#3251,#3252,#3253,#3254,
#3255,#3256,#3257,#3258,#3259,#3260,#3261,#3262,#3263,#3264,#3265));
#805=EDGE_LOOP('',(#3266,#3267,#3268,#3269,#3270,#3271,#3272,#3273,#3274,
#3275,#3276,#3277,#3278,#3279,#3280,#3281,#3282,#3283,#3284,#3285,#3286,
#3287,#3288,#3289,#3290,#3291,#3292,#3293,#3294,#3295,#3296,#3297,#3298,
#3299,#3300,#3301,#3302,#3303,#3304,#3305));
#806=EDGE_LOOP('',(#3306,#3307,#3308,#3309,#3310,#3311,#3312,#3313,#3314,
#3315,#3316,#3317,#3318,#3319,#3320,#3321,#3322,#3323));
#807=EDGE_LOOP('',(#3324,#3325,#3326,#3327,#3328,#3329,#3330,#3331,#3332,
#3333));
#808=EDGE_LOOP('',(#3334,#3335,#3336,#3337,#3338,#3339,#3340,#3341,#3342,
#3343,#3344,#3345));
#809=EDGE_LOOP('',(#3346,#3347,#3348,#3349,#3350,#3351,#3352,#3353,#3354,
#3355,#3356,#3357,#3358,#3359,#3360,#3361,#3362,#3363,#3364,#3365,#3366,
#3367,#3368,#3369,#3370,#3371,#3372,#3373,#3374,#3375,#3376));
#810=EDGE_LOOP('',(#3377,#3378,#3379,#3380,#3381,#3382,#3383,#3384,#3385,
#3386,#3387,#3388,#3389,#3390,#3391,#3392,#3393,#3394,#3395,#3396));
#811=EDGE_LOOP('',(#3397,#3398,#3399,#3400));
#812=EDGE_LOOP('',(#3401,#3402,#3403,#3404,#3405,#3406,#3407,#3408,#3409,
#3410,#3411,#3412,#3413,#3414,#3415,#3416,#3417,#3418,#3419,#3420));
#813=EDGE_LOOP('',(#3421));
#814=EDGE_LOOP('',(#3422));
#815=EDGE_LOOP('',(#3423,#3424,#3425,#3426,#3427,#3428,#3429));
#816=EDGE_LOOP('',(#3430,#3431,#3432,#3433));
#817=EDGE_LOOP('',(#3434,#3435,#3436,#3437));
#818=EDGE_LOOP('',(#3438,#3439,#3440,#3441));
#819=EDGE_LOOP('',(#3442,#3443,#3444,#3445));
#820=EDGE_LOOP('',(#3446,#3447,#3448,#3449));
#821=EDGE_LOOP('',(#3450,#3451,#3452,#3453,#3454,#3455,#3456));
#822=EDGE_LOOP('',(#3457,#3458,#3459,#3460));
#823=EDGE_LOOP('',(#3461,#3462,#3463,#3464,#3465,#3466,#3467));
#824=EDGE_LOOP('',(#3468,#3469,#3470,#3471));
#825=EDGE_LOOP('',(#3472,#3473,#3474,#3475));
#826=EDGE_LOOP('',(#3476,#3477,#3478,#3479));
#827=EDGE_LOOP('',(#3480,#3481,#3482,#3483,#3484,#3485));
#828=EDGE_LOOP('',(#3486,#3487,#3488,#3489));
#829=EDGE_LOOP('',(#3490,#3491,#3492,#3493));
#830=EDGE_LOOP('',(#3494,#3495,#3496,#3497));
#831=EDGE_LOOP('',(#3498,#3499,#3500,#3501));
#832=EDGE_LOOP('',(#3502,#3503,#3504,#3505,#3506,#3507));
#833=EDGE_LOOP('',(#3508,#3509,#3510,#3511));
#834=EDGE_LOOP('',(#3512,#3513,#3514,#3515));
#835=EDGE_LOOP('',(#3516,#3517,#3518,#3519,#3520,#3521,#3522));
#836=EDGE_LOOP('',(#3523,#3524,#3525,#3526,#3527,#3528,#3529,#3530,#3531,
#3532));
#837=EDGE_LOOP('',(#3533,#3534,#3535,#3536));
#838=EDGE_LOOP('',(#3537,#3538,#3539,#3540,#3541,#3542));
#839=EDGE_LOOP('',(#3543,#3544,#3545,#3546));
#840=EDGE_LOOP('',(#3547,#3548,#3549,#3550));
#841=EDGE_LOOP('',(#3551,#3552,#3553,#3554));
#842=EDGE_LOOP('',(#3555,#3556,#3557,#3558,#3559,#3560,#3561,#3562,#3563,
#3564,#3565,#3566,#3567,#3568,#3569,#3570,#3571,#3572,#3573,#3574,#3575,
#3576,#3577,#3578,#3579,#3580,#3581,#3582,#3583,#3584,#3585,#3586,#3587,
#3588,#3589,#3590,#3591,#3592,#3593,#3594));
#843=EDGE_LOOP('',(#3595));
#844=EDGE_LOOP('',(#3596));
#845=EDGE_LOOP('',(#3597,#3598,#3599,#3600));
#846=EDGE_LOOP('',(#3601,#3602,#3603,#3604));
#847=EDGE_LOOP('',(#3605,#3606,#3607,#3608));
#848=EDGE_LOOP('',(#3609,#3610,#3611,#3612,#3613,#3614));
#849=EDGE_LOOP('',(#3615,#3616,#3617,#3618));
#850=EDGE_LOOP('',(#3619,#3620,#3621,#3622,#3623,#3624));
#851=EDGE_LOOP('',(#3625,#3626,#3627,#3628));
#852=EDGE_LOOP('',(#3629,#3630,#3631,#3632,#3633,#3634));
#853=EDGE_LOOP('',(#3635,#3636,#3637,#3638));
#854=EDGE_LOOP('',(#3639,#3640,#3641,#3642));
#855=EDGE_LOOP('',(#3643,#3644,#3645,#3646,#3647,#3648));
#856=EDGE_LOOP('',(#3649,#3650,#3651,#3652));
#857=EDGE_LOOP('',(#3653,#3654,#3655,#3656));
#858=EDGE_LOOP('',(#3657,#3658,#3659,#3660));
#859=EDGE_LOOP('',(#3661,#3662,#3663,#3664));
#860=EDGE_LOOP('',(#3665,#3666,#3667,#3668));
#861=EDGE_LOOP('',(#3669,#3670,#3671,#3672));
#862=EDGE_LOOP('',(#3673,#3674,#3675,#3676));
#863=EDGE_LOOP('',(#3677,#3678,#3679,#3680));
#864=EDGE_LOOP('',(#3681,#3682,#3683,#3684));
#865=EDGE_LOOP('',(#3685,#3686,#3687,#3688));
#866=EDGE_LOOP('',(#3689,#3690,#3691,#3692,#3693,#3694));
#867=EDGE_LOOP('',(#3695));
#868=EDGE_LOOP('',(#3696,#3697,#3698,#3699));
#869=EDGE_LOOP('',(#3700,#3701,#3702,#3703,#3704,#3705));
#870=EDGE_LOOP('',(#3706));
#871=EDGE_LOOP('',(#3707,#3708,#3709,#3710,#3711,#3712));
#872=EDGE_LOOP('',(#3713));
#873=EDGE_LOOP('',(#3714,#3715,#3716,#3717));
#874=EDGE_LOOP('',(#3718));
#875=EDGE_LOOP('',(#3719));
#876=EDGE_LOOP('',(#3720));
#877=EDGE_LOOP('',(#3721));
#878=EDGE_LOOP('',(#3722));
#879=EDGE_LOOP('',(#3723));
#880=EDGE_LOOP('',(#3724));
#881=EDGE_LOOP('',(#3725));
#882=EDGE_LOOP('',(#3726,#3727,#3728,#3729));
#883=EDGE_LOOP('',(#3730,#3731,#3732,#3733,#3734,#3735));
#884=EDGE_LOOP('',(#3736));
#885=EDGE_LOOP('',(#3737,#3738,#3739,#3740));
#886=EDGE_LOOP('',(#3741,#3742,#3743,#3744));
#887=EDGE_LOOP('',(#3745,#3746,#3747,#3748));
#888=EDGE_LOOP('',(#3749,#3750,#3751,#3752,#3753,#3754));
#889=EDGE_LOOP('',(#3755,#3756,#3757,#3758));
#890=EDGE_LOOP('',(#3759,#3760,#3761,#3762));
#891=EDGE_LOOP('',(#3763,#3764,#3765,#3766,#3767,#3768,#3769));
#892=LINE('',#5004,#1226);
#893=LINE('',#5006,#1227);
#894=LINE('',#5008,#1228);
#895=LINE('',#5009,#1229);
#896=LINE('',#5013,#1230);
#897=LINE('',#5014,#1231);
#898=LINE('',#5015,#1232);
#899=LINE('',#5018,#1233);
#900=LINE('',#5019,#1234);
#901=LINE('',#5022,#1235);
#902=LINE('',#5023,#1236);
#903=LINE('',#5025,#1237);
#904=LINE('',#5038,#1238);
#905=LINE('',#5044,#1239);
#906=LINE('',#5060,#1240);
#907=LINE('',#5076,#1241);
#908=LINE('',#5092,#1242);
#909=LINE('',#5095,#1243);
#910=LINE('',#5097,#1244);
#911=LINE('',#5098,#1245);
#912=LINE('',#5114,#1246);
#913=LINE('',#5130,#1247);
#914=LINE('',#5146,#1248);
#915=LINE('',#5162,#1249);
#916=LINE('',#5174,#1250);
#917=LINE('',#5190,#1251);
#918=LINE('',#5206,#1252);
#919=LINE('',#5222,#1253);
#920=LINE('',#5229,#1254);
#921=LINE('',#5231,#1255);
#922=LINE('',#5232,#1256);
#923=LINE('',#5244,#1257);
#924=LINE('',#5260,#1258);
#925=LINE('',#5276,#1259);
#926=LINE('',#5298,#1260);
#927=LINE('',#5320,#1261);
#928=LINE('',#5366,#1262);
#929=LINE('',#5387,#1263);
#930=LINE('',#5391,#1264);
#931=LINE('',#5392,#1265);
#932=LINE('',#5393,#1266);
#933=LINE('',#5404,#1267);
#934=LINE('',#5415,#1268);
#935=LINE('',#5426,#1269);
#936=LINE('',#5437,#1270);
#937=LINE('',#5449,#1271);
#938=LINE('',#5450,#1272);
#939=LINE('',#5461,#1273);
#940=LINE('',#5472,#1274);
#941=LINE('',#5483,#1275);
#942=LINE('',#5486,#1276);
#943=LINE('',#5487,#1277);
#944=LINE('',#5490,#1278);
#945=LINE('',#5491,#1279);
#946=LINE('',#5502,#1280);
#947=LINE('',#5513,#1281);
#948=LINE('',#5524,#1282);
#949=LINE('',#5536,#1283);
#950=LINE('',#5537,#1284);
#951=LINE('',#5548,#1285);
#952=LINE('',#5559,#1286);
#953=LINE('',#5570,#1287);
#954=LINE('',#5583,#1288);
#955=LINE('',#5585,#1289);
#956=LINE('',#5587,#1290);
#957=LINE('',#5588,#1291);
#958=LINE('',#5604,#1292);
#959=LINE('',#5620,#1293);
#960=LINE('',#5636,#1294);
#961=LINE('',#5652,#1295);
#962=LINE('',#5655,#1296);
#963=LINE('',#5657,#1297);
#964=LINE('',#5658,#1298);
#965=LINE('',#5671,#1299);
#966=LINE('',#5677,#1300);
#967=LINE('',#5689,#1301);
#968=LINE('',#5705,#1302);
#969=LINE('',#5712,#1303);
#970=LINE('',#5714,#1304);
#971=LINE('',#5715,#1305);
#972=LINE('',#5718,#1306);
#973=LINE('',#5720,#1307);
#974=LINE('',#5721,#1308);
#975=LINE('',#5724,#1309);
#976=LINE('',#5726,#1310);
#977=LINE('',#5727,#1311);
#978=LINE('',#5730,#1312);
#979=LINE('',#5732,#1313);
#980=LINE('',#5733,#1314);
#981=LINE('',#5736,#1315);
#982=LINE('',#5738,#1316);
#983=LINE('',#5739,#1317);
#984=LINE('',#5741,#1318);
#985=LINE('',#5742,#1319);
#986=LINE('',#5745,#1320);
#987=LINE('',#5747,#1321);
#988=LINE('',#5748,#1322);
#989=LINE('',#5751,#1323);
#990=LINE('',#5753,#1324);
#991=LINE('',#5754,#1325);
#992=LINE('',#5757,#1326);
#993=LINE('',#5759,#1327);
#994=LINE('',#5760,#1328);
#995=LINE('',#5778,#1329);
#996=LINE('',#5810,#1330);
#997=LINE('',#5812,#1331);
#998=LINE('',#5814,#1332);
#999=LINE('',#5846,#1333);
#1000=LINE('',#5848,#1334);
#1001=LINE('',#5850,#1335);
#1002=LINE('',#5925,#1336);
#1003=LINE('',#5926,#1337);
#1004=LINE('',#5937,#1338);
#1005=LINE('',#5948,#1339);
#1006=LINE('',#5959,#1340);
#1007=LINE('',#5970,#1341);
#1008=LINE('',#5981,#1342);
#1009=LINE('',#5984,#1343);
#1010=LINE('',#5985,#1344);
#1011=LINE('',#5988,#1345);
#1012=LINE('',#5989,#1346);
#1013=LINE('',#5992,#1347);
#1014=LINE('',#5993,#1348);
#1015=LINE('',#6004,#1349);
#1016=LINE('',#6015,#1350);
#1017=LINE('',#6026,#1351);
#1018=LINE('',#6037,#1352);
#1019=LINE('',#6048,#1353);
#1020=LINE('',#6059,#1354);
#1021=LINE('',#6062,#1355);
#1022=LINE('',#6063,#1356);
#1023=LINE('',#6066,#1357);
#1024=LINE('',#6067,#1358);
#1025=LINE('',#6070,#1359);
#1026=LINE('',#6071,#1360);
#1027=LINE('',#6074,#1361);
#1028=LINE('',#6075,#1362);
#1029=LINE('',#6086,#1363);
#1030=LINE('',#6097,#1364);
#1031=LINE('',#6108,#1365);
#1032=LINE('',#6119,#1366);
#1033=LINE('',#6130,#1367);
#1034=LINE('',#6141,#1368);
#1035=LINE('',#6152,#1369);
#1036=LINE('',#6163,#1370);
#1037=LINE('',#6174,#1371);
#1038=LINE('',#6185,#1372);
#1039=LINE('',#6196,#1373);
#1040=LINE('',#6218,#1374);
#1041=LINE('',#6224,#1375);
#1042=LINE('',#6242,#1376);
#1043=LINE('',#6258,#1377);
#1044=LINE('',#6274,#1378);
#1045=LINE('',#6290,#1379);
#1046=LINE('',#6301,#1380);
#1047=LINE('',#6304,#1381);
#1048=LINE('',#6306,#1382);
#1049=LINE('',#6307,#1383);
#1050=LINE('',#6323,#1384);
#1051=LINE('',#6326,#1385);
#1052=LINE('',#6328,#1386);
#1053=LINE('',#6329,#1387);
#1054=LINE('',#6332,#1388);
#1055=LINE('',#6334,#1389);
#1056=LINE('',#6335,#1390);
#1057=LINE('',#6338,#1391);
#1058=LINE('',#6340,#1392);
#1059=LINE('',#6341,#1393);
#1060=LINE('',#6353,#1394);
#1061=LINE('',#6369,#1395);
#1062=LINE('',#6385,#1396);
#1063=LINE('',#6401,#1397);
#1064=LINE('',#6417,#1398);
#1065=LINE('',#6433,#1399);
#1066=LINE('',#6449,#1400);
#1067=LINE('',#6456,#1401);
#1068=LINE('',#6458,#1402);
#1069=LINE('',#6459,#1403);
#1070=LINE('',#6461,#1404);
#1071=LINE('',#6462,#1405);
#1072=LINE('',#6543,#1406);
#1073=LINE('',#6544,#1407);
#1074=LINE('',#6558,#1408);
#1075=LINE('',#6573,#1409);
#1076=LINE('',#6574,#1410);
#1077=LINE('',#6588,#1411);
#1078=LINE('',#6602,#1412);
#1079=LINE('',#6628,#1413);
#1080=LINE('',#6653,#1414);
#1081=LINE('',#6659,#1415);
#1082=LINE('',#6675,#1416);
#1083=LINE('',#6691,#1417);
#1084=LINE('',#6707,#1418);
#1085=LINE('',#6725,#1419);
#1086=LINE('',#6736,#1420);
#1087=LINE('',#6739,#1421);
#1088=LINE('',#6741,#1422);
#1089=LINE('',#6742,#1423);
#1090=LINE('',#6758,#1424);
#1091=LINE('',#6761,#1425);
#1092=LINE('',#6763,#1426);
#1093=LINE('',#6764,#1427);
#1094=LINE('',#6767,#1428);
#1095=LINE('',#6769,#1429);
#1096=LINE('',#6770,#1430);
#1097=LINE('',#6773,#1431);
#1098=LINE('',#6775,#1432);
#1099=LINE('',#6776,#1433);
#1100=LINE('',#6788,#1434);
#1101=LINE('',#6804,#1435);
#1102=LINE('',#6820,#1436);
#1103=LINE('',#6836,#1437);
#1104=LINE('',#6852,#1438);
#1105=LINE('',#6870,#1439);
#1106=LINE('',#6886,#1440);
#1107=LINE('',#6893,#1441);
#1108=LINE('',#6895,#1442);
#1109=LINE('',#6896,#1443);
#1110=LINE('',#6898,#1444);
#1111=LINE('',#6899,#1445);
#1112=LINE('',#6904,#1446);
#1113=LINE('',#6906,#1447);
#1114=LINE('',#6912,#1448);
#1115=LINE('',#6914,#1449);
#1116=LINE('',#6918,#1450);
#1117=LINE('',#6922,#1451);
#1118=LINE('',#6924,#1452);
#1119=LINE('',#6930,#1453);
#1120=LINE('',#6932,#1454);
#1121=LINE('',#6934,#1455);
#1122=LINE('',#6940,#1456);
#1123=LINE('',#6942,#1457);
#1124=LINE('',#6946,#1458);
#1125=LINE('',#6950,#1459);
#1126=LINE('',#6954,#1460);
#1127=LINE('',#6958,#1461);
#1128=LINE('',#6962,#1462);
#1129=LINE('',#6966,#1463);
#1130=LINE('',#6970,#1464);
#1131=LINE('',#6974,#1465);
#1132=LINE('',#6976,#1466);
#1133=LINE('',#6981,#1467);
#1134=LINE('',#6990,#1468);
#1135=LINE('',#6993,#1469);
#1136=LINE('',#6996,#1470);
#1137=LINE('',#7000,#1471);
#1138=LINE('',#7003,#1472);
#1139=LINE('',#7008,#1473);
#1140=LINE('',#7010,#1474);
#1141=LINE('',#7012,#1475);
#1142=LINE('',#7013,#1476);
#1143=LINE('',#7016,#1477);
#1144=LINE('',#7019,#1478);
#1145=LINE('',#7024,#1479);
#1146=LINE('',#7026,#1480);
#1147=LINE('',#7028,#1481);
#1148=LINE('',#7029,#1482);
#1149=LINE('',#7032,#1483);
#1150=LINE('',#7035,#1484);
#1151=LINE('',#7038,#1485);
#1152=LINE('',#7044,#1486);
#1153=LINE('',#7048,#1487);
#1154=LINE('',#7052,#1488);
#1155=LINE('',#7053,#1489);
#1156=LINE('',#7056,#1490);
#1157=LINE('',#7057,#1491);
#1158=LINE('',#7061,#1492);
#1159=LINE('',#7067,#1493);
#1160=LINE('',#7070,#1494);
#1161=LINE('',#7073,#1495);
#1162=LINE('',#7075,#1496);
#1163=LINE('',#7076,#1497);
#1164=LINE('',#7079,#1498);
#1165=LINE('',#7080,#1499);
#1166=LINE('',#7087,#1500);
#1167=LINE('',#7089,#1501);
#1168=LINE('',#7090,#1502);
#1169=LINE('',#7095,#1503);
#1170=LINE('',#7097,#1504);
#1171=LINE('',#7100,#1505);
#1172=LINE('',#7101,#1506);
#1173=LINE('',#7105,#1507);
#1174=LINE('',#7108,#1508);
#1175=LINE('',#7109,#1509);
#1176=LINE('',#7112,#1510);
#1177=LINE('',#7116,#1511);
#1178=LINE('',#7120,#1512);
#1179=LINE('',#7124,#1513);
#1180=LINE('',#7128,#1514);
#1181=LINE('',#7132,#1515);
#1182=LINE('',#7136,#1516);
#1183=LINE('',#7140,#1517);
#1184=LINE('',#7144,#1518);
#1185=LINE('',#7146,#1519);
#1186=LINE('',#7148,#1520);
#1187=LINE('',#7150,#1521);
#1188=LINE('',#7152,#1522);
#1189=LINE('',#7156,#1523);
#1190=LINE('',#7159,#1524);
#1191=LINE('',#7165,#1525);
#1192=LINE('',#7167,#1526);
#1193=LINE('',#7168,#1527);
#1194=LINE('',#7170,#1528);
#1195=LINE('',#7175,#1529);
#1196=LINE('',#7179,#1530);
#1197=LINE('',#7181,#1531);
#1198=LINE('',#7182,#1532);
#1199=LINE('',#7184,#1533);
#1200=LINE('',#7188,#1534);
#1201=LINE('',#7192,#1535);
#1202=LINE('',#7194,#1536);
#1203=LINE('',#7195,#1537);
#1204=LINE('',#7200,#1538);
#1205=LINE('',#7202,#1539);
#1206=LINE('',#7207,#1540);
#1207=LINE('',#7209,#1541);
#1208=LINE('',#7211,#1542);
#1209=LINE('',#7212,#1543);
#1210=LINE('',#7214,#1544);
#1211=LINE('',#7218,#1545);
#1212=LINE('',#7220,#1546);
#1213=LINE('',#7222,#1547);
#1214=LINE('',#7224,#1548);
#1215=LINE('',#7225,#1549);
#1216=LINE('',#7228,#1550);
#1217=LINE('',#7230,#1551);
#1218=LINE('',#7231,#1552);
#1219=LINE('',#7234,#1553);
#1220=LINE('',#7235,#1554);
#1221=LINE('',#7237,#1555);
#1222=LINE('',#7250,#1556);
#1223=LINE('',#7256,#1557);
#1224=LINE('',#7268,#1558);
#1225=LINE('',#7271,#1559);
#1226=VECTOR('',#4286,10.);
#1227=VECTOR('',#4287,10.);
#1228=VECTOR('',#4288,10.);
#1229=VECTOR('',#4289,10.);
#1230=VECTOR('',#4292,10.);
#1231=VECTOR('',#4293,10.);
#1232=VECTOR('',#4294,10.);
#1233=VECTOR('',#4297,10.);
#1234=VECTOR('',#4298,10.);
#1235=VECTOR('',#4301,10.);
#1236=VECTOR('',#4302,10.);
#1237=VECTOR('',#4305,10.);
#1238=VECTOR('',#4306,10.);
#1239=VECTOR('',#4307,10.);
#1240=VECTOR('',#4308,10.);
#1241=VECTOR('',#4309,10.);
#1242=VECTOR('',#4310,10.);
#1243=VECTOR('',#4313,10.);
#1244=VECTOR('',#4314,10.);
#1245=VECTOR('',#4315,10.);
#1246=VECTOR('',#4316,10.);
#1247=VECTOR('',#4317,10.);
#1248=VECTOR('',#4318,10.);
#1249=VECTOR('',#4319,10.);
#1250=VECTOR('',#4320,10.);
#1251=VECTOR('',#4321,10.);
#1252=VECTOR('',#4322,10.);
#1253=VECTOR('',#4323,10.);
#1254=VECTOR('',#4326,10.);
#1255=VECTOR('',#4327,10.);
#1256=VECTOR('',#4328,10.);
#1257=VECTOR('',#4329,10.);
#1258=VECTOR('',#4330,10.);
#1259=VECTOR('',#4331,10.);
#1260=VECTOR('',#4336,10.);
#1261=VECTOR('',#4337,10.);
#1262=VECTOR('',#4338,10.);
#1263=VECTOR('',#4339,10.);
#1264=VECTOR('',#4342,10.);
#1265=VECTOR('',#4343,10.);
#1266=VECTOR('',#4344,10.);
#1267=VECTOR('',#4345,10.);
#1268=VECTOR('',#4346,10.);
#1269=VECTOR('',#4347,10.);
#1270=VECTOR('',#4348,10.);
#1271=VECTOR('',#4349,10.);
#1272=VECTOR('',#4350,10.);
#1273=VECTOR('',#4351,10.);
#1274=VECTOR('',#4352,10.);
#1275=VECTOR('',#4353,10.);
#1276=VECTOR('',#4356,10.);
#1277=VECTOR('',#4357,10.);
#1278=VECTOR('',#4360,10.);
#1279=VECTOR('',#4361,10.);
#1280=VECTOR('',#4362,10.);
#1281=VECTOR('',#4363,10.);
#1282=VECTOR('',#4364,10.);
#1283=VECTOR('',#4367,10.);
#1284=VECTOR('',#4368,10.);
#1285=VECTOR('',#4369,10.);
#1286=VECTOR('',#4370,10.);
#1287=VECTOR('',#4371,10.);
#1288=VECTOR('',#4374,10.);
#1289=VECTOR('',#4375,10.);
#1290=VECTOR('',#4376,10.);
#1291=VECTOR('',#4377,10.);
#1292=VECTOR('',#4378,10.);
#1293=VECTOR('',#4379,10.);
#1294=VECTOR('',#4380,10.);
#1295=VECTOR('',#4381,10.);
#1296=VECTOR('',#4384,10.);
#1297=VECTOR('',#4385,10.);
#1298=VECTOR('',#4386,10.);
#1299=VECTOR('',#4387,10.);
#1300=VECTOR('',#4388,10.);
#1301=VECTOR('',#4389,10.);
#1302=VECTOR('',#4390,10.);
#1303=VECTOR('',#4393,10.);
#1304=VECTOR('',#4394,10.);
#1305=VECTOR('',#4395,10.);
#1306=VECTOR('',#4398,10.);
#1307=VECTOR('',#4399,10.);
#1308=VECTOR('',#4400,10.);
#1309=VECTOR('',#4403,10.);
#1310=VECTOR('',#4404,10.);
#1311=VECTOR('',#4405,10.);
#1312=VECTOR('',#4408,10.);
#1313=VECTOR('',#4409,10.);
#1314=VECTOR('',#4410,10.);
#1315=VECTOR('',#4413,10.);
#1316=VECTOR('',#4414,10.);
#1317=VECTOR('',#4415,10.);
#1318=VECTOR('',#4418,10.);
#1319=VECTOR('',#4419,10.);
#1320=VECTOR('',#4422,10.);
#1321=VECTOR('',#4423,10.);
#1322=VECTOR('',#4424,10.);
#1323=VECTOR('',#4427,10.);
#1324=VECTOR('',#4428,10.);
#1325=VECTOR('',#4429,10.);
#1326=VECTOR('',#4432,10.);
#1327=VECTOR('',#4433,10.);
#1328=VECTOR('',#4434,10.);
#1329=VECTOR('',#4439,10.);
#1330=VECTOR('',#4440,10.);
#1331=VECTOR('',#4441,10.);
#1332=VECTOR('',#4442,10.);
#1333=VECTOR('',#4443,10.);
#1334=VECTOR('',#4444,10.);
#1335=VECTOR('',#4445,10.);
#1336=VECTOR('',#4446,10.);
#1337=VECTOR('',#4447,10.);
#1338=VECTOR('',#4448,10.);
#1339=VECTOR('',#4449,10.);
#1340=VECTOR('',#4450,10.);
#1341=VECTOR('',#4451,10.);
#1342=VECTOR('',#4452,10.);
#1343=VECTOR('',#4455,10.);
#1344=VECTOR('',#4456,10.);
#1345=VECTOR('',#4459,10.);
#1346=VECTOR('',#4460,10.);
#1347=VECTOR('',#4463,10.);
#1348=VECTOR('',#4464,10.);
#1349=VECTOR('',#4465,10.);
#1350=VECTOR('',#4466,10.);
#1351=VECTOR('',#4467,10.);
#1352=VECTOR('',#4468,10.);
#1353=VECTOR('',#4469,10.);
#1354=VECTOR('',#4470,10.);
#1355=VECTOR('',#4473,10.);
#1356=VECTOR('',#4474,10.);
#1357=VECTOR('',#4477,10.);
#1358=VECTOR('',#4478,10.);
#1359=VECTOR('',#4481,10.);
#1360=VECTOR('',#4482,10.);
#1361=VECTOR('',#4485,10.);
#1362=VECTOR('',#4486,10.);
#1363=VECTOR('',#4487,10.);
#1364=VECTOR('',#4488,10.);
#1365=VECTOR('',#4489,10.);
#1366=VECTOR('',#4490,10.);
#1367=VECTOR('',#4491,10.);
#1368=VECTOR('',#4492,10.);
#1369=VECTOR('',#4493,10.);
#1370=VECTOR('',#4494,10.);
#1371=VECTOR('',#4495,10.);
#1372=VECTOR('',#4496,10.);
#1373=VECTOR('',#4497,10.);
#1374=VECTOR('',#4498,10.);
#1375=VECTOR('',#4499,10.);
#1376=VECTOR('',#4500,10.);
#1377=VECTOR('',#4501,10.);
#1378=VECTOR('',#4502,10.);
#1379=VECTOR('',#4503,10.);
#1380=VECTOR('',#4508,10.);
#1381=VECTOR('',#4511,10.);
#1382=VECTOR('',#4512,10.);
#1383=VECTOR('',#4513,10.);
#1384=VECTOR('',#4514,10.);
#1385=VECTOR('',#4517,10.);
#1386=VECTOR('',#4518,10.);
#1387=VECTOR('',#4519,10.);
#1388=VECTOR('',#4522,10.);
#1389=VECTOR('',#4523,10.);
#1390=VECTOR('',#4524,10.);
#1391=VECTOR('',#4527,10.);
#1392=VECTOR('',#4528,10.);
#1393=VECTOR('',#4529,10.);
#1394=VECTOR('',#4530,10.);
#1395=VECTOR('',#4531,10.);
#1396=VECTOR('',#4532,10.);
#1397=VECTOR('',#4533,10.);
#1398=VECTOR('',#4534,10.);
#1399=VECTOR('',#4535,10.);
#1400=VECTOR('',#4536,10.);
#1401=VECTOR('',#4539,10.);
#1402=VECTOR('',#4540,10.);
#1403=VECTOR('',#4541,10.);
#1404=VECTOR('',#4544,10.);
#1405=VECTOR('',#4545,10.);
#1406=VECTOR('',#4550,10.);
#1407=VECTOR('',#4551,10.);
#1408=VECTOR('',#4552,10.);
#1409=VECTOR('',#4553,10.);
#1410=VECTOR('',#4554,10.);
#1411=VECTOR('',#4555,10.);
#1412=VECTOR('',#4556,10.);
#1413=VECTOR('',#4557,10.);
#1414=VECTOR('',#4558,10.);
#1415=VECTOR('',#4559,10.);
#1416=VECTOR('',#4560,10.);
#1417=VECTOR('',#4561,10.);
#1418=VECTOR('',#4562,10.);
#1419=VECTOR('',#4563,10.);
#1420=VECTOR('',#4568,10.);
#1421=VECTOR('',#4571,10.);
#1422=VECTOR('',#4572,10.);
#1423=VECTOR('',#4573,10.);
#1424=VECTOR('',#4574,10.);
#1425=VECTOR('',#4577,10.);
#1426=VECTOR('',#4578,10.);
#1427=VECTOR('',#4579,10.);
#1428=VECTOR('',#4582,10.);
#1429=VECTOR('',#4583,10.);
#1430=VECTOR('',#4584,10.);
#1431=VECTOR('',#4587,10.);
#1432=VECTOR('',#4588,10.);
#1433=VECTOR('',#4589,10.);
#1434=VECTOR('',#4590,10.);
#1435=VECTOR('',#4591,10.);
#1436=VECTOR('',#4592,10.);
#1437=VECTOR('',#4593,10.);
#1438=VECTOR('',#4594,10.);
#1439=VECTOR('',#4595,10.);
#1440=VECTOR('',#4596,10.);
#1441=VECTOR('',#4599,10.);
#1442=VECTOR('',#4600,10.);
#1443=VECTOR('',#4601,10.);
#1444=VECTOR('',#4604,10.);
#1445=VECTOR('',#4605,10.);
#1446=VECTOR('',#4610,10.);
#1447=VECTOR('',#4611,10.);
#1448=VECTOR('',#4616,10.);
#1449=VECTOR('',#4617,10.);
#1450=VECTOR('',#4620,10.);
#1451=VECTOR('',#4623,10.);
#1452=VECTOR('',#4624,10.);
#1453=VECTOR('',#4629,10.);
#1454=VECTOR('',#4630,10.);
#1455=VECTOR('',#4631,10.);
#1456=VECTOR('',#4636,10.);
#1457=VECTOR('',#4637,10.);
#1458=VECTOR('',#4640,10.);
#1459=VECTOR('',#4643,10.);
#1460=VECTOR('',#4646,10.);
#1461=VECTOR('',#4649,10.);
#1462=VECTOR('',#4652,10.);
#1463=VECTOR('',#4655,10.);
#1464=VECTOR('',#4658,10.);
#1465=VECTOR('',#4661,10.);
#1466=VECTOR('',#4662,10.);
#1467=VECTOR('',#4667,10.);
#1468=VECTOR('',#4678,10.);
#1469=VECTOR('',#4681,10.);
#1470=VECTOR('',#4684,10.);
#1471=VECTOR('',#4689,10.);
#1472=VECTOR('',#4692,10.);
#1473=VECTOR('',#4697,10.);
#1474=VECTOR('',#4698,10.);
#1475=VECTOR('',#4699,10.);
#1476=VECTOR('',#4700,10.);
#1477=VECTOR('',#4703,10.);
#1478=VECTOR('',#4706,10.);
#1479=VECTOR('',#4711,10.);
#1480=VECTOR('',#4712,10.);
#1481=VECTOR('',#4713,10.);
#1482=VECTOR('',#4714,10.);
#1483=VECTOR('',#4717,10.);
#1484=VECTOR('',#4720,10.);
#1485=VECTOR('',#4723,10.);
#1486=VECTOR('',#4730,10.);
#1487=VECTOR('',#4735,10.);
#1488=VECTOR('',#4738,10.);
#1489=VECTOR('',#4739,10.);
#1490=VECTOR('',#4742,10.);
#1491=VECTOR('',#4743,10.);
#1492=VECTOR('',#4748,10.);
#1493=VECTOR('',#4753,10.);
#1494=VECTOR('',#4756,10.);
#1495=VECTOR('',#4759,10.);
#1496=VECTOR('',#4760,10.);
#1497=VECTOR('',#4761,10.);
#1498=VECTOR('',#4764,10.);
#1499=VECTOR('',#4765,10.);
#1500=VECTOR('',#4776,10.);
#1501=VECTOR('',#4779,10.);
#1502=VECTOR('',#4780,10.);
#1503=VECTOR('',#4787,10.);
#1504=VECTOR('',#4790,10.);
#1505=VECTOR('',#4793,10.);
#1506=VECTOR('',#4794,10.);
#1507=VECTOR('',#4799,10.);
#1508=VECTOR('',#4802,10.);
#1509=VECTOR('',#4803,10.);
#1510=VECTOR('',#4806,10.);
#1511=VECTOR('',#4809,10.);
#1512=VECTOR('',#4812,10.);
#1513=VECTOR('',#4815,10.);
#1514=VECTOR('',#4818,10.);
#1515=VECTOR('',#4821,10.);
#1516=VECTOR('',#4824,10.);
#1517=VECTOR('',#4827,10.);
#1518=VECTOR('',#4830,10.);
#1519=VECTOR('',#4831,10.);
#1520=VECTOR('',#4834,10.);
#1521=VECTOR('',#4835,10.);
#1522=VECTOR('',#4836,10.);
#1523=VECTOR('',#4839,10.);
#1524=VECTOR('',#4842,10.);
#1525=VECTOR('',#4849,10.);
#1526=VECTOR('',#4852,10.);
#1527=VECTOR('',#4853,10.);
#1528=VECTOR('',#4856,10.);
#1529=VECTOR('',#4861,10.);
#1530=VECTOR('',#4866,10.);
#1531=VECTOR('',#4867,10.);
#1532=VECTOR('',#4868,10.);
#1533=VECTOR('',#4871,10.);
#1534=VECTOR('',#4874,10.);
#1535=VECTOR('',#4879,10.);
#1536=VECTOR('',#4880,10.);
#1537=VECTOR('',#4881,10.);
#1538=VECTOR('',#4886,10.);
#1539=VECTOR('',#4889,10.);
#1540=VECTOR('',#4894,10.);
#1541=VECTOR('',#4895,10.);
#1542=VECTOR('',#4896,10.);
#1543=VECTOR('',#4897,10.);
#1544=VECTOR('',#4900,10.);
#1545=VECTOR('',#4907,10.);
#1546=VECTOR('',#4910,10.);
#1547=VECTOR('',#4913,10.);
#1548=VECTOR('',#4916,10.);
#1549=VECTOR('',#4917,10.);
#1550=VECTOR('',#4922,10.);
#1551=VECTOR('',#4925,10.);
#1552=VECTOR('',#4926,10.);
#1553=VECTOR('',#4931,10.);
#1554=VECTOR('',#4932,10.);
#1555=VECTOR('',#4935,10.);
#1556=VECTOR('',#4954,10.);
#1557=VECTOR('',#4961,10.);
#1558=VECTOR('',#4982,10.);
#1559=VECTOR('',#4987,10.);
#1560=VERTEX_POINT('',#5002);
#1561=VERTEX_POINT('',#5003);
#1562=VERTEX_POINT('',#5005);
#1563=VERTEX_POINT('',#5007);
#1564=VERTEX_POINT('',#5011);
#1565=VERTEX_POINT('',#5012);
#1566=VERTEX_POINT('',#5017);
#1567=VERTEX_POINT('',#5021);
#1568=VERTEX_POINT('',#5032);
#1569=VERTEX_POINT('',#5033);
#1570=VERTEX_POINT('',#5037);
#1571=VERTEX_POINT('',#5039);
#1572=VERTEX_POINT('',#5051);
#1573=VERTEX_POINT('',#5055);
#1574=VERTEX_POINT('',#5067);
#1575=VERTEX_POINT('',#5071);
#1576=VERTEX_POINT('',#5083);
#1577=VERTEX_POINT('',#5087);
#1578=VERTEX_POINT('',#5094);
#1579=VERTEX_POINT('',#5096);
#1580=VERTEX_POINT('',#5105);
#1581=VERTEX_POINT('',#5109);
#1582=VERTEX_POINT('',#5121);
#1583=VERTEX_POINT('',#5125);
#1584=VERTEX_POINT('',#5137);
#1585=VERTEX_POINT('',#5141);
#1586=VERTEX_POINT('',#5153);
#1587=VERTEX_POINT('',#5157);
#1588=VERTEX_POINT('',#5169);
#1589=VERTEX_POINT('',#5173);
#1590=VERTEX_POINT('',#5185);
#1591=VERTEX_POINT('',#5189);
#1592=VERTEX_POINT('',#5201);
#1593=VERTEX_POINT('',#5205);
#1594=VERTEX_POINT('',#5217);
#1595=VERTEX_POINT('',#5221);
#1596=VERTEX_POINT('',#5228);
#1597=VERTEX_POINT('',#5230);
#1598=VERTEX_POINT('',#5239);
#1599=VERTEX_POINT('',#5243);
#1600=VERTEX_POINT('',#5255);
#1601=VERTEX_POINT('',#5259);
#1602=VERTEX_POINT('',#5271);
#1603=VERTEX_POINT('',#5275);
#1604=VERTEX_POINT('',#5296);
#1605=VERTEX_POINT('',#5297);
#1606=VERTEX_POINT('',#5299);
#1607=VERTEX_POINT('',#5304);
#1608=VERTEX_POINT('',#5309);
#1609=VERTEX_POINT('',#5314);
#1610=VERTEX_POINT('',#5319);
#1611=VERTEX_POINT('',#5321);
#1612=VERTEX_POINT('',#5330);
#1613=VERTEX_POINT('',#5335);
#1614=VERTEX_POINT('',#5344);
#1615=VERTEX_POINT('',#5345);
#1616=VERTEX_POINT('',#5350);
#1617=VERTEX_POINT('',#5355);
#1618=VERTEX_POINT('',#5360);
#1619=VERTEX_POINT('',#5365);
#1620=VERTEX_POINT('',#5367);
#1621=VERTEX_POINT('',#5372);
#1622=VERTEX_POINT('',#5377);
#1623=VERTEX_POINT('',#5382);
#1624=VERTEX_POINT('',#5389);
#1625=VERTEX_POINT('',#5390);
#1626=VERTEX_POINT('',#5400);
#1627=VERTEX_POINT('',#5411);
#1628=VERTEX_POINT('',#5422);
#1629=VERTEX_POINT('',#5433);
#1630=VERTEX_POINT('',#5444);
#1631=VERTEX_POINT('',#5445);
#1632=VERTEX_POINT('',#5457);
#1633=VERTEX_POINT('',#5468);
#1634=VERTEX_POINT('',#5479);
#1635=VERTEX_POINT('',#5485);
#1636=VERTEX_POINT('',#5489);
#1637=VERTEX_POINT('',#5498);
#1638=VERTEX_POINT('',#5509);
#1639=VERTEX_POINT('',#5520);
#1640=VERTEX_POINT('',#5535);
#1641=VERTEX_POINT('',#5544);
#1642=VERTEX_POINT('',#5555);
#1643=VERTEX_POINT('',#5566);
#1644=VERTEX_POINT('',#5581);
#1645=VERTEX_POINT('',#5582);
#1646=VERTEX_POINT('',#5584);
#1647=VERTEX_POINT('',#5586);
#1648=VERTEX_POINT('',#5595);
#1649=VERTEX_POINT('',#5599);
#1650=VERTEX_POINT('',#5611);
#1651=VERTEX_POINT('',#5615);
#1652=VERTEX_POINT('',#5627);
#1653=VERTEX_POINT('',#5631);
#1654=VERTEX_POINT('',#5643);
#1655=VERTEX_POINT('',#5647);
#1656=VERTEX_POINT('',#5654);
#1657=VERTEX_POINT('',#5656);
#1658=VERTEX_POINT('',#5665);
#1659=VERTEX_POINT('',#5666);
#1660=VERTEX_POINT('',#5670);
#1661=VERTEX_POINT('',#5672);
#1662=VERTEX_POINT('',#5684);
#1663=VERTEX_POINT('',#5688);
#1664=VERTEX_POINT('',#5700);
#1665=VERTEX_POINT('',#5704);
#1666=VERTEX_POINT('',#5711);
#1667=VERTEX_POINT('',#5713);
#1668=VERTEX_POINT('',#5717);
#1669=VERTEX_POINT('',#5719);
#1670=VERTEX_POINT('',#5723);
#1671=VERTEX_POINT('',#5725);
#1672=VERTEX_POINT('',#5729);
#1673=VERTEX_POINT('',#5731);
#1674=VERTEX_POINT('',#5735);
#1675=VERTEX_POINT('',#5737);
#1676=VERTEX_POINT('',#5744);
#1677=VERTEX_POINT('',#5746);
#1678=VERTEX_POINT('',#5750);
#1679=VERTEX_POINT('',#5752);
#1680=VERTEX_POINT('',#5756);
#1681=VERTEX_POINT('',#5758);
#1682=VERTEX_POINT('',#5776);
#1683=VERTEX_POINT('',#5777);
#1684=VERTEX_POINT('',#5779);
#1685=VERTEX_POINT('',#5784);
#1686=VERTEX_POINT('',#5789);
#1687=VERTEX_POINT('',#5794);
#1688=VERTEX_POINT('',#5799);
#1689=VERTEX_POINT('',#5804);
#1690=VERTEX_POINT('',#5809);
#1691=VERTEX_POINT('',#5811);
#1692=VERTEX_POINT('',#5813);
#1693=VERTEX_POINT('',#5815);
#1694=VERTEX_POINT('',#5820);
#1695=VERTEX_POINT('',#5825);
#1696=VERTEX_POINT('',#5830);
#1697=VERTEX_POINT('',#5835);
#1698=VERTEX_POINT('',#5840);
#1699=VERTEX_POINT('',#5845);
#1700=VERTEX_POINT('',#5847);
#1701=VERTEX_POINT('',#5849);
#1702=VERTEX_POINT('',#5851);
#1703=VERTEX_POINT('',#5856);
#1704=VERTEX_POINT('',#5863);
#1705=VERTEX_POINT('',#5868);
#1706=VERTEX_POINT('',#5873);
#1707=VERTEX_POINT('',#5878);
#1708=VERTEX_POINT('',#5883);
#1709=VERTEX_POINT('',#5890);
#1710=VERTEX_POINT('',#5895);
#1711=VERTEX_POINT('',#5900);
#1712=VERTEX_POINT('',#5905);
#1713=VERTEX_POINT('',#5920);
#1714=VERTEX_POINT('',#5921);
#1715=VERTEX_POINT('',#5933);
#1716=VERTEX_POINT('',#5944);
#1717=VERTEX_POINT('',#5955);
#1718=VERTEX_POINT('',#5966);
#1719=VERTEX_POINT('',#5977);
#1720=VERTEX_POINT('',#5983);
#1721=VERTEX_POINT('',#5987);
#1722=VERTEX_POINT('',#5991);
#1723=VERTEX_POINT('',#6000);
#1724=VERTEX_POINT('',#6011);
#1725=VERTEX_POINT('',#6022);
#1726=VERTEX_POINT('',#6033);
#1727=VERTEX_POINT('',#6044);
#1728=VERTEX_POINT('',#6055);
#1729=VERTEX_POINT('',#6061);
#1730=VERTEX_POINT('',#6065);
#1731=VERTEX_POINT('',#6069);
#1732=VERTEX_POINT('',#6073);
#1733=VERTEX_POINT('',#6082);
#1734=VERTEX_POINT('',#6093);
#1735=VERTEX_POINT('',#6104);
#1736=VERTEX_POINT('',#6115);
#1737=VERTEX_POINT('',#6126);
#1738=VERTEX_POINT('',#6137);
#1739=VERTEX_POINT('',#6148);
#1740=VERTEX_POINT('',#6159);
#1741=VERTEX_POINT('',#6170);
#1742=VERTEX_POINT('',#6181);
#1743=VERTEX_POINT('',#6192);
#1744=VERTEX_POINT('',#6212);
#1745=VERTEX_POINT('',#6213);
#1746=VERTEX_POINT('',#6217);
#1747=VERTEX_POINT('',#6219);
#1748=VERTEX_POINT('',#6231);
#1749=VERTEX_POINT('',#6235);
#1750=VERTEX_POINT('',#6249);
#1751=VERTEX_POINT('',#6253);
#1752=VERTEX_POINT('',#6265);
#1753=VERTEX_POINT('',#6269);
#1754=VERTEX_POINT('',#6281);
#1755=VERTEX_POINT('',#6285);
#1756=VERTEX_POINT('',#6297);
#1757=VERTEX_POINT('',#6299);
#1758=VERTEX_POINT('',#6303);
#1759=VERTEX_POINT('',#6305);
#1760=VERTEX_POINT('',#6314);
#1761=VERTEX_POINT('',#6318);
#1762=VERTEX_POINT('',#6325);
#1763=VERTEX_POINT('',#6327);
#1764=VERTEX_POINT('',#6331);
#1765=VERTEX_POINT('',#6333);
#1766=VERTEX_POINT('',#6337);
#1767=VERTEX_POINT('',#6339);
#1768=VERTEX_POINT('',#6348);
#1769=VERTEX_POINT('',#6352);
#1770=VERTEX_POINT('',#6364);
#1771=VERTEX_POINT('',#6368);
#1772=VERTEX_POINT('',#6380);
#1773=VERTEX_POINT('',#6384);
#1774=VERTEX_POINT('',#6396);
#1775=VERTEX_POINT('',#6400);
#1776=VERTEX_POINT('',#6412);
#1777=VERTEX_POINT('',#6416);
#1778=VERTEX_POINT('',#6428);
#1779=VERTEX_POINT('',#6432);
#1780=VERTEX_POINT('',#6444);
#1781=VERTEX_POINT('',#6448);
#1782=VERTEX_POINT('',#6455);
#1783=VERTEX_POINT('',#6457);
#1784=VERTEX_POINT('',#6465);
#1785=VERTEX_POINT('',#6466);
#1786=VERTEX_POINT('',#6474);
#1787=VERTEX_POINT('',#6482);
#1788=VERTEX_POINT('',#6497);
#1789=VERTEX_POINT('',#6498);
#1790=VERTEX_POINT('',#6506);
#1791=VERTEX_POINT('',#6514);
#1792=VERTEX_POINT('',#6537);
#1793=VERTEX_POINT('',#6538);
#1794=VERTEX_POINT('',#6553);
#1795=VERTEX_POINT('',#6567);
#1796=VERTEX_POINT('',#6568);
#1797=VERTEX_POINT('',#6583);
#1798=VERTEX_POINT('',#6597);
#1799=VERTEX_POINT('',#6623);
#1800=VERTEX_POINT('',#6647);
#1801=VERTEX_POINT('',#6648);
#1802=VERTEX_POINT('',#6652);
#1803=VERTEX_POINT('',#6654);
#1804=VERTEX_POINT('',#6666);
#1805=VERTEX_POINT('',#6670);
#1806=VERTEX_POINT('',#6682);
#1807=VERTEX_POINT('',#6686);
#1808=VERTEX_POINT('',#6698);
#1809=VERTEX_POINT('',#6702);
#1810=VERTEX_POINT('',#6714);
#1811=VERTEX_POINT('',#6718);
#1812=VERTEX_POINT('',#6732);
#1813=VERTEX_POINT('',#6734);
#1814=VERTEX_POINT('',#6738);
#1815=VERTEX_POINT('',#6740);
#1816=VERTEX_POINT('',#6749);
#1817=VERTEX_POINT('',#6753);
#1818=VERTEX_POINT('',#6760);
#1819=VERTEX_POINT('',#6762);
#1820=VERTEX_POINT('',#6766);
#1821=VERTEX_POINT('',#6768);
#1822=VERTEX_POINT('',#6772);
#1823=VERTEX_POINT('',#6774);
#1824=VERTEX_POINT('',#6783);
#1825=VERTEX_POINT('',#6787);
#1826=VERTEX_POINT('',#6799);
#1827=VERTEX_POINT('',#6803);
#1828=VERTEX_POINT('',#6815);
#1829=VERTEX_POINT('',#6819);
#1830=VERTEX_POINT('',#6831);
#1831=VERTEX_POINT('',#6835);
#1832=VERTEX_POINT('',#6847);
#1833=VERTEX_POINT('',#6851);
#1834=VERTEX_POINT('',#6865);
#1835=VERTEX_POINT('',#6869);
#1836=VERTEX_POINT('',#6881);
#1837=VERTEX_POINT('',#6885);
#1838=VERTEX_POINT('',#6892);
#1839=VERTEX_POINT('',#6894);
#1840=VERTEX_POINT('',#6902);
#1841=VERTEX_POINT('',#6903);
#1842=VERTEX_POINT('',#6905);
#1843=VERTEX_POINT('',#6907);
#1844=VERTEX_POINT('',#6909);
#1845=VERTEX_POINT('',#6911);
#1846=VERTEX_POINT('',#6913);
#1847=VERTEX_POINT('',#6915);
#1848=VERTEX_POINT('',#6917);
#1849=VERTEX_POINT('',#6919);
#1850=VERTEX_POINT('',#6921);
#1851=VERTEX_POINT('',#6923);
#1852=VERTEX_POINT('',#6925);
#1853=VERTEX_POINT('',#6927);
#1854=VERTEX_POINT('',#6929);
#1855=VERTEX_POINT('',#6931);
#1856=VERTEX_POINT('',#6933);
#1857=VERTEX_POINT('',#6935);
#1858=VERTEX_POINT('',#6937);
#1859=VERTEX_POINT('',#6939);
#1860=VERTEX_POINT('',#6941);
#1861=VERTEX_POINT('',#6943);
#1862=VERTEX_POINT('',#6945);
#1863=VERTEX_POINT('',#6947);
#1864=VERTEX_POINT('',#6949);
#1865=VERTEX_POINT('',#6951);
#1866=VERTEX_POINT('',#6953);
#1867=VERTEX_POINT('',#6955);
#1868=VERTEX_POINT('',#6957);
#1869=VERTEX_POINT('',#6959);
#1870=VERTEX_POINT('',#6961);
#1871=VERTEX_POINT('',#6963);
#1872=VERTEX_POINT('',#6965);
#1873=VERTEX_POINT('',#6967);
#1874=VERTEX_POINT('',#6969);
#1875=VERTEX_POINT('',#6971);
#1876=VERTEX_POINT('',#6973);
#1877=VERTEX_POINT('',#6975);
#1878=VERTEX_POINT('',#6977);
#1879=VERTEX_POINT('',#6979);
#1880=VERTEX_POINT('',#6982);
#1881=VERTEX_POINT('',#6984);
#1882=VERTEX_POINT('',#6989);
#1883=VERTEX_POINT('',#6991);
#1884=VERTEX_POINT('',#6995);
#1885=VERTEX_POINT('',#6999);
#1886=VERTEX_POINT('',#7001);
#1887=VERTEX_POINT('',#7005);
#1888=VERTEX_POINT('',#7007);
#1889=VERTEX_POINT('',#7009);
#1890=VERTEX_POINT('',#7011);
#1891=VERTEX_POINT('',#7015);
#1892=VERTEX_POINT('',#7017);
#1893=VERTEX_POINT('',#7021);
#1894=VERTEX_POINT('',#7023);
#1895=VERTEX_POINT('',#7025);
#1896=VERTEX_POINT('',#7027);
#1897=VERTEX_POINT('',#7031);
#1898=VERTEX_POINT('',#7033);
#1899=VERTEX_POINT('',#7037);
#1900=VERTEX_POINT('',#7041);
#1901=VERTEX_POINT('',#7043);
#1902=VERTEX_POINT('',#7047);
#1903=VERTEX_POINT('',#7049);
#1904=VERTEX_POINT('',#7051);
#1905=VERTEX_POINT('',#7055);
#1906=VERTEX_POINT('',#7059);
#1907=VERTEX_POINT('',#7063);
#1908=VERTEX_POINT('',#7064);
#1909=VERTEX_POINT('',#7066);
#1910=VERTEX_POINT('',#7068);
#1911=VERTEX_POINT('',#7072);
#1912=VERTEX_POINT('',#7074);
#1913=VERTEX_POINT('',#7078);
#1914=VERTEX_POINT('',#7085);
#1915=VERTEX_POINT('',#7093);
#1916=VERTEX_POINT('',#7099);
#1917=VERTEX_POINT('',#7103);
#1918=VERTEX_POINT('',#7107);
#1919=VERTEX_POINT('',#7111);
#1920=VERTEX_POINT('',#7113);
#1921=VERTEX_POINT('',#7115);
#1922=VERTEX_POINT('',#7117);
#1923=VERTEX_POINT('',#7119);
#1924=VERTEX_POINT('',#7121);
#1925=VERTEX_POINT('',#7123);
#1926=VERTEX_POINT('',#7125);
#1927=VERTEX_POINT('',#7127);
#1928=VERTEX_POINT('',#7129);
#1929=VERTEX_POINT('',#7131);
#1930=VERTEX_POINT('',#7133);
#1931=VERTEX_POINT('',#7135);
#1932=VERTEX_POINT('',#7137);
#1933=VERTEX_POINT('',#7139);
#1934=VERTEX_POINT('',#7141);
#1935=VERTEX_POINT('',#7143);
#1936=VERTEX_POINT('',#7145);
#1937=VERTEX_POINT('',#7149);
#1938=VERTEX_POINT('',#7151);
#1939=VERTEX_POINT('',#7153);
#1940=VERTEX_POINT('',#7155);
#1941=VERTEX_POINT('',#7157);
#1942=VERTEX_POINT('',#7160);
#1943=VERTEX_POINT('',#7162);
#1944=VERTEX_POINT('',#7172);
#1945=VERTEX_POINT('',#7174);
#1946=VERTEX_POINT('',#7178);
#1947=VERTEX_POINT('',#7180);
#1948=VERTEX_POINT('',#7185);
#1949=VERTEX_POINT('',#7187);
#1950=VERTEX_POINT('',#7191);
#1951=VERTEX_POINT('',#7193);
#1952=VERTEX_POINT('',#7197);
#1953=VERTEX_POINT('',#7199);
#1954=VERTEX_POINT('',#7205);
#1955=VERTEX_POINT('',#7206);
#1956=VERTEX_POINT('',#7208);
#1957=VERTEX_POINT('',#7210);
#1958=VERTEX_POINT('',#7240);
#1959=VERTEX_POINT('',#7245);
#1960=VERTEX_POINT('',#7248);
#1961=VERTEX_POINT('',#7251);
#1962=VERTEX_POINT('',#7254);
#1963=VERTEX_POINT('',#7265);
#1964=EDGE_CURVE('',#1560,#1561,#892,.T.);
#1965=EDGE_CURVE('',#1562,#1560,#893,.T.);
#1966=EDGE_CURVE('',#1563,#1562,#894,.T.);
#1967=EDGE_CURVE('',#1561,#1563,#895,.T.);
#1968=EDGE_CURVE('',#1564,#1565,#896,.T.);
#1969=EDGE_CURVE('',#1564,#1562,#897,.T.);
#1970=EDGE_CURVE('',#1565,#1560,#898,.T.);
#1971=EDGE_CURVE('',#1565,#1566,#899,.T.);
#1972=EDGE_CURVE('',#1566,#1561,#900,.T.);
#1973=EDGE_CURVE('',#1567,#1564,#901,.T.);
#1974=EDGE_CURVE('',#1567,#1563,#902,.T.);
#1975=EDGE_CURVE('',#1566,#1567,#903,.T.);
#1976=EDGE_CURVE('',#1568,#1569,#139,.T.);
#1977=EDGE_CURVE('',#1568,#1570,#904,.T.);
#1978=EDGE_CURVE('',#1570,#1571,#140,.T.);
#1979=EDGE_CURVE('',#1569,#1571,#905,.T.);
#1980=EDGE_CURVE('',#1569,#1572,#141,.T.);
#1981=EDGE_CURVE('',#1571,#1573,#142,.T.);
#1982=EDGE_CURVE('',#1572,#1573,#906,.T.);
#1983=EDGE_CURVE('',#1572,#1574,#143,.T.);
#1984=EDGE_CURVE('',#1573,#1575,#144,.T.);
#1985=EDGE_CURVE('',#1574,#1575,#907,.T.);
#1986=EDGE_CURVE('',#1574,#1576,#145,.T.);
#1987=EDGE_CURVE('',#1575,#1577,#146,.T.);
#1988=EDGE_CURVE('',#1576,#1577,#908,.T.);
#1989=EDGE_CURVE('',#1576,#1578,#909,.T.);
#1990=EDGE_CURVE('',#1577,#1579,#910,.T.);
#1991=EDGE_CURVE('',#1578,#1579,#911,.T.);
#1992=EDGE_CURVE('',#1578,#1580,#147,.T.);
#1993=EDGE_CURVE('',#1579,#1581,#148,.T.);
#1994=EDGE_CURVE('',#1580,#1581,#912,.T.);
#1995=EDGE_CURVE('',#1580,#1582,#149,.T.);
#1996=EDGE_CURVE('',#1581,#1583,#150,.T.);
#1997=EDGE_CURVE('',#1582,#1583,#913,.T.);
#1998=EDGE_CURVE('',#1582,#1584,#151,.T.);
#1999=EDGE_CURVE('',#1583,#1585,#152,.T.);
#2000=EDGE_CURVE('',#1584,#1585,#914,.T.);
#2001=EDGE_CURVE('',#1584,#1586,#153,.T.);
#2002=EDGE_CURVE('',#1585,#1587,#154,.T.);
#2003=EDGE_CURVE('',#1586,#1587,#915,.T.);
#2004=EDGE_CURVE('',#1588,#1568,#155,.T.);
#2005=EDGE_CURVE('',#1588,#1589,#916,.T.);
#2006=EDGE_CURVE('',#1589,#1570,#156,.T.);
#2007=EDGE_CURVE('',#1590,#1588,#157,.T.);
#2008=EDGE_CURVE('',#1590,#1591,#917,.T.);
#2009=EDGE_CURVE('',#1591,#1589,#158,.T.);
#2010=EDGE_CURVE('',#1592,#1590,#159,.T.);
#2011=EDGE_CURVE('',#1592,#1593,#918,.T.);
#2012=EDGE_CURVE('',#1593,#1591,#160,.T.);
#2013=EDGE_CURVE('',#1594,#1592,#161,.T.);
#2014=EDGE_CURVE('',#1594,#1595,#919,.T.);
#2015=EDGE_CURVE('',#1595,#1593,#162,.T.);
#2016=EDGE_CURVE('',#1596,#1594,#920,.T.);
#2017=EDGE_CURVE('',#1596,#1597,#921,.T.);
#2018=EDGE_CURVE('',#1597,#1595,#922,.T.);
#2019=EDGE_CURVE('',#1598,#1596,#163,.T.);
#2020=EDGE_CURVE('',#1598,#1599,#923,.T.);
#2021=EDGE_CURVE('',#1599,#1597,#164,.T.);
#2022=EDGE_CURVE('',#1600,#1598,#165,.T.);
#2023=EDGE_CURVE('',#1600,#1601,#924,.T.);
#2024=EDGE_CURVE('',#1601,#1599,#166,.T.);
#2025=EDGE_CURVE('',#1602,#1600,#167,.T.);
#2026=EDGE_CURVE('',#1602,#1603,#925,.T.);
#2027=EDGE_CURVE('',#1603,#1601,#168,.T.);
#2028=EDGE_CURVE('',#1586,#1602,#169,.T.);
#2029=EDGE_CURVE('',#1587,#1603,#170,.T.);
#2030=EDGE_CURVE('',#1604,#1605,#926,.T.);
#2031=EDGE_CURVE('',#1606,#1604,#171,.T.);
#2032=EDGE_CURVE('',#1607,#1606,#172,.T.);
#2033=EDGE_CURVE('',#1608,#1607,#173,.T.);
#2034=EDGE_CURVE('',#1609,#1608,#174,.T.);
#2035=EDGE_CURVE('',#1610,#1609,#927,.T.);
#2036=EDGE_CURVE('',#1611,#1610,#175,.T.);
#2037=EDGE_CURVE('',#1612,#1611,#176,.T.);
#2038=EDGE_CURVE('',#1613,#1612,#177,.T.);
#2039=EDGE_CURVE('',#1605,#1613,#178,.T.);
#2040=EDGE_CURVE('',#1614,#1615,#179,.T.);
#2041=EDGE_CURVE('',#1616,#1614,#180,.T.);
#2042=EDGE_CURVE('',#1617,#1616,#181,.T.);
#2043=EDGE_CURVE('',#1618,#1617,#182,.T.);
#2044=EDGE_CURVE('',#1619,#1618,#928,.T.);
#2045=EDGE_CURVE('',#1620,#1619,#183,.T.);
#2046=EDGE_CURVE('',#1621,#1620,#184,.T.);
#2047=EDGE_CURVE('',#1622,#1621,#185,.T.);
#2048=EDGE_CURVE('',#1623,#1622,#186,.T.);
#2049=EDGE_CURVE('',#1615,#1623,#929,.T.);
#2050=EDGE_CURVE('',#1624,#1625,#930,.T.);
#2051=EDGE_CURVE('',#1624,#1619,#931,.T.);
#2052=EDGE_CURVE('',#1625,#1618,#932,.T.);
#2053=EDGE_CURVE('',#1625,#1626,#187,.T.);
#2054=EDGE_CURVE('',#1626,#1617,#933,.T.);
#2055=EDGE_CURVE('',#1626,#1627,#188,.T.);
#2056=EDGE_CURVE('',#1627,#1616,#934,.T.);
#2057=EDGE_CURVE('',#1627,#1628,#189,.T.);
#2058=EDGE_CURVE('',#1628,#1614,#935,.T.);
#2059=EDGE_CURVE('',#1628,#1629,#190,.T.);
#2060=EDGE_CURVE('',#1629,#1615,#936,.T.);
#2061=EDGE_CURVE('',#1630,#1631,#191,.T.);
#2062=EDGE_CURVE('',#1630,#1609,#937,.T.);
#2063=EDGE_CURVE('',#1631,#1608,#938,.T.);
#2064=EDGE_CURVE('',#1631,#1632,#192,.T.);
#2065=EDGE_CURVE('',#1632,#1607,#939,.T.);
#2066=EDGE_CURVE('',#1632,#1633,#193,.T.);
#2067=EDGE_CURVE('',#1633,#1606,#940,.T.);
#2068=EDGE_CURVE('',#1633,#1634,#194,.T.);
#2069=EDGE_CURVE('',#1634,#1604,#941,.T.);
#2070=EDGE_CURVE('',#1634,#1635,#942,.T.);
#2071=EDGE_CURVE('',#1635,#1605,#943,.T.);
#2072=EDGE_CURVE('',#1629,#1636,#944,.T.);
#2073=EDGE_CURVE('',#1636,#1623,#945,.T.);
#2074=EDGE_CURVE('',#1636,#1637,#195,.T.);
#2075=EDGE_CURVE('',#1637,#1622,#946,.T.);
#2076=EDGE_CURVE('',#1637,#1638,#196,.T.);
#2077=EDGE_CURVE('',#1638,#1621,#947,.T.);
#2078=EDGE_CURVE('',#1638,#1639,#197,.T.);
#2079=EDGE_CURVE('',#1639,#1620,#948,.T.);
#2080=EDGE_CURVE('',#1639,#1624,#198,.T.);
#2081=EDGE_CURVE('',#1640,#1630,#949,.T.);
#2082=EDGE_CURVE('',#1640,#1610,#950,.T.);
#2083=EDGE_CURVE('',#1641,#1640,#199,.T.);
#2084=EDGE_CURVE('',#1641,#1611,#951,.T.);
#2085=EDGE_CURVE('',#1642,#1641,#200,.T.);
#2086=EDGE_CURVE('',#1642,#1612,#952,.T.);
#2087=EDGE_CURVE('',#1643,#1642,#201,.T.);
#2088=EDGE_CURVE('',#1643,#1613,#953,.T.);
#2089=EDGE_CURVE('',#1635,#1643,#202,.T.);
#2090=EDGE_CURVE('',#1644,#1645,#954,.T.);
#2091=EDGE_CURVE('',#1644,#1646,#955,.T.);
#2092=EDGE_CURVE('',#1646,#1647,#956,.T.);
#2093=EDGE_CURVE('',#1645,#1647,#957,.T.);
#2094=EDGE_CURVE('',#1645,#1648,#203,.T.);
#2095=EDGE_CURVE('',#1647,#1649,#204,.T.);
#2096=EDGE_CURVE('',#1648,#1649,#958,.T.);
#2097=EDGE_CURVE('',#1648,#1650,#205,.T.);
#2098=EDGE_CURVE('',#1649,#1651,#206,.T.);
#2099=EDGE_CURVE('',#1650,#1651,#959,.T.);
#2100=EDGE_CURVE('',#1650,#1652,#207,.T.);
#2101=EDGE_CURVE('',#1651,#1653,#208,.T.);
#2102=EDGE_CURVE('',#1652,#1653,#960,.T.);
#2103=EDGE_CURVE('',#1652,#1654,#209,.T.);
#2104=EDGE_CURVE('',#1653,#1655,#210,.T.);
#2105=EDGE_CURVE('',#1654,#1655,#961,.T.);
#2106=EDGE_CURVE('',#1654,#1656,#962,.T.);
#2107=EDGE_CURVE('',#1655,#1657,#963,.T.);
#2108=EDGE_CURVE('',#1656,#1657,#964,.T.);
#2109=EDGE_CURVE('',#1658,#1659,#211,.T.);
#2110=EDGE_CURVE('',#1658,#1660,#965,.T.);
#2111=EDGE_CURVE('',#1660,#1661,#212,.T.);
#2112=EDGE_CURVE('',#1659,#1661,#966,.T.);
#2113=EDGE_CURVE('',#1662,#1658,#213,.T.);
#2114=EDGE_CURVE('',#1662,#1663,#967,.T.);
#2115=EDGE_CURVE('',#1663,#1660,#214,.T.);
#2116=EDGE_CURVE('',#1664,#1662,#215,.T.);
#2117=EDGE_CURVE('',#1664,#1665,#968,.T.);
#2118=EDGE_CURVE('',#1665,#1663,#216,.T.);
#2119=EDGE_CURVE('',#1666,#1644,#969,.T.);
#2120=EDGE_CURVE('',#1666,#1667,#970,.T.);
#2121=EDGE_CURVE('',#1667,#1646,#971,.T.);
#2122=EDGE_CURVE('',#1668,#1666,#972,.T.);
#2123=EDGE_CURVE('',#1668,#1669,#973,.T.);
#2124=EDGE_CURVE('',#1669,#1667,#974,.T.);
#2125=EDGE_CURVE('',#1670,#1668,#975,.T.);
#2126=EDGE_CURVE('',#1670,#1671,#976,.T.);
#2127=EDGE_CURVE('',#1671,#1669,#977,.T.);
#2128=EDGE_CURVE('',#1672,#1670,#978,.T.);
#2129=EDGE_CURVE('',#1672,#1673,#979,.T.);
#2130=EDGE_CURVE('',#1673,#1671,#980,.T.);
#2131=EDGE_CURVE('',#1674,#1672,#981,.T.);
#2132=EDGE_CURVE('',#1674,#1675,#982,.T.);
#2133=EDGE_CURVE('',#1675,#1673,#983,.T.);
#2134=EDGE_CURVE('',#1656,#1674,#984,.T.);
#2135=EDGE_CURVE('',#1657,#1675,#985,.T.);
#2136=EDGE_CURVE('',#1676,#1664,#986,.T.);
#2137=EDGE_CURVE('',#1676,#1677,#987,.T.);
#2138=EDGE_CURVE('',#1677,#1665,#988,.T.);
#2139=EDGE_CURVE('',#1678,#1676,#989,.T.);
#2140=EDGE_CURVE('',#1678,#1679,#990,.T.);
#2141=EDGE_CURVE('',#1679,#1677,#991,.T.);
#2142=EDGE_CURVE('',#1680,#1678,#992,.T.);
#2143=EDGE_CURVE('',#1680,#1681,#993,.T.);
#2144=EDGE_CURVE('',#1681,#1679,#994,.T.);
#2145=EDGE_CURVE('',#1659,#1680,#217,.T.);
#2146=EDGE_CURVE('',#1661,#1681,#218,.T.);
#2147=EDGE_CURVE('',#1682,#1683,#995,.T.);
#2148=EDGE_CURVE('',#1684,#1682,#219,.T.);
#2149=EDGE_CURVE('',#1685,#1684,#220,.T.);
#2150=EDGE_CURVE('',#1686,#1685,#221,.T.);
#2151=EDGE_CURVE('',#1687,#1686,#222,.T.);
#2152=EDGE_CURVE('',#1688,#1687,#223,.T.);
#2153=EDGE_CURVE('',#1689,#1688,#224,.T.);
#2154=EDGE_CURVE('',#1690,#1689,#996,.T.);
#2155=EDGE_CURVE('',#1691,#1690,#997,.T.);
#2156=EDGE_CURVE('',#1692,#1691,#998,.T.);
#2157=EDGE_CURVE('',#1693,#1692,#225,.T.);
#2158=EDGE_CURVE('',#1694,#1693,#226,.T.);
#2159=EDGE_CURVE('',#1695,#1694,#227,.T.);
#2160=EDGE_CURVE('',#1696,#1695,#228,.T.);
#2161=EDGE_CURVE('',#1697,#1696,#229,.T.);
#2162=EDGE_CURVE('',#1698,#1697,#230,.T.);
#2163=EDGE_CURVE('',#1699,#1698,#999,.T.);
#2164=EDGE_CURVE('',#1700,#1699,#1000,.T.);
#2165=EDGE_CURVE('',#1701,#1700,#1001,.T.);
#2166=EDGE_CURVE('',#1702,#1701,#231,.T.);
#2167=EDGE_CURVE('',#1703,#1702,#232,.T.);
#2168=EDGE_CURVE('',#1704,#1703,#233,.T.);
#2169=EDGE_CURVE('',#1705,#1704,#234,.T.);
#2170=EDGE_CURVE('',#1706,#1705,#235,.T.);
#2171=EDGE_CURVE('',#1707,#1706,#236,.T.);
#2172=EDGE_CURVE('',#1708,#1707,#237,.T.);
#2173=EDGE_CURVE('',#1709,#1708,#238,.T.);
#2174=EDGE_CURVE('',#1710,#1709,#239,.T.);
#2175=EDGE_CURVE('',#1711,#1710,#240,.T.);
#2176=EDGE_CURVE('',#1712,#1711,#241,.T.);
#2177=EDGE_CURVE('',#1683,#1712,#242,.T.);
#2178=EDGE_CURVE('',#1713,#1714,#243,.T.);
#2179=EDGE_CURVE('',#1713,#1698,#1002,.T.);
#2180=EDGE_CURVE('',#1714,#1697,#1003,.T.);
#2181=EDGE_CURVE('',#1714,#1715,#244,.T.);
#2182=EDGE_CURVE('',#1715,#1696,#1004,.T.);
#2183=EDGE_CURVE('',#1715,#1716,#245,.T.);
#2184=EDGE_CURVE('',#1716,#1695,#1005,.T.);
#2185=EDGE_CURVE('',#1716,#1717,#246,.T.);
#2186=EDGE_CURVE('',#1717,#1694,#1006,.T.);
#2187=EDGE_CURVE('',#1717,#1718,#247,.T.);
#2188=EDGE_CURVE('',#1718,#1693,#1007,.T.);
#2189=EDGE_CURVE('',#1718,#1719,#248,.T.);
#2190=EDGE_CURVE('',#1719,#1692,#1008,.T.);
#2191=EDGE_CURVE('',#1719,#1720,#1009,.T.);
#2192=EDGE_CURVE('',#1720,#1691,#1010,.T.);
#2193=EDGE_CURVE('',#1720,#1721,#1011,.T.);
#2194=EDGE_CURVE('',#1721,#1690,#1012,.T.);
#2195=EDGE_CURVE('',#1721,#1722,#1013,.T.);
#2196=EDGE_CURVE('',#1722,#1689,#1014,.T.);
#2197=EDGE_CURVE('',#1722,#1723,#249,.T.);
#2198=EDGE_CURVE('',#1723,#1688,#1015,.T.);
#2199=EDGE_CURVE('',#1723,#1724,#250,.T.);
#2200=EDGE_CURVE('',#1724,#1687,#1016,.T.);
#2201=EDGE_CURVE('',#1724,#1725,#251,.T.);
#2202=EDGE_CURVE('',#1725,#1686,#1017,.T.);
#2203=EDGE_CURVE('',#1725,#1726,#252,.T.);
#2204=EDGE_CURVE('',#1726,#1685,#1018,.T.);
#2205=EDGE_CURVE('',#1726,#1727,#253,.T.);
#2206=EDGE_CURVE('',#1727,#1684,#1019,.T.);
#2207=EDGE_CURVE('',#1727,#1728,#254,.T.);
#2208=EDGE_CURVE('',#1728,#1682,#1020,.T.);
#2209=EDGE_CURVE('',#1728,#1729,#1021,.T.);
#2210=EDGE_CURVE('',#1729,#1683,#1022,.T.);
#2211=EDGE_CURVE('',#1730,#1713,#1023,.T.);
#2212=EDGE_CURVE('',#1730,#1699,#1024,.T.);
#2213=EDGE_CURVE('',#1731,#1730,#1025,.T.);
#2214=EDGE_CURVE('',#1731,#1700,#1026,.T.);
#2215=EDGE_CURVE('',#1732,#1731,#1027,.T.);
#2216=EDGE_CURVE('',#1732,#1701,#1028,.T.);
#2217=EDGE_CURVE('',#1733,#1732,#255,.T.);
#2218=EDGE_CURVE('',#1733,#1702,#1029,.T.);
#2219=EDGE_CURVE('',#1734,#1733,#256,.T.);
#2220=EDGE_CURVE('',#1734,#1703,#1030,.T.);
#2221=EDGE_CURVE('',#1735,#1734,#257,.T.);
#2222=EDGE_CURVE('',#1735,#1704,#1031,.T.);
#2223=EDGE_CURVE('',#1736,#1735,#258,.T.);
#2224=EDGE_CURVE('',#1736,#1705,#1032,.T.);
#2225=EDGE_CURVE('',#1737,#1736,#259,.T.);
#2226=EDGE_CURVE('',#1737,#1706,#1033,.T.);
#2227=EDGE_CURVE('',#1738,#1737,#260,.T.);
#2228=EDGE_CURVE('',#1738,#1707,#1034,.T.);
#2229=EDGE_CURVE('',#1739,#1738,#261,.T.);
#2230=EDGE_CURVE('',#1739,#1708,#1035,.T.);
#2231=EDGE_CURVE('',#1740,#1739,#262,.T.);
#2232=EDGE_CURVE('',#1740,#1709,#1036,.T.);
#2233=EDGE_CURVE('',#1741,#1740,#263,.T.);
#2234=EDGE_CURVE('',#1741,#1710,#1037,.T.);
#2235=EDGE_CURVE('',#1742,#1741,#264,.T.);
#2236=EDGE_CURVE('',#1742,#1711,#1038,.T.);
#2237=EDGE_CURVE('',#1743,#1742,#265,.T.);
#2238=EDGE_CURVE('',#1743,#1712,#1039,.T.);
#2239=EDGE_CURVE('',#1729,#1743,#266,.T.);
#2240=EDGE_CURVE('',#1744,#1745,#267,.T.);
#2241=EDGE_CURVE('',#1744,#1746,#1040,.T.);
#2242=EDGE_CURVE('',#1746,#1747,#268,.T.);
#2243=EDGE_CURVE('',#1745,#1747,#1041,.T.);
#2244=EDGE_CURVE('',#1745,#1748,#269,.T.);
#2245=EDGE_CURVE('',#1747,#1749,#270,.T.);
#2246=EDGE_CURVE('',#1748,#1749,#1042,.T.);
#2247=EDGE_CURVE('',#1748,#1750,#271,.T.);
#2248=EDGE_CURVE('',#1749,#1751,#272,.T.);
#2249=EDGE_CURVE('',#1750,#1751,#1043,.T.);
#2250=EDGE_CURVE('',#1750,#1752,#273,.T.);
#2251=EDGE_CURVE('',#1751,#1753,#274,.T.);
#2252=EDGE_CURVE('',#1752,#1753,#1044,.T.);
#2253=EDGE_CURVE('',#1752,#1754,#275,.T.);
#2254=EDGE_CURVE('',#1753,#1755,#276,.T.);
#2255=EDGE_CURVE('',#1754,#1755,#1045,.T.);
#2256=EDGE_CURVE('',#1754,#1756,#56,.T.);
#2257=EDGE_CURVE('',#1755,#1757,#57,.T.);
#2258=EDGE_CURVE('',#1756,#1757,#1046,.T.);
#2259=EDGE_CURVE('',#1756,#1758,#1047,.T.);
#2260=EDGE_CURVE('',#1757,#1759,#1048,.T.);
#2261=EDGE_CURVE('',#1758,#1759,#1049,.T.);
#2262=EDGE_CURVE('',#1758,#1760,#277,.T.);
#2263=EDGE_CURVE('',#1759,#1761,#278,.T.);
#2264=EDGE_CURVE('',#1760,#1761,#1050,.T.);
#2265=EDGE_CURVE('',#1760,#1762,#1051,.T.);
#2266=EDGE_CURVE('',#1761,#1763,#1052,.T.);
#2267=EDGE_CURVE('',#1762,#1763,#1053,.T.);
#2268=EDGE_CURVE('',#1762,#1764,#1054,.T.);
#2269=EDGE_CURVE('',#1763,#1765,#1055,.T.);
#2270=EDGE_CURVE('',#1764,#1765,#1056,.T.);
#2271=EDGE_CURVE('',#1766,#1744,#1057,.T.);
#2272=EDGE_CURVE('',#1766,#1767,#1058,.T.);
#2273=EDGE_CURVE('',#1767,#1746,#1059,.T.);
#2274=EDGE_CURVE('',#1768,#1766,#279,.T.);
#2275=EDGE_CURVE('',#1768,#1769,#1060,.T.);
#2276=EDGE_CURVE('',#1769,#1767,#280,.T.);
#2277=EDGE_CURVE('',#1770,#1768,#281,.T.);
#2278=EDGE_CURVE('',#1770,#1771,#1061,.T.);
#2279=EDGE_CURVE('',#1771,#1769,#282,.T.);
#2280=EDGE_CURVE('',#1772,#1770,#283,.T.);
#2281=EDGE_CURVE('',#1772,#1773,#1062,.T.);
#2282=EDGE_CURVE('',#1773,#1771,#284,.T.);
#2283=EDGE_CURVE('',#1774,#1772,#285,.T.);
#2284=EDGE_CURVE('',#1774,#1775,#1063,.T.);
#2285=EDGE_CURVE('',#1775,#1773,#286,.T.);
#2286=EDGE_CURVE('',#1776,#1774,#287,.T.);
#2287=EDGE_CURVE('',#1776,#1777,#1064,.T.);
#2288=EDGE_CURVE('',#1777,#1775,#288,.T.);
#2289=EDGE_CURVE('',#1778,#1776,#289,.T.);
#2290=EDGE_CURVE('',#1778,#1779,#1065,.T.);
#2291=EDGE_CURVE('',#1779,#1777,#290,.T.);
#2292=EDGE_CURVE('',#1780,#1778,#291,.T.);
#2293=EDGE_CURVE('',#1780,#1781,#1066,.T.);
#2294=EDGE_CURVE('',#1781,#1779,#292,.T.);
#2295=EDGE_CURVE('',#1782,#1780,#1067,.T.);
#2296=EDGE_CURVE('',#1782,#1783,#1068,.T.);
#2297=EDGE_CURVE('',#1783,#1781,#1069,.T.);
#2298=EDGE_CURVE('',#1764,#1782,#1070,.T.);
#2299=EDGE_CURVE('',#1765,#1783,#1071,.T.);
#2300=EDGE_CURVE('',#1784,#1785,#293,.T.);
#2301=EDGE_CURVE('',#1786,#1784,#294,.T.);
#2302=EDGE_CURVE('',#1787,#1786,#295,.T.);
#2303=EDGE_CURVE('',#1785,#1787,#296,.T.);
#2304=EDGE_CURVE('',#1788,#1789,#297,.T.);
#2305=EDGE_CURVE('',#1790,#1788,#298,.T.);
#2306=EDGE_CURVE('',#1791,#1790,#299,.T.);
#2307=EDGE_CURVE('',#1789,#1791,#300,.T.);
#2308=EDGE_CURVE('',#1792,#1793,#301,.T.);
#2309=EDGE_CURVE('',#1792,#1790,#1072,.T.);
#2310=EDGE_CURVE('',#1793,#1788,#1073,.T.);
#2311=EDGE_CURVE('',#1793,#1794,#302,.T.);
#2312=EDGE_CURVE('',#1794,#1789,#1074,.T.);
#2313=EDGE_CURVE('',#1795,#1796,#303,.T.);
#2314=EDGE_CURVE('',#1795,#1786,#1075,.T.);
#2315=EDGE_CURVE('',#1796,#1784,#1076,.T.);
#2316=EDGE_CURVE('',#1796,#1797,#304,.T.);
#2317=EDGE_CURVE('',#1797,#1785,#1077,.T.);
#2318=EDGE_CURVE('',#1794,#1798,#305,.T.);
#2319=EDGE_CURVE('',#1798,#1791,#1078,.T.);
#2320=EDGE_CURVE('',#1798,#1792,#306,.T.);
#2321=EDGE_CURVE('',#1799,#1795,#307,.T.);
#2322=EDGE_CURVE('',#1799,#1787,#1079,.T.);
#2323=EDGE_CURVE('',#1797,#1799,#308,.T.);
#2324=EDGE_CURVE('',#1800,#1801,#309,.T.);
#2325=EDGE_CURVE('',#1800,#1802,#1080,.T.);
#2326=EDGE_CURVE('',#1802,#1803,#310,.T.);
#2327=EDGE_CURVE('',#1801,#1803,#1081,.T.);
#2328=EDGE_CURVE('',#1801,#1804,#311,.T.);
#2329=EDGE_CURVE('',#1803,#1805,#312,.T.);
#2330=EDGE_CURVE('',#1804,#1805,#1082,.T.);
#2331=EDGE_CURVE('',#1804,#1806,#313,.T.);
#2332=EDGE_CURVE('',#1805,#1807,#314,.T.);
#2333=EDGE_CURVE('',#1806,#1807,#1083,.T.);
#2334=EDGE_CURVE('',#1806,#1808,#315,.T.);
#2335=EDGE_CURVE('',#1807,#1809,#316,.T.);
#2336=EDGE_CURVE('',#1808,#1809,#1084,.T.);
#2337=EDGE_CURVE('',#1808,#1810,#317,.T.);
#2338=EDGE_CURVE('',#1809,#1811,#318,.T.);
#2339=EDGE_CURVE('',#1810,#1811,#1085,.T.);
#2340=EDGE_CURVE('',#1810,#1812,#58,.T.);
#2341=EDGE_CURVE('',#1811,#1813,#59,.T.);
#2342=EDGE_CURVE('',#1812,#1813,#1086,.T.);
#2343=EDGE_CURVE('',#1812,#1814,#1087,.T.);
#2344=EDGE_CURVE('',#1813,#1815,#1088,.T.);
#2345=EDGE_CURVE('',#1814,#1815,#1089,.T.);
#2346=EDGE_CURVE('',#1814,#1816,#319,.T.);
#2347=EDGE_CURVE('',#1815,#1817,#320,.T.);
#2348=EDGE_CURVE('',#1816,#1817,#1090,.T.);
#2349=EDGE_CURVE('',#1816,#1818,#1091,.T.);
#2350=EDGE_CURVE('',#1817,#1819,#1092,.T.);
#2351=EDGE_CURVE('',#1818,#1819,#1093,.T.);
#2352=EDGE_CURVE('',#1818,#1820,#1094,.T.);
#2353=EDGE_CURVE('',#1819,#1821,#1095,.T.);
#2354=EDGE_CURVE('',#1820,#1821,#1096,.T.);
#2355=EDGE_CURVE('',#1822,#1800,#1097,.T.);
#2356=EDGE_CURVE('',#1822,#1823,#1098,.T.);
#2357=EDGE_CURVE('',#1823,#1802,#1099,.T.);
#2358=EDGE_CURVE('',#1824,#1822,#321,.T.);
#2359=EDGE_CURVE('',#1824,#1825,#1100,.T.);
#2360=EDGE_CURVE('',#1825,#1823,#322,.T.);
#2361=EDGE_CURVE('',#1826,#1824,#323,.T.);
#2362=EDGE_CURVE('',#1826,#1827,#1101,.T.);
#2363=EDGE_CURVE('',#1827,#1825,#324,.T.);
#2364=EDGE_CURVE('',#1828,#1826,#325,.T.);
#2365=EDGE_CURVE('',#1828,#1829,#1102,.T.);
#2366=EDGE_CURVE('',#1829,#1827,#326,.T.);
#2367=EDGE_CURVE('',#1830,#1828,#327,.T.);
#2368=EDGE_CURVE('',#1830,#1831,#1103,.T.);
#2369=EDGE_CURVE('',#1831,#1829,#328,.T.);
#2370=EDGE_CURVE('',#1832,#1830,#329,.T.);
#2371=EDGE_CURVE('',#1832,#1833,#1104,.T.);
#2372=EDGE_CURVE('',#1833,#1831,#330,.T.);
#2373=EDGE_CURVE('',#1834,#1832,#331,.T.);
#2374=EDGE_CURVE('',#1834,#1835,#1105,.T.);
#2375=EDGE_CURVE('',#1835,#1833,#332,.T.);
#2376=EDGE_CURVE('',#1836,#1834,#333,.T.);
#2377=EDGE_CURVE('',#1836,#1837,#1106,.T.);
#2378=EDGE_CURVE('',#1837,#1835,#334,.T.);
#2379=EDGE_CURVE('',#1838,#1836,#1107,.T.);
#2380=EDGE_CURVE('',#1838,#1839,#1108,.T.);
#2381=EDGE_CURVE('',#1839,#1837,#1109,.T.);
#2382=EDGE_CURVE('',#1820,#1838,#1110,.T.);
#2383=EDGE_CURVE('',#1821,#1839,#1111,.T.);
#2384=EDGE_CURVE('',#1840,#1841,#1112,.T.);
#2385=EDGE_CURVE('',#1842,#1840,#1113,.T.);
#2386=EDGE_CURVE('',#1843,#1842,#60,.T.);
#2387=EDGE_CURVE('',#1844,#1843,#61,.T.);
#2388=EDGE_CURVE('',#1845,#1844,#1114,.T.);
#2389=EDGE_CURVE('',#1846,#1845,#1115,.T.);
#2390=EDGE_CURVE('',#1847,#1846,#62,.T.);
#2391=EDGE_CURVE('',#1848,#1847,#1116,.T.);
#2392=EDGE_CURVE('',#1849,#1848,#63,.T.);
#2393=EDGE_CURVE('',#1850,#1849,#1117,.T.);
#2394=EDGE_CURVE('',#1851,#1850,#1118,.T.);
#2395=EDGE_CURVE('',#1852,#1851,#64,.T.);
#2396=EDGE_CURVE('',#1853,#1852,#65,.T.);
#2397=EDGE_CURVE('',#1854,#1853,#1119,.T.);
#2398=EDGE_CURVE('',#1855,#1854,#1120,.T.);
#2399=EDGE_CURVE('',#1856,#1855,#1121,.T.);
#2400=EDGE_CURVE('',#1857,#1856,#66,.T.);
#2401=EDGE_CURVE('',#1858,#1857,#67,.T.);
#2402=EDGE_CURVE('',#1859,#1858,#1122,.T.);
#2403=EDGE_CURVE('',#1860,#1859,#1123,.T.);
#2404=EDGE_CURVE('',#1861,#1860,#68,.T.);
#2405=EDGE_CURVE('',#1862,#1861,#1124,.T.);
#2406=EDGE_CURVE('',#1863,#1862,#69,.T.);
#2407=EDGE_CURVE('',#1864,#1863,#1125,.T.);
#2408=EDGE_CURVE('',#1865,#1864,#70,.T.);
#2409=EDGE_CURVE('',#1866,#1865,#1126,.T.);
#2410=EDGE_CURVE('',#1866,#1867,#71,.F.);
#2411=EDGE_CURVE('',#1867,#1868,#1127,.T.);
#2412=EDGE_CURVE('',#1869,#1868,#72,.T.);
#2413=EDGE_CURVE('',#1869,#1870,#1128,.T.);
#2414=EDGE_CURVE('',#1871,#1870,#73,.T.);
#2415=EDGE_CURVE('',#1872,#1871,#1129,.T.);
#2416=EDGE_CURVE('',#1873,#1872,#74,.T.);
#2417=EDGE_CURVE('',#1874,#1873,#1130,.T.);
#2418=EDGE_CURVE('',#1875,#1874,#75,.T.);
#2419=EDGE_CURVE('',#1876,#1875,#1131,.T.);
#2420=EDGE_CURVE('',#1877,#1876,#1132,.T.);
#2421=EDGE_CURVE('',#1878,#1877,#76,.T.);
#2422=EDGE_CURVE('',#1879,#1878,#77,.T.);
#2423=EDGE_CURVE('',#1841,#1879,#1133,.T.);
#2424=EDGE_CURVE('',#1880,#1880,#78,.T.);
#2425=EDGE_CURVE('',#1881,#1881,#79,.T.);
#2426=EDGE_CURVE('',#1878,#1882,#1134,.T.);
#2427=EDGE_CURVE('',#1882,#1883,#80,.T.);
#2428=EDGE_CURVE('',#1883,#1879,#1135,.T.);
#2429=EDGE_CURVE('',#1877,#1884,#1136,.T.);
#2430=EDGE_CURVE('',#1884,#1882,#81,.T.);
#2431=EDGE_CURVE('',#1842,#1885,#1137,.T.);
#2432=EDGE_CURVE('',#1885,#1886,#82,.T.);
#2433=EDGE_CURVE('',#1886,#1843,#1138,.T.);
#2434=EDGE_CURVE('',#1887,#1840,#83,.T.);
#2435=EDGE_CURVE('',#1887,#1888,#1139,.T.);
#2436=EDGE_CURVE('',#1889,#1888,#1140,.T.);
#2437=EDGE_CURVE('',#1890,#1889,#1141,.T.);
#2438=EDGE_CURVE('',#1885,#1890,#1142,.T.);
#2439=EDGE_CURVE('',#1856,#1891,#1143,.T.);
#2440=EDGE_CURVE('',#1891,#1892,#84,.T.);
#2441=EDGE_CURVE('',#1892,#1857,#1144,.T.);
#2442=EDGE_CURVE('',#1893,#1855,#85,.T.);
#2443=EDGE_CURVE('',#1893,#1894,#1145,.T.);
#2444=EDGE_CURVE('',#1895,#1894,#1146,.T.);
#2445=EDGE_CURVE('',#1896,#1895,#1147,.T.);
#2446=EDGE_CURVE('',#1891,#1896,#1148,.T.);
#2447=EDGE_CURVE('',#1852,#1897,#1149,.T.);
#2448=EDGE_CURVE('',#1897,#1898,#86,.T.);
#2449=EDGE_CURVE('',#1898,#1853,#1150,.T.);
#2450=EDGE_CURVE('',#1851,#1899,#1151,.T.);
#2451=EDGE_CURVE('',#1899,#1897,#87,.T.);
#2452=EDGE_CURVE('',#1894,#1900,#88,.T.);
#2453=EDGE_CURVE('',#1900,#1901,#1152,.T.);
#2454=EDGE_CURVE('',#1901,#1895,#89,.T.);
#2455=EDGE_CURVE('',#1902,#1901,#1153,.T.);
#2456=EDGE_CURVE('',#1903,#1902,#90,.T.);
#2457=EDGE_CURVE('',#1904,#1903,#1154,.T.);
#2458=EDGE_CURVE('',#1896,#1904,#1155,.T.);
#2459=EDGE_CURVE('',#1900,#1905,#1156,.T.);
#2460=EDGE_CURVE('',#1902,#1905,#1157,.T.);
#2461=EDGE_CURVE('',#1905,#1906,#91,.T.);
#2462=EDGE_CURVE('',#1906,#1903,#1158,.T.);
#2463=EDGE_CURVE('',#1907,#1908,#92,.T.);
#2464=EDGE_CURVE('',#1908,#1909,#1159,.T.);
#2465=EDGE_CURVE('',#1909,#1910,#93,.T.);
#2466=EDGE_CURVE('',#1910,#1907,#1160,.T.);
#2467=EDGE_CURVE('',#1908,#1911,#1161,.T.);
#2468=EDGE_CURVE('',#1912,#1911,#1162,.T.);
#2469=EDGE_CURVE('',#1912,#1909,#1163,.T.);
#2470=EDGE_CURVE('',#1913,#1907,#1164,.T.);
#2471=EDGE_CURVE('',#1890,#1913,#1165,.T.);
#2472=EDGE_CURVE('',#1911,#1889,#94,.T.);
#2473=EDGE_CURVE('',#1888,#1912,#95,.T.);
#2474=EDGE_CURVE('',#1841,#1914,#96,.T.);
#2475=EDGE_CURVE('',#1914,#1887,#1166,.T.);
#2476=EDGE_CURVE('',#1913,#1883,#1167,.T.);
#2477=EDGE_CURVE('',#1914,#1910,#1168,.T.);
#2478=EDGE_CURVE('',#1854,#1915,#97,.T.);
#2479=EDGE_CURVE('',#1915,#1893,#1169,.T.);
#2480=EDGE_CURVE('',#1915,#1906,#1170,.T.);
#2481=EDGE_CURVE('',#1876,#1916,#1171,.T.);
#2482=EDGE_CURVE('',#1884,#1916,#1172,.T.);
#2483=EDGE_CURVE('',#1886,#1917,#98,.T.);
#2484=EDGE_CURVE('',#1917,#1844,#1173,.T.);
#2485=EDGE_CURVE('',#1918,#1917,#1174,.T.);
#2486=EDGE_CURVE('',#1845,#1918,#1175,.T.);
#2487=EDGE_CURVE('',#1916,#1919,#1176,.T.);
#2488=EDGE_CURVE('',#1920,#1919,#99,.T.);
#2489=EDGE_CURVE('',#1920,#1921,#1177,.T.);
#2490=EDGE_CURVE('',#1922,#1921,#100,.T.);
#2491=EDGE_CURVE('',#1922,#1923,#1178,.T.);
#2492=EDGE_CURVE('',#1923,#1924,#101,.F.);
#2493=EDGE_CURVE('',#1925,#1924,#1179,.T.);
#2494=EDGE_CURVE('',#1926,#1925,#102,.T.);
#2495=EDGE_CURVE('',#1926,#1927,#1180,.T.);
#2496=EDGE_CURVE('',#1927,#1928,#103,.F.);
#2497=EDGE_CURVE('',#1929,#1928,#1181,.T.);
#2498=EDGE_CURVE('',#1930,#1929,#104,.T.);
#2499=EDGE_CURVE('',#1930,#1931,#1182,.T.);
#2500=EDGE_CURVE('',#1932,#1931,#105,.T.);
#2501=EDGE_CURVE('',#1932,#1933,#1183,.T.);
#2502=EDGE_CURVE('',#1934,#1933,#106,.T.);
#2503=EDGE_CURVE('',#1934,#1935,#1184,.T.);
#2504=EDGE_CURVE('',#1935,#1936,#1185,.T.);
#2505=EDGE_CURVE('',#1892,#1936,#107,.T.);
#2506=EDGE_CURVE('',#1904,#1898,#1186,.T.);
#2507=EDGE_CURVE('',#1899,#1937,#1187,.T.);
#2508=EDGE_CURVE('',#1937,#1938,#1188,.T.);
#2509=EDGE_CURVE('',#1939,#1938,#108,.T.);
#2510=EDGE_CURVE('',#1939,#1940,#1189,.T.);
#2511=EDGE_CURVE('',#1941,#1940,#109,.T.);
#2512=EDGE_CURVE('',#1941,#1918,#1190,.T.);
#2513=EDGE_CURVE('',#1942,#1942,#110,.T.);
#2514=EDGE_CURVE('',#1943,#1943,#111,.T.);
#2515=EDGE_CURVE('',#1936,#1858,#1191,.T.);
#2516=EDGE_CURVE('',#1921,#1873,#1192,.T.);
#2517=EDGE_CURVE('',#1872,#1922,#1193,.T.);
#2518=EDGE_CURVE('',#1923,#1871,#1194,.T.);
#2519=EDGE_CURVE('',#1944,#1870,#22,.F.);
#2520=EDGE_CURVE('',#1944,#1945,#1195,.T.);
#2521=EDGE_CURVE('',#1945,#1924,#23,.T.);
#2522=EDGE_CURVE('',#1944,#1946,#1196,.T.);
#2523=EDGE_CURVE('',#1947,#1946,#1197,.T.);
#2524=EDGE_CURVE('',#1947,#1945,#1198,.T.);
#2525=EDGE_CURVE('',#1868,#1926,#1199,.T.);
#2526=EDGE_CURVE('',#1948,#1925,#24,.F.);
#2527=EDGE_CURVE('',#1948,#1949,#1200,.T.);
#2528=EDGE_CURVE('',#1949,#1869,#25,.T.);
#2529=EDGE_CURVE('',#1950,#1948,#1201,.T.);
#2530=EDGE_CURVE('',#1951,#1950,#1202,.T.);
#2531=EDGE_CURVE('',#1949,#1951,#1203,.T.);
#2532=EDGE_CURVE('',#1952,#1866,#26,.F.);
#2533=EDGE_CURVE('',#1952,#1953,#1204,.T.);
#2534=EDGE_CURVE('',#1953,#1928,#27,.T.);
#2535=EDGE_CURVE('',#1927,#1867,#1205,.T.);
#2536=EDGE_CURVE('',#1954,#1955,#1206,.T.);
#2537=EDGE_CURVE('',#1954,#1956,#1207,.T.);
#2538=EDGE_CURVE('',#1957,#1956,#1208,.T.);
#2539=EDGE_CURVE('',#1957,#1955,#1209,.T.);
#2540=EDGE_CURVE('',#1864,#1930,#1210,.T.);
#2541=EDGE_CURVE('',#1954,#1929,#28,.F.);
#2542=EDGE_CURVE('',#1955,#1865,#29,.T.);
#2543=EDGE_CURVE('',#1931,#1863,#1211,.T.);
#2544=EDGE_CURVE('',#1862,#1932,#1212,.T.);
#2545=EDGE_CURVE('',#1933,#1861,#1213,.T.);
#2546=EDGE_CURVE('',#1919,#1875,#1214,.T.);
#2547=EDGE_CURVE('',#1874,#1920,#1215,.T.);
#2548=EDGE_CURVE('',#1860,#1934,#1216,.T.);
#2549=EDGE_CURVE('',#1940,#1847,#1217,.T.);
#2550=EDGE_CURVE('',#1846,#1941,#1218,.T.);
#2551=EDGE_CURVE('',#1938,#1849,#1219,.T.);
#2552=EDGE_CURVE('',#1848,#1939,#1220,.T.);
#2553=EDGE_CURVE('',#1850,#1937,#1221,.T.);
#2554=EDGE_CURVE('',#1946,#1951,#112,.T.);
#2555=EDGE_CURVE('',#1958,#1958,#113,.T.);
#2556=EDGE_CURVE('',#1950,#1947,#114,.T.);
#2557=EDGE_CURVE('',#1959,#1959,#115,.T.);
#2558=EDGE_CURVE('',#1956,#1960,#116,.T.);
#2559=EDGE_CURVE('',#1953,#1960,#1222,.T.);
#2560=EDGE_CURVE('',#1961,#1961,#117,.T.);
#2561=EDGE_CURVE('',#1962,#1957,#118,.T.);
#2562=EDGE_CURVE('',#1960,#1962,#1223,.T.);
#2563=EDGE_CURVE('',#1963,#1963,#119,.T.);
#2564=EDGE_CURVE('',#1962,#1952,#1224,.T.);
#2565=EDGE_CURVE('',#1859,#1935,#1225,.T.);
#2566=ORIENTED_EDGE('',*,*,#1964,.F.);
#2567=ORIENTED_EDGE('',*,*,#1965,.F.);
#2568=ORIENTED_EDGE('',*,*,#1966,.F.);
#2569=ORIENTED_EDGE('',*,*,#1967,.F.);
#2570=ORIENTED_EDGE('',*,*,#1968,.F.);
#2571=ORIENTED_EDGE('',*,*,#1969,.T.);
#2572=ORIENTED_EDGE('',*,*,#1965,.T.);
#2573=ORIENTED_EDGE('',*,*,#1970,.F.);
#2574=ORIENTED_EDGE('',*,*,#1971,.F.);
#2575=ORIENTED_EDGE('',*,*,#1970,.T.);
#2576=ORIENTED_EDGE('',*,*,#1964,.T.);
#2577=ORIENTED_EDGE('',*,*,#1972,.F.);
#2578=ORIENTED_EDGE('',*,*,#1973,.F.);
#2579=ORIENTED_EDGE('',*,*,#1974,.T.);
#2580=ORIENTED_EDGE('',*,*,#1966,.T.);
#2581=ORIENTED_EDGE('',*,*,#1969,.F.);
#2582=ORIENTED_EDGE('',*,*,#1975,.F.);
#2583=ORIENTED_EDGE('',*,*,#1972,.T.);
#2584=ORIENTED_EDGE('',*,*,#1967,.T.);
#2585=ORIENTED_EDGE('',*,*,#1974,.F.);
#2586=ORIENTED_EDGE('',*,*,#1976,.F.);
#2587=ORIENTED_EDGE('',*,*,#1977,.T.);
#2588=ORIENTED_EDGE('',*,*,#1978,.T.);
#2589=ORIENTED_EDGE('',*,*,#1979,.F.);
#2590=ORIENTED_EDGE('',*,*,#1980,.F.);
#2591=ORIENTED_EDGE('',*,*,#1979,.T.);
#2592=ORIENTED_EDGE('',*,*,#1981,.T.);
#2593=ORIENTED_EDGE('',*,*,#1982,.F.);
#2594=ORIENTED_EDGE('',*,*,#1983,.F.);
#2595=ORIENTED_EDGE('',*,*,#1982,.T.);
#2596=ORIENTED_EDGE('',*,*,#1984,.T.);
#2597=ORIENTED_EDGE('',*,*,#1985,.F.);
#2598=ORIENTED_EDGE('',*,*,#1986,.F.);
#2599=ORIENTED_EDGE('',*,*,#1985,.T.);
#2600=ORIENTED_EDGE('',*,*,#1987,.T.);
#2601=ORIENTED_EDGE('',*,*,#1988,.F.);
#2602=ORIENTED_EDGE('',*,*,#1989,.F.);
#2603=ORIENTED_EDGE('',*,*,#1988,.T.);
#2604=ORIENTED_EDGE('',*,*,#1990,.T.);
#2605=ORIENTED_EDGE('',*,*,#1991,.F.);
#2606=ORIENTED_EDGE('',*,*,#1992,.F.);
#2607=ORIENTED_EDGE('',*,*,#1991,.T.);
#2608=ORIENTED_EDGE('',*,*,#1993,.T.);
#2609=ORIENTED_EDGE('',*,*,#1994,.F.);
#2610=ORIENTED_EDGE('',*,*,#1995,.F.);
#2611=ORIENTED_EDGE('',*,*,#1994,.T.);
#2612=ORIENTED_EDGE('',*,*,#1996,.T.);
#2613=ORIENTED_EDGE('',*,*,#1997,.F.);
#2614=ORIENTED_EDGE('',*,*,#1998,.F.);
#2615=ORIENTED_EDGE('',*,*,#1997,.T.);
#2616=ORIENTED_EDGE('',*,*,#1999,.T.);
#2617=ORIENTED_EDGE('',*,*,#2000,.F.);
#2618=ORIENTED_EDGE('',*,*,#2001,.F.);
#2619=ORIENTED_EDGE('',*,*,#2000,.T.);
#2620=ORIENTED_EDGE('',*,*,#2002,.T.);
#2621=ORIENTED_EDGE('',*,*,#2003,.F.);
#2622=ORIENTED_EDGE('',*,*,#2004,.F.);
#2623=ORIENTED_EDGE('',*,*,#2005,.T.);
#2624=ORIENTED_EDGE('',*,*,#2006,.T.);
#2625=ORIENTED_EDGE('',*,*,#1977,.F.);
#2626=ORIENTED_EDGE('',*,*,#2007,.F.);
#2627=ORIENTED_EDGE('',*,*,#2008,.T.);
#2628=ORIENTED_EDGE('',*,*,#2009,.T.);
#2629=ORIENTED_EDGE('',*,*,#2005,.F.);
#2630=ORIENTED_EDGE('',*,*,#2010,.F.);
#2631=ORIENTED_EDGE('',*,*,#2011,.T.);
#2632=ORIENTED_EDGE('',*,*,#2012,.T.);
#2633=ORIENTED_EDGE('',*,*,#2008,.F.);
#2634=ORIENTED_EDGE('',*,*,#2013,.F.);
#2635=ORIENTED_EDGE('',*,*,#2014,.T.);
#2636=ORIENTED_EDGE('',*,*,#2015,.T.);
#2637=ORIENTED_EDGE('',*,*,#2011,.F.);
#2638=ORIENTED_EDGE('',*,*,#2016,.F.);
#2639=ORIENTED_EDGE('',*,*,#2017,.T.);
#2640=ORIENTED_EDGE('',*,*,#2018,.T.);
#2641=ORIENTED_EDGE('',*,*,#2014,.F.);
#2642=ORIENTED_EDGE('',*,*,#2019,.F.);
#2643=ORIENTED_EDGE('',*,*,#2020,.T.);
#2644=ORIENTED_EDGE('',*,*,#2021,.T.);
#2645=ORIENTED_EDGE('',*,*,#2017,.F.);
#2646=ORIENTED_EDGE('',*,*,#2022,.F.);
#2647=ORIENTED_EDGE('',*,*,#2023,.T.);
#2648=ORIENTED_EDGE('',*,*,#2024,.T.);
#2649=ORIENTED_EDGE('',*,*,#2020,.F.);
#2650=ORIENTED_EDGE('',*,*,#2025,.F.);
#2651=ORIENTED_EDGE('',*,*,#2026,.T.);
#2652=ORIENTED_EDGE('',*,*,#2027,.T.);
#2653=ORIENTED_EDGE('',*,*,#2023,.F.);
#2654=ORIENTED_EDGE('',*,*,#2028,.F.);
#2655=ORIENTED_EDGE('',*,*,#2003,.T.);
#2656=ORIENTED_EDGE('',*,*,#2029,.T.);
#2657=ORIENTED_EDGE('',*,*,#2026,.F.);
#2658=ORIENTED_EDGE('',*,*,#2006,.F.);
#2659=ORIENTED_EDGE('',*,*,#2009,.F.);
#2660=ORIENTED_EDGE('',*,*,#2012,.F.);
#2661=ORIENTED_EDGE('',*,*,#2015,.F.);
#2662=ORIENTED_EDGE('',*,*,#2018,.F.);
#2663=ORIENTED_EDGE('',*,*,#2021,.F.);
#2664=ORIENTED_EDGE('',*,*,#2024,.F.);
#2665=ORIENTED_EDGE('',*,*,#2027,.F.);
#2666=ORIENTED_EDGE('',*,*,#2029,.F.);
#2667=ORIENTED_EDGE('',*,*,#2002,.F.);
#2668=ORIENTED_EDGE('',*,*,#1999,.F.);
#2669=ORIENTED_EDGE('',*,*,#1996,.F.);
#2670=ORIENTED_EDGE('',*,*,#1993,.F.);
#2671=ORIENTED_EDGE('',*,*,#1990,.F.);
#2672=ORIENTED_EDGE('',*,*,#1987,.F.);
#2673=ORIENTED_EDGE('',*,*,#1984,.F.);
#2674=ORIENTED_EDGE('',*,*,#1981,.F.);
#2675=ORIENTED_EDGE('',*,*,#1978,.F.);
#2676=ORIENTED_EDGE('',*,*,#2030,.F.);
#2677=ORIENTED_EDGE('',*,*,#2031,.F.);
#2678=ORIENTED_EDGE('',*,*,#2032,.F.);
#2679=ORIENTED_EDGE('',*,*,#2033,.F.);
#2680=ORIENTED_EDGE('',*,*,#2034,.F.);
#2681=ORIENTED_EDGE('',*,*,#2035,.F.);
#2682=ORIENTED_EDGE('',*,*,#2036,.F.);
#2683=ORIENTED_EDGE('',*,*,#2037,.F.);
#2684=ORIENTED_EDGE('',*,*,#2038,.F.);
#2685=ORIENTED_EDGE('',*,*,#2039,.F.);
#2686=ORIENTED_EDGE('',*,*,#2040,.F.);
#2687=ORIENTED_EDGE('',*,*,#2041,.F.);
#2688=ORIENTED_EDGE('',*,*,#2042,.F.);
#2689=ORIENTED_EDGE('',*,*,#2043,.F.);
#2690=ORIENTED_EDGE('',*,*,#2044,.F.);
#2691=ORIENTED_EDGE('',*,*,#2045,.F.);
#2692=ORIENTED_EDGE('',*,*,#2046,.F.);
#2693=ORIENTED_EDGE('',*,*,#2047,.F.);
#2694=ORIENTED_EDGE('',*,*,#2048,.F.);
#2695=ORIENTED_EDGE('',*,*,#2049,.F.);
#2696=ORIENTED_EDGE('',*,*,#2050,.F.);
#2697=ORIENTED_EDGE('',*,*,#2051,.T.);
#2698=ORIENTED_EDGE('',*,*,#2044,.T.);
#2699=ORIENTED_EDGE('',*,*,#2052,.F.);
#2700=ORIENTED_EDGE('',*,*,#2053,.F.);
#2701=ORIENTED_EDGE('',*,*,#2052,.T.);
#2702=ORIENTED_EDGE('',*,*,#2043,.T.);
#2703=ORIENTED_EDGE('',*,*,#2054,.F.);
#2704=ORIENTED_EDGE('',*,*,#2055,.F.);
#2705=ORIENTED_EDGE('',*,*,#2054,.T.);
#2706=ORIENTED_EDGE('',*,*,#2042,.T.);
#2707=ORIENTED_EDGE('',*,*,#2056,.F.);
#2708=ORIENTED_EDGE('',*,*,#2057,.F.);
#2709=ORIENTED_EDGE('',*,*,#2056,.T.);
#2710=ORIENTED_EDGE('',*,*,#2041,.T.);
#2711=ORIENTED_EDGE('',*,*,#2058,.F.);
#2712=ORIENTED_EDGE('',*,*,#2059,.F.);
#2713=ORIENTED_EDGE('',*,*,#2058,.T.);
#2714=ORIENTED_EDGE('',*,*,#2040,.T.);
#2715=ORIENTED_EDGE('',*,*,#2060,.F.);
#2716=ORIENTED_EDGE('',*,*,#2061,.F.);
#2717=ORIENTED_EDGE('',*,*,#2062,.T.);
#2718=ORIENTED_EDGE('',*,*,#2034,.T.);
#2719=ORIENTED_EDGE('',*,*,#2063,.F.);
#2720=ORIENTED_EDGE('',*,*,#2064,.F.);
#2721=ORIENTED_EDGE('',*,*,#2063,.T.);
#2722=ORIENTED_EDGE('',*,*,#2033,.T.);
#2723=ORIENTED_EDGE('',*,*,#2065,.F.);
#2724=ORIENTED_EDGE('',*,*,#2066,.F.);
#2725=ORIENTED_EDGE('',*,*,#2065,.T.);
#2726=ORIENTED_EDGE('',*,*,#2032,.T.);
#2727=ORIENTED_EDGE('',*,*,#2067,.F.);
#2728=ORIENTED_EDGE('',*,*,#2068,.F.);
#2729=ORIENTED_EDGE('',*,*,#2067,.T.);
#2730=ORIENTED_EDGE('',*,*,#2031,.T.);
#2731=ORIENTED_EDGE('',*,*,#2069,.F.);
#2732=ORIENTED_EDGE('',*,*,#2070,.F.);
#2733=ORIENTED_EDGE('',*,*,#2069,.T.);
#2734=ORIENTED_EDGE('',*,*,#2030,.T.);
#2735=ORIENTED_EDGE('',*,*,#2071,.F.);
#2736=ORIENTED_EDGE('',*,*,#2072,.F.);
#2737=ORIENTED_EDGE('',*,*,#2060,.T.);
#2738=ORIENTED_EDGE('',*,*,#2049,.T.);
#2739=ORIENTED_EDGE('',*,*,#2073,.F.);
#2740=ORIENTED_EDGE('',*,*,#2074,.F.);
#2741=ORIENTED_EDGE('',*,*,#2073,.T.);
#2742=ORIENTED_EDGE('',*,*,#2048,.T.);
#2743=ORIENTED_EDGE('',*,*,#2075,.F.);
#2744=ORIENTED_EDGE('',*,*,#2076,.F.);
#2745=ORIENTED_EDGE('',*,*,#2075,.T.);
#2746=ORIENTED_EDGE('',*,*,#2047,.T.);
#2747=ORIENTED_EDGE('',*,*,#2077,.F.);
#2748=ORIENTED_EDGE('',*,*,#2078,.F.);
#2749=ORIENTED_EDGE('',*,*,#2077,.T.);
#2750=ORIENTED_EDGE('',*,*,#2046,.T.);
#2751=ORIENTED_EDGE('',*,*,#2079,.F.);
#2752=ORIENTED_EDGE('',*,*,#2080,.F.);
#2753=ORIENTED_EDGE('',*,*,#2079,.T.);
#2754=ORIENTED_EDGE('',*,*,#2045,.T.);
#2755=ORIENTED_EDGE('',*,*,#2051,.F.);
#2756=ORIENTED_EDGE('',*,*,#2081,.F.);
#2757=ORIENTED_EDGE('',*,*,#2082,.T.);
#2758=ORIENTED_EDGE('',*,*,#2035,.T.);
#2759=ORIENTED_EDGE('',*,*,#2062,.F.);
#2760=ORIENTED_EDGE('',*,*,#2083,.F.);
#2761=ORIENTED_EDGE('',*,*,#2084,.T.);
#2762=ORIENTED_EDGE('',*,*,#2036,.T.);
#2763=ORIENTED_EDGE('',*,*,#2082,.F.);
#2764=ORIENTED_EDGE('',*,*,#2085,.F.);
#2765=ORIENTED_EDGE('',*,*,#2086,.T.);
#2766=ORIENTED_EDGE('',*,*,#2037,.T.);
#2767=ORIENTED_EDGE('',*,*,#2084,.F.);
#2768=ORIENTED_EDGE('',*,*,#2087,.F.);
#2769=ORIENTED_EDGE('',*,*,#2088,.T.);
#2770=ORIENTED_EDGE('',*,*,#2038,.T.);
#2771=ORIENTED_EDGE('',*,*,#2086,.F.);
#2772=ORIENTED_EDGE('',*,*,#2089,.F.);
#2773=ORIENTED_EDGE('',*,*,#2071,.T.);
#2774=ORIENTED_EDGE('',*,*,#2039,.T.);
#2775=ORIENTED_EDGE('',*,*,#2088,.F.);
#2776=ORIENTED_EDGE('',*,*,#2090,.F.);
#2777=ORIENTED_EDGE('',*,*,#2091,.T.);
#2778=ORIENTED_EDGE('',*,*,#2092,.T.);
#2779=ORIENTED_EDGE('',*,*,#2093,.F.);
#2780=ORIENTED_EDGE('',*,*,#2094,.F.);
#2781=ORIENTED_EDGE('',*,*,#2093,.T.);
#2782=ORIENTED_EDGE('',*,*,#2095,.T.);
#2783=ORIENTED_EDGE('',*,*,#2096,.F.);
#2784=ORIENTED_EDGE('',*,*,#2097,.F.);
#2785=ORIENTED_EDGE('',*,*,#2096,.T.);
#2786=ORIENTED_EDGE('',*,*,#2098,.T.);
#2787=ORIENTED_EDGE('',*,*,#2099,.F.);
#2788=ORIENTED_EDGE('',*,*,#2100,.F.);
#2789=ORIENTED_EDGE('',*,*,#2099,.T.);
#2790=ORIENTED_EDGE('',*,*,#2101,.T.);
#2791=ORIENTED_EDGE('',*,*,#2102,.F.);
#2792=ORIENTED_EDGE('',*,*,#2103,.F.);
#2793=ORIENTED_EDGE('',*,*,#2102,.T.);
#2794=ORIENTED_EDGE('',*,*,#2104,.T.);
#2795=ORIENTED_EDGE('',*,*,#2105,.F.);
#2796=ORIENTED_EDGE('',*,*,#2106,.F.);
#2797=ORIENTED_EDGE('',*,*,#2105,.T.);
#2798=ORIENTED_EDGE('',*,*,#2107,.T.);
#2799=ORIENTED_EDGE('',*,*,#2108,.F.);
#2800=ORIENTED_EDGE('',*,*,#2109,.F.);
#2801=ORIENTED_EDGE('',*,*,#2110,.T.);
#2802=ORIENTED_EDGE('',*,*,#2111,.T.);
#2803=ORIENTED_EDGE('',*,*,#2112,.F.);
#2804=ORIENTED_EDGE('',*,*,#2113,.F.);
#2805=ORIENTED_EDGE('',*,*,#2114,.T.);
#2806=ORIENTED_EDGE('',*,*,#2115,.T.);
#2807=ORIENTED_EDGE('',*,*,#2110,.F.);
#2808=ORIENTED_EDGE('',*,*,#2116,.F.);
#2809=ORIENTED_EDGE('',*,*,#2117,.T.);
#2810=ORIENTED_EDGE('',*,*,#2118,.T.);
#2811=ORIENTED_EDGE('',*,*,#2114,.F.);
#2812=ORIENTED_EDGE('',*,*,#2119,.F.);
#2813=ORIENTED_EDGE('',*,*,#2120,.T.);
#2814=ORIENTED_EDGE('',*,*,#2121,.T.);
#2815=ORIENTED_EDGE('',*,*,#2091,.F.);
#2816=ORIENTED_EDGE('',*,*,#2122,.F.);
#2817=ORIENTED_EDGE('',*,*,#2123,.T.);
#2818=ORIENTED_EDGE('',*,*,#2124,.T.);
#2819=ORIENTED_EDGE('',*,*,#2120,.F.);
#2820=ORIENTED_EDGE('',*,*,#2125,.F.);
#2821=ORIENTED_EDGE('',*,*,#2126,.T.);
#2822=ORIENTED_EDGE('',*,*,#2127,.T.);
#2823=ORIENTED_EDGE('',*,*,#2123,.F.);
#2824=ORIENTED_EDGE('',*,*,#2128,.F.);
#2825=ORIENTED_EDGE('',*,*,#2129,.T.);
#2826=ORIENTED_EDGE('',*,*,#2130,.T.);
#2827=ORIENTED_EDGE('',*,*,#2126,.F.);
#2828=ORIENTED_EDGE('',*,*,#2131,.F.);
#2829=ORIENTED_EDGE('',*,*,#2132,.T.);
#2830=ORIENTED_EDGE('',*,*,#2133,.T.);
#2831=ORIENTED_EDGE('',*,*,#2129,.F.);
#2832=ORIENTED_EDGE('',*,*,#2134,.F.);
#2833=ORIENTED_EDGE('',*,*,#2108,.T.);
#2834=ORIENTED_EDGE('',*,*,#2135,.T.);
#2835=ORIENTED_EDGE('',*,*,#2132,.F.);
#2836=ORIENTED_EDGE('',*,*,#2136,.F.);
#2837=ORIENTED_EDGE('',*,*,#2137,.T.);
#2838=ORIENTED_EDGE('',*,*,#2138,.T.);
#2839=ORIENTED_EDGE('',*,*,#2117,.F.);
#2840=ORIENTED_EDGE('',*,*,#2139,.F.);
#2841=ORIENTED_EDGE('',*,*,#2140,.T.);
#2842=ORIENTED_EDGE('',*,*,#2141,.T.);
#2843=ORIENTED_EDGE('',*,*,#2137,.F.);
#2844=ORIENTED_EDGE('',*,*,#2142,.F.);
#2845=ORIENTED_EDGE('',*,*,#2143,.T.);
#2846=ORIENTED_EDGE('',*,*,#2144,.T.);
#2847=ORIENTED_EDGE('',*,*,#2140,.F.);
#2848=ORIENTED_EDGE('',*,*,#2145,.F.);
#2849=ORIENTED_EDGE('',*,*,#2112,.T.);
#2850=ORIENTED_EDGE('',*,*,#2146,.T.);
#2851=ORIENTED_EDGE('',*,*,#2143,.F.);
#2852=ORIENTED_EDGE('',*,*,#2121,.F.);
#2853=ORIENTED_EDGE('',*,*,#2124,.F.);
#2854=ORIENTED_EDGE('',*,*,#2127,.F.);
#2855=ORIENTED_EDGE('',*,*,#2130,.F.);
#2856=ORIENTED_EDGE('',*,*,#2133,.F.);
#2857=ORIENTED_EDGE('',*,*,#2135,.F.);
#2858=ORIENTED_EDGE('',*,*,#2107,.F.);
#2859=ORIENTED_EDGE('',*,*,#2104,.F.);
#2860=ORIENTED_EDGE('',*,*,#2101,.F.);
#2861=ORIENTED_EDGE('',*,*,#2098,.F.);
#2862=ORIENTED_EDGE('',*,*,#2095,.F.);
#2863=ORIENTED_EDGE('',*,*,#2092,.F.);
#2864=ORIENTED_EDGE('',*,*,#2138,.F.);
#2865=ORIENTED_EDGE('',*,*,#2141,.F.);
#2866=ORIENTED_EDGE('',*,*,#2144,.F.);
#2867=ORIENTED_EDGE('',*,*,#2146,.F.);
#2868=ORIENTED_EDGE('',*,*,#2111,.F.);
#2869=ORIENTED_EDGE('',*,*,#2115,.F.);
#2870=ORIENTED_EDGE('',*,*,#2118,.F.);
#2871=ORIENTED_EDGE('',*,*,#2147,.F.);
#2872=ORIENTED_EDGE('',*,*,#2148,.F.);
#2873=ORIENTED_EDGE('',*,*,#2149,.F.);
#2874=ORIENTED_EDGE('',*,*,#2150,.F.);
#2875=ORIENTED_EDGE('',*,*,#2151,.F.);
#2876=ORIENTED_EDGE('',*,*,#2152,.F.);
#2877=ORIENTED_EDGE('',*,*,#2153,.F.);
#2878=ORIENTED_EDGE('',*,*,#2154,.F.);
#2879=ORIENTED_EDGE('',*,*,#2155,.F.);
#2880=ORIENTED_EDGE('',*,*,#2156,.F.);
#2881=ORIENTED_EDGE('',*,*,#2157,.F.);
#2882=ORIENTED_EDGE('',*,*,#2158,.F.);
#2883=ORIENTED_EDGE('',*,*,#2159,.F.);
#2884=ORIENTED_EDGE('',*,*,#2160,.F.);
#2885=ORIENTED_EDGE('',*,*,#2161,.F.);
#2886=ORIENTED_EDGE('',*,*,#2162,.F.);
#2887=ORIENTED_EDGE('',*,*,#2163,.F.);
#2888=ORIENTED_EDGE('',*,*,#2164,.F.);
#2889=ORIENTED_EDGE('',*,*,#2165,.F.);
#2890=ORIENTED_EDGE('',*,*,#2166,.F.);
#2891=ORIENTED_EDGE('',*,*,#2167,.F.);
#2892=ORIENTED_EDGE('',*,*,#2168,.F.);
#2893=ORIENTED_EDGE('',*,*,#2169,.F.);
#2894=ORIENTED_EDGE('',*,*,#2170,.F.);
#2895=ORIENTED_EDGE('',*,*,#2171,.F.);
#2896=ORIENTED_EDGE('',*,*,#2172,.F.);
#2897=ORIENTED_EDGE('',*,*,#2173,.F.);
#2898=ORIENTED_EDGE('',*,*,#2174,.F.);
#2899=ORIENTED_EDGE('',*,*,#2175,.F.);
#2900=ORIENTED_EDGE('',*,*,#2176,.F.);
#2901=ORIENTED_EDGE('',*,*,#2177,.F.);
#2902=ORIENTED_EDGE('',*,*,#2178,.F.);
#2903=ORIENTED_EDGE('',*,*,#2179,.T.);
#2904=ORIENTED_EDGE('',*,*,#2162,.T.);
#2905=ORIENTED_EDGE('',*,*,#2180,.F.);
#2906=ORIENTED_EDGE('',*,*,#2181,.F.);
#2907=ORIENTED_EDGE('',*,*,#2180,.T.);
#2908=ORIENTED_EDGE('',*,*,#2161,.T.);
#2909=ORIENTED_EDGE('',*,*,#2182,.F.);
#2910=ORIENTED_EDGE('',*,*,#2183,.F.);
#2911=ORIENTED_EDGE('',*,*,#2182,.T.);
#2912=ORIENTED_EDGE('',*,*,#2160,.T.);
#2913=ORIENTED_EDGE('',*,*,#2184,.F.);
#2914=ORIENTED_EDGE('',*,*,#2185,.F.);
#2915=ORIENTED_EDGE('',*,*,#2184,.T.);
#2916=ORIENTED_EDGE('',*,*,#2159,.T.);
#2917=ORIENTED_EDGE('',*,*,#2186,.F.);
#2918=ORIENTED_EDGE('',*,*,#2187,.F.);
#2919=ORIENTED_EDGE('',*,*,#2186,.T.);
#2920=ORIENTED_EDGE('',*,*,#2158,.T.);
#2921=ORIENTED_EDGE('',*,*,#2188,.F.);
#2922=ORIENTED_EDGE('',*,*,#2189,.F.);
#2923=ORIENTED_EDGE('',*,*,#2188,.T.);
#2924=ORIENTED_EDGE('',*,*,#2157,.T.);
#2925=ORIENTED_EDGE('',*,*,#2190,.F.);
#2926=ORIENTED_EDGE('',*,*,#2191,.F.);
#2927=ORIENTED_EDGE('',*,*,#2190,.T.);
#2928=ORIENTED_EDGE('',*,*,#2156,.T.);
#2929=ORIENTED_EDGE('',*,*,#2192,.F.);
#2930=ORIENTED_EDGE('',*,*,#2193,.F.);
#2931=ORIENTED_EDGE('',*,*,#2192,.T.);
#2932=ORIENTED_EDGE('',*,*,#2155,.T.);
#2933=ORIENTED_EDGE('',*,*,#2194,.F.);
#2934=ORIENTED_EDGE('',*,*,#2195,.F.);
#2935=ORIENTED_EDGE('',*,*,#2194,.T.);
#2936=ORIENTED_EDGE('',*,*,#2154,.T.);
#2937=ORIENTED_EDGE('',*,*,#2196,.F.);
#2938=ORIENTED_EDGE('',*,*,#2197,.F.);
#2939=ORIENTED_EDGE('',*,*,#2196,.T.);
#2940=ORIENTED_EDGE('',*,*,#2153,.T.);
#2941=ORIENTED_EDGE('',*,*,#2198,.F.);
#2942=ORIENTED_EDGE('',*,*,#2199,.F.);
#2943=ORIENTED_EDGE('',*,*,#2198,.T.);
#2944=ORIENTED_EDGE('',*,*,#2152,.T.);
#2945=ORIENTED_EDGE('',*,*,#2200,.F.);
#2946=ORIENTED_EDGE('',*,*,#2201,.F.);
#2947=ORIENTED_EDGE('',*,*,#2200,.T.);
#2948=ORIENTED_EDGE('',*,*,#2151,.T.);
#2949=ORIENTED_EDGE('',*,*,#2202,.F.);
#2950=ORIENTED_EDGE('',*,*,#2203,.F.);
#2951=ORIENTED_EDGE('',*,*,#2202,.T.);
#2952=ORIENTED_EDGE('',*,*,#2150,.T.);
#2953=ORIENTED_EDGE('',*,*,#2204,.F.);
#2954=ORIENTED_EDGE('',*,*,#2205,.F.);
#2955=ORIENTED_EDGE('',*,*,#2204,.T.);
#2956=ORIENTED_EDGE('',*,*,#2149,.T.);
#2957=ORIENTED_EDGE('',*,*,#2206,.F.);
#2958=ORIENTED_EDGE('',*,*,#2207,.F.);
#2959=ORIENTED_EDGE('',*,*,#2206,.T.);
#2960=ORIENTED_EDGE('',*,*,#2148,.T.);
#2961=ORIENTED_EDGE('',*,*,#2208,.F.);
#2962=ORIENTED_EDGE('',*,*,#2209,.F.);
#2963=ORIENTED_EDGE('',*,*,#2208,.T.);
#2964=ORIENTED_EDGE('',*,*,#2147,.T.);
#2965=ORIENTED_EDGE('',*,*,#2210,.F.);
#2966=ORIENTED_EDGE('',*,*,#2211,.F.);
#2967=ORIENTED_EDGE('',*,*,#2212,.T.);
#2968=ORIENTED_EDGE('',*,*,#2163,.T.);
#2969=ORIENTED_EDGE('',*,*,#2179,.F.);
#2970=ORIENTED_EDGE('',*,*,#2213,.F.);
#2971=ORIENTED_EDGE('',*,*,#2214,.T.);
#2972=ORIENTED_EDGE('',*,*,#2164,.T.);
#2973=ORIENTED_EDGE('',*,*,#2212,.F.);
#2974=ORIENTED_EDGE('',*,*,#2215,.F.);
#2975=ORIENTED_EDGE('',*,*,#2216,.T.);
#2976=ORIENTED_EDGE('',*,*,#2165,.T.);
#2977=ORIENTED_EDGE('',*,*,#2214,.F.);
#2978=ORIENTED_EDGE('',*,*,#2217,.F.);
#2979=ORIENTED_EDGE('',*,*,#2218,.T.);
#2980=ORIENTED_EDGE('',*,*,#2166,.T.);
#2981=ORIENTED_EDGE('',*,*,#2216,.F.);
#2982=ORIENTED_EDGE('',*,*,#2219,.F.);
#2983=ORIENTED_EDGE('',*,*,#2220,.T.);
#2984=ORIENTED_EDGE('',*,*,#2167,.T.);
#2985=ORIENTED_EDGE('',*,*,#2218,.F.);
#2986=ORIENTED_EDGE('',*,*,#2221,.F.);
#2987=ORIENTED_EDGE('',*,*,#2222,.T.);
#2988=ORIENTED_EDGE('',*,*,#2168,.T.);
#2989=ORIENTED_EDGE('',*,*,#2220,.F.);
#2990=ORIENTED_EDGE('',*,*,#2223,.F.);
#2991=ORIENTED_EDGE('',*,*,#2224,.T.);
#2992=ORIENTED_EDGE('',*,*,#2169,.T.);
#2993=ORIENTED_EDGE('',*,*,#2222,.F.);
#2994=ORIENTED_EDGE('',*,*,#2225,.F.);
#2995=ORIENTED_EDGE('',*,*,#2226,.T.);
#2996=ORIENTED_EDGE('',*,*,#2170,.T.);
#2997=ORIENTED_EDGE('',*,*,#2224,.F.);
#2998=ORIENTED_EDGE('',*,*,#2227,.F.);
#2999=ORIENTED_EDGE('',*,*,#2228,.T.);
#3000=ORIENTED_EDGE('',*,*,#2171,.T.);
#3001=ORIENTED_EDGE('',*,*,#2226,.F.);
#3002=ORIENTED_EDGE('',*,*,#2229,.F.);
#3003=ORIENTED_EDGE('',*,*,#2230,.T.);
#3004=ORIENTED_EDGE('',*,*,#2172,.T.);
#3005=ORIENTED_EDGE('',*,*,#2228,.F.);
#3006=ORIENTED_EDGE('',*,*,#2231,.F.);
#3007=ORIENTED_EDGE('',*,*,#2232,.T.);
#3008=ORIENTED_EDGE('',*,*,#2173,.T.);
#3009=ORIENTED_EDGE('',*,*,#2230,.F.);
#3010=ORIENTED_EDGE('',*,*,#2233,.F.);
#3011=ORIENTED_EDGE('',*,*,#2234,.T.);
#3012=ORIENTED_EDGE('',*,*,#2174,.T.);
#3013=ORIENTED_EDGE('',*,*,#2232,.F.);
#3014=ORIENTED_EDGE('',*,*,#2235,.F.);
#3015=ORIENTED_EDGE('',*,*,#2236,.T.);
#3016=ORIENTED_EDGE('',*,*,#2175,.T.);
#3017=ORIENTED_EDGE('',*,*,#2234,.F.);
#3018=ORIENTED_EDGE('',*,*,#2237,.F.);
#3019=ORIENTED_EDGE('',*,*,#2238,.T.);
#3020=ORIENTED_EDGE('',*,*,#2176,.T.);
#3021=ORIENTED_EDGE('',*,*,#2236,.F.);
#3022=ORIENTED_EDGE('',*,*,#2239,.F.);
#3023=ORIENTED_EDGE('',*,*,#2210,.T.);
#3024=ORIENTED_EDGE('',*,*,#2177,.T.);
#3025=ORIENTED_EDGE('',*,*,#2238,.F.);
#3026=ORIENTED_EDGE('',*,*,#2240,.F.);
#3027=ORIENTED_EDGE('',*,*,#2241,.T.);
#3028=ORIENTED_EDGE('',*,*,#2242,.T.);
#3029=ORIENTED_EDGE('',*,*,#2243,.F.);
#3030=ORIENTED_EDGE('',*,*,#2244,.F.);
#3031=ORIENTED_EDGE('',*,*,#2243,.T.);
#3032=ORIENTED_EDGE('',*,*,#2245,.T.);
#3033=ORIENTED_EDGE('',*,*,#2246,.F.);
#3034=ORIENTED_EDGE('',*,*,#2247,.F.);
#3035=ORIENTED_EDGE('',*,*,#2246,.T.);
#3036=ORIENTED_EDGE('',*,*,#2248,.T.);
#3037=ORIENTED_EDGE('',*,*,#2249,.F.);
#3038=ORIENTED_EDGE('',*,*,#2250,.F.);
#3039=ORIENTED_EDGE('',*,*,#2249,.T.);
#3040=ORIENTED_EDGE('',*,*,#2251,.T.);
#3041=ORIENTED_EDGE('',*,*,#2252,.F.);
#3042=ORIENTED_EDGE('',*,*,#2253,.F.);
#3043=ORIENTED_EDGE('',*,*,#2252,.T.);
#3044=ORIENTED_EDGE('',*,*,#2254,.T.);
#3045=ORIENTED_EDGE('',*,*,#2255,.F.);
#3046=ORIENTED_EDGE('',*,*,#2256,.F.);
#3047=ORIENTED_EDGE('',*,*,#2255,.T.);
#3048=ORIENTED_EDGE('',*,*,#2257,.T.);
#3049=ORIENTED_EDGE('',*,*,#2258,.F.);
#3050=ORIENTED_EDGE('',*,*,#2259,.F.);
#3051=ORIENTED_EDGE('',*,*,#2258,.T.);
#3052=ORIENTED_EDGE('',*,*,#2260,.T.);
#3053=ORIENTED_EDGE('',*,*,#2261,.F.);
#3054=ORIENTED_EDGE('',*,*,#2262,.F.);
#3055=ORIENTED_EDGE('',*,*,#2261,.T.);
#3056=ORIENTED_EDGE('',*,*,#2263,.T.);
#3057=ORIENTED_EDGE('',*,*,#2264,.F.);
#3058=ORIENTED_EDGE('',*,*,#2265,.F.);
#3059=ORIENTED_EDGE('',*,*,#2264,.T.);
#3060=ORIENTED_EDGE('',*,*,#2266,.T.);
#3061=ORIENTED_EDGE('',*,*,#2267,.F.);
#3062=ORIENTED_EDGE('',*,*,#2268,.F.);
#3063=ORIENTED_EDGE('',*,*,#2267,.T.);
#3064=ORIENTED_EDGE('',*,*,#2269,.T.);
#3065=ORIENTED_EDGE('',*,*,#2270,.F.);
#3066=ORIENTED_EDGE('',*,*,#2271,.F.);
#3067=ORIENTED_EDGE('',*,*,#2272,.T.);
#3068=ORIENTED_EDGE('',*,*,#2273,.T.);
#3069=ORIENTED_EDGE('',*,*,#2241,.F.);
#3070=ORIENTED_EDGE('',*,*,#2274,.F.);
#3071=ORIENTED_EDGE('',*,*,#2275,.T.);
#3072=ORIENTED_EDGE('',*,*,#2276,.T.);
#3073=ORIENTED_EDGE('',*,*,#2272,.F.);
#3074=ORIENTED_EDGE('',*,*,#2277,.F.);
#3075=ORIENTED_EDGE('',*,*,#2278,.T.);
#3076=ORIENTED_EDGE('',*,*,#2279,.T.);
#3077=ORIENTED_EDGE('',*,*,#2275,.F.);
#3078=ORIENTED_EDGE('',*,*,#2280,.F.);
#3079=ORIENTED_EDGE('',*,*,#2281,.T.);
#3080=ORIENTED_EDGE('',*,*,#2282,.T.);
#3081=ORIENTED_EDGE('',*,*,#2278,.F.);
#3082=ORIENTED_EDGE('',*,*,#2283,.F.);
#3083=ORIENTED_EDGE('',*,*,#2284,.T.);
#3084=ORIENTED_EDGE('',*,*,#2285,.T.);
#3085=ORIENTED_EDGE('',*,*,#2281,.F.);
#3086=ORIENTED_EDGE('',*,*,#2286,.F.);
#3087=ORIENTED_EDGE('',*,*,#2287,.T.);
#3088=ORIENTED_EDGE('',*,*,#2288,.T.);
#3089=ORIENTED_EDGE('',*,*,#2284,.F.);
#3090=ORIENTED_EDGE('',*,*,#2289,.F.);
#3091=ORIENTED_EDGE('',*,*,#2290,.T.);
#3092=ORIENTED_EDGE('',*,*,#2291,.T.);
#3093=ORIENTED_EDGE('',*,*,#2287,.F.);
#3094=ORIENTED_EDGE('',*,*,#2292,.F.);
#3095=ORIENTED_EDGE('',*,*,#2293,.T.);
#3096=ORIENTED_EDGE('',*,*,#2294,.T.);
#3097=ORIENTED_EDGE('',*,*,#2290,.F.);
#3098=ORIENTED_EDGE('',*,*,#2295,.F.);
#3099=ORIENTED_EDGE('',*,*,#2296,.T.);
#3100=ORIENTED_EDGE('',*,*,#2297,.T.);
#3101=ORIENTED_EDGE('',*,*,#2293,.F.);
#3102=ORIENTED_EDGE('',*,*,#2298,.F.);
#3103=ORIENTED_EDGE('',*,*,#2270,.T.);
#3104=ORIENTED_EDGE('',*,*,#2299,.T.);
#3105=ORIENTED_EDGE('',*,*,#2296,.F.);
#3106=ORIENTED_EDGE('',*,*,#2273,.F.);
#3107=ORIENTED_EDGE('',*,*,#2276,.F.);
#3108=ORIENTED_EDGE('',*,*,#2279,.F.);
#3109=ORIENTED_EDGE('',*,*,#2282,.F.);
#3110=ORIENTED_EDGE('',*,*,#2285,.F.);
#3111=ORIENTED_EDGE('',*,*,#2288,.F.);
#3112=ORIENTED_EDGE('',*,*,#2291,.F.);
#3113=ORIENTED_EDGE('',*,*,#2294,.F.);
#3114=ORIENTED_EDGE('',*,*,#2297,.F.);
#3115=ORIENTED_EDGE('',*,*,#2299,.F.);
#3116=ORIENTED_EDGE('',*,*,#2269,.F.);
#3117=ORIENTED_EDGE('',*,*,#2266,.F.);
#3118=ORIENTED_EDGE('',*,*,#2263,.F.);
#3119=ORIENTED_EDGE('',*,*,#2260,.F.);
#3120=ORIENTED_EDGE('',*,*,#2257,.F.);
#3121=ORIENTED_EDGE('',*,*,#2254,.F.);
#3122=ORIENTED_EDGE('',*,*,#2251,.F.);
#3123=ORIENTED_EDGE('',*,*,#2248,.F.);
#3124=ORIENTED_EDGE('',*,*,#2245,.F.);
#3125=ORIENTED_EDGE('',*,*,#2242,.F.);
#3126=ORIENTED_EDGE('',*,*,#2300,.F.);
#3127=ORIENTED_EDGE('',*,*,#2301,.F.);
#3128=ORIENTED_EDGE('',*,*,#2302,.F.);
#3129=ORIENTED_EDGE('',*,*,#2303,.F.);
#3130=ORIENTED_EDGE('',*,*,#2304,.F.);
#3131=ORIENTED_EDGE('',*,*,#2305,.F.);
#3132=ORIENTED_EDGE('',*,*,#2306,.F.);
#3133=ORIENTED_EDGE('',*,*,#2307,.F.);
#3134=ORIENTED_EDGE('',*,*,#2308,.F.);
#3135=ORIENTED_EDGE('',*,*,#2309,.T.);
#3136=ORIENTED_EDGE('',*,*,#2305,.T.);
#3137=ORIENTED_EDGE('',*,*,#2310,.F.);
#3138=ORIENTED_EDGE('',*,*,#2311,.F.);
#3139=ORIENTED_EDGE('',*,*,#2310,.T.);
#3140=ORIENTED_EDGE('',*,*,#2304,.T.);
#3141=ORIENTED_EDGE('',*,*,#2312,.F.);
#3142=ORIENTED_EDGE('',*,*,#2313,.F.);
#3143=ORIENTED_EDGE('',*,*,#2314,.T.);
#3144=ORIENTED_EDGE('',*,*,#2301,.T.);
#3145=ORIENTED_EDGE('',*,*,#2315,.F.);
#3146=ORIENTED_EDGE('',*,*,#2316,.F.);
#3147=ORIENTED_EDGE('',*,*,#2315,.T.);
#3148=ORIENTED_EDGE('',*,*,#2300,.T.);
#3149=ORIENTED_EDGE('',*,*,#2317,.F.);
#3150=ORIENTED_EDGE('',*,*,#2318,.F.);
#3151=ORIENTED_EDGE('',*,*,#2312,.T.);
#3152=ORIENTED_EDGE('',*,*,#2307,.T.);
#3153=ORIENTED_EDGE('',*,*,#2319,.F.);
#3154=ORIENTED_EDGE('',*,*,#2320,.F.);
#3155=ORIENTED_EDGE('',*,*,#2319,.T.);
#3156=ORIENTED_EDGE('',*,*,#2306,.T.);
#3157=ORIENTED_EDGE('',*,*,#2309,.F.);
#3158=ORIENTED_EDGE('',*,*,#2321,.F.);
#3159=ORIENTED_EDGE('',*,*,#2322,.T.);
#3160=ORIENTED_EDGE('',*,*,#2302,.T.);
#3161=ORIENTED_EDGE('',*,*,#2314,.F.);
#3162=ORIENTED_EDGE('',*,*,#2323,.F.);
#3163=ORIENTED_EDGE('',*,*,#2317,.T.);
#3164=ORIENTED_EDGE('',*,*,#2303,.T.);
#3165=ORIENTED_EDGE('',*,*,#2322,.F.);
#3166=ORIENTED_EDGE('',*,*,#2324,.F.);
#3167=ORIENTED_EDGE('',*,*,#2325,.T.);
#3168=ORIENTED_EDGE('',*,*,#2326,.T.);
#3169=ORIENTED_EDGE('',*,*,#2327,.F.);
#3170=ORIENTED_EDGE('',*,*,#2328,.F.);
#3171=ORIENTED_EDGE('',*,*,#2327,.T.);
#3172=ORIENTED_EDGE('',*,*,#2329,.T.);
#3173=ORIENTED_EDGE('',*,*,#2330,.F.);
#3174=ORIENTED_EDGE('',*,*,#2331,.F.);
#3175=ORIENTED_EDGE('',*,*,#2330,.T.);
#3176=ORIENTED_EDGE('',*,*,#2332,.T.);
#3177=ORIENTED_EDGE('',*,*,#2333,.F.);
#3178=ORIENTED_EDGE('',*,*,#2334,.F.);
#3179=ORIENTED_EDGE('',*,*,#2333,.T.);
#3180=ORIENTED_EDGE('',*,*,#2335,.T.);
#3181=ORIENTED_EDGE('',*,*,#2336,.F.);
#3182=ORIENTED_EDGE('',*,*,#2337,.F.);
#3183=ORIENTED_EDGE('',*,*,#2336,.T.);
#3184=ORIENTED_EDGE('',*,*,#2338,.T.);
#3185=ORIENTED_EDGE('',*,*,#2339,.F.);
#3186=ORIENTED_EDGE('',*,*,#2340,.F.);
#3187=ORIENTED_EDGE('',*,*,#2339,.T.);
#3188=ORIENTED_EDGE('',*,*,#2341,.T.);
#3189=ORIENTED_EDGE('',*,*,#2342,.F.);
#3190=ORIENTED_EDGE('',*,*,#2343,.F.);
#3191=ORIENTED_EDGE('',*,*,#2342,.T.);
#3192=ORIENTED_EDGE('',*,*,#2344,.T.);
#3193=ORIENTED_EDGE('',*,*,#2345,.F.);
#3194=ORIENTED_EDGE('',*,*,#2346,.F.);
#3195=ORIENTED_EDGE('',*,*,#2345,.T.);
#3196=ORIENTED_EDGE('',*,*,#2347,.T.);
#3197=ORIENTED_EDGE('',*,*,#2348,.F.);
#3198=ORIENTED_EDGE('',*,*,#2349,.F.);
#3199=ORIENTED_EDGE('',*,*,#2348,.T.);
#3200=ORIENTED_EDGE('',*,*,#2350,.T.);
#3201=ORIENTED_EDGE('',*,*,#2351,.F.);
#3202=ORIENTED_EDGE('',*,*,#2352,.F.);
#3203=ORIENTED_EDGE('',*,*,#2351,.T.);
#3204=ORIENTED_EDGE('',*,*,#2353,.T.);
#3205=ORIENTED_EDGE('',*,*,#2354,.F.);
#3206=ORIENTED_EDGE('',*,*,#2355,.F.);
#3207=ORIENTED_EDGE('',*,*,#2356,.T.);
#3208=ORIENTED_EDGE('',*,*,#2357,.T.);
#3209=ORIENTED_EDGE('',*,*,#2325,.F.);
#3210=ORIENTED_EDGE('',*,*,#2358,.F.);
#3211=ORIENTED_EDGE('',*,*,#2359,.T.);
#3212=ORIENTED_EDGE('',*,*,#2360,.T.);
#3213=ORIENTED_EDGE('',*,*,#2356,.F.);
#3214=ORIENTED_EDGE('',*,*,#2361,.F.);
#3215=ORIENTED_EDGE('',*,*,#2362,.T.);
#3216=ORIENTED_EDGE('',*,*,#2363,.T.);
#3217=ORIENTED_EDGE('',*,*,#2359,.F.);
#3218=ORIENTED_EDGE('',*,*,#2364,.F.);
#3219=ORIENTED_EDGE('',*,*,#2365,.T.);
#3220=ORIENTED_EDGE('',*,*,#2366,.T.);
#3221=ORIENTED_EDGE('',*,*,#2362,.F.);
#3222=ORIENTED_EDGE('',*,*,#2367,.F.);
#3223=ORIENTED_EDGE('',*,*,#2368,.T.);
#3224=ORIENTED_EDGE('',*,*,#2369,.T.);
#3225=ORIENTED_EDGE('',*,*,#2365,.F.);
#3226=ORIENTED_EDGE('',*,*,#2370,.F.);
#3227=ORIENTED_EDGE('',*,*,#2371,.T.);
#3228=ORIENTED_EDGE('',*,*,#2372,.T.);
#3229=ORIENTED_EDGE('',*,*,#2368,.F.);
#3230=ORIENTED_EDGE('',*,*,#2373,.F.);
#3231=ORIENTED_EDGE('',*,*,#2374,.T.);
#3232=ORIENTED_EDGE('',*,*,#2375,.T.);
#3233=ORIENTED_EDGE('',*,*,#2371,.F.);
#3234=ORIENTED_EDGE('',*,*,#2376,.F.);
#3235=ORIENTED_EDGE('',*,*,#2377,.T.);
#3236=ORIENTED_EDGE('',*,*,#2378,.T.);
#3237=ORIENTED_EDGE('',*,*,#2374,.F.);
#3238=ORIENTED_EDGE('',*,*,#2379,.F.);
#3239=ORIENTED_EDGE('',*,*,#2380,.T.);
#3240=ORIENTED_EDGE('',*,*,#2381,.T.);
#3241=ORIENTED_EDGE('',*,*,#2377,.F.);
#3242=ORIENTED_EDGE('',*,*,#2382,.F.);
#3243=ORIENTED_EDGE('',*,*,#2354,.T.);
#3244=ORIENTED_EDGE('',*,*,#2383,.T.);
#3245=ORIENTED_EDGE('',*,*,#2380,.F.);
#3246=ORIENTED_EDGE('',*,*,#2357,.F.);
#3247=ORIENTED_EDGE('',*,*,#2360,.F.);
#3248=ORIENTED_EDGE('',*,*,#2363,.F.);
#3249=ORIENTED_EDGE('',*,*,#2366,.F.);
#3250=ORIENTED_EDGE('',*,*,#2369,.F.);
#3251=ORIENTED_EDGE('',*,*,#2372,.F.);
#3252=ORIENTED_EDGE('',*,*,#2375,.F.);
#3253=ORIENTED_EDGE('',*,*,#2378,.F.);
#3254=ORIENTED_EDGE('',*,*,#2381,.F.);
#3255=ORIENTED_EDGE('',*,*,#2383,.F.);
#3256=ORIENTED_EDGE('',*,*,#2353,.F.);
#3257=ORIENTED_EDGE('',*,*,#2350,.F.);
#3258=ORIENTED_EDGE('',*,*,#2347,.F.);
#3259=ORIENTED_EDGE('',*,*,#2344,.F.);
#3260=ORIENTED_EDGE('',*,*,#2341,.F.);
#3261=ORIENTED_EDGE('',*,*,#2338,.F.);
#3262=ORIENTED_EDGE('',*,*,#2335,.F.);
#3263=ORIENTED_EDGE('',*,*,#2332,.F.);
#3264=ORIENTED_EDGE('',*,*,#2329,.F.);
#3265=ORIENTED_EDGE('',*,*,#2326,.F.);
#3266=ORIENTED_EDGE('',*,*,#2384,.F.);
#3267=ORIENTED_EDGE('',*,*,#2385,.F.);
#3268=ORIENTED_EDGE('',*,*,#2386,.F.);
#3269=ORIENTED_EDGE('',*,*,#2387,.F.);
#3270=ORIENTED_EDGE('',*,*,#2388,.F.);
#3271=ORIENTED_EDGE('',*,*,#2389,.F.);
#3272=ORIENTED_EDGE('',*,*,#2390,.F.);
#3273=ORIENTED_EDGE('',*,*,#2391,.F.);
#3274=ORIENTED_EDGE('',*,*,#2392,.F.);
#3275=ORIENTED_EDGE('',*,*,#2393,.F.);
#3276=ORIENTED_EDGE('',*,*,#2394,.F.);
#3277=ORIENTED_EDGE('',*,*,#2395,.F.);
#3278=ORIENTED_EDGE('',*,*,#2396,.F.);
#3279=ORIENTED_EDGE('',*,*,#2397,.F.);
#3280=ORIENTED_EDGE('',*,*,#2398,.F.);
#3281=ORIENTED_EDGE('',*,*,#2399,.F.);
#3282=ORIENTED_EDGE('',*,*,#2400,.F.);
#3283=ORIENTED_EDGE('',*,*,#2401,.F.);
#3284=ORIENTED_EDGE('',*,*,#2402,.F.);
#3285=ORIENTED_EDGE('',*,*,#2403,.F.);
#3286=ORIENTED_EDGE('',*,*,#2404,.F.);
#3287=ORIENTED_EDGE('',*,*,#2405,.F.);
#3288=ORIENTED_EDGE('',*,*,#2406,.F.);
#3289=ORIENTED_EDGE('',*,*,#2407,.F.);
#3290=ORIENTED_EDGE('',*,*,#2408,.F.);
#3291=ORIENTED_EDGE('',*,*,#2409,.F.);
#3292=ORIENTED_EDGE('',*,*,#2410,.T.);
#3293=ORIENTED_EDGE('',*,*,#2411,.T.);
#3294=ORIENTED_EDGE('',*,*,#2412,.F.);
#3295=ORIENTED_EDGE('',*,*,#2413,.T.);
#3296=ORIENTED_EDGE('',*,*,#2414,.F.);
#3297=ORIENTED_EDGE('',*,*,#2415,.F.);
#3298=ORIENTED_EDGE('',*,*,#2416,.F.);
#3299=ORIENTED_EDGE('',*,*,#2417,.F.);
#3300=ORIENTED_EDGE('',*,*,#2418,.F.);
#3301=ORIENTED_EDGE('',*,*,#2419,.F.);
#3302=ORIENTED_EDGE('',*,*,#2420,.F.);
#3303=ORIENTED_EDGE('',*,*,#2421,.F.);
#3304=ORIENTED_EDGE('',*,*,#2422,.F.);
#3305=ORIENTED_EDGE('',*,*,#2423,.F.);
#3306=ORIENTED_EDGE('',*,*,#1976,.T.);
#3307=ORIENTED_EDGE('',*,*,#1980,.T.);
#3308=ORIENTED_EDGE('',*,*,#1983,.T.);
#3309=ORIENTED_EDGE('',*,*,#1986,.T.);
#3310=ORIENTED_EDGE('',*,*,#1989,.T.);
#3311=ORIENTED_EDGE('',*,*,#1992,.T.);
#3312=ORIENTED_EDGE('',*,*,#1995,.T.);
#3313=ORIENTED_EDGE('',*,*,#1998,.T.);
#3314=ORIENTED_EDGE('',*,*,#2001,.T.);
#3315=ORIENTED_EDGE('',*,*,#2028,.T.);
#3316=ORIENTED_EDGE('',*,*,#2025,.T.);
#3317=ORIENTED_EDGE('',*,*,#2022,.T.);
#3318=ORIENTED_EDGE('',*,*,#2019,.T.);
#3319=ORIENTED_EDGE('',*,*,#2016,.T.);
#3320=ORIENTED_EDGE('',*,*,#2013,.T.);
#3321=ORIENTED_EDGE('',*,*,#2010,.T.);
#3322=ORIENTED_EDGE('',*,*,#2007,.T.);
#3323=ORIENTED_EDGE('',*,*,#2004,.T.);
#3324=ORIENTED_EDGE('',*,*,#2061,.T.);
#3325=ORIENTED_EDGE('',*,*,#2064,.T.);
#3326=ORIENTED_EDGE('',*,*,#2066,.T.);
#3327=ORIENTED_EDGE('',*,*,#2068,.T.);
#3328=ORIENTED_EDGE('',*,*,#2070,.T.);
#3329=ORIENTED_EDGE('',*,*,#2089,.T.);
#3330=ORIENTED_EDGE('',*,*,#2087,.T.);
#3331=ORIENTED_EDGE('',*,*,#2085,.T.);
#3332=ORIENTED_EDGE('',*,*,#2083,.T.);
#3333=ORIENTED_EDGE('',*,*,#2081,.T.);
#3334=ORIENTED_EDGE('',*,*,#2090,.T.);
#3335=ORIENTED_EDGE('',*,*,#2094,.T.);
#3336=ORIENTED_EDGE('',*,*,#2097,.T.);
#3337=ORIENTED_EDGE('',*,*,#2100,.T.);
#3338=ORIENTED_EDGE('',*,*,#2103,.T.);
#3339=ORIENTED_EDGE('',*,*,#2106,.T.);
#3340=ORIENTED_EDGE('',*,*,#2134,.T.);
#3341=ORIENTED_EDGE('',*,*,#2131,.T.);
#3342=ORIENTED_EDGE('',*,*,#2128,.T.);
#3343=ORIENTED_EDGE('',*,*,#2125,.T.);
#3344=ORIENTED_EDGE('',*,*,#2122,.T.);
#3345=ORIENTED_EDGE('',*,*,#2119,.T.);
#3346=ORIENTED_EDGE('',*,*,#2178,.T.);
#3347=ORIENTED_EDGE('',*,*,#2181,.T.);
#3348=ORIENTED_EDGE('',*,*,#2183,.T.);
#3349=ORIENTED_EDGE('',*,*,#2185,.T.);
#3350=ORIENTED_EDGE('',*,*,#2187,.T.);
#3351=ORIENTED_EDGE('',*,*,#2189,.T.);
#3352=ORIENTED_EDGE('',*,*,#2191,.T.);
#3353=ORIENTED_EDGE('',*,*,#2193,.T.);
#3354=ORIENTED_EDGE('',*,*,#2195,.T.);
#3355=ORIENTED_EDGE('',*,*,#2197,.T.);
#3356=ORIENTED_EDGE('',*,*,#2199,.T.);
#3357=ORIENTED_EDGE('',*,*,#2201,.T.);
#3358=ORIENTED_EDGE('',*,*,#2203,.T.);
#3359=ORIENTED_EDGE('',*,*,#2205,.T.);
#3360=ORIENTED_EDGE('',*,*,#2207,.T.);
#3361=ORIENTED_EDGE('',*,*,#2209,.T.);
#3362=ORIENTED_EDGE('',*,*,#2239,.T.);
#3363=ORIENTED_EDGE('',*,*,#2237,.T.);
#3364=ORIENTED_EDGE('',*,*,#2235,.T.);
#3365=ORIENTED_EDGE('',*,*,#2233,.T.);
#3366=ORIENTED_EDGE('',*,*,#2231,.T.);
#3367=ORIENTED_EDGE('',*,*,#2229,.T.);
#3368=ORIENTED_EDGE('',*,*,#2227,.T.);
#3369=ORIENTED_EDGE('',*,*,#2225,.T.);
#3370=ORIENTED_EDGE('',*,*,#2223,.T.);
#3371=ORIENTED_EDGE('',*,*,#2221,.T.);
#3372=ORIENTED_EDGE('',*,*,#2219,.T.);
#3373=ORIENTED_EDGE('',*,*,#2217,.T.);
#3374=ORIENTED_EDGE('',*,*,#2215,.T.);
#3375=ORIENTED_EDGE('',*,*,#2213,.T.);
#3376=ORIENTED_EDGE('',*,*,#2211,.T.);
#3377=ORIENTED_EDGE('',*,*,#2240,.T.);
#3378=ORIENTED_EDGE('',*,*,#2244,.T.);
#3379=ORIENTED_EDGE('',*,*,#2247,.T.);
#3380=ORIENTED_EDGE('',*,*,#2250,.T.);
#3381=ORIENTED_EDGE('',*,*,#2253,.T.);
#3382=ORIENTED_EDGE('',*,*,#2256,.T.);
#3383=ORIENTED_EDGE('',*,*,#2259,.T.);
#3384=ORIENTED_EDGE('',*,*,#2262,.T.);
#3385=ORIENTED_EDGE('',*,*,#2265,.T.);
#3386=ORIENTED_EDGE('',*,*,#2268,.T.);
#3387=ORIENTED_EDGE('',*,*,#2298,.T.);
#3388=ORIENTED_EDGE('',*,*,#2295,.T.);
#3389=ORIENTED_EDGE('',*,*,#2292,.T.);
#3390=ORIENTED_EDGE('',*,*,#2289,.T.);
#3391=ORIENTED_EDGE('',*,*,#2286,.T.);
#3392=ORIENTED_EDGE('',*,*,#2283,.T.);
#3393=ORIENTED_EDGE('',*,*,#2280,.T.);
#3394=ORIENTED_EDGE('',*,*,#2277,.T.);
#3395=ORIENTED_EDGE('',*,*,#2274,.T.);
#3396=ORIENTED_EDGE('',*,*,#2271,.T.);
#3397=ORIENTED_EDGE('',*,*,#2313,.T.);
#3398=ORIENTED_EDGE('',*,*,#2316,.T.);
#3399=ORIENTED_EDGE('',*,*,#2323,.T.);
#3400=ORIENTED_EDGE('',*,*,#2321,.T.);
#3401=ORIENTED_EDGE('',*,*,#2324,.T.);
#3402=ORIENTED_EDGE('',*,*,#2328,.T.);
#3403=ORIENTED_EDGE('',*,*,#2331,.T.);
#3404=ORIENTED_EDGE('',*,*,#2334,.T.);
#3405=ORIENTED_EDGE('',*,*,#2337,.T.);
#3406=ORIENTED_EDGE('',*,*,#2340,.T.);
#3407=ORIENTED_EDGE('',*,*,#2343,.T.);
#3408=ORIENTED_EDGE('',*,*,#2346,.T.);
#3409=ORIENTED_EDGE('',*,*,#2349,.T.);
#3410=ORIENTED_EDGE('',*,*,#2352,.T.);
#3411=ORIENTED_EDGE('',*,*,#2382,.T.);
#3412=ORIENTED_EDGE('',*,*,#2379,.T.);
#3413=ORIENTED_EDGE('',*,*,#2376,.T.);
#3414=ORIENTED_EDGE('',*,*,#2373,.T.);
#3415=ORIENTED_EDGE('',*,*,#2370,.T.);
#3416=ORIENTED_EDGE('',*,*,#2367,.T.);
#3417=ORIENTED_EDGE('',*,*,#2364,.T.);
#3418=ORIENTED_EDGE('',*,*,#2361,.T.);
#3419=ORIENTED_EDGE('',*,*,#2358,.T.);
#3420=ORIENTED_EDGE('',*,*,#2355,.T.);
#3421=ORIENTED_EDGE('',*,*,#2424,.T.);
#3422=ORIENTED_EDGE('',*,*,#2425,.T.);
#3423=ORIENTED_EDGE('',*,*,#2109,.T.);
#3424=ORIENTED_EDGE('',*,*,#2145,.T.);
#3425=ORIENTED_EDGE('',*,*,#2142,.T.);
#3426=ORIENTED_EDGE('',*,*,#2139,.T.);
#3427=ORIENTED_EDGE('',*,*,#2136,.T.);
#3428=ORIENTED_EDGE('',*,*,#2116,.T.);
#3429=ORIENTED_EDGE('',*,*,#2113,.T.);
#3430=ORIENTED_EDGE('',*,*,#2308,.T.);
#3431=ORIENTED_EDGE('',*,*,#2311,.T.);
#3432=ORIENTED_EDGE('',*,*,#2318,.T.);
#3433=ORIENTED_EDGE('',*,*,#2320,.T.);
#3434=ORIENTED_EDGE('',*,*,#1968,.T.);
#3435=ORIENTED_EDGE('',*,*,#1971,.T.);
#3436=ORIENTED_EDGE('',*,*,#1975,.T.);
#3437=ORIENTED_EDGE('',*,*,#1973,.T.);
#3438=ORIENTED_EDGE('',*,*,#2422,.T.);
#3439=ORIENTED_EDGE('',*,*,#2426,.T.);
#3440=ORIENTED_EDGE('',*,*,#2427,.T.);
#3441=ORIENTED_EDGE('',*,*,#2428,.T.);
#3442=ORIENTED_EDGE('',*,*,#2426,.F.);
#3443=ORIENTED_EDGE('',*,*,#2421,.T.);
#3444=ORIENTED_EDGE('',*,*,#2429,.T.);
#3445=ORIENTED_EDGE('',*,*,#2430,.T.);
#3446=ORIENTED_EDGE('',*,*,#2386,.T.);
#3447=ORIENTED_EDGE('',*,*,#2431,.T.);
#3448=ORIENTED_EDGE('',*,*,#2432,.T.);
#3449=ORIENTED_EDGE('',*,*,#2433,.T.);
#3450=ORIENTED_EDGE('',*,*,#2431,.F.);
#3451=ORIENTED_EDGE('',*,*,#2385,.T.);
#3452=ORIENTED_EDGE('',*,*,#2434,.F.);
#3453=ORIENTED_EDGE('',*,*,#2435,.T.);
#3454=ORIENTED_EDGE('',*,*,#2436,.F.);
#3455=ORIENTED_EDGE('',*,*,#2437,.F.);
#3456=ORIENTED_EDGE('',*,*,#2438,.F.);
#3457=ORIENTED_EDGE('',*,*,#2400,.T.);
#3458=ORIENTED_EDGE('',*,*,#2439,.T.);
#3459=ORIENTED_EDGE('',*,*,#2440,.T.);
#3460=ORIENTED_EDGE('',*,*,#2441,.T.);
#3461=ORIENTED_EDGE('',*,*,#2439,.F.);
#3462=ORIENTED_EDGE('',*,*,#2399,.T.);
#3463=ORIENTED_EDGE('',*,*,#2442,.F.);
#3464=ORIENTED_EDGE('',*,*,#2443,.T.);
#3465=ORIENTED_EDGE('',*,*,#2444,.F.);
#3466=ORIENTED_EDGE('',*,*,#2445,.F.);
#3467=ORIENTED_EDGE('',*,*,#2446,.F.);
#3468=ORIENTED_EDGE('',*,*,#2396,.T.);
#3469=ORIENTED_EDGE('',*,*,#2447,.T.);
#3470=ORIENTED_EDGE('',*,*,#2448,.T.);
#3471=ORIENTED_EDGE('',*,*,#2449,.T.);
#3472=ORIENTED_EDGE('',*,*,#2447,.F.);
#3473=ORIENTED_EDGE('',*,*,#2395,.T.);
#3474=ORIENTED_EDGE('',*,*,#2450,.T.);
#3475=ORIENTED_EDGE('',*,*,#2451,.T.);
#3476=ORIENTED_EDGE('',*,*,#2452,.T.);
#3477=ORIENTED_EDGE('',*,*,#2453,.T.);
#3478=ORIENTED_EDGE('',*,*,#2454,.T.);
#3479=ORIENTED_EDGE('',*,*,#2444,.T.);
#3480=ORIENTED_EDGE('',*,*,#2454,.F.);
#3481=ORIENTED_EDGE('',*,*,#2455,.F.);
#3482=ORIENTED_EDGE('',*,*,#2456,.F.);
#3483=ORIENTED_EDGE('',*,*,#2457,.F.);
#3484=ORIENTED_EDGE('',*,*,#2458,.F.);
#3485=ORIENTED_EDGE('',*,*,#2445,.T.);
#3486=ORIENTED_EDGE('',*,*,#2453,.F.);
#3487=ORIENTED_EDGE('',*,*,#2459,.T.);
#3488=ORIENTED_EDGE('',*,*,#2460,.F.);
#3489=ORIENTED_EDGE('',*,*,#2455,.T.);
#3490=ORIENTED_EDGE('',*,*,#2456,.T.);
#3491=ORIENTED_EDGE('',*,*,#2460,.T.);
#3492=ORIENTED_EDGE('',*,*,#2461,.T.);
#3493=ORIENTED_EDGE('',*,*,#2462,.T.);
#3494=ORIENTED_EDGE('',*,*,#2463,.T.);
#3495=ORIENTED_EDGE('',*,*,#2464,.T.);
#3496=ORIENTED_EDGE('',*,*,#2465,.T.);
#3497=ORIENTED_EDGE('',*,*,#2466,.T.);
#3498=ORIENTED_EDGE('',*,*,#2464,.F.);
#3499=ORIENTED_EDGE('',*,*,#2467,.T.);
#3500=ORIENTED_EDGE('',*,*,#2468,.F.);
#3501=ORIENTED_EDGE('',*,*,#2469,.T.);
#3502=ORIENTED_EDGE('',*,*,#2463,.F.);
#3503=ORIENTED_EDGE('',*,*,#2470,.F.);
#3504=ORIENTED_EDGE('',*,*,#2471,.F.);
#3505=ORIENTED_EDGE('',*,*,#2437,.T.);
#3506=ORIENTED_EDGE('',*,*,#2472,.F.);
#3507=ORIENTED_EDGE('',*,*,#2467,.F.);
#3508=ORIENTED_EDGE('',*,*,#2473,.T.);
#3509=ORIENTED_EDGE('',*,*,#2468,.T.);
#3510=ORIENTED_EDGE('',*,*,#2472,.T.);
#3511=ORIENTED_EDGE('',*,*,#2436,.T.);
#3512=ORIENTED_EDGE('',*,*,#2474,.T.);
#3513=ORIENTED_EDGE('',*,*,#2475,.T.);
#3514=ORIENTED_EDGE('',*,*,#2434,.T.);
#3515=ORIENTED_EDGE('',*,*,#2384,.T.);
#3516=ORIENTED_EDGE('',*,*,#2428,.F.);
#3517=ORIENTED_EDGE('',*,*,#2476,.F.);
#3518=ORIENTED_EDGE('',*,*,#2470,.T.);
#3519=ORIENTED_EDGE('',*,*,#2466,.F.);
#3520=ORIENTED_EDGE('',*,*,#2477,.F.);
#3521=ORIENTED_EDGE('',*,*,#2474,.F.);
#3522=ORIENTED_EDGE('',*,*,#2423,.T.);
#3523=ORIENTED_EDGE('',*,*,#2050,.T.);
#3524=ORIENTED_EDGE('',*,*,#2053,.T.);
#3525=ORIENTED_EDGE('',*,*,#2055,.T.);
#3526=ORIENTED_EDGE('',*,*,#2057,.T.);
#3527=ORIENTED_EDGE('',*,*,#2059,.T.);
#3528=ORIENTED_EDGE('',*,*,#2072,.T.);
#3529=ORIENTED_EDGE('',*,*,#2074,.T.);
#3530=ORIENTED_EDGE('',*,*,#2076,.T.);
#3531=ORIENTED_EDGE('',*,*,#2078,.T.);
#3532=ORIENTED_EDGE('',*,*,#2080,.T.);
#3533=ORIENTED_EDGE('',*,*,#2478,.T.);
#3534=ORIENTED_EDGE('',*,*,#2479,.T.);
#3535=ORIENTED_EDGE('',*,*,#2442,.T.);
#3536=ORIENTED_EDGE('',*,*,#2398,.T.);
#3537=ORIENTED_EDGE('',*,*,#2452,.F.);
#3538=ORIENTED_EDGE('',*,*,#2443,.F.);
#3539=ORIENTED_EDGE('',*,*,#2479,.F.);
#3540=ORIENTED_EDGE('',*,*,#2480,.T.);
#3541=ORIENTED_EDGE('',*,*,#2461,.F.);
#3542=ORIENTED_EDGE('',*,*,#2459,.F.);
#3543=ORIENTED_EDGE('',*,*,#2429,.F.);
#3544=ORIENTED_EDGE('',*,*,#2420,.T.);
#3545=ORIENTED_EDGE('',*,*,#2481,.T.);
#3546=ORIENTED_EDGE('',*,*,#2482,.F.);
#3547=ORIENTED_EDGE('',*,*,#2433,.F.);
#3548=ORIENTED_EDGE('',*,*,#2483,.T.);
#3549=ORIENTED_EDGE('',*,*,#2484,.T.);
#3550=ORIENTED_EDGE('',*,*,#2387,.T.);
#3551=ORIENTED_EDGE('',*,*,#2484,.F.);
#3552=ORIENTED_EDGE('',*,*,#2485,.F.);
#3553=ORIENTED_EDGE('',*,*,#2486,.F.);
#3554=ORIENTED_EDGE('',*,*,#2388,.T.);
#3555=ORIENTED_EDGE('',*,*,#2430,.F.);
#3556=ORIENTED_EDGE('',*,*,#2482,.T.);
#3557=ORIENTED_EDGE('',*,*,#2487,.T.);
#3558=ORIENTED_EDGE('',*,*,#2488,.F.);
#3559=ORIENTED_EDGE('',*,*,#2489,.T.);
#3560=ORIENTED_EDGE('',*,*,#2490,.F.);
#3561=ORIENTED_EDGE('',*,*,#2491,.T.);
#3562=ORIENTED_EDGE('',*,*,#2492,.T.);
#3563=ORIENTED_EDGE('',*,*,#2493,.F.);
#3564=ORIENTED_EDGE('',*,*,#2494,.F.);
#3565=ORIENTED_EDGE('',*,*,#2495,.T.);
#3566=ORIENTED_EDGE('',*,*,#2496,.T.);
#3567=ORIENTED_EDGE('',*,*,#2497,.F.);
#3568=ORIENTED_EDGE('',*,*,#2498,.F.);
#3569=ORIENTED_EDGE('',*,*,#2499,.T.);
#3570=ORIENTED_EDGE('',*,*,#2500,.F.);
#3571=ORIENTED_EDGE('',*,*,#2501,.T.);
#3572=ORIENTED_EDGE('',*,*,#2502,.F.);
#3573=ORIENTED_EDGE('',*,*,#2503,.T.);
#3574=ORIENTED_EDGE('',*,*,#2504,.T.);
#3575=ORIENTED_EDGE('',*,*,#2505,.F.);
#3576=ORIENTED_EDGE('',*,*,#2440,.F.);
#3577=ORIENTED_EDGE('',*,*,#2446,.T.);
#3578=ORIENTED_EDGE('',*,*,#2458,.T.);
#3579=ORIENTED_EDGE('',*,*,#2506,.T.);
#3580=ORIENTED_EDGE('',*,*,#2448,.F.);
#3581=ORIENTED_EDGE('',*,*,#2451,.F.);
#3582=ORIENTED_EDGE('',*,*,#2507,.T.);
#3583=ORIENTED_EDGE('',*,*,#2508,.T.);
#3584=ORIENTED_EDGE('',*,*,#2509,.F.);
#3585=ORIENTED_EDGE('',*,*,#2510,.T.);
#3586=ORIENTED_EDGE('',*,*,#2511,.F.);
#3587=ORIENTED_EDGE('',*,*,#2512,.T.);
#3588=ORIENTED_EDGE('',*,*,#2485,.T.);
#3589=ORIENTED_EDGE('',*,*,#2483,.F.);
#3590=ORIENTED_EDGE('',*,*,#2432,.F.);
#3591=ORIENTED_EDGE('',*,*,#2438,.T.);
#3592=ORIENTED_EDGE('',*,*,#2471,.T.);
#3593=ORIENTED_EDGE('',*,*,#2476,.T.);
#3594=ORIENTED_EDGE('',*,*,#2427,.F.);
#3595=ORIENTED_EDGE('',*,*,#2513,.F.);
#3596=ORIENTED_EDGE('',*,*,#2514,.F.);
#3597=ORIENTED_EDGE('',*,*,#2441,.F.);
#3598=ORIENTED_EDGE('',*,*,#2505,.T.);
#3599=ORIENTED_EDGE('',*,*,#2515,.T.);
#3600=ORIENTED_EDGE('',*,*,#2401,.T.);
#3601=ORIENTED_EDGE('',*,*,#2490,.T.);
#3602=ORIENTED_EDGE('',*,*,#2516,.T.);
#3603=ORIENTED_EDGE('',*,*,#2416,.T.);
#3604=ORIENTED_EDGE('',*,*,#2517,.T.);
#3605=ORIENTED_EDGE('',*,*,#2517,.F.);
#3606=ORIENTED_EDGE('',*,*,#2415,.T.);
#3607=ORIENTED_EDGE('',*,*,#2518,.F.);
#3608=ORIENTED_EDGE('',*,*,#2491,.F.);
#3609=ORIENTED_EDGE('',*,*,#2492,.F.);
#3610=ORIENTED_EDGE('',*,*,#2518,.T.);
#3611=ORIENTED_EDGE('',*,*,#2414,.T.);
#3612=ORIENTED_EDGE('',*,*,#2519,.F.);
#3613=ORIENTED_EDGE('',*,*,#2520,.T.);
#3614=ORIENTED_EDGE('',*,*,#2521,.T.);
#3615=ORIENTED_EDGE('',*,*,#2520,.F.);
#3616=ORIENTED_EDGE('',*,*,#2522,.T.);
#3617=ORIENTED_EDGE('',*,*,#2523,.F.);
#3618=ORIENTED_EDGE('',*,*,#2524,.T.);
#3619=ORIENTED_EDGE('',*,*,#2412,.T.);
#3620=ORIENTED_EDGE('',*,*,#2525,.T.);
#3621=ORIENTED_EDGE('',*,*,#2494,.T.);
#3622=ORIENTED_EDGE('',*,*,#2526,.F.);
#3623=ORIENTED_EDGE('',*,*,#2527,.T.);
#3624=ORIENTED_EDGE('',*,*,#2528,.T.);
#3625=ORIENTED_EDGE('',*,*,#2527,.F.);
#3626=ORIENTED_EDGE('',*,*,#2529,.F.);
#3627=ORIENTED_EDGE('',*,*,#2530,.F.);
#3628=ORIENTED_EDGE('',*,*,#2531,.F.);
#3629=ORIENTED_EDGE('',*,*,#2532,.F.);
#3630=ORIENTED_EDGE('',*,*,#2533,.T.);
#3631=ORIENTED_EDGE('',*,*,#2534,.T.);
#3632=ORIENTED_EDGE('',*,*,#2496,.F.);
#3633=ORIENTED_EDGE('',*,*,#2535,.T.);
#3634=ORIENTED_EDGE('',*,*,#2410,.F.);
#3635=ORIENTED_EDGE('',*,*,#2525,.F.);
#3636=ORIENTED_EDGE('',*,*,#2411,.F.);
#3637=ORIENTED_EDGE('',*,*,#2535,.F.);
#3638=ORIENTED_EDGE('',*,*,#2495,.F.);
#3639=ORIENTED_EDGE('',*,*,#2536,.F.);
#3640=ORIENTED_EDGE('',*,*,#2537,.T.);
#3641=ORIENTED_EDGE('',*,*,#2538,.F.);
#3642=ORIENTED_EDGE('',*,*,#2539,.T.);
#3643=ORIENTED_EDGE('',*,*,#2408,.T.);
#3644=ORIENTED_EDGE('',*,*,#2540,.T.);
#3645=ORIENTED_EDGE('',*,*,#2498,.T.);
#3646=ORIENTED_EDGE('',*,*,#2541,.F.);
#3647=ORIENTED_EDGE('',*,*,#2536,.T.);
#3648=ORIENTED_EDGE('',*,*,#2542,.T.);
#3649=ORIENTED_EDGE('',*,*,#2540,.F.);
#3650=ORIENTED_EDGE('',*,*,#2407,.T.);
#3651=ORIENTED_EDGE('',*,*,#2543,.F.);
#3652=ORIENTED_EDGE('',*,*,#2499,.F.);
#3653=ORIENTED_EDGE('',*,*,#2500,.T.);
#3654=ORIENTED_EDGE('',*,*,#2543,.T.);
#3655=ORIENTED_EDGE('',*,*,#2406,.T.);
#3656=ORIENTED_EDGE('',*,*,#2544,.T.);
#3657=ORIENTED_EDGE('',*,*,#2544,.F.);
#3658=ORIENTED_EDGE('',*,*,#2405,.T.);
#3659=ORIENTED_EDGE('',*,*,#2545,.F.);
#3660=ORIENTED_EDGE('',*,*,#2501,.F.);
#3661=ORIENTED_EDGE('',*,*,#2488,.T.);
#3662=ORIENTED_EDGE('',*,*,#2546,.T.);
#3663=ORIENTED_EDGE('',*,*,#2418,.T.);
#3664=ORIENTED_EDGE('',*,*,#2547,.T.);
#3665=ORIENTED_EDGE('',*,*,#2516,.F.);
#3666=ORIENTED_EDGE('',*,*,#2489,.F.);
#3667=ORIENTED_EDGE('',*,*,#2547,.F.);
#3668=ORIENTED_EDGE('',*,*,#2417,.T.);
#3669=ORIENTED_EDGE('',*,*,#2502,.T.);
#3670=ORIENTED_EDGE('',*,*,#2545,.T.);
#3671=ORIENTED_EDGE('',*,*,#2404,.T.);
#3672=ORIENTED_EDGE('',*,*,#2548,.T.);
#3673=ORIENTED_EDGE('',*,*,#2511,.T.);
#3674=ORIENTED_EDGE('',*,*,#2549,.T.);
#3675=ORIENTED_EDGE('',*,*,#2390,.T.);
#3676=ORIENTED_EDGE('',*,*,#2550,.T.);
#3677=ORIENTED_EDGE('',*,*,#2550,.F.);
#3678=ORIENTED_EDGE('',*,*,#2389,.T.);
#3679=ORIENTED_EDGE('',*,*,#2486,.T.);
#3680=ORIENTED_EDGE('',*,*,#2512,.F.);
#3681=ORIENTED_EDGE('',*,*,#2509,.T.);
#3682=ORIENTED_EDGE('',*,*,#2551,.T.);
#3683=ORIENTED_EDGE('',*,*,#2392,.T.);
#3684=ORIENTED_EDGE('',*,*,#2552,.T.);
#3685=ORIENTED_EDGE('',*,*,#2551,.F.);
#3686=ORIENTED_EDGE('',*,*,#2508,.F.);
#3687=ORIENTED_EDGE('',*,*,#2553,.F.);
#3688=ORIENTED_EDGE('',*,*,#2393,.T.);
#3689=ORIENTED_EDGE('',*,*,#2554,.F.);
#3690=ORIENTED_EDGE('',*,*,#2522,.F.);
#3691=ORIENTED_EDGE('',*,*,#2519,.T.);
#3692=ORIENTED_EDGE('',*,*,#2413,.F.);
#3693=ORIENTED_EDGE('',*,*,#2528,.F.);
#3694=ORIENTED_EDGE('',*,*,#2531,.T.);
#3695=ORIENTED_EDGE('',*,*,#2555,.T.);
#3696=ORIENTED_EDGE('',*,*,#2556,.T.);
#3697=ORIENTED_EDGE('',*,*,#2523,.T.);
#3698=ORIENTED_EDGE('',*,*,#2554,.T.);
#3699=ORIENTED_EDGE('',*,*,#2530,.T.);
#3700=ORIENTED_EDGE('',*,*,#2556,.F.);
#3701=ORIENTED_EDGE('',*,*,#2529,.T.);
#3702=ORIENTED_EDGE('',*,*,#2526,.T.);
#3703=ORIENTED_EDGE('',*,*,#2493,.T.);
#3704=ORIENTED_EDGE('',*,*,#2521,.F.);
#3705=ORIENTED_EDGE('',*,*,#2524,.F.);
#3706=ORIENTED_EDGE('',*,*,#2557,.F.);
#3707=ORIENTED_EDGE('',*,*,#2558,.F.);
#3708=ORIENTED_EDGE('',*,*,#2537,.F.);
#3709=ORIENTED_EDGE('',*,*,#2541,.T.);
#3710=ORIENTED_EDGE('',*,*,#2497,.T.);
#3711=ORIENTED_EDGE('',*,*,#2534,.F.);
#3712=ORIENTED_EDGE('',*,*,#2559,.T.);
#3713=ORIENTED_EDGE('',*,*,#2560,.F.);
#3714=ORIENTED_EDGE('',*,*,#2561,.T.);
#3715=ORIENTED_EDGE('',*,*,#2538,.T.);
#3716=ORIENTED_EDGE('',*,*,#2558,.T.);
#3717=ORIENTED_EDGE('',*,*,#2562,.T.);
#3718=ORIENTED_EDGE('',*,*,#2513,.T.);
#3719=ORIENTED_EDGE('',*,*,#2514,.T.);
#3720=ORIENTED_EDGE('',*,*,#2425,.F.);
#3721=ORIENTED_EDGE('',*,*,#2424,.F.);
#3722=ORIENTED_EDGE('',*,*,#2557,.T.);
#3723=ORIENTED_EDGE('',*,*,#2560,.T.);
#3724=ORIENTED_EDGE('',*,*,#2555,.F.);
#3725=ORIENTED_EDGE('',*,*,#2563,.F.);
#3726=ORIENTED_EDGE('',*,*,#2533,.F.);
#3727=ORIENTED_EDGE('',*,*,#2564,.F.);
#3728=ORIENTED_EDGE('',*,*,#2562,.F.);
#3729=ORIENTED_EDGE('',*,*,#2559,.F.);
#3730=ORIENTED_EDGE('',*,*,#2561,.F.);
#3731=ORIENTED_EDGE('',*,*,#2564,.T.);
#3732=ORIENTED_EDGE('',*,*,#2532,.T.);
#3733=ORIENTED_EDGE('',*,*,#2409,.T.);
#3734=ORIENTED_EDGE('',*,*,#2542,.F.);
#3735=ORIENTED_EDGE('',*,*,#2539,.F.);
#3736=ORIENTED_EDGE('',*,*,#2563,.T.);
#3737=ORIENTED_EDGE('',*,*,#2515,.F.);
#3738=ORIENTED_EDGE('',*,*,#2504,.F.);
#3739=ORIENTED_EDGE('',*,*,#2565,.F.);
#3740=ORIENTED_EDGE('',*,*,#2402,.T.);
#3741=ORIENTED_EDGE('',*,*,#2548,.F.);
#3742=ORIENTED_EDGE('',*,*,#2403,.T.);
#3743=ORIENTED_EDGE('',*,*,#2565,.T.);
#3744=ORIENTED_EDGE('',*,*,#2503,.F.);
#3745=ORIENTED_EDGE('',*,*,#2546,.F.);
#3746=ORIENTED_EDGE('',*,*,#2487,.F.);
#3747=ORIENTED_EDGE('',*,*,#2481,.F.);
#3748=ORIENTED_EDGE('',*,*,#2419,.T.);
#3749=ORIENTED_EDGE('',*,*,#2465,.F.);
#3750=ORIENTED_EDGE('',*,*,#2469,.F.);
#3751=ORIENTED_EDGE('',*,*,#2473,.F.);
#3752=ORIENTED_EDGE('',*,*,#2435,.F.);
#3753=ORIENTED_EDGE('',*,*,#2475,.F.);
#3754=ORIENTED_EDGE('',*,*,#2477,.T.);
#3755=ORIENTED_EDGE('',*,*,#2549,.F.);
#3756=ORIENTED_EDGE('',*,*,#2510,.F.);
#3757=ORIENTED_EDGE('',*,*,#2552,.F.);
#3758=ORIENTED_EDGE('',*,*,#2391,.T.);
#3759=ORIENTED_EDGE('',*,*,#2450,.F.);
#3760=ORIENTED_EDGE('',*,*,#2394,.T.);
#3761=ORIENTED_EDGE('',*,*,#2553,.T.);
#3762=ORIENTED_EDGE('',*,*,#2507,.F.);
#3763=ORIENTED_EDGE('',*,*,#2449,.F.);
#3764=ORIENTED_EDGE('',*,*,#2506,.F.);
#3765=ORIENTED_EDGE('',*,*,#2457,.T.);
#3766=ORIENTED_EDGE('',*,*,#2462,.F.);
#3767=ORIENTED_EDGE('',*,*,#2480,.F.);
#3768=ORIENTED_EDGE('',*,*,#2478,.F.);
#3769=ORIENTED_EDGE('',*,*,#2397,.T.);
#3770=PLANE('',#4091);
#3771=PLANE('',#4092);
#3772=PLANE('',#4093);
#3773=PLANE('',#4094);
#3774=PLANE('',#4095);
#3775=PLANE('',#4096);
#3776=PLANE('',#4097);
#3777=PLANE('',#4098);
#3778=PLANE('',#4099);
#3779=PLANE('',#4100);
#3780=PLANE('',#4101);
#3781=PLANE('',#4102);
#3782=PLANE('',#4103);
#3783=PLANE('',#4104);
#3784=PLANE('',#4105);
#3785=PLANE('',#4106);
#3786=PLANE('',#4107);
#3787=PLANE('',#4108);
#3788=PLANE('',#4109);
#3789=PLANE('',#4110);
#3790=PLANE('',#4111);
#3791=PLANE('',#4112);
#3792=PLANE('',#4113);
#3793=PLANE('',#4114);
#3794=PLANE('',#4115);
#3795=PLANE('',#4116);
#3796=PLANE('',#4117);
#3797=PLANE('',#4118);
#3798=PLANE('',#4119);
#3799=PLANE('',#4120);
#3800=PLANE('',#4121);
#3801=PLANE('',#4122);
#3802=PLANE('',#4123);
#3803=PLANE('',#4126);
#3804=PLANE('',#4127);
#3805=PLANE('',#4128);
#3806=PLANE('',#4129);
#3807=PLANE('',#4130);
#3808=PLANE('',#4131);
#3809=PLANE('',#4132);
#3810=PLANE('',#4133);
#3811=PLANE('',#4136);
#3812=PLANE('',#4137);
#3813=PLANE('',#4138);
#3814=PLANE('',#4139);
#3815=PLANE('',#4140);
#3816=PLANE('',#4141);
#3817=PLANE('',#4142);
#3818=PLANE('',#4143);
#3819=PLANE('',#4164);
#3820=PLANE('',#4165);
#3821=PLANE('',#4172);
#3822=PLANE('',#4176);
#3823=PLANE('',#4185);
#3824=PLANE('',#4187);
#3825=PLANE('',#4193);
#3826=PLANE('',#4194);
#3827=PLANE('',#4200);
#3828=PLANE('',#4201);
#3829=PLANE('',#4204);
#3830=PLANE('',#4205);
#3831=PLANE('',#4208);
#3832=PLANE('',#4209);
#3833=PLANE('',#4225);
#3834=PLANE('',#4229);
#3835=PLANE('',#4233);
#3836=PLANE('',#4237);
#3837=PLANE('',#4238);
#3838=PLANE('',#4242);
#3839=PLANE('',#4244);
#3840=PLANE('',#4246);
#3841=PLANE('',#4249);
#3842=PLANE('',#4251);
#3843=PLANE('',#4252);
#3844=PLANE('',#4257);
#3845=PLANE('',#4259);
#3846=PLANE('',#4273);
#3847=PLANE('',#4274);
#3848=PLANE('',#4275);
#3849=PLANE('',#4276);
#3850=PLANE('',#4277);
#3851=PLANE('',#4278);
#3852=PLANE('',#4279);
#3853=PLANE('',#4280);
#3854=PLANE('',#4281);
#3855=STYLED_ITEM('',(#7299),#3864);
#3856=STYLED_ITEM('',(#7299),#3887);
#3857=STYLED_ITEM('',(#7299),#3888);
#3858=STYLED_ITEM('',(#7299),#3928);
#3859=STYLED_ITEM('',(#7299),#3929);
#3860=STYLED_ITEM('',(#7299),#3981);
#3861=STYLED_ITEM('',(#7299),#3982);
#3862=STYLED_ITEM('',(#7299),#4011);
#3863=STYLED_ITEM('',(#7299),#13);
#3864=ADVANCED_FACE('',(#435),#3770,.T.);
#3865=ADVANCED_FACE('',(#436),#3771,.F.);
#3866=ADVANCED_FACE('',(#437),#3772,.F.);
#3867=ADVANCED_FACE('',(#438),#3773,.F.);
#3868=ADVANCED_FACE('',(#439),#3774,.F.);
#3869=ADVANCED_FACE('',(#440),#335,.F.);
#3870=ADVANCED_FACE('',(#441),#336,.F.);
#3871=ADVANCED_FACE('',(#442),#337,.F.);
#3872=ADVANCED_FACE('',(#443),#338,.F.);
#3873=ADVANCED_FACE('',(#444),#3775,.F.);
#3874=ADVANCED_FACE('',(#445),#339,.F.);
#3875=ADVANCED_FACE('',(#446),#340,.F.);
#3876=ADVANCED_FACE('',(#447),#341,.F.);
#3877=ADVANCED_FACE('',(#448),#342,.F.);
#3878=ADVANCED_FACE('',(#449),#343,.F.);
#3879=ADVANCED_FACE('',(#450),#344,.F.);
#3880=ADVANCED_FACE('',(#451),#345,.F.);
#3881=ADVANCED_FACE('',(#452),#346,.F.);
#3882=ADVANCED_FACE('',(#453),#3776,.F.);
#3883=ADVANCED_FACE('',(#454),#347,.F.);
#3884=ADVANCED_FACE('',(#455),#348,.F.);
#3885=ADVANCED_FACE('',(#456),#349,.F.);
#3886=ADVANCED_FACE('',(#457),#350,.F.);
#3887=ADVANCED_FACE('',(#458),#3777,.T.);
#3888=ADVANCED_FACE('',(#459,#120),#3778,.T.);
#3889=ADVANCED_FACE('',(#460),#3779,.T.);
#3890=ADVANCED_FACE('',(#461),#351,.T.);
#3891=ADVANCED_FACE('',(#462),#352,.T.);
#3892=ADVANCED_FACE('',(#463),#353,.T.);
#3893=ADVANCED_FACE('',(#464),#354,.T.);
#3894=ADVANCED_FACE('',(#465),#355,.F.);
#3895=ADVANCED_FACE('',(#466),#356,.F.);
#3896=ADVANCED_FACE('',(#467),#357,.F.);
#3897=ADVANCED_FACE('',(#468),#358,.F.);
#3898=ADVANCED_FACE('',(#469),#3780,.F.);
#3899=ADVANCED_FACE('',(#470),#3781,.T.);
#3900=ADVANCED_FACE('',(#471),#359,.T.);
#3901=ADVANCED_FACE('',(#472),#360,.T.);
#3902=ADVANCED_FACE('',(#473),#361,.T.);
#3903=ADVANCED_FACE('',(#474),#362,.T.);
#3904=ADVANCED_FACE('',(#475),#3782,.F.);
#3905=ADVANCED_FACE('',(#476),#363,.F.);
#3906=ADVANCED_FACE('',(#477),#364,.F.);
#3907=ADVANCED_FACE('',(#478),#365,.F.);
#3908=ADVANCED_FACE('',(#479),#366,.F.);
#3909=ADVANCED_FACE('',(#480),#3783,.F.);
#3910=ADVANCED_FACE('',(#481),#367,.F.);
#3911=ADVANCED_FACE('',(#482),#368,.F.);
#3912=ADVANCED_FACE('',(#483),#369,.F.);
#3913=ADVANCED_FACE('',(#484),#370,.F.);
#3914=ADVANCED_FACE('',(#485),#3784,.F.);
#3915=ADVANCED_FACE('',(#486),#371,.T.);
#3916=ADVANCED_FACE('',(#487),#372,.T.);
#3917=ADVANCED_FACE('',(#488),#373,.T.);
#3918=ADVANCED_FACE('',(#489),#3785,.F.);
#3919=ADVANCED_FACE('',(#490),#3786,.F.);
#3920=ADVANCED_FACE('',(#491),#3787,.F.);
#3921=ADVANCED_FACE('',(#492),#3788,.F.);
#3922=ADVANCED_FACE('',(#493),#3789,.F.);
#3923=ADVANCED_FACE('',(#494),#3790,.F.);
#3924=ADVANCED_FACE('',(#495),#3791,.T.);
#3925=ADVANCED_FACE('',(#496),#3792,.T.);
#3926=ADVANCED_FACE('',(#497),#3793,.T.);
#3927=ADVANCED_FACE('',(#498),#374,.T.);
#3928=ADVANCED_FACE('',(#499,#121),#3794,.T.);
#3929=ADVANCED_FACE('',(#500),#3795,.T.);
#3930=ADVANCED_FACE('',(#501),#375,.F.);
#3931=ADVANCED_FACE('',(#502),#376,.F.);
#3932=ADVANCED_FACE('',(#503),#377,.F.);
#3933=ADVANCED_FACE('',(#504),#378,.F.);
#3934=ADVANCED_FACE('',(#505),#379,.F.);
#3935=ADVANCED_FACE('',(#506),#380,.F.);
#3936=ADVANCED_FACE('',(#507),#3796,.F.);
#3937=ADVANCED_FACE('',(#508),#3797,.F.);
#3938=ADVANCED_FACE('',(#509),#3798,.F.);
#3939=ADVANCED_FACE('',(#510),#381,.F.);
#3940=ADVANCED_FACE('',(#511),#382,.F.);
#3941=ADVANCED_FACE('',(#512),#383,.F.);
#3942=ADVANCED_FACE('',(#513),#384,.F.);
#3943=ADVANCED_FACE('',(#514),#385,.F.);
#3944=ADVANCED_FACE('',(#515),#386,.F.);
#3945=ADVANCED_FACE('',(#516),#3799,.F.);
#3946=ADVANCED_FACE('',(#517),#3800,.F.);
#3947=ADVANCED_FACE('',(#518),#3801,.F.);
#3948=ADVANCED_FACE('',(#519),#3802,.F.);
#3949=ADVANCED_FACE('',(#520),#387,.F.);
#3950=ADVANCED_FACE('',(#521),#388,.F.);
#3951=ADVANCED_FACE('',(#522),#389,.F.);
#3952=ADVANCED_FACE('',(#523),#390,.F.);
#3953=ADVANCED_FACE('',(#524),#391,.F.);
#3954=ADVANCED_FACE('',(#525),#392,.F.);
#3955=ADVANCED_FACE('',(#526),#393,.F.);
#3956=ADVANCED_FACE('',(#527),#394,.F.);
#3957=ADVANCED_FACE('',(#528),#395,.F.);
#3958=ADVANCED_FACE('',(#529),#396,.F.);
#3959=ADVANCED_FACE('',(#530),#397,.F.);
#3960=ADVANCED_FACE('',(#531),#398,.F.);
#3961=ADVANCED_FACE('',(#532),#399,.F.);
#3962=ADVANCED_FACE('',(#533),#400,.F.);
#3963=ADVANCED_FACE('',(#534),#401,.F.);
#3964=ADVANCED_FACE('',(#535),#402,.F.);
#3965=ADVANCED_FACE('',(#536),#403,.F.);
#3966=ADVANCED_FACE('',(#537),#404,.F.);
#3967=ADVANCED_FACE('',(#538),#3803,.F.);
#3968=ADVANCED_FACE('',(#539),#405,.F.);
#3969=ADVANCED_FACE('',(#540),#3804,.F.);
#3970=ADVANCED_FACE('',(#541),#3805,.F.);
#3971=ADVANCED_FACE('',(#542),#3806,.F.);
#3972=ADVANCED_FACE('',(#543),#406,.F.);
#3973=ADVANCED_FACE('',(#544),#407,.F.);
#3974=ADVANCED_FACE('',(#545),#408,.F.);
#3975=ADVANCED_FACE('',(#546),#409,.F.);
#3976=ADVANCED_FACE('',(#547),#410,.F.);
#3977=ADVANCED_FACE('',(#548),#411,.F.);
#3978=ADVANCED_FACE('',(#549),#412,.F.);
#3979=ADVANCED_FACE('',(#550),#3807,.F.);
#3980=ADVANCED_FACE('',(#551),#3808,.F.);
#3981=ADVANCED_FACE('',(#552),#3809,.T.);
#3982=ADVANCED_FACE('',(#553,#122),#3810,.T.);
#3983=ADVANCED_FACE('',(#554),#413,.T.);
#3984=ADVANCED_FACE('',(#555),#414,.T.);
#3985=ADVANCED_FACE('',(#556),#415,.F.);
#3986=ADVANCED_FACE('',(#557),#416,.F.);
#3987=ADVANCED_FACE('',(#558),#417,.T.);
#3988=ADVANCED_FACE('',(#559),#418,.T.);
#3989=ADVANCED_FACE('',(#560),#419,.F.);
#3990=ADVANCED_FACE('',(#561),#420,.F.);
#3991=ADVANCED_FACE('',(#562),#421,.F.);
#3992=ADVANCED_FACE('',(#563),#422,.F.);
#3993=ADVANCED_FACE('',(#564),#423,.F.);
#3994=ADVANCED_FACE('',(#565),#424,.F.);
#3995=ADVANCED_FACE('',(#566),#425,.F.);
#3996=ADVANCED_FACE('',(#567),#426,.F.);
#3997=ADVANCED_FACE('',(#568),#3811,.F.);
#3998=ADVANCED_FACE('',(#569),#427,.F.);
#3999=ADVANCED_FACE('',(#570),#3812,.F.);
#4000=ADVANCED_FACE('',(#571),#3813,.F.);
#4001=ADVANCED_FACE('',(#572),#3814,.F.);
#4002=ADVANCED_FACE('',(#573),#428,.F.);
#4003=ADVANCED_FACE('',(#574),#429,.F.);
#4004=ADVANCED_FACE('',(#575),#430,.F.);
#4005=ADVANCED_FACE('',(#576),#431,.F.);
#4006=ADVANCED_FACE('',(#577),#432,.F.);
#4007=ADVANCED_FACE('',(#578),#433,.F.);
#4008=ADVANCED_FACE('',(#579),#434,.F.);
#4009=ADVANCED_FACE('',(#580),#3815,.F.);
#4010=ADVANCED_FACE('',(#581),#3816,.F.);
#4011=ADVANCED_FACE('',(#582),#3817,.T.);
#4012=ADVANCED_FACE('',(#583,#123,#124,#125,#126,#127,#128,#129,#130,#131),
#3818,.T.);
#4013=ADVANCED_FACE('',(#584),#3819,.T.);
#4014=ADVANCED_FACE('',(#585,#132),#3820,.T.);
#4015=ADVANCED_FACE('',(#586),#30,.F.);
#4016=ADVANCED_FACE('',(#587),#31,.T.);
#4017=ADVANCED_FACE('',(#588),#32,.F.);
#4018=ADVANCED_FACE('',(#589),#3821,.T.);
#4019=ADVANCED_FACE('',(#590),#33,.F.);
#4020=ADVANCED_FACE('',(#591),#3822,.T.);
#4021=ADVANCED_FACE('',(#592),#34,.F.);
#4022=ADVANCED_FACE('',(#593),#35,.T.);
#4023=ADVANCED_FACE('',(#594),#36,.T.);
#4024=ADVANCED_FACE('',(#595),#3823,.T.);
#4025=ADVANCED_FACE('',(#596),#3824,.F.);
#4026=ADVANCED_FACE('',(#597),#37,.T.);
#4027=ADVANCED_FACE('',(#598),#38,.T.);
#4028=ADVANCED_FACE('',(#599),#3825,.F.);
#4029=ADVANCED_FACE('',(#600),#3826,.T.);
#4030=ADVANCED_FACE('',(#601),#39,.T.);
#4031=ADVANCED_FACE('',(#602),#40,.T.);
#4032=ADVANCED_FACE('',(#603),#3827,.T.);
#4033=ADVANCED_FACE('',(#604),#3828,.T.);
#4034=ADVANCED_FACE('',(#605),#41,.T.);
#4035=ADVANCED_FACE('',(#606),#3829,.T.);
#4036=ADVANCED_FACE('',(#607),#3830,.T.);
#4037=ADVANCED_FACE('',(#608),#42,.T.);
#4038=ADVANCED_FACE('',(#609),#3831,.T.);
#4039=ADVANCED_FACE('',(#610,#133,#134),#3832,.F.);
#4040=ADVANCED_FACE('',(#611),#43,.T.);
#4041=ADVANCED_FACE('',(#612),#44,.T.);
#4042=ADVANCED_FACE('',(#613),#3833,.T.);
#4043=ADVANCED_FACE('',(#614),#45,.F.);
#4044=ADVANCED_FACE('',(#615),#3834,.T.);
#4045=ADVANCED_FACE('',(#616),#46,.F.);
#4046=ADVANCED_FACE('',(#617),#3835,.F.);
#4047=ADVANCED_FACE('',(#618),#47,.F.);
#4048=ADVANCED_FACE('',(#619),#3836,.F.);
#4049=ADVANCED_FACE('',(#620),#3837,.F.);
#4050=ADVANCED_FACE('',(#621),#48,.F.);
#4051=ADVANCED_FACE('',(#622),#3838,.T.);
#4052=ADVANCED_FACE('',(#623),#49,.T.);
#4053=ADVANCED_FACE('',(#624),#3839,.T.);
#4054=ADVANCED_FACE('',(#625),#50,.T.);
#4055=ADVANCED_FACE('',(#626),#3840,.T.);
#4056=ADVANCED_FACE('',(#627),#51,.T.);
#4057=ADVANCED_FACE('',(#628),#52,.T.);
#4058=ADVANCED_FACE('',(#629),#3841,.T.);
#4059=ADVANCED_FACE('',(#630),#53,.T.);
#4060=ADVANCED_FACE('',(#631),#3842,.T.);
#4061=ADVANCED_FACE('',(#632,#135),#3843,.T.);
#4062=ADVANCED_FACE('',(#633),#54,.T.);
#4063=ADVANCED_FACE('',(#634,#136),#3844,.T.);
#4064=ADVANCED_FACE('',(#635,#137),#3845,.T.);
#4065=ADVANCED_FACE('',(#636),#55,.T.);
#4066=ADVANCED_FACE('',(#637),#14,.F.);
#4067=ADVANCED_FACE('',(#638),#15,.F.);
#4068=ADVANCED_FACE('',(#639),#16,.T.);
#4069=ADVANCED_FACE('',(#640),#17,.T.);
#4070=ADVANCED_FACE('',(#641),#18,.F.);
#4071=ADVANCED_FACE('',(#642),#19,.F.);
#4072=ADVANCED_FACE('',(#643),#20,.T.);
#4073=ADVANCED_FACE('',(#644),#21,.T.);
#4074=ADVANCED_FACE('',(#645),#3846,.F.);
#4075=ADVANCED_FACE('',(#646,#138),#3847,.T.);
#4076=ADVANCED_FACE('',(#647),#3848,.T.);
#4077=ADVANCED_FACE('',(#648),#3849,.T.);
#4078=ADVANCED_FACE('',(#649),#3850,.T.);
#4079=ADVANCED_FACE('',(#650),#3851,.T.);
#4080=ADVANCED_FACE('',(#651),#3852,.T.);
#4081=ADVANCED_FACE('',(#652),#3853,.T.);
#4082=ADVANCED_FACE('',(#653),#3854,.T.);
#4083=CLOSED_SHELL('',(#3864,#3865,#3866,#3867,#3868,#3869,#3870,#3871,
#3872,#3873,#3874,#3875,#3876,#3877,#3878,#3879,#3880,#3881,#3882,#3883,
#3884,#3885,#3886,#3887,#3888,#3889,#3890,#3891,#3892,#3893,#3894,#3895,
#3896,#3897,#3898,#3899,#3900,#3901,#3902,#3903,#3904,#3905,#3906,#3907,
#3908,#3909,#3910,#3911,#3912,#3913,#3914,#3915,#3916,#3917,#3918,#3919,
#3920,#3921,#3922,#3923,#3924,#3925,#3926,#3927,#3928,#3929,#3930,#3931,
#3932,#3933,#3934,#3935,#3936,#3937,#3938,#3939,#3940,#3941,#3942,#3943,
#3944,#3945,#3946,#3947,#3948,#3949,#3950,#3951,#3952,#3953,#3954,#3955,
#3956,#3957,#3958,#3959,#3960,#3961,#3962,#3963,#3964,#3965,#3966,#3967,
#3968,#3969,#3970,#3971,#3972,#3973,#3974,#3975,#3976,#3977,#3978,#3979,
#3980,#3981,#3982,#3983,#3984,#3985,#3986,#3987,#3988,#3989,#3990,#3991,
#3992,#3993,#3994,#3995,#3996,#3997,#3998,#3999,#4000,#4001,#4002,#4003,
#4004,#4005,#4006,#4007,#4008,#4009,#4010,#4011,#4012,#4013,#4014,#4015,
#4016,#4017,#4018,#4019,#4020,#4021,#4022,#4023,#4024,#4025,#4026,#4027,
#4028,#4029,#4030,#4031,#4032,#4033,#4034,#4035,#4036,#4037,#4038,#4039,
#4040,#4041,#4042,#4043,#4044,#4045,#4046,#4047,#4048,#4049,#4050,#4051,
#4052,#4053,#4054,#4055,#4056,#4057,#4058,#4059,#4060,#4061,#4062,#4063,
#4064,#4065,#4066,#4067,#4068,#4069,#4070,#4071,#4072,#4073,#4074,#4075,
#4076,#4077,#4078,#4079,#4080,#4081,#4082));
#4084=DATE_TIME_ROLE('creation_date');
#4085=APPLIED_DATE_AND_TIME_ASSIGNMENT(#4086,#4084,(#7292));
#4086=DATE_AND_TIME(#4087,#4088);
#4087=CALENDAR_DATE(2021,25,7);
#4088=LOCAL_TIME(15,0,0.,#4089);
#4089=COORDINATED_UNIVERSAL_TIME_OFFSET(0,0,.BEHIND.);
#4090=AXIS2_PLACEMENT_3D('placement',#5000,#4282,#4283);
#4091=AXIS2_PLACEMENT_3D('',#5001,#4284,#4285);
#4092=AXIS2_PLACEMENT_3D('',#5010,#4290,#4291);
#4093=AXIS2_PLACEMENT_3D('',#5016,#4295,#4296);
#4094=AXIS2_PLACEMENT_3D('',#5020,#4299,#4300);
#4095=AXIS2_PLACEMENT_3D('',#5024,#4303,#4304);
#4096=AXIS2_PLACEMENT_3D('',#5093,#4311,#4312);
#4097=AXIS2_PLACEMENT_3D('',#5227,#4324,#4325);
#4098=AXIS2_PLACEMENT_3D('',#5294,#4332,#4333);
#4099=AXIS2_PLACEMENT_3D('',#5295,#4334,#4335);
#4100=AXIS2_PLACEMENT_3D('',#5388,#4340,#4341);
#4101=AXIS2_PLACEMENT_3D('',#5484,#4354,#4355);
#4102=AXIS2_PLACEMENT_3D('',#5488,#4358,#4359);
#4103=AXIS2_PLACEMENT_3D('',#5534,#4365,#4366);
#4104=AXIS2_PLACEMENT_3D('',#5580,#4372,#4373);
#4105=AXIS2_PLACEMENT_3D('',#5653,#4382,#4383);
#4106=AXIS2_PLACEMENT_3D('',#5710,#4391,#4392);
#4107=AXIS2_PLACEMENT_3D('',#5716,#4396,#4397);
#4108=AXIS2_PLACEMENT_3D('',#5722,#4401,#4402);
#4109=AXIS2_PLACEMENT_3D('',#5728,#4406,#4407);
#4110=AXIS2_PLACEMENT_3D('',#5734,#4411,#4412);
#4111=AXIS2_PLACEMENT_3D('',#5740,#4416,#4417);
#4112=AXIS2_PLACEMENT_3D('',#5743,#4420,#4421);
#4113=AXIS2_PLACEMENT_3D('',#5749,#4425,#4426);
#4114=AXIS2_PLACEMENT_3D('',#5755,#4430,#4431);
#4115=AXIS2_PLACEMENT_3D('',#5774,#4435,#4436);
#4116=AXIS2_PLACEMENT_3D('',#5775,#4437,#4438);
#4117=AXIS2_PLACEMENT_3D('',#5982,#4453,#4454);
#4118=AXIS2_PLACEMENT_3D('',#5986,#4457,#4458);
#4119=AXIS2_PLACEMENT_3D('',#5990,#4461,#4462);
#4120=AXIS2_PLACEMENT_3D('',#6060,#4471,#4472);
#4121=AXIS2_PLACEMENT_3D('',#6064,#4475,#4476);
#4122=AXIS2_PLACEMENT_3D('',#6068,#4479,#4480);
#4123=AXIS2_PLACEMENT_3D('',#6072,#4483,#4484);
#4124=AXIS2_PLACEMENT_3D('',#6298,#4504,#4505);
#4125=AXIS2_PLACEMENT_3D('',#6300,#4506,#4507);
#4126=AXIS2_PLACEMENT_3D('',#6302,#4509,#4510);
#4127=AXIS2_PLACEMENT_3D('',#6324,#4515,#4516);
#4128=AXIS2_PLACEMENT_3D('',#6330,#4520,#4521);
#4129=AXIS2_PLACEMENT_3D('',#6336,#4525,#4526);
#4130=AXIS2_PLACEMENT_3D('',#6454,#4537,#4538);
#4131=AXIS2_PLACEMENT_3D('',#6460,#4542,#4543);
#4132=AXIS2_PLACEMENT_3D('',#6463,#4546,#4547);
#4133=AXIS2_PLACEMENT_3D('',#6464,#4548,#4549);
#4134=AXIS2_PLACEMENT_3D('',#6733,#4564,#4565);
#4135=AXIS2_PLACEMENT_3D('',#6735,#4566,#4567);
#4136=AXIS2_PLACEMENT_3D('',#6737,#4569,#4570);
#4137=AXIS2_PLACEMENT_3D('',#6759,#4575,#4576);
#4138=AXIS2_PLACEMENT_3D('',#6765,#4580,#4581);
#4139=AXIS2_PLACEMENT_3D('',#6771,#4585,#4586);
#4140=AXIS2_PLACEMENT_3D('',#6891,#4597,#4598);
#4141=AXIS2_PLACEMENT_3D('',#6897,#4602,#4603);
#4142=AXIS2_PLACEMENT_3D('',#6900,#4606,#4607);
#4143=AXIS2_PLACEMENT_3D('',#6901,#4608,#4609);
#4144=AXIS2_PLACEMENT_3D('',#6908,#4612,#4613);
#4145=AXIS2_PLACEMENT_3D('',#6910,#4614,#4615);
#4146=AXIS2_PLACEMENT_3D('',#6916,#4618,#4619);
#4147=AXIS2_PLACEMENT_3D('',#6920,#4621,#4622);
#4148=AXIS2_PLACEMENT_3D('',#6926,#4625,#4626);
#4149=AXIS2_PLACEMENT_3D('',#6928,#4627,#4628);
#4150=AXIS2_PLACEMENT_3D('',#6936,#4632,#4633);
#4151=AXIS2_PLACEMENT_3D('',#6938,#4634,#4635);
#4152=AXIS2_PLACEMENT_3D('',#6944,#4638,#4639);
#4153=AXIS2_PLACEMENT_3D('',#6948,#4641,#4642);
#4154=AXIS2_PLACEMENT_3D('',#6952,#4644,#4645);
#4155=AXIS2_PLACEMENT_3D('',#6956,#4647,#4648);
#4156=AXIS2_PLACEMENT_3D('',#6960,#4650,#4651);
#4157=AXIS2_PLACEMENT_3D('',#6964,#4653,#4654);
#4158=AXIS2_PLACEMENT_3D('',#6968,#4656,#4657);
#4159=AXIS2_PLACEMENT_3D('',#6972,#4659,#4660);
#4160=AXIS2_PLACEMENT_3D('',#6978,#4663,#4664);
#4161=AXIS2_PLACEMENT_3D('',#6980,#4665,#4666);
#4162=AXIS2_PLACEMENT_3D('',#6983,#4668,#4669);
#4163=AXIS2_PLACEMENT_3D('',#6985,#4670,#4671);
#4164=AXIS2_PLACEMENT_3D('',#6986,#4672,#4673);
#4165=AXIS2_PLACEMENT_3D('',#6987,#4674,#4675);
#4166=AXIS2_PLACEMENT_3D('',#6988,#4676,#4677);
#4167=AXIS2_PLACEMENT_3D('',#6992,#4679,#4680);
#4168=AXIS2_PLACEMENT_3D('',#6994,#4682,#4683);
#4169=AXIS2_PLACEMENT_3D('',#6997,#4685,#4686);
#4170=AXIS2_PLACEMENT_3D('',#6998,#4687,#4688);
#4171=AXIS2_PLACEMENT_3D('',#7002,#4690,#4691);
#4172=AXIS2_PLACEMENT_3D('',#7004,#4693,#4694);
#4173=AXIS2_PLACEMENT_3D('',#7006,#4695,#4696);
#4174=AXIS2_PLACEMENT_3D('',#7014,#4701,#4702);
#4175=AXIS2_PLACEMENT_3D('',#7018,#4704,#4705);
#4176=AXIS2_PLACEMENT_3D('',#7020,#4707,#4708);
#4177=AXIS2_PLACEMENT_3D('',#7022,#4709,#4710);
#4178=AXIS2_PLACEMENT_3D('',#7030,#4715,#4716);
#4179=AXIS2_PLACEMENT_3D('',#7034,#4718,#4719);
#4180=AXIS2_PLACEMENT_3D('',#7036,#4721,#4722);
#4181=AXIS2_PLACEMENT_3D('',#7039,#4724,#4725);
#4182=AXIS2_PLACEMENT_3D('',#7040,#4726,#4727);
#4183=AXIS2_PLACEMENT_3D('',#7042,#4728,#4729);
#4184=AXIS2_PLACEMENT_3D('',#7045,#4731,#4732);
#4185=AXIS2_PLACEMENT_3D('',#7046,#4733,#4734);
#4186=AXIS2_PLACEMENT_3D('',#7050,#4736,#4737);
#4187=AXIS2_PLACEMENT_3D('',#7054,#4740,#4741);
#4188=AXIS2_PLACEMENT_3D('',#7058,#4744,#4745);
#4189=AXIS2_PLACEMENT_3D('',#7060,#4746,#4747);
#4190=AXIS2_PLACEMENT_3D('',#7062,#4749,#4750);
#4191=AXIS2_PLACEMENT_3D('',#7065,#4751,#4752);
#4192=AXIS2_PLACEMENT_3D('',#7069,#4754,#4755);
#4193=AXIS2_PLACEMENT_3D('',#7071,#4757,#4758);
#4194=AXIS2_PLACEMENT_3D('',#7077,#4762,#4763);
#4195=AXIS2_PLACEMENT_3D('',#7081,#4766,#4767);
#4196=AXIS2_PLACEMENT_3D('',#7082,#4768,#4769);
#4197=AXIS2_PLACEMENT_3D('',#7083,#4770,#4771);
#4198=AXIS2_PLACEMENT_3D('',#7084,#4772,#4773);
#4199=AXIS2_PLACEMENT_3D('',#7086,#4774,#4775);
#4200=AXIS2_PLACEMENT_3D('',#7088,#4777,#4778);
#4201=AXIS2_PLACEMENT_3D('',#7091,#4781,#4782);
#4202=AXIS2_PLACEMENT_3D('',#7092,#4783,#4784);
#4203=AXIS2_PLACEMENT_3D('',#7094,#4785,#4786);
#4204=AXIS2_PLACEMENT_3D('',#7096,#4788,#4789);
#4205=AXIS2_PLACEMENT_3D('',#7098,#4791,#4792);
#4206=AXIS2_PLACEMENT_3D('',#7102,#4795,#4796);
#4207=AXIS2_PLACEMENT_3D('',#7104,#4797,#4798);
#4208=AXIS2_PLACEMENT_3D('',#7106,#4800,#4801);
#4209=AXIS2_PLACEMENT_3D('',#7110,#4804,#4805);
#4210=AXIS2_PLACEMENT_3D('',#7114,#4807,#4808);
#4211=AXIS2_PLACEMENT_3D('',#7118,#4810,#4811);
#4212=AXIS2_PLACEMENT_3D('',#7122,#4813,#4814);
#4213=AXIS2_PLACEMENT_3D('',#7126,#4816,#4817);
#4214=AXIS2_PLACEMENT_3D('',#7130,#4819,#4820);
#4215=AXIS2_PLACEMENT_3D('',#7134,#4822,#4823);
#4216=AXIS2_PLACEMENT_3D('',#7138,#4825,#4826);
#4217=AXIS2_PLACEMENT_3D('',#7142,#4828,#4829);
#4218=AXIS2_PLACEMENT_3D('',#7147,#4832,#4833);
#4219=AXIS2_PLACEMENT_3D('',#7154,#4837,#4838);
#4220=AXIS2_PLACEMENT_3D('',#7158,#4840,#4841);
#4221=AXIS2_PLACEMENT_3D('',#7161,#4843,#4844);
#4222=AXIS2_PLACEMENT_3D('',#7163,#4845,#4846);
#4223=AXIS2_PLACEMENT_3D('',#7164,#4847,#4848);
#4224=AXIS2_PLACEMENT_3D('',#7166,#4850,#4851);
#4225=AXIS2_PLACEMENT_3D('',#7169,#4854,#4855);
#4226=AXIS2_PLACEMENT_3D('',#7171,#4857,#4858);
#4227=AXIS2_PLACEMENT_3D('',#7173,#4859,#4860);
#4228=AXIS2_PLACEMENT_3D('',#7176,#4862,#4863);
#4229=AXIS2_PLACEMENT_3D('',#7177,#4864,#4865);
#4230=AXIS2_PLACEMENT_3D('',#7183,#4869,#4870);
#4231=AXIS2_PLACEMENT_3D('',#7186,#4872,#4873);
#4232=AXIS2_PLACEMENT_3D('',#7189,#4875,#4876);
#4233=AXIS2_PLACEMENT_3D('',#7190,#4877,#4878);
#4234=AXIS2_PLACEMENT_3D('',#7196,#4882,#4883);
#4235=AXIS2_PLACEMENT_3D('',#7198,#4884,#4885);
#4236=AXIS2_PLACEMENT_3D('',#7201,#4887,#4888);
#4237=AXIS2_PLACEMENT_3D('',#7203,#4890,#4891);
#4238=AXIS2_PLACEMENT_3D('',#7204,#4892,#4893);
#4239=AXIS2_PLACEMENT_3D('',#7213,#4898,#4899);
#4240=AXIS2_PLACEMENT_3D('',#7215,#4901,#4902);
#4241=AXIS2_PLACEMENT_3D('',#7216,#4903,#4904);
#4242=AXIS2_PLACEMENT_3D('',#7217,#4905,#4906);
#4243=AXIS2_PLACEMENT_3D('',#7219,#4908,#4909);
#4244=AXIS2_PLACEMENT_3D('',#7221,#4911,#4912);
#4245=AXIS2_PLACEMENT_3D('',#7223,#4914,#4915);
#4246=AXIS2_PLACEMENT_3D('',#7226,#4918,#4919);
#4247=AXIS2_PLACEMENT_3D('',#7227,#4920,#4921);
#4248=AXIS2_PLACEMENT_3D('',#7229,#4923,#4924);
#4249=AXIS2_PLACEMENT_3D('',#7232,#4927,#4928);
#4250=AXIS2_PLACEMENT_3D('',#7233,#4929,#4930);
#4251=AXIS2_PLACEMENT_3D('',#7236,#4933,#4934);
#4252=AXIS2_PLACEMENT_3D('',#7238,#4936,#4937);
#4253=AXIS2_PLACEMENT_3D('',#7239,#4938,#4939);
#4254=AXIS2_PLACEMENT_3D('',#7241,#4940,#4941);
#4255=AXIS2_PLACEMENT_3D('',#7242,#4942,#4943);
#4256=AXIS2_PLACEMENT_3D('',#7243,#4944,#4945);
#4257=AXIS2_PLACEMENT_3D('',#7244,#4946,#4947);
#4258=AXIS2_PLACEMENT_3D('',#7246,#4948,#4949);
#4259=AXIS2_PLACEMENT_3D('',#7247,#4950,#4951);
#4260=AXIS2_PLACEMENT_3D('',#7249,#4952,#4953);
#4261=AXIS2_PLACEMENT_3D('',#7252,#4955,#4956);
#4262=AXIS2_PLACEMENT_3D('',#7253,#4957,#4958);
#4263=AXIS2_PLACEMENT_3D('',#7255,#4959,#4960);
#4264=AXIS2_PLACEMENT_3D('',#7257,#4962,#4963);
#4265=AXIS2_PLACEMENT_3D('',#7258,#4964,#4965);
#4266=AXIS2_PLACEMENT_3D('',#7259,#4966,#4967);
#4267=AXIS2_PLACEMENT_3D('',#7260,#4968,#4969);
#4268=AXIS2_PLACEMENT_3D('',#7261,#4970,#4971);
#4269=AXIS2_PLACEMENT_3D('',#7262,#4972,#4973);
#4270=AXIS2_PLACEMENT_3D('',#7263,#4974,#4975);
#4271=AXIS2_PLACEMENT_3D('',#7264,#4976,#4977);
#4272=AXIS2_PLACEMENT_3D('',#7266,#4978,#4979);
#4273=AXIS2_PLACEMENT_3D('',#7267,#4980,#4981);
#4274=AXIS2_PLACEMENT_3D('',#7269,#4983,#4984);
#4275=AXIS2_PLACEMENT_3D('',#7270,#4985,#4986);
#4276=AXIS2_PLACEMENT_3D('',#7272,#4988,#4989);
#4277=AXIS2_PLACEMENT_3D('',#7273,#4990,#4991);
#4278=AXIS2_PLACEMENT_3D('',#7274,#4992,#4993);
#4279=AXIS2_PLACEMENT_3D('',#7275,#4994,#4995);
#4280=AXIS2_PLACEMENT_3D('',#7276,#4996,#4997);
#4281=AXIS2_PLACEMENT_3D('',#7277,#4998,#4999);
#4282=DIRECTION('axis',(0.,0.,1.));
#4283=DIRECTION('refdir',(1.,0.,0.));
#4284=DIRECTION('center_axis',(0.,0.,1.));
#4285=DIRECTION('ref_axis',(1.,0.,0.));
#4286=DIRECTION('',(-1.,0.,0.));
#4287=DIRECTION('',(0.,-1.,0.));
#4288=DIRECTION('',(1.,0.,0.));
#4289=DIRECTION('',(0.,1.,0.));
#4290=DIRECTION('center_axis',(1.,0.,0.));
#4291=DIRECTION('ref_axis',(0.,0.,-1.));
#4292=DIRECTION('',(0.,-1.,0.));
#4293=DIRECTION('',(0.,0.,-1.));
#4294=DIRECTION('',(0.,0.,-1.));
#4295=DIRECTION('center_axis',(0.,-1.,0.));
#4296=DIRECTION('ref_axis',(0.,0.,-1.));
#4297=DIRECTION('',(-1.,0.,0.));
#4298=DIRECTION('',(0.,0.,-1.));
#4299=DIRECTION('center_axis',(0.,1.,0.));
#4300=DIRECTION('ref_axis',(0.,0.,1.));
#4301=DIRECTION('',(1.,0.,0.));
#4302=DIRECTION('',(0.,0.,-1.));
#4303=DIRECTION('center_axis',(-1.,0.,0.));
#4304=DIRECTION('ref_axis',(0.,0.,1.));
#4305=DIRECTION('',(0.,1.,0.));
#4306=DIRECTION('',(0.,0.,-1.));
#4307=DIRECTION('',(0.,0.,-1.));
#4308=DIRECTION('',(0.,0.,-1.));
#4309=DIRECTION('',(0.,0.,-1.));
#4310=DIRECTION('',(0.,0.,-1.));
#4311=DIRECTION('center_axis',(0.,-1.,0.));
#4312=DIRECTION('ref_axis',(0.,0.,-1.));
#4313=DIRECTION('',(-1.,0.,0.));
#4314=DIRECTION('',(-1.,0.,0.));
#4315=DIRECTION('',(0.,0.,-1.));
#4316=DIRECTION('',(0.,0.,-1.));
#4317=DIRECTION('',(0.,0.,-1.));
#4318=DIRECTION('',(0.,0.,-1.));
#4319=DIRECTION('',(0.,0.,-1.));
#4320=DIRECTION('',(0.,0.,-1.));
#4321=DIRECTION('',(0.,0.,-1.));
#4322=DIRECTION('',(0.,0.,-1.));
#4323=DIRECTION('',(0.,0.,-1.));
#4324=DIRECTION('center_axis',(0.,1.,0.));
#4325=DIRECTION('ref_axis',(0.,0.,1.));
#4326=DIRECTION('',(1.,0.,0.));
#4327=DIRECTION('',(0.,0.,-1.));
#4328=DIRECTION('',(1.,0.,0.));
#4329=DIRECTION('',(0.,0.,-1.));
#4330=DIRECTION('',(0.,0.,-1.));
#4331=DIRECTION('',(0.,0.,-1.));
#4332=DIRECTION('center_axis',(0.,0.,1.));
#4333=DIRECTION('ref_axis',(1.,0.,0.));
#4334=DIRECTION('center_axis',(0.,0.,1.));
#4335=DIRECTION('ref_axis',(1.,0.,0.));
#4336=DIRECTION('',(0.,1.,0.));
#4337=DIRECTION('',(0.,-1.,0.));
#4338=DIRECTION('',(0.,1.,0.));
#4339=DIRECTION('',(0.,-1.,0.));
#4340=DIRECTION('center_axis',(1.,0.,0.));
#4341=DIRECTION('ref_axis',(0.,0.,-1.));
#4342=DIRECTION('',(0.,1.,0.));
#4343=DIRECTION('',(0.,0.,-1.));
#4344=DIRECTION('',(0.,0.,-1.));
#4345=DIRECTION('',(0.,0.,-1.));
#4346=DIRECTION('',(0.,0.,-1.));
#4347=DIRECTION('',(0.,0.,-1.));
#4348=DIRECTION('',(0.,0.,-1.));
#4349=DIRECTION('',(0.,0.,-1.));
#4350=DIRECTION('',(0.,0.,-1.));
#4351=DIRECTION('',(0.,0.,-1.));
#4352=DIRECTION('',(0.,0.,-1.));
#4353=DIRECTION('',(0.,0.,-1.));
#4354=DIRECTION('center_axis',(-1.,0.,0.));
#4355=DIRECTION('ref_axis',(0.,0.,1.));
#4356=DIRECTION('',(0.,1.,0.));
#4357=DIRECTION('',(0.,0.,-1.));
#4358=DIRECTION('center_axis',(-1.,0.,0.));
#4359=DIRECTION('ref_axis',(0.,0.,1.));
#4360=DIRECTION('',(0.,-1.,0.));
#4361=DIRECTION('',(0.,0.,-1.));
#4362=DIRECTION('',(0.,0.,-1.));
#4363=DIRECTION('',(0.,0.,-1.));
#4364=DIRECTION('',(0.,0.,-1.));
#4365=DIRECTION('center_axis',(1.,0.,0.));
#4366=DIRECTION('ref_axis',(0.,0.,-1.));
#4367=DIRECTION('',(0.,-1.,0.));
#4368=DIRECTION('',(0.,0.,-1.));
#4369=DIRECTION('',(0.,0.,-1.));
#4370=DIRECTION('',(0.,0.,-1.));
#4371=DIRECTION('',(0.,0.,-1.));
#4372=DIRECTION('center_axis',(0.,1.,0.));
#4373=DIRECTION('ref_axis',(0.,0.,1.));
#4374=DIRECTION('',(1.,0.,0.));
#4375=DIRECTION('',(0.,0.,-1.));
#4376=DIRECTION('',(1.,0.,0.));
#4377=DIRECTION('',(0.,0.,-1.));
#4378=DIRECTION('',(0.,0.,-1.));
#4379=DIRECTION('',(0.,0.,-1.));
#4380=DIRECTION('',(0.,0.,-1.));
#4381=DIRECTION('',(0.,0.,-1.));
#4382=DIRECTION('center_axis',(0.892098047399778,0.451841868163524,0.));
#4383=DIRECTION('ref_axis',(0.,0.,-1.));
#4384=DIRECTION('',(0.451841868163524,-0.892098047399778,0.));
#4385=DIRECTION('',(0.451841868163524,-0.892098047399778,0.));
#4386=DIRECTION('',(0.,0.,-1.));
#4387=DIRECTION('',(0.,0.,-1.));
#4388=DIRECTION('',(0.,0.,-1.));
#4389=DIRECTION('',(0.,0.,-1.));
#4390=DIRECTION('',(0.,0.,-1.));
#4391=DIRECTION('center_axis',(-1.,0.,0.));
#4392=DIRECTION('ref_axis',(0.,0.,1.));
#4393=DIRECTION('',(0.,1.,0.));
#4394=DIRECTION('',(0.,0.,-1.));
#4395=DIRECTION('',(0.,1.,0.));
#4396=DIRECTION('center_axis',(0.,-1.,0.));
#4397=DIRECTION('ref_axis',(0.,0.,-1.));
#4398=DIRECTION('',(-1.,0.,0.));
#4399=DIRECTION('',(0.,0.,-1.));
#4400=DIRECTION('',(-1.,0.,0.));
#4401=DIRECTION('center_axis',(1.,0.,0.));
#4402=DIRECTION('ref_axis',(0.,0.,-1.));
#4403=DIRECTION('',(0.,-1.,0.));
#4404=DIRECTION('',(0.,0.,-1.));
#4405=DIRECTION('',(0.,-1.,0.));
#4406=DIRECTION('center_axis',(0.,-1.,0.));
#4407=DIRECTION('ref_axis',(0.,0.,-1.));
#4408=DIRECTION('',(-1.,0.,0.));
#4409=DIRECTION('',(0.,0.,-1.));
#4410=DIRECTION('',(-1.,0.,0.));
#4411=DIRECTION('center_axis',(-0.899235088745796,-0.437465718849306,0.));
#4412=DIRECTION('ref_axis',(0.,0.,1.));
#4413=DIRECTION('',(-0.437465718849306,0.899235088745796,0.));
#4414=DIRECTION('',(0.,0.,-1.));
#4415=DIRECTION('',(-0.437465718849306,0.899235088745796,0.));
#4416=DIRECTION('center_axis',(0.,-1.,0.));
#4417=DIRECTION('ref_axis',(0.,0.,-1.));
#4418=DIRECTION('',(-1.,0.,0.));
#4419=DIRECTION('',(-1.,0.,0.));
#4420=DIRECTION('center_axis',(0.,-1.,0.));
#4421=DIRECTION('ref_axis',(0.,0.,-1.));
#4422=DIRECTION('',(1.,0.,0.));
#4423=DIRECTION('',(0.,0.,-1.));
#4424=DIRECTION('',(1.,0.,0.));
#4425=DIRECTION('center_axis',(-1.,0.,0.));
#4426=DIRECTION('ref_axis',(0.,0.,1.));
#4427=DIRECTION('',(0.,-1.,0.));
#4428=DIRECTION('',(0.,0.,-1.));
#4429=DIRECTION('',(0.,-1.,0.));
#4430=DIRECTION('center_axis',(0.,1.,0.));
#4431=DIRECTION('ref_axis',(0.,0.,1.));
#4432=DIRECTION('',(-1.,0.,0.));
#4433=DIRECTION('',(0.,0.,-1.));
#4434=DIRECTION('',(-1.,0.,0.));
#4435=DIRECTION('center_axis',(0.,0.,1.));
#4436=DIRECTION('ref_axis',(1.,0.,0.));
#4437=DIRECTION('center_axis',(0.,0.,1.));
#4438=DIRECTION('ref_axis',(1.,0.,0.));
#4439=DIRECTION('',(-1.,-3.92248219503334E-15,0.));
#4440=DIRECTION('',(1.,0.,0.));
#4441=DIRECTION('',(0.,1.,0.));
#4442=DIRECTION('',(-1.,0.,0.));
#4443=DIRECTION('',(0.,-1.,0.));
#4444=DIRECTION('',(1.,0.,0.));
#4445=DIRECTION('',(0.,1.,0.));
#4446=DIRECTION('',(0.,0.,-1.));
#4447=DIRECTION('',(0.,0.,-1.));
#4448=DIRECTION('',(0.,0.,-1.));
#4449=DIRECTION('',(0.,0.,-1.));
#4450=DIRECTION('',(0.,0.,-1.));
#4451=DIRECTION('',(0.,0.,-1.));
#4452=DIRECTION('',(0.,0.,-1.));
#4453=DIRECTION('center_axis',(0.,-1.,0.));
#4454=DIRECTION('ref_axis',(0.,0.,-1.));
#4455=DIRECTION('',(-1.,0.,0.));
#4456=DIRECTION('',(0.,0.,-1.));
#4457=DIRECTION('center_axis',(-1.,0.,0.));
#4458=DIRECTION('ref_axis',(0.,0.,1.));
#4459=DIRECTION('',(0.,1.,0.));
#4460=DIRECTION('',(0.,0.,-1.));
#4461=DIRECTION('center_axis',(0.,1.,0.));
#4462=DIRECTION('ref_axis',(0.,0.,1.));
#4463=DIRECTION('',(1.,0.,0.));
#4464=DIRECTION('',(0.,0.,-1.));
#4465=DIRECTION('',(0.,0.,-1.));
#4466=DIRECTION('',(0.,0.,-1.));
#4467=DIRECTION('',(0.,0.,-1.));
#4468=DIRECTION('',(0.,0.,-1.));
#4469=DIRECTION('',(0.,0.,-1.));
#4470=DIRECTION('',(0.,0.,-1.));
#4471=DIRECTION('center_axis',(3.92248219503334E-15,-1.,0.));
#4472=DIRECTION('ref_axis',(0.,0.,-1.));
#4473=DIRECTION('',(-1.,-3.92248219503334E-15,0.));
#4474=DIRECTION('',(0.,0.,-1.));
#4475=DIRECTION('center_axis',(1.,0.,0.));
#4476=DIRECTION('ref_axis',(0.,0.,-1.));
#4477=DIRECTION('',(0.,-1.,0.));
#4478=DIRECTION('',(0.,0.,-1.));
#4479=DIRECTION('center_axis',(0.,1.,0.));
#4480=DIRECTION('ref_axis',(0.,0.,1.));
#4481=DIRECTION('',(1.,0.,0.));
#4482=DIRECTION('',(0.,0.,-1.));
#4483=DIRECTION('center_axis',(-1.,0.,0.));
#4484=DIRECTION('ref_axis',(0.,0.,1.));
#4485=DIRECTION('',(0.,1.,0.));
#4486=DIRECTION('',(0.,0.,-1.));
#4487=DIRECTION('',(0.,0.,-1.));
#4488=DIRECTION('',(0.,0.,-1.));
#4489=DIRECTION('',(0.,0.,-1.));
#4490=DIRECTION('',(0.,0.,-1.));
#4491=DIRECTION('',(0.,0.,-1.));
#4492=DIRECTION('',(0.,0.,-1.));
#4493=DIRECTION('',(0.,0.,-1.));
#4494=DIRECTION('',(0.,0.,-1.));
#4495=DIRECTION('',(0.,0.,-1.));
#4496=DIRECTION('',(0.,0.,-1.));
#4497=DIRECTION('',(0.,0.,-1.));
#4498=DIRECTION('',(0.,0.,-1.));
#4499=DIRECTION('',(0.,0.,-1.));
#4500=DIRECTION('',(0.,0.,-1.));
#4501=DIRECTION('',(0.,0.,-1.));
#4502=DIRECTION('',(0.,0.,-1.));
#4503=DIRECTION('',(0.,0.,-1.));
#4504=DIRECTION('center_axis',(0.,0.,-1.));
#4505=DIRECTION('ref_axis',(0.729577098810486,-0.683898572078692,0.));
#4506=DIRECTION('center_axis',(-1.14827625989907E-14,1.00909125869918E-14,
-1.));
#4507=DIRECTION('ref_axis',(0.729577145922269,-0.683898521820246,-1.52784260386063E-14));
#4508=DIRECTION('',(0.,0.,-1.));
#4509=DIRECTION('center_axis',(0.747409318683659,-0.66436383882992,0.));
#4510=DIRECTION('ref_axis',(0.,0.,-1.));
#4511=DIRECTION('',(-0.66436383882992,-0.747409318683659,0.));
#4512=DIRECTION('',(-0.66436383882992,-0.747409318683659,0.));
#4513=DIRECTION('',(0.,0.,-1.));
#4514=DIRECTION('',(0.,0.,-1.));
#4515=DIRECTION('center_axis',(0.,1.,0.));
#4516=DIRECTION('ref_axis',(0.,0.,1.));
#4517=DIRECTION('',(1.,0.,0.));
#4518=DIRECTION('',(1.,0.,0.));
#4519=DIRECTION('',(0.,0.,-1.));
#4520=DIRECTION('center_axis',(1.,0.,0.));
#4521=DIRECTION('ref_axis',(0.,0.,-1.));
#4522=DIRECTION('',(0.,-1.,0.));
#4523=DIRECTION('',(0.,-1.,0.));
#4524=DIRECTION('',(0.,0.,-1.));
#4525=DIRECTION('center_axis',(0.,-1.,0.));
#4526=DIRECTION('ref_axis',(0.,0.,-1.));
#4527=DIRECTION('',(-1.,0.,0.));
#4528=DIRECTION('',(0.,0.,-1.));
#4529=DIRECTION('',(-1.,0.,0.));
#4530=DIRECTION('',(0.,0.,-1.));
#4531=DIRECTION('',(0.,0.,-1.));
#4532=DIRECTION('',(0.,0.,-1.));
#4533=DIRECTION('',(0.,0.,-1.));
#4534=DIRECTION('',(0.,0.,-1.));
#4535=DIRECTION('',(0.,0.,-1.));
#4536=DIRECTION('',(0.,0.,-1.));
#4537=DIRECTION('center_axis',(-1.,0.,0.));
#4538=DIRECTION('ref_axis',(0.,0.,1.));
#4539=DIRECTION('',(0.,1.,0.));
#4540=DIRECTION('',(0.,0.,-1.));
#4541=DIRECTION('',(0.,1.,0.));
#4542=DIRECTION('center_axis',(0.,-1.,0.));
#4543=DIRECTION('ref_axis',(0.,0.,-1.));
#4544=DIRECTION('',(-1.,0.,0.));
#4545=DIRECTION('',(-1.,0.,0.));
#4546=DIRECTION('center_axis',(0.,0.,1.));
#4547=DIRECTION('ref_axis',(1.,0.,0.));
#4548=DIRECTION('center_axis',(0.,0.,1.));
#4549=DIRECTION('ref_axis',(1.,0.,0.));
#4550=DIRECTION('',(0.,0.,-1.));
#4551=DIRECTION('',(0.,0.,-1.));
#4552=DIRECTION('',(0.,0.,-1.));
#4553=DIRECTION('',(0.,0.,-1.));
#4554=DIRECTION('',(0.,0.,-1.));
#4555=DIRECTION('',(0.,0.,-1.));
#4556=DIRECTION('',(0.,0.,-1.));
#4557=DIRECTION('',(0.,0.,-1.));
#4558=DIRECTION('',(0.,0.,-1.));
#4559=DIRECTION('',(0.,0.,-1.));
#4560=DIRECTION('',(0.,0.,-1.));
#4561=DIRECTION('',(0.,0.,-1.));
#4562=DIRECTION('',(0.,0.,-1.));
#4563=DIRECTION('',(0.,0.,-1.));
#4564=DIRECTION('center_axis',(0.,0.,-1.));
#4565=DIRECTION('ref_axis',(0.729577098810462,-0.683898572078718,0.));
#4566=DIRECTION('center_axis',(0.,0.,-1.));
#4567=DIRECTION('ref_axis',(0.729577145922259,-0.683898521820255,0.));
#4568=DIRECTION('',(0.,0.,-1.));
#4569=DIRECTION('center_axis',(0.747409318683659,-0.66436383882992,0.));
#4570=DIRECTION('ref_axis',(0.,0.,-1.));
#4571=DIRECTION('',(-0.66436383882992,-0.747409318683659,0.));
#4572=DIRECTION('',(-0.66436383882992,-0.747409318683659,0.));
#4573=DIRECTION('',(0.,0.,-1.));
#4574=DIRECTION('',(0.,0.,-1.));
#4575=DIRECTION('center_axis',(0.,1.,0.));
#4576=DIRECTION('ref_axis',(0.,0.,1.));
#4577=DIRECTION('',(1.,0.,0.));
#4578=DIRECTION('',(1.,0.,0.));
#4579=DIRECTION('',(0.,0.,-1.));
#4580=DIRECTION('center_axis',(1.,0.,0.));
#4581=DIRECTION('ref_axis',(0.,0.,-1.));
#4582=DIRECTION('',(0.,-1.,0.));
#4583=DIRECTION('',(0.,-1.,0.));
#4584=DIRECTION('',(0.,0.,-1.));
#4585=DIRECTION('center_axis',(0.,-1.,0.));
#4586=DIRECTION('ref_axis',(0.,0.,-1.));
#4587=DIRECTION('',(-1.,0.,0.));
#4588=DIRECTION('',(0.,0.,-1.));
#4589=DIRECTION('',(-1.,0.,0.));
#4590=DIRECTION('',(0.,0.,-1.));
#4591=DIRECTION('',(0.,0.,-1.));
#4592=DIRECTION('',(0.,0.,-1.));
#4593=DIRECTION('',(0.,0.,-1.));
#4594=DIRECTION('',(0.,0.,-1.));
#4595=DIRECTION('',(0.,0.,-1.));
#4596=DIRECTION('',(0.,0.,-1.));
#4597=DIRECTION('center_axis',(-1.,0.,0.));
#4598=DIRECTION('ref_axis',(0.,0.,1.));
#4599=DIRECTION('',(0.,1.,0.));
#4600=DIRECTION('',(0.,0.,-1.));
#4601=DIRECTION('',(0.,1.,0.));
#4602=DIRECTION('center_axis',(0.,-1.,0.));
#4603=DIRECTION('ref_axis',(0.,0.,-1.));
#4604=DIRECTION('',(-1.,0.,0.));
#4605=DIRECTION('',(-1.,0.,0.));
#4606=DIRECTION('center_axis',(0.,0.,1.));
#4607=DIRECTION('ref_axis',(1.,0.,0.));
#4608=DIRECTION('center_axis',(0.,0.,1.));
#4609=DIRECTION('ref_axis',(1.,0.,0.));
#4610=DIRECTION('',(0.,-1.,0.));
#4611=DIRECTION('',(1.,0.,0.));
#4612=DIRECTION('center_axis',(0.,0.,1.));
#4613=DIRECTION('ref_axis',(-0.499999999999998,-0.86602540378444,0.));
#4614=DIRECTION('center_axis',(0.,0.,-1.));
#4615=DIRECTION('ref_axis',(0.707106781186548,0.707106781186547,0.));
#4616=DIRECTION('',(1.,0.,0.));
#4617=DIRECTION('',(0.707106781186547,-0.707106781186548,0.));
#4618=DIRECTION('center_axis',(0.,0.,-1.));
#4619=DIRECTION('ref_axis',(0.38268343236509,0.923879532511287,0.));
#4620=DIRECTION('',(1.,0.,0.));
#4621=DIRECTION('center_axis',(0.,0.,-1.));
#4622=DIRECTION('ref_axis',(-0.38268343236509,0.923879532511287,0.));
#4623=DIRECTION('',(0.707106781186547,0.707106781186548,0.));
#4624=DIRECTION('',(1.,0.,0.));
#4625=DIRECTION('center_axis',(0.,0.,-1.));
#4626=DIRECTION('ref_axis',(-0.707106781186546,0.707106781186549,0.));
#4627=DIRECTION('center_axis',(0.,0.,1.));
#4628=DIRECTION('ref_axis',(0.499999999999998,-0.86602540378444,0.));
#4629=DIRECTION('',(1.,-8.16340459283203E-17,0.));
#4630=DIRECTION('',(0.,1.,0.));
#4631=DIRECTION('',(-1.,-1.2245106889248E-16,0.));
#4632=DIRECTION('center_axis',(0.,0.,1.));
#4633=DIRECTION('ref_axis',(0.499999999999998,0.86602540378444,0.));
#4634=DIRECTION('center_axis',(0.,0.,-1.));
#4635=DIRECTION('ref_axis',(-0.707106781186546,-0.707106781186549,0.));
#4636=DIRECTION('',(-1.,-1.43563322149805E-16,0.));
#4637=DIRECTION('',(-0.707106781186547,0.707106781186548,0.));
#4638=DIRECTION('center_axis',(0.,0.,-1.));
#4639=DIRECTION('ref_axis',(-0.38268343236509,-0.923879532511287,0.));
#4640=DIRECTION('',(-1.,0.,0.));
#4641=DIRECTION('center_axis',(0.,0.,-1.));
#4642=DIRECTION('ref_axis',(0.707106781186548,-0.707106781186547,0.));
#4643=DIRECTION('',(3.02788097625043E-16,-1.,0.));
#4644=DIRECTION('center_axis',(0.,0.,1.));
#4645=DIRECTION('ref_axis',(0.707106781186547,0.707106781186548,0.));
#4646=DIRECTION('',(-1.,0.,0.));
#4647=DIRECTION('center_axis',(0.,0.,1.));
#4648=DIRECTION('ref_axis',(-0.707106781186547,0.707106781186548,0.));
#4649=DIRECTION('',(1.,-2.77555756156289E-16,0.));
#4650=DIRECTION('center_axis',(0.,0.,1.));
#4651=DIRECTION('ref_axis',(0.707106781186548,0.707106781186547,0.));
#4652=DIRECTION('',(1.,0.,0.));
#4653=DIRECTION('center_axis',(0.,0.,1.));
#4654=DIRECTION('ref_axis',(0.707106781186547,0.707106781186548,0.));
#4655=DIRECTION('',(-2.01858731750028E-16,1.,0.));
#4656=DIRECTION('center_axis',(0.,0.,-1.));
#4657=DIRECTION('ref_axis',(-0.707106781186547,-0.707106781186548,0.));
#4658=DIRECTION('',(-1.,0.,0.));
#4659=DIRECTION('center_axis',(0.,0.,-1.));
#4660=DIRECTION('ref_axis',(0.38268343236509,-0.923879532511287,0.));
#4661=DIRECTION('',(-0.707106781186547,-0.707106781186548,0.));
#4662=DIRECTION('',(-1.,-9.57088814332031E-17,0.));
#4663=DIRECTION('center_axis',(0.,0.,-1.));
#4664=DIRECTION('ref_axis',(0.707106781186546,-0.707106781186549,0.));
#4665=DIRECTION('center_axis',(0.,0.,1.));
#4666=DIRECTION('ref_axis',(-0.499999999999998,0.86602540378444,0.));
#4667=DIRECTION('',(-1.,-8.16340459283204E-17,0.));
#4668=DIRECTION('center_axis',(0.,0.,-1.));
#4669=DIRECTION('ref_axis',(0.,1.,0.));
#4670=DIRECTION('center_axis',(0.,0.,-1.));
#4671=DIRECTION('ref_axis',(0.,1.,0.));
#4672=DIRECTION('center_axis',(0.,0.,1.));
#4673=DIRECTION('ref_axis',(1.,0.,0.));
#4674=DIRECTION('center_axis',(0.,0.,1.));
#4675=DIRECTION('ref_axis',(1.,0.,0.));
#4676=DIRECTION('center_axis',(0.,0.,-1.));
#4677=DIRECTION('ref_axis',(-0.499999999999998,0.86602540378444,0.));
#4678=DIRECTION('',(0.,0.,-1.));
#4679=DIRECTION('center_axis',(0.,0.,-1.));
#4680=DIRECTION('ref_axis',(-0.499999999999998,0.86602540378444,0.));
#4681=DIRECTION('',(0.,0.,1.));
#4682=DIRECTION('center_axis',(0.,0.,-1.));
#4683=DIRECTION('ref_axis',(0.707106781186546,-0.707106781186549,0.));
#4684=DIRECTION('',(0.,0.,-1.));
#4685=DIRECTION('center_axis',(0.,0.,1.));
#4686=DIRECTION('ref_axis',(0.707106781186546,-0.707106781186549,0.));
#4687=DIRECTION('center_axis',(0.,0.,-1.));
#4688=DIRECTION('ref_axis',(-0.499999999999998,-0.86602540378444,0.));
#4689=DIRECTION('',(0.,0.,-1.));
#4690=DIRECTION('center_axis',(0.,0.,-1.));
#4691=DIRECTION('ref_axis',(-0.499999999999998,-0.86602540378444,0.));
#4692=DIRECTION('',(0.,0.,1.));
#4693=DIRECTION('center_axis',(0.,1.,0.));
#4694=DIRECTION('ref_axis',(1.,0.,0.));
#4695=DIRECTION('center_axis',(0.,-1.,0.));
#4696=DIRECTION('ref_axis',(0.707106781186548,0.,0.707106781186547));
#4697=DIRECTION('',(0.,0.,-1.));
#4698=DIRECTION('',(1.,0.,0.));
#4699=DIRECTION('',(0.,0.,-1.));
#4700=DIRECTION('',(1.,0.,0.));
#4701=DIRECTION('center_axis',(0.,0.,-1.));
#4702=DIRECTION('ref_axis',(0.499999999999998,0.86602540378444,0.));
#4703=DIRECTION('',(0.,0.,-1.));
#4704=DIRECTION('center_axis',(0.,0.,-1.));
#4705=DIRECTION('ref_axis',(0.499999999999998,0.86602540378444,0.));
#4706=DIRECTION('',(0.,0.,1.));
#4707=DIRECTION('center_axis',(1.2245106889248E-16,-1.,0.));
#4708=DIRECTION('ref_axis',(-1.,-1.27675647831893E-16,0.));
#4709=DIRECTION('center_axis',(-1.2245106889248E-16,1.,0.));
#4710=DIRECTION('ref_axis',(-0.707106781186548,0.,0.707106781186547));
#4711=DIRECTION('',(0.,0.,-1.));
#4712=DIRECTION('',(-1.,-1.2245106889248E-16,0.));
#4713=DIRECTION('',(0.,0.,-1.));
#4714=DIRECTION('',(-1.,-1.2245106889248E-16,0.));
#4715=DIRECTION('center_axis',(0.,0.,-1.));
#4716=DIRECTION('ref_axis',(0.499999999999998,-0.86602540378444,0.));
#4717=DIRECTION('',(0.,0.,-1.));
#4718=DIRECTION('center_axis',(0.,0.,-1.));
#4719=DIRECTION('ref_axis',(0.499999999999998,-0.86602540378444,0.));
#4720=DIRECTION('',(0.,0.,1.));
#4721=DIRECTION('center_axis',(0.,0.,-1.));
#4722=DIRECTION('ref_axis',(-0.707106781186546,0.707106781186549,0.));
#4723=DIRECTION('',(0.,0.,-1.));
#4724=DIRECTION('center_axis',(0.,0.,1.));
#4725=DIRECTION('ref_axis',(-0.707106781186546,0.707106781186549,0.));
#4726=DIRECTION('center_axis',(-1.,-1.2245106889248E-16,0.));
#4727=DIRECTION('ref_axis',(0.,-0.707106781186547,-0.707106781186548));
#4728=DIRECTION('center_axis',(1.,0.,0.));
#4729=DIRECTION('ref_axis',(0.,-0.707106781186547,-0.707106781186548));
#4730=DIRECTION('',(1.,1.2245106889248E-16,0.));
#4731=DIRECTION('center_axis',(-1.,0.,0.));
#4732=DIRECTION('ref_axis',(0.,-0.707106781186547,-0.707106781186548));
#4733=DIRECTION('center_axis',(1.,0.,0.));
#4734=DIRECTION('ref_axis',(0.,-1.,0.));
#4735=DIRECTION('',(0.,-1.,0.));
#4736=DIRECTION('center_axis',(-1.,0.,0.));
#4737=DIRECTION('ref_axis',(0.,0.707106781186547,-0.707106781186548));
#4738=DIRECTION('',(0.,0.,-1.));
#4739=DIRECTION('',(0.,1.,0.));
#4740=DIRECTION('center_axis',(0.,0.,1.));
#4741=DIRECTION('ref_axis',(1.,0.,0.));
#4742=DIRECTION('',(0.,1.,0.));
#4743=DIRECTION('',(-1.,8.16340459283203E-17,0.));
#4744=DIRECTION('center_axis',(1.,-8.16340459283203E-17,0.));
#4745=DIRECTION('ref_axis',(0.,0.707106781186547,-0.707106781186548));
#4746=DIRECTION('center_axis',(1.,0.,0.));
#4747=DIRECTION('ref_axis',(0.,0.707106781186547,-0.707106781186548));
#4748=DIRECTION('',(1.,-8.16340459283203E-17,0.));
#4749=DIRECTION('center_axis',(-1.,-8.16340459283204E-17,0.));
#4750=DIRECTION('ref_axis',(0.,-0.707106781186547,-0.707106781186548));
#4751=DIRECTION('center_axis',(1.,0.,0.));
#4752=DIRECTION('ref_axis',(0.,-0.707106781186547,-0.707106781186548));
#4753=DIRECTION('',(1.,8.16340459283204E-17,0.));
#4754=DIRECTION('center_axis',(-1.,0.,0.));
#4755=DIRECTION('ref_axis',(0.,-0.707106781186547,-0.707106781186548));
#4756=DIRECTION('',(-1.,-8.16340459283204E-17,0.));
#4757=DIRECTION('center_axis',(0.,0.,1.));
#4758=DIRECTION('ref_axis',(1.,0.,0.));
#4759=DIRECTION('',(0.,1.,0.));
#4760=DIRECTION('',(-1.,0.,0.));
#4761=DIRECTION('',(0.,-1.,0.));
#4762=DIRECTION('center_axis',(-1.,0.,0.));
#4763=DIRECTION('ref_axis',(0.,1.,0.));
#4764=DIRECTION('',(0.,0.,-1.));
#4765=DIRECTION('',(0.,-1.,0.));
#4766=DIRECTION('center_axis',(1.,0.,0.));
#4767=DIRECTION('ref_axis',(0.,0.707106781186547,-0.707106781186548));
#4768=DIRECTION('center_axis',(1.,0.,0.));
#4769=DIRECTION('ref_axis',(0.,0.707106781186547,-0.707106781186548));
#4770=DIRECTION('center_axis',(-1.,0.,0.));
#4771=DIRECTION('ref_axis',(0.,0.707106781186547,-0.707106781186548));
#4772=DIRECTION('center_axis',(0.,-1.,0.));
#4773=DIRECTION('ref_axis',(0.707106781186548,0.,0.707106781186547));
#4774=DIRECTION('center_axis',(-8.16340459283204E-17,1.,0.));
#4775=DIRECTION('ref_axis',(0.707106781186548,0.,0.707106781186547));
#4776=DIRECTION('',(0.,1.,0.));
#4777=DIRECTION('center_axis',(8.16340459283204E-17,-1.,0.));
#4778=DIRECTION('ref_axis',(-1.,-8.32667268468867E-17,0.));
#4779=DIRECTION('',(-1.,-8.16340459283204E-17,0.));
#4780=DIRECTION('',(0.,0.,-1.));
#4781=DIRECTION('center_axis',(0.,0.,1.));
#4782=DIRECTION('ref_axis',(1.,0.,0.));
#4783=DIRECTION('center_axis',(0.,1.,0.));
#4784=DIRECTION('ref_axis',(-0.707106781186548,0.,0.707106781186547));
#4785=DIRECTION('center_axis',(-8.16340459283203E-17,-1.,0.));
#4786=DIRECTION('ref_axis',(-0.707106781186548,0.,0.707106781186547));
#4787=DIRECTION('',(0.,-1.,0.));
#4788=DIRECTION('center_axis',(-1.,0.,0.));
#4789=DIRECTION('ref_axis',(0.,1.,0.));
#4790=DIRECTION('',(0.,0.,-1.));
#4791=DIRECTION('center_axis',(9.57088814332031E-17,-1.,0.));
#4792=DIRECTION('ref_axis',(-1.,-9.99200722162641E-17,0.));
#4793=DIRECTION('',(0.,0.,-1.));
#4794=DIRECTION('',(-1.,-9.57088814332031E-17,0.));
#4795=DIRECTION('center_axis',(0.,0.,-1.));
#4796=DIRECTION('ref_axis',(0.707106781186548,0.707106781186547,0.));
#4797=DIRECTION('center_axis',(0.,0.,1.));
#4798=DIRECTION('ref_axis',(0.707106781186548,0.707106781186547,0.));
#4799=DIRECTION('',(0.,0.,1.));
#4800=DIRECTION('center_axis',(0.,1.,0.));
#4801=DIRECTION('ref_axis',(1.,0.,0.));
#4802=DIRECTION('',(1.,0.,0.));
#4803=DIRECTION('',(0.,0.,-1.));
#4804=DIRECTION('center_axis',(0.,0.,1.));
#4805=DIRECTION('ref_axis',(1.,0.,0.));
#4806=DIRECTION('',(-0.707106781186547,-0.707106781186548,0.));
#4807=DIRECTION('center_axis',(0.,0.,1.));
#4808=DIRECTION('ref_axis',(0.38268343236509,-0.923879532511287,0.));
#4809=DIRECTION('',(-1.,0.,0.));
#4810=DIRECTION('center_axis',(0.,0.,1.));
#4811=DIRECTION('ref_axis',(-0.707106781186547,-0.707106781186548,0.));
#4812=DIRECTION('',(-2.01858731750028E-16,1.,0.));
#4813=DIRECTION('center_axis',(0.,0.,-1.));
#4814=DIRECTION('ref_axis',(-0.707106781186547,0.707106781186548,0.));
#4815=DIRECTION('',(1.,0.,0.));
#4816=DIRECTION('center_axis',(0.,0.,-1.));
#4817=DIRECTION('ref_axis',(0.707106781186548,0.707106781186547,0.));
#4818=DIRECTION('',(-1.,2.77555756156289E-16,0.));
#4819=DIRECTION('center_axis',(0.,0.,-1.));
#4820=DIRECTION('ref_axis',(-0.707106781186547,0.707106781186548,0.));
#4821=DIRECTION('',(1.,0.,0.));
#4822=DIRECTION('center_axis',(0.,0.,-1.));
#4823=DIRECTION('ref_axis',(-0.707106781186547,0.707106781186548,0.));
#4824=DIRECTION('',(3.02788097625043E-16,-1.,0.));
#4825=DIRECTION('center_axis',(0.,0.,1.));
#4826=DIRECTION('ref_axis',(0.707106781186548,-0.707106781186547,0.));
#4827=DIRECTION('',(-1.,0.,0.));
#4828=DIRECTION('center_axis',(0.,0.,1.));
#4829=DIRECTION('ref_axis',(-0.38268343236509,-0.923879532511287,0.));
#4830=DIRECTION('',(-0.707106781186547,0.707106781186548,0.));
#4831=DIRECTION('',(-1.,-1.43563322149805E-16,0.));
#4832=DIRECTION('center_axis',(0.,0.,1.));
#4833=DIRECTION('ref_axis',(-0.707106781186546,-0.707106781186549,0.));
#4834=DIRECTION('',(1.,-8.16340459283203E-17,0.));
#4835=DIRECTION('',(1.,0.,0.));
#4836=DIRECTION('',(0.707106781186547,0.707106781186548,0.));
#4837=DIRECTION('center_axis',(0.,0.,1.));
#4838=DIRECTION('ref_axis',(-0.38268343236509,0.923879532511287,0.));
#4839=DIRECTION('',(1.,0.,0.));
#4840=DIRECTION('center_axis',(0.,0.,1.));
#4841=DIRECTION('ref_axis',(0.38268343236509,0.923879532511287,0.));
#4842=DIRECTION('',(0.707106781186547,-0.707106781186548,0.));
#4843=DIRECTION('center_axis',(0.,0.,-1.));
#4844=DIRECTION('ref_axis',(0.,1.,0.));
#4845=DIRECTION('center_axis',(0.,0.,-1.));
#4846=DIRECTION('ref_axis',(0.,1.,0.));
#4847=DIRECTION('center_axis',(0.,0.,-1.));
#4848=DIRECTION('ref_axis',(-0.707106781186546,-0.707106781186549,0.));
#4849=DIRECTION('',(0.,0.,1.));
#4850=DIRECTION('center_axis',(0.,0.,-1.));
#4851=DIRECTION('ref_axis',(-0.707106781186547,-0.707106781186548,0.));
#4852=DIRECTION('',(0.,0.,1.));
#4853=DIRECTION('',(0.,0.,-1.));
#4854=DIRECTION('center_axis',(-1.,-2.01858731750028E-16,0.));
#4855=DIRECTION('ref_axis',(-2.22044604925031E-16,1.,0.));
#4856=DIRECTION('',(0.,0.,1.));
#4857=DIRECTION('center_axis',(0.,0.,-1.));
#4858=DIRECTION('ref_axis',(-0.707106781186547,0.707106781186548,0.));
#4859=DIRECTION('center_axis',(0.,0.258819045102521,0.965925826289068));
#4860=DIRECTION('ref_axis',(4.69171977936464E-16,0.965925826289068,-0.258819045102521));
#4861=DIRECTION('',(0.,0.,-1.));
#4862=DIRECTION('center_axis',(0.,-0.258819045102521,-0.965925826289068));
#4863=DIRECTION('ref_axis',(-6.70245682766377E-16,0.965925826289068,-0.258819045102521));
#4864=DIRECTION('center_axis',(1.,0.,0.));
#4865=DIRECTION('ref_axis',(0.,0.,-1.));
#4866=DIRECTION('',(0.,-0.965925826289068,0.258819045102521));
#4867=DIRECTION('',(0.,0.258819045102517,0.965925826289069));
#4868=DIRECTION('',(0.,0.965925826289068,-0.258819045102521));
#4869=DIRECTION('center_axis',(0.,0.,1.));
#4870=DIRECTION('ref_axis',(0.707106781186548,0.707106781186547,0.));
#4871=DIRECTION('',(0.,0.,-1.));
#4872=DIRECTION('center_axis',(0.,-0.258819045102521,-0.965925826289068));
#4873=DIRECTION('ref_axis',(4.69171977936464E-16,0.965925826289068,-0.258819045102521));
#4874=DIRECTION('',(0.,0.,1.));
#4875=DIRECTION('center_axis',(0.,0.258819045102521,0.965925826289068));
#4876=DIRECTION('ref_axis',(4.69171977936464E-16,0.965925826289068,-0.25881904510252));
#4877=DIRECTION('center_axis',(1.,-1.49453099468771E-16,0.));
#4878=DIRECTION('ref_axis',(1.4432899320127E-16,1.,0.));
#4879=DIRECTION('',(1.44360608595835E-16,0.965925826289068,-0.258819045102521));
#4880=DIRECTION('',(-3.86813084921188E-17,-0.258819045102517,-0.965925826289069));
#4881=DIRECTION('',(-1.44360608595835E-16,-0.965925826289068,0.258819045102521));
#4882=DIRECTION('center_axis',(0.,0.,1.));
#4883=DIRECTION('ref_axis',(-0.707106781186547,0.707106781186548,0.));
#4884=DIRECTION('center_axis',(0.,0.258819045102521,0.965925826289068));
#4885=DIRECTION('ref_axis',(5.36196546213101E-16,0.965925826289068,-0.258819045102521));
#4886=DIRECTION('',(0.,0.,-1.));
#4887=DIRECTION('center_axis',(0.,-0.258819045102521,-0.965925826289068));
#4888=DIRECTION('ref_axis',(-6.70245682766377E-16,0.965925826289068,-0.258819045102521));
#4889=DIRECTION('',(0.,0.,1.));
#4890=DIRECTION('center_axis',(2.77555756156289E-16,1.,0.));
#4891=DIRECTION('ref_axis',(-1.,2.66453525910038E-16,0.));
#4892=DIRECTION('center_axis',(1.,0.,0.));
#4893=DIRECTION('ref_axis',(0.,0.,-1.));
#4894=DIRECTION('',(0.,0.,1.));
#4895=DIRECTION('',(0.,-0.965925826289068,0.258819045102521));
#4896=DIRECTION('',(0.,-0.258819045102517,-0.965925826289069));
#4897=DIRECTION('',(0.,0.965925826289068,-0.258819045102521));
#4898=DIRECTION('center_axis',(0.,0.,-1.));
#4899=DIRECTION('ref_axis',(-0.707106781186547,0.707106781186548,0.));
#4900=DIRECTION('',(0.,0.,-1.));
#4901=DIRECTION('center_axis',(0.,-0.258819045102521,-0.965925826289068));
#4902=DIRECTION('ref_axis',(6.70245682766377E-16,0.965925826289068,-0.258819045102521));
#4903=DIRECTION('center_axis',(0.,0.258819045102521,0.965925826289068));
#4904=DIRECTION('ref_axis',(-4.69171977936464E-16,0.965925826289068,-0.258819045102521));
#4905=DIRECTION('center_axis',(1.,3.02788097625043E-16,0.));
#4906=DIRECTION('ref_axis',(3.10862446895044E-16,-1.,0.));
#4907=DIRECTION('',(0.,0.,1.));
#4908=DIRECTION('center_axis',(0.,0.,-1.));
#4909=DIRECTION('ref_axis',(0.707106781186548,-0.707106781186547,0.));
#4910=DIRECTION('',(0.,0.,-1.));
#4911=DIRECTION('center_axis',(0.,-1.,0.));
#4912=DIRECTION('ref_axis',(-1.,0.,0.));
#4913=DIRECTION('',(0.,0.,1.));
#4914=DIRECTION('center_axis',(0.,0.,-1.));
#4915=DIRECTION('ref_axis',(0.38268343236509,-0.923879532511287,0.));
#4916=DIRECTION('',(0.,0.,1.));
#4917=DIRECTION('',(0.,0.,-1.));
#4918=DIRECTION('center_axis',(0.,-1.,0.));
#4919=DIRECTION('ref_axis',(-1.,0.,0.));
#4920=DIRECTION('center_axis',(0.,0.,-1.));
#4921=DIRECTION('ref_axis',(-0.38268343236509,-0.923879532511287,0.));
#4922=DIRECTION('',(0.,0.,-1.));
#4923=DIRECTION('center_axis',(0.,0.,-1.));
#4924=DIRECTION('ref_axis',(0.38268343236509,0.923879532511287,0.));
#4925=DIRECTION('',(0.,0.,1.));
#4926=DIRECTION('',(0.,0.,-1.));
#4927=DIRECTION('center_axis',(0.707106781186548,0.707106781186547,0.));
#4928=DIRECTION('ref_axis',(0.707106781186547,-0.707106781186548,0.));
#4929=DIRECTION('center_axis',(0.,0.,-1.));
#4930=DIRECTION('ref_axis',(-0.38268343236509,0.923879532511287,0.));
#4931=DIRECTION('',(0.,0.,1.));
#4932=DIRECTION('',(0.,0.,-1.));
#4933=DIRECTION('center_axis',(-0.707106781186548,0.707106781186547,0.));
#4934=DIRECTION('ref_axis',(0.707106781186547,0.707106781186548,0.));
#4935=DIRECTION('',(0.,0.,-1.));
#4936=DIRECTION('center_axis',(0.,0.258819045102521,0.965925826289068));
#4937=DIRECTION('ref_axis',(0.,-0.965925826289068,0.258819045102521));
#4938=DIRECTION('center_axis',(0.,-0.258819045102521,-0.965925826289068));
#4939=DIRECTION('ref_axis',(0.707106781186547,-0.683012701892221,0.183012701892216));
#4940=DIRECTION('center_axis',(0.,-0.258819045102521,-0.965925826289068));
#4941=DIRECTION('ref_axis',(0.,0.965925826289068,-0.258819045102521));
#4942=DIRECTION('center_axis',(-3.86813084921188E-17,-0.258819045102517,
-0.965925826289069));
#4943=DIRECTION('ref_axis',(-0.707106781186547,-0.68301270189222,0.183012701892217));
#4944=DIRECTION('center_axis',(0.,0.258819045102521,0.965925826289068));
#4945=DIRECTION('ref_axis',(0.707106781186547,-0.683012701892221,0.183012701892216));
#4946=DIRECTION('center_axis',(0.,-0.258819045102521,-0.965925826289068));
#4947=DIRECTION('ref_axis',(0.,0.965925826289068,-0.258819045102521));
#4948=DIRECTION('center_axis',(0.,-0.258819045102521,-0.965925826289068));
#4949=DIRECTION('ref_axis',(0.,0.965925826289068,-0.258819045102521));
#4950=DIRECTION('center_axis',(0.,-0.258819045102521,-0.965925826289068));
#4951=DIRECTION('ref_axis',(0.,0.965925826289068,-0.258819045102521));
#4952=DIRECTION('center_axis',(0.,0.258819045102521,0.965925826289068));
#4953=DIRECTION('ref_axis',(0.707106781186547,-0.68301270189222,0.183012701892217));
#4954=DIRECTION('',(-1.64983552680954E-16,-0.965925826289068,0.258819045102521));
#4955=DIRECTION('center_axis',(0.,-0.258819045102521,-0.965925826289068));
#4956=DIRECTION('ref_axis',(0.,0.965925826289068,-0.258819045102521));
#4957=DIRECTION('center_axis',(0.,0.258819045102517,0.965925826289069));
#4958=DIRECTION('ref_axis',(-0.707106781186547,-0.683012701892221,0.183012701892216));
#4959=DIRECTION('center_axis',(0.,-0.258819045102521,-0.965925826289068));
#4960=DIRECTION('ref_axis',(0.707106781186547,-0.68301270189222,0.183012701892217));
#4961=DIRECTION('',(4.42072097052786E-17,0.258819045102517,0.965925826289069));
#4962=DIRECTION('center_axis',(0.,0.,1.));
#4963=DIRECTION('ref_axis',(1.,0.,0.));
#4964=DIRECTION('center_axis',(0.,0.,1.));
#4965=DIRECTION('ref_axis',(1.,0.,0.));
#4966=DIRECTION('center_axis',(0.,0.,1.));
#4967=DIRECTION('ref_axis',(1.,0.,0.));
#4968=DIRECTION('center_axis',(0.,0.,1.));
#4969=DIRECTION('ref_axis',(1.,0.,0.));
#4970=DIRECTION('center_axis',(0.,0.,1.));
#4971=DIRECTION('ref_axis',(1.,0.,0.));
#4972=DIRECTION('center_axis',(0.,0.,1.));
#4973=DIRECTION('ref_axis',(1.,0.,0.));
#4974=DIRECTION('center_axis',(0.,0.,1.));
#4975=DIRECTION('ref_axis',(1.,0.,0.));
#4976=DIRECTION('center_axis',(0.,0.,1.));
#4977=DIRECTION('ref_axis',(1.,0.,0.));
#4978=DIRECTION('center_axis',(0.,-0.258819045102521,-0.965925826289068));
#4979=DIRECTION('ref_axis',(0.,0.965925826289068,-0.258819045102521));
#4980=DIRECTION('center_axis',(-1.,1.70803542250024E-16,0.));
#4981=DIRECTION('ref_axis',(-1.77635683940025E-16,-1.,0.));
#4982=DIRECTION('',(1.64983552680954E-16,0.965925826289068,-0.258819045102521));
#4983=DIRECTION('center_axis',(0.,0.258819045102521,0.965925826289068));
#4984=DIRECTION('ref_axis',(0.,-0.965925826289068,0.258819045102521));
#4985=DIRECTION('center_axis',(1.43563322149805E-16,-1.,0.));
#4986=DIRECTION('ref_axis',(-1.,-1.4432899320127E-16,0.));
#4987=DIRECTION('',(0.,0.,-1.));
#4988=DIRECTION('center_axis',(-0.707106781186548,-0.707106781186547,0.));
#4989=DIRECTION('ref_axis',(-0.707106781186547,0.707106781186548,0.));
#4990=DIRECTION('center_axis',(0.707106781186548,-0.707106781186547,0.));
#4991=DIRECTION('ref_axis',(-0.707106781186547,-0.707106781186548,0.));
#4992=DIRECTION('center_axis',(1.,0.,0.));
#4993=DIRECTION('ref_axis',(0.,-1.,0.));
#4994=DIRECTION('center_axis',(0.,1.,0.));
#4995=DIRECTION('ref_axis',(1.,0.,0.));
#4996=DIRECTION('center_axis',(0.,1.,0.));
#4997=DIRECTION('ref_axis',(1.,0.,0.));
#4998=DIRECTION('center_axis',(8.16340459283203E-17,1.,0.));
#4999=DIRECTION('ref_axis',(1.,-8.32667268468867E-17,0.));
#5000=CARTESIAN_POINT('',(0.,0.,0.));
#5001=CARTESIAN_POINT('Origin',(-1.70697184193694E-16,0.338250781056281,
-0.1));
#5002=CARTESIAN_POINT('',(3.09587680293376,2.70058822226385,-0.0999999999999979));
#5003=CARTESIAN_POINT('',(2.32327984253331,2.70058822226385,-0.0999999999999979));
#5004=CARTESIAN_POINT('',(1.16163992126665,2.70058822226385,-0.0999999999999979));
#5005=CARTESIAN_POINT('',(3.09587680293376,2.77756967209967,-0.0999999999999979));
#5006=CARTESIAN_POINT('',(3.09587680293376,1.51941950166006,-0.0999999999999979));
#5007=CARTESIAN_POINT('',(2.32327984253331,2.77756967209967,-0.0999999999999979));
#5008=CARTESIAN_POINT('',(1.54793840146688,2.77756967209967,-0.0999999999999979));
#5009=CARTESIAN_POINT('',(2.32327984253331,1.55791022657797,-0.0999999999999979));
#5010=CARTESIAN_POINT('Origin',(3.09587680293376,2.70058822226385,28.2344932448313));
#5011=CARTESIAN_POINT('',(3.09587680293376,2.77756967209967,0.));
#5012=CARTESIAN_POINT('',(3.09587680293376,2.70058822226385,0.));
#5013=CARTESIAN_POINT('',(3.09587680293376,1.51941950166006,0.));
#5014=CARTESIAN_POINT('',(3.09587680293376,2.77756967209967,28.2344932448313));
#5015=CARTESIAN_POINT('',(3.09587680293376,2.70058822226385,28.2344932448313));
#5016=CARTESIAN_POINT('Origin',(2.32327984253331,2.70058822226385,28.2344932448313));
#5017=CARTESIAN_POINT('',(2.32327984253331,2.70058822226385,0.));
#5018=CARTESIAN_POINT('',(1.16163992126665,2.70058822226385,0.));
#5019=CARTESIAN_POINT('',(2.32327984253331,2.70058822226385,28.2344932448313));
#5020=CARTESIAN_POINT('Origin',(3.09587680293376,2.77756967209967,28.2344932448313));
#5021=CARTESIAN_POINT('',(2.32327984253331,2.77756967209967,0.));
#5022=CARTESIAN_POINT('',(1.54793840146688,2.77756967209967,0.));
#5023=CARTESIAN_POINT('',(2.32327984253331,2.77756967209967,28.2344932448313));
#5024=CARTESIAN_POINT('Origin',(2.32327984253331,2.77756967209967,28.2344932448313));
#5025=CARTESIAN_POINT('',(2.32327984253331,1.55791022657797,0.));
#5026=CARTESIAN_POINT('Ctrl Pts',(-3.21914043691423,2.7435672265969,28.2344932448313));
#5027=CARTESIAN_POINT('Ctrl Pts',(-3.21914043691423,2.7435672265969,-28.2344932448313));
#5028=CARTESIAN_POINT('Ctrl Pts',(-3.21914043691423,3.02660816073573,28.2344932448313));
#5029=CARTESIAN_POINT('Ctrl Pts',(-3.21914043691423,3.02660816073573,-28.2344932448313));
#5030=CARTESIAN_POINT('Ctrl Pts',(-3.05832172433535,3.18742687331461,28.2344932448313));
#5031=CARTESIAN_POINT('Ctrl Pts',(-3.05832172433535,3.18742687331461,-28.2344932448313));
#5032=CARTESIAN_POINT('',(-3.21914043691423,2.7435672265969,0.));
#5033=CARTESIAN_POINT('',(-3.05832172433535,3.18742687331461,0.));
#5034=CARTESIAN_POINT('Ctrl Pts',(-3.21914043691423,2.7435672265969,0.));
#5035=CARTESIAN_POINT('Ctrl Pts',(-3.21914043691423,3.02660816073573,0.));
#5036=CARTESIAN_POINT('Ctrl Pts',(-3.05832172433535,3.18742687331461,0.));
#5037=CARTESIAN_POINT('',(-3.21914043691423,2.7435672265969,-0.0999999999999979));
#5038=CARTESIAN_POINT('',(-3.21914043691423,2.7435672265969,28.2344932448313));
#5039=CARTESIAN_POINT('',(-3.05832172433535,3.18742687331461,-0.0999999999999979));
#5040=CARTESIAN_POINT('Ctrl Pts',(-3.21914043691423,2.7435672265969,-0.0999999999999979));
#5041=CARTESIAN_POINT('Ctrl Pts',(-3.21914043691423,2.93226118268945,-0.0999999999999979));
#5042=CARTESIAN_POINT('Ctrl Pts',(-3.16553419938794,3.08021439826202,-0.0999999999999979));
#5043=CARTESIAN_POINT('Ctrl Pts',(-3.05832172433535,3.18742687331461,-0.0999999999999979));
#5044=CARTESIAN_POINT('',(-3.05832172433535,3.18742687331461,28.2344932448313));
#5045=CARTESIAN_POINT('Ctrl Pts',(-3.05832172433535,3.18742687331461,28.2344932448313));
#5046=CARTESIAN_POINT('Ctrl Pts',(-3.05832172433535,3.18742687331461,-28.2344932448313));
#5047=CARTESIAN_POINT('Ctrl Pts',(-2.9360995027754,3.30964909487456,28.2344932448313));
#5048=CARTESIAN_POINT('Ctrl Pts',(-2.9360995027754,3.30964909487456,-28.2344932448313));
#5049=CARTESIAN_POINT('Ctrl Pts',(-2.74311704768075,3.30964909487456,28.2344932448313));
#5050=CARTESIAN_POINT('Ctrl Pts',(-2.74311704768075,3.30964909487456,-28.2344932448313));
#5051=CARTESIAN_POINT('',(-2.74311704768075,3.30964909487456,0.));
#5052=CARTESIAN_POINT('Ctrl Pts',(-3.05832172433535,3.18742687331461,0.));
#5053=CARTESIAN_POINT('Ctrl Pts',(-2.9360995027754,3.30964909487456,0.));
#5054=CARTESIAN_POINT('Ctrl Pts',(-2.74311704768075,3.30964909487456,0.));
#5055=CARTESIAN_POINT('',(-2.74311704768075,3.30964909487456,-0.0999999999999979));
#5056=CARTESIAN_POINT('Ctrl Pts',(-3.05832172433535,3.18742687331461,-0.0999999999999979));
#5057=CARTESIAN_POINT('Ctrl Pts',(-2.97684024329539,3.26890835435457,-0.0999999999999979));
#5058=CARTESIAN_POINT('Ctrl Pts',(-2.87177201774385,3.30964909487456,-0.0999999999999979));
#5059=CARTESIAN_POINT('Ctrl Pts',(-2.74311704768075,3.30964909487456,-0.0999999999999979));
#5060=CARTESIAN_POINT('',(-2.74311704768075,3.30964909487456,28.2344932448313));
#5061=CARTESIAN_POINT('Ctrl Pts',(-2.74311704768075,3.30964909487456,28.2344932448313));
#5062=CARTESIAN_POINT('Ctrl Pts',(-2.74311704768075,3.30964909487456,-28.2344932448313));
#5063=CARTESIAN_POINT('Ctrl Pts',(-2.55013459258609,3.30964909487456,28.2344932448313));
#5064=CARTESIAN_POINT('Ctrl Pts',(-2.55013459258609,3.30964909487456,-28.2344932448313));
#5065=CARTESIAN_POINT('Ctrl Pts',(-2.44077786803246,3.20029237032092,28.2344932448313));
#5066=CARTESIAN_POINT('Ctrl Pts',(-2.44077786803246,3.20029237032092,-28.2344932448313));
#5067=CARTESIAN_POINT('',(-2.44077786803246,3.20029237032092,0.));
#5068=CARTESIAN_POINT('Ctrl Pts',(-2.74311704768075,3.30964909487456,0.));
#5069=CARTESIAN_POINT('Ctrl Pts',(-2.55013459258609,3.30964909487456,0.));
#5070=CARTESIAN_POINT('Ctrl Pts',(-2.44077786803246,3.20029237032092,0.));
#5071=CARTESIAN_POINT('',(-2.44077786803246,3.20029237032092,-0.0999999999999979));
#5072=CARTESIAN_POINT('Ctrl Pts',(-2.74311704768075,3.30964909487456,-0.0999999999999979));
#5073=CARTESIAN_POINT('Ctrl Pts',(-2.61446207761765,3.30964909487456,-0.0999999999999979));
#5074=CARTESIAN_POINT('Ctrl Pts',(-2.51368235106821,3.27319685335668,-0.0999999999999979));
#5075=CARTESIAN_POINT('Ctrl Pts',(-2.44077786803246,3.20029237032092,-0.0999999999999979));
#5076=CARTESIAN_POINT('',(-2.44077786803246,3.20029237032092,28.2344932448313));
#5077=CARTESIAN_POINT('Ctrl Pts',(-2.44077786803246,3.20029237032092,28.2344932448313));
#5078=CARTESIAN_POINT('Ctrl Pts',(-2.44077786803246,3.20029237032092,-28.2344932448313));
#5079=CARTESIAN_POINT('Ctrl Pts',(-2.32498839497566,3.08450289726413,28.2344932448313));
#5080=CARTESIAN_POINT('Ctrl Pts',(-2.32498839497566,3.08450289726413,-28.2344932448313));
#5081=CARTESIAN_POINT('Ctrl Pts',(-2.31855564647251,2.90438593917578,28.2344932448313));
#5082=CARTESIAN_POINT('Ctrl Pts',(-2.31855564647251,2.90438593917578,-28.2344932448313));
#5083=CARTESIAN_POINT('',(-2.31855564647251,2.90438593917578,0.));
#5084=CARTESIAN_POINT('Ctrl Pts',(-2.44077786803246,3.20029237032092,0.));
#5085=CARTESIAN_POINT('Ctrl Pts',(-2.32498839497566,3.08450289726413,0.));
#5086=CARTESIAN_POINT('Ctrl Pts',(-2.31855564647251,2.90438593917578,0.));
#5087=CARTESIAN_POINT('',(-2.31855564647251,2.90438593917578,-0.0999999999999979));
#5088=CARTESIAN_POINT('Ctrl Pts',(-2.44077786803246,3.20029237032092,-0.0999999999999979));
#5089=CARTESIAN_POINT('Ctrl Pts',(-2.36358488599459,3.12309938828306,-0.0999999999999979));
#5090=CARTESIAN_POINT('Ctrl Pts',(-2.32284414547461,3.02446391123468,-0.0999999999999979));
#5091=CARTESIAN_POINT('Ctrl Pts',(-2.31855564647251,2.90438593917578,-0.0999999999999979));
#5092=CARTESIAN_POINT('',(-2.31855564647251,2.90438593917578,28.2344932448313));
#5093=CARTESIAN_POINT('Origin',(-2.47294161054823,2.90438593917578,28.2344932448313));
#5094=CARTESIAN_POINT('',(-2.47294161054823,2.90438593917578,0.));
#5095=CARTESIAN_POINT('',(-1.23647080527412,2.90438593917578,0.));
#5096=CARTESIAN_POINT('',(-2.47294161054823,2.90438593917578,-0.0999999999999979));
#5097=CARTESIAN_POINT('',(-1.23647080527412,2.90438593917578,-0.0999999999999979));
#5098=CARTESIAN_POINT('',(-2.47294161054823,2.90438593917578,28.2344932448313));
#5099=CARTESIAN_POINT('Ctrl Pts',(-2.47294161054823,2.90438593917578,28.2344932448313));
#5100=CARTESIAN_POINT('Ctrl Pts',(-2.47294161054823,2.90438593917578,-28.2344932448313));
#5101=CARTESIAN_POINT('Ctrl Pts',(-2.48580710755454,3.03947365774204,28.2344932448313));
#5102=CARTESIAN_POINT('Ctrl Pts',(-2.48580710755454,3.03947365774204,-28.2344932448313));
#5103=CARTESIAN_POINT('Ctrl Pts',(-2.55656734108925,3.11023389127675,28.2344932448313));
#5104=CARTESIAN_POINT('Ctrl Pts',(-2.55656734108925,3.11023389127675,-28.2344932448313));
#5105=CARTESIAN_POINT('',(-2.55656734108925,3.11023389127675,0.));
#5106=CARTESIAN_POINT('Ctrl Pts',(-2.47294161054823,2.90438593917578,0.));
#5107=CARTESIAN_POINT('Ctrl Pts',(-2.48580710755454,3.03947365774204,0.));
#5108=CARTESIAN_POINT('Ctrl Pts',(-2.55656734108925,3.11023389127675,0.));
#5109=CARTESIAN_POINT('',(-2.55656734108925,3.11023389127675,-0.0999999999999979));
#5110=CARTESIAN_POINT('Ctrl Pts',(-2.47294161054823,2.90438593917578,-0.0999999999999979));
#5111=CARTESIAN_POINT('Ctrl Pts',(-2.48151860855244,2.99444441821995,-0.0999999999999979));
#5112=CARTESIAN_POINT('Ctrl Pts',(-2.50939385206611,3.06306040225361,-0.0999999999999979));
#5113=CARTESIAN_POINT('Ctrl Pts',(-2.55656734108925,3.11023389127675,-0.0999999999999979));
#5114=CARTESIAN_POINT('',(-2.55656734108925,3.11023389127675,28.2344932448313));
#5115=CARTESIAN_POINT('Ctrl Pts',(-2.55656734108925,3.11023389127675,28.2344932448313));
#5116=CARTESIAN_POINT('Ctrl Pts',(-2.55656734108925,3.11023389127675,-28.2344932448313));
#5117=CARTESIAN_POINT('Ctrl Pts',(-2.63376032312711,3.18742687331461,28.2344932448313));
#5118=CARTESIAN_POINT('Ctrl Pts',(-2.63376032312711,3.18742687331461,-28.2344932448313));
#5119=CARTESIAN_POINT('Ctrl Pts',(-2.74311704768075,3.18742687331461,28.2344932448313));
#5120=CARTESIAN_POINT('Ctrl Pts',(-2.74311704768075,3.18742687331461,-28.2344932448313));
#5121=CARTESIAN_POINT('',(-2.74311704768075,3.18742687331461,0.));
#5122=CARTESIAN_POINT('Ctrl Pts',(-2.55656734108925,3.11023389127675,0.));
#5123=CARTESIAN_POINT('Ctrl Pts',(-2.63376032312711,3.18742687331461,0.));
#5124=CARTESIAN_POINT('Ctrl Pts',(-2.74311704768075,3.18742687331461,0.));
#5125=CARTESIAN_POINT('',(-2.74311704768075,3.18742687331461,-0.0999999999999979));
#5126=CARTESIAN_POINT('Ctrl Pts',(-2.55656734108925,3.11023389127675,-0.0999999999999979));
#5127=CARTESIAN_POINT('Ctrl Pts',(-2.60802932911449,3.16169587930199,-0.0999999999999979));
#5128=CARTESIAN_POINT('Ctrl Pts',(-2.67021256464499,3.18742687331461,-0.0999999999999979));
#5129=CARTESIAN_POINT('Ctrl Pts',(-2.74311704768075,3.18742687331461,-0.0999999999999979));
#5130=CARTESIAN_POINT('',(-2.74311704768075,3.18742687331461,28.2344932448313));
#5131=CARTESIAN_POINT('Ctrl Pts',(-2.74311704768075,3.18742687331461,28.2344932448313));
#5132=CARTESIAN_POINT('Ctrl Pts',(-2.74311704768075,3.18742687331461,-28.2344932448313));
#5133=CARTESIAN_POINT('Ctrl Pts',(-2.85890652073754,3.18742687331461,28.2344932448313));
#5134=CARTESIAN_POINT('Ctrl Pts',(-2.85890652073754,3.18742687331461,-28.2344932448313));
#5135=CARTESIAN_POINT('Ctrl Pts',(-2.94896499978171,3.09736839427044,28.2344932448313));
#5136=CARTESIAN_POINT('Ctrl Pts',(-2.94896499978171,3.09736839427044,-28.2344932448313));
#5137=CARTESIAN_POINT('',(-2.94896499978171,3.09736839427044,0.));
#5138=CARTESIAN_POINT('Ctrl Pts',(-2.74311704768075,3.18742687331461,0.));
#5139=CARTESIAN_POINT('Ctrl Pts',(-2.85890652073754,3.18742687331461,0.));
#5140=CARTESIAN_POINT('Ctrl Pts',(-2.94896499978171,3.09736839427044,0.));
#5141=CARTESIAN_POINT('',(-2.94896499978171,3.09736839427044,-0.0999999999999979));
#5142=CARTESIAN_POINT('Ctrl Pts',(-2.74311704768075,3.18742687331461,-0.0999999999999979));
#5143=CARTESIAN_POINT('Ctrl Pts',(-2.82031002971861,3.18742687331461,-0.0999999999999979));
#5144=CARTESIAN_POINT('Ctrl Pts',(-2.88892601375227,3.15740738029988,-0.0999999999999979));
#5145=CARTESIAN_POINT('Ctrl Pts',(-2.94896499978171,3.09736839427044,-0.0999999999999979));
#5146=CARTESIAN_POINT('',(-2.94896499978171,3.09736839427044,28.2344932448313));
#5147=CARTESIAN_POINT('Ctrl Pts',(-2.94896499978171,3.09736839427044,28.2344932448313));
#5148=CARTESIAN_POINT('Ctrl Pts',(-2.94896499978171,3.09736839427044,-28.2344932448313));
#5149=CARTESIAN_POINT('Ctrl Pts',(-3.06475447283851,2.98157892121364,28.2344932448313));
#5150=CARTESIAN_POINT('Ctrl Pts',(-3.06475447283851,2.98157892121364,-28.2344932448313));
#5151=CARTESIAN_POINT('Ctrl Pts',(-3.06475447283851,2.7435672265969,28.2344932448313));
#5152=CARTESIAN_POINT('Ctrl Pts',(-3.06475447283851,2.7435672265969,-28.2344932448313));
#5153=CARTESIAN_POINT('',(-3.06475447283851,2.7435672265969,0.));
#5154=CARTESIAN_POINT('Ctrl Pts',(-2.94896499978171,3.09736839427044,0.));
#5155=CARTESIAN_POINT('Ctrl Pts',(-3.06475447283851,2.98157892121364,0.));
#5156=CARTESIAN_POINT('Ctrl Pts',(-3.06475447283851,2.7435672265969,0.));
#5157=CARTESIAN_POINT('',(-3.06475447283851,2.7435672265969,-0.0999999999999979));
#5158=CARTESIAN_POINT('Ctrl Pts',(-2.94896499978171,3.09736839427044,-0.0999999999999979));
#5159=CARTESIAN_POINT('Ctrl Pts',(-3.02615798181958,3.02017541223257,-0.0999999999999979));
#5160=CARTESIAN_POINT('Ctrl Pts',(-3.06475447283851,2.90224168967473,-0.0999999999999979));
#5161=CARTESIAN_POINT('Ctrl Pts',(-3.06475447283851,2.7435672265969,-0.0999999999999979));
#5162=CARTESIAN_POINT('',(-3.06475447283851,2.7435672265969,28.2344932448313));
#5163=CARTESIAN_POINT('Ctrl Pts',(-3.05832172433535,2.30614032838235,28.2344932448313));
#5164=CARTESIAN_POINT('Ctrl Pts',(-3.05832172433535,2.30614032838235,-28.2344932448313));
#5165=CARTESIAN_POINT('Ctrl Pts',(-3.21914043691423,2.46695904096123,28.2344932448313));
#5166=CARTESIAN_POINT('Ctrl Pts',(-3.21914043691423,2.46695904096123,-28.2344932448313));
#5167=CARTESIAN_POINT('Ctrl Pts',(-3.21914043691423,2.7435672265969,28.2344932448313));
#5168=CARTESIAN_POINT('Ctrl Pts',(-3.21914043691423,2.7435672265969,-28.2344932448313));
#5169=CARTESIAN_POINT('',(-3.05832172433535,2.30614032838235,0.));
#5170=CARTESIAN_POINT('Ctrl Pts',(-3.05832172433535,2.30614032838235,0.));
#5171=CARTESIAN_POINT('Ctrl Pts',(-3.21914043691423,2.46695904096123,0.));
#5172=CARTESIAN_POINT('Ctrl Pts',(-3.21914043691423,2.7435672265969,0.));
#5173=CARTESIAN_POINT('',(-3.05832172433535,2.30614032838235,-0.0999999999999979));
#5174=CARTESIAN_POINT('',(-3.05832172433535,2.30614032838235,28.2344932448313));
#5175=CARTESIAN_POINT('Ctrl Pts',(-3.05832172433535,2.30614032838235,-0.0999999999999979));
#5176=CARTESIAN_POINT('Ctrl Pts',(-3.16553419938794,2.41335280343493,-0.0999999999999979));
#5177=CARTESIAN_POINT('Ctrl Pts',(-3.21914043691423,2.55916176950645,-0.0999999999999979));
#5178=CARTESIAN_POINT('Ctrl Pts',(-3.21914043691423,2.7435672265969,-0.0999999999999979));
#5179=CARTESIAN_POINT('Ctrl Pts',(-2.74311704768075,2.1839181068224,28.2344932448313));
#5180=CARTESIAN_POINT('Ctrl Pts',(-2.74311704768075,2.1839181068224,-28.2344932448313));
#5181=CARTESIAN_POINT('Ctrl Pts',(-2.9360995027754,2.1839181068224,28.2344932448313));
#5182=CARTESIAN_POINT('Ctrl Pts',(-2.9360995027754,2.1839181068224,-28.2344932448313));
#5183=CARTESIAN_POINT('Ctrl Pts',(-3.05832172433535,2.30614032838235,28.2344932448313));
#5184=CARTESIAN_POINT('Ctrl Pts',(-3.05832172433535,2.30614032838235,-28.2344932448313));
#5185=CARTESIAN_POINT('',(-2.74311704768075,2.1839181068224,0.));
#5186=CARTESIAN_POINT('Ctrl Pts',(-2.74311704768075,2.1839181068224,0.));
#5187=CARTESIAN_POINT('Ctrl Pts',(-2.9360995027754,2.1839181068224,0.));
#5188=CARTESIAN_POINT('Ctrl Pts',(-3.05832172433535,2.30614032838235,0.));
#5189=CARTESIAN_POINT('',(-2.74311704768075,2.1839181068224,-0.0999999999999979));
#5190=CARTESIAN_POINT('',(-2.74311704768075,2.1839181068224,28.2344932448313));
#5191=CARTESIAN_POINT('Ctrl Pts',(-2.74311704768075,2.1839181068224,-0.0999999999999979));
#5192=CARTESIAN_POINT('Ctrl Pts',(-2.87177201774385,2.1839181068224,-0.0999999999999979));
#5193=CARTESIAN_POINT('Ctrl Pts',(-2.97684024329539,2.22465884734238,-0.0999999999999979));
#5194=CARTESIAN_POINT('Ctrl Pts',(-3.05832172433535,2.30614032838235,-0.0999999999999979));
#5195=CARTESIAN_POINT('Ctrl Pts',(-2.42791237102614,2.29327483137604,28.2344932448313));
#5196=CARTESIAN_POINT('Ctrl Pts',(-2.42791237102614,2.29327483137604,-28.2344932448313));
#5197=CARTESIAN_POINT('Ctrl Pts',(-2.53726909557978,2.1839181068224,28.2344932448313));
#5198=CARTESIAN_POINT('Ctrl Pts',(-2.53726909557978,2.1839181068224,-28.2344932448313));
#5199=CARTESIAN_POINT('Ctrl Pts',(-2.74311704768075,2.1839181068224,28.2344932448313));
#5200=CARTESIAN_POINT('Ctrl Pts',(-2.74311704768075,2.1839181068224,-28.2344932448313));
#5201=CARTESIAN_POINT('',(-2.42791237102614,2.29327483137604,0.));
#5202=CARTESIAN_POINT('Ctrl Pts',(-2.42791237102614,2.29327483137604,0.));
#5203=CARTESIAN_POINT('Ctrl Pts',(-2.53726909557978,2.1839181068224,0.));
#5204=CARTESIAN_POINT('Ctrl Pts',(-2.74311704768075,2.1839181068224,0.));
#5205=CARTESIAN_POINT('',(-2.42791237102614,2.29327483137604,-0.0999999999999979));
#5206=CARTESIAN_POINT('',(-2.42791237102614,2.29327483137604,28.2344932448313));
#5207=CARTESIAN_POINT('Ctrl Pts',(-2.42791237102614,2.29327483137604,-0.0999999999999979));
#5208=CARTESIAN_POINT('Ctrl Pts',(-2.5008168540619,2.22037034834028,-0.0999999999999979));
#5209=CARTESIAN_POINT('Ctrl Pts',(-2.60588507961344,2.1839181068224,-0.0999999999999979));
#5210=CARTESIAN_POINT('Ctrl Pts',(-2.74311704768075,2.1839181068224,-0.0999999999999979));
#5211=CARTESIAN_POINT('Ctrl Pts',(-2.29925740096304,2.63421050204326,28.2344932448313));
#5212=CARTESIAN_POINT('Ctrl Pts',(-2.29925740096304,2.63421050204326,-28.2344932448313));
#5213=CARTESIAN_POINT('Ctrl Pts',(-2.3056901494662,2.41549705293599,28.2344932448313));
#5214=CARTESIAN_POINT('Ctrl Pts',(-2.3056901494662,2.41549705293599,-28.2344932448313));
#5215=CARTESIAN_POINT('Ctrl Pts',(-2.42791237102614,2.29327483137604,28.2344932448313));
#5216=CARTESIAN_POINT('Ctrl Pts',(-2.42791237102614,2.29327483137604,-28.2344932448313));
#5217=CARTESIAN_POINT('',(-2.29925740096304,2.63421050204326,0.));
#5218=CARTESIAN_POINT('Ctrl Pts',(-2.29925740096304,2.63421050204326,4.44089209850063E-15));
#5219=CARTESIAN_POINT('Ctrl Pts',(-2.3056901494662,2.41549705293599,4.44089209850063E-15));
#5220=CARTESIAN_POINT('Ctrl Pts',(-2.42791237102614,2.29327483137604,4.44089209850063E-15));
#5221=CARTESIAN_POINT('',(-2.29925740096304,2.63421050204326,-0.0999999999999979));
#5222=CARTESIAN_POINT('',(-2.29925740096304,2.63421050204326,28.2344932448313));
#5223=CARTESIAN_POINT('Ctrl Pts',(-2.29925740096304,2.63421050204326,-0.0999999999999979));
#5224=CARTESIAN_POINT('Ctrl Pts',(-2.30354589996515,2.48840153597175,-0.0999999999999979));
#5225=CARTESIAN_POINT('Ctrl Pts',(-2.34643088998618,2.374756312416,-0.0999999999999979));
#5226=CARTESIAN_POINT('Ctrl Pts',(-2.42791237102614,2.29327483137604,-0.0999999999999979));
#5227=CARTESIAN_POINT('Origin',(-2.29925740096304,2.63421050204326,28.2344932448313));
#5228=CARTESIAN_POINT('',(-2.45364336503877,2.63421050204326,0.));
#5229=CARTESIAN_POINT('',(-1.14962870048152,2.63421050204326,0.));
#5230=CARTESIAN_POINT('',(-2.45364336503877,2.63421050204326,-0.0999999999999979));
#5231=CARTESIAN_POINT('',(-2.45364336503877,2.63421050204326,28.2344932448313));
#5232=CARTESIAN_POINT('',(-1.14962870048152,2.63421050204326,-0.0999999999999979));
#5233=CARTESIAN_POINT('Ctrl Pts',(-2.54370184408294,2.37690056191706,28.2344932448313));
#5234=CARTESIAN_POINT('Ctrl Pts',(-2.54370184408294,2.37690056191706,-28.2344932448313));
#5235=CARTESIAN_POINT('Ctrl Pts',(-2.45364336503877,2.46695904096123,28.2344932448313));
#5236=CARTESIAN_POINT('Ctrl Pts',(-2.45364336503877,2.46695904096123,-28.2344932448313));
#5237=CARTESIAN_POINT('Ctrl Pts',(-2.45364336503877,2.63421050204326,28.2344932448313));
#5238=CARTESIAN_POINT('Ctrl Pts',(-2.45364336503877,2.63421050204326,-28.2344932448313));
#5239=CARTESIAN_POINT('',(-2.54370184408294,2.37690056191706,0.));
#5240=CARTESIAN_POINT('Ctrl Pts',(-2.54370184408294,2.37690056191706,0.));
#5241=CARTESIAN_POINT('Ctrl Pts',(-2.45364336503877,2.46695904096123,0.));
#5242=CARTESIAN_POINT('Ctrl Pts',(-2.45364336503877,2.63421050204326,0.));
#5243=CARTESIAN_POINT('',(-2.54370184408294,2.37690056191706,-0.0999999999999979));
#5244=CARTESIAN_POINT('',(-2.54370184408294,2.37690056191706,28.2344932448313));
#5245=CARTESIAN_POINT('Ctrl Pts',(-2.54370184408294,2.37690056191706,-0.0999999999999979));
#5246=CARTESIAN_POINT('Ctrl Pts',(-2.48366285805349,2.4369395479465,-0.0999999999999979));
#5247=CARTESIAN_POINT('Ctrl Pts',(-2.45364336503877,2.52270952798857,-0.0999999999999979));
#5248=CARTESIAN_POINT('Ctrl Pts',(-2.45364336503877,2.63421050204326,-0.0999999999999979));
#5249=CARTESIAN_POINT('Ctrl Pts',(-2.74311704768075,2.30614032838235,28.2344932448313));
#5250=CARTESIAN_POINT('Ctrl Pts',(-2.74311704768075,2.30614032838235,-28.2344932448313));
#5251=CARTESIAN_POINT('Ctrl Pts',(-2.61446207761765,2.30614032838235,28.2344932448313));
#5252=CARTESIAN_POINT('Ctrl Pts',(-2.61446207761765,2.30614032838235,-28.2344932448313));
#5253=CARTESIAN_POINT('Ctrl Pts',(-2.54370184408294,2.37690056191706,28.2344932448313));
#5254=CARTESIAN_POINT('Ctrl Pts',(-2.54370184408294,2.37690056191706,-28.2344932448313));
#5255=CARTESIAN_POINT('',(-2.74311704768075,2.30614032838235,0.));
#5256=CARTESIAN_POINT('Ctrl Pts',(-2.74311704768075,2.30614032838235,0.));
#5257=CARTESIAN_POINT('Ctrl Pts',(-2.61446207761765,2.30614032838235,0.));
#5258=CARTESIAN_POINT('Ctrl Pts',(-2.54370184408294,2.37690056191706,0.));
#5259=CARTESIAN_POINT('',(-2.74311704768075,2.30614032838235,-0.0999999999999979));
#5260=CARTESIAN_POINT('',(-2.74311704768075,2.30614032838235,28.2344932448313));
#5261=CARTESIAN_POINT('Ctrl Pts',(-2.74311704768075,2.30614032838235,-0.0999999999999979));
#5262=CARTESIAN_POINT('Ctrl Pts',(-2.65734706763868,2.30614032838235,-0.0999999999999979));
#5263=CARTESIAN_POINT('Ctrl Pts',(-2.59087533310608,2.32972707289392,-0.0999999999999979));
#5264=CARTESIAN_POINT('Ctrl Pts',(-2.54370184408294,2.37690056191706,-0.0999999999999979));
#5265=CARTESIAN_POINT('Ctrl Pts',(-2.94896499978171,2.38976605892337,28.2344932448313));
#5266=CARTESIAN_POINT('Ctrl Pts',(-2.94896499978171,2.38976605892337,-28.2344932448313));
#5267=CARTESIAN_POINT('Ctrl Pts',(-2.8653392692407,2.30614032838235,28.2344932448313));
#5268=CARTESIAN_POINT('Ctrl Pts',(-2.8653392692407,2.30614032838235,-28.2344932448313));
#5269=CARTESIAN_POINT('Ctrl Pts',(-2.74311704768075,2.30614032838235,28.2344932448313));
#5270=CARTESIAN_POINT('Ctrl Pts',(-2.74311704768075,2.30614032838235,-28.2344932448313));
#5271=CARTESIAN_POINT('',(-2.94896499978171,2.38976605892337,0.));
#5272=CARTESIAN_POINT('Ctrl Pts',(-2.94896499978171,2.38976605892337,0.));
#5273=CARTESIAN_POINT('Ctrl Pts',(-2.8653392692407,2.30614032838235,0.));
#5274=CARTESIAN_POINT('Ctrl Pts',(-2.74311704768075,2.30614032838235,0.));
#5275=CARTESIAN_POINT('',(-2.94896499978171,2.38976605892337,-0.0999999999999979));
#5276=CARTESIAN_POINT('',(-2.94896499978171,2.38976605892337,28.2344932448313));
#5277=CARTESIAN_POINT('Ctrl Pts',(-2.94896499978171,2.38976605892337,-0.0999999999999979));
#5278=CARTESIAN_POINT('Ctrl Pts',(-2.89321451275437,2.33401557189602,-0.0999999999999979));
#5279=CARTESIAN_POINT('Ctrl Pts',(-2.82459852872071,2.30614032838235,-0.0999999999999979));
#5280=CARTESIAN_POINT('Ctrl Pts',(-2.74311704768075,2.30614032838235,-0.0999999999999979));
#5281=CARTESIAN_POINT('Ctrl Pts',(-3.06475447283851,2.7435672265969,28.2344932448313));
#5282=CARTESIAN_POINT('Ctrl Pts',(-3.06475447283851,2.7435672265969,-28.2344932448313));
#5283=CARTESIAN_POINT('Ctrl Pts',(-3.06475447283851,2.50555553198016,28.2344932448313));
#5284=CARTESIAN_POINT('Ctrl Pts',(-3.06475447283851,2.50555553198016,-28.2344932448313));
#5285=CARTESIAN_POINT('Ctrl Pts',(-2.94896499978171,2.38976605892337,28.2344932448313));
#5286=CARTESIAN_POINT('Ctrl Pts',(-2.94896499978171,2.38976605892337,-28.2344932448313));
#5287=CARTESIAN_POINT('Ctrl Pts',(-3.06475447283851,2.7435672265969,0.));
#5288=CARTESIAN_POINT('Ctrl Pts',(-3.06475447283851,2.50555553198016,0.));
#5289=CARTESIAN_POINT('Ctrl Pts',(-2.94896499978171,2.38976605892337,0.));
#5290=CARTESIAN_POINT('Ctrl Pts',(-3.06475447283851,2.7435672265969,-0.0999999999999979));
#5291=CARTESIAN_POINT('Ctrl Pts',(-3.06475447283851,2.58489276351907,-0.0999999999999979));
#5292=CARTESIAN_POINT('Ctrl Pts',(-3.02615798181958,2.46695904096123,-0.0999999999999979));
#5293=CARTESIAN_POINT('Ctrl Pts',(-2.94896499978171,2.38976605892337,-0.0999999999999979));
#5294=CARTESIAN_POINT('Origin',(-1.70697184193694E-16,0.338250781056281,
-0.1));
#5295=CARTESIAN_POINT('Origin',(-1.70697184193694E-16,0.338250781056281,
-0.1));
#5296=CARTESIAN_POINT('',(-0.305105364984936,2.6856724900685,-0.0999999999999979));
#5297=CARTESIAN_POINT('',(-0.305105364984936,2.81432746013161,-0.0999999999999979));
#5298=CARTESIAN_POINT('',(-0.305105364984936,1.57628912059394,-0.0999999999999979));
#5299=CARTESIAN_POINT('',(-0.176450394921833,2.28040933436973,-0.0999999999999979));
#5300=CARTESIAN_POINT('Ctrl Pts',(-0.176450394921833,2.28040933436973,-0.0999999999999979));
#5301=CARTESIAN_POINT('Ctrl Pts',(-0.262220374963902,2.3661793144118,-0.0999999999999979));
#5302=CARTESIAN_POINT('Ctrl Pts',(-0.305105364984936,2.50126703297806,-0.0999999999999979));
#5303=CARTESIAN_POINT('Ctrl Pts',(-0.305105364984936,2.6856724900685,-0.0999999999999979));
#5304=CARTESIAN_POINT('',(0.0486958026885987,2.19035085532556,-0.0999999999999979));
#5305=CARTESIAN_POINT('Ctrl Pts',(0.0486958026885987,2.19035085532556,-0.0999999999999979));
#5306=CARTESIAN_POINT('Ctrl Pts',(-0.0413626763555738,2.19035085532556,
-0.0999999999999979));
#5307=CARTESIAN_POINT('Ctrl Pts',(-0.116411408892384,2.22037034834028,-0.0999999999999979));
#5308=CARTESIAN_POINT('Ctrl Pts',(-0.176450394921833,2.28040933436973,-0.0999999999999979));
#5309=CARTESIAN_POINT('',(0.27384200029903,2.28040933436973,-0.0999999999999979));
#5310=CARTESIAN_POINT('Ctrl Pts',(0.27384200029903,2.28040933436973,-0.0999999999999979));
#5311=CARTESIAN_POINT('Ctrl Pts',(0.213803014269582,2.22037034834028,-0.0999999999999979));
#5312=CARTESIAN_POINT('Ctrl Pts',(0.138754281732771,2.19035085532556,-0.0999999999999979));
#5313=CARTESIAN_POINT('Ctrl Pts',(0.0486958026885987,2.19035085532556,-0.0999999999999979));
#5314=CARTESIAN_POINT('',(0.402496970362133,2.6856724900685,-0.0999999999999979));
#5315=CARTESIAN_POINT('Ctrl Pts',(0.402496970362133,2.6856724900685,-0.0999999999999979));
#5316=CARTESIAN_POINT('Ctrl Pts',(0.402496970362133,2.50126703297806,-0.0999999999999979));
#5317=CARTESIAN_POINT('Ctrl Pts',(0.359611980341099,2.3661793144118,-0.0999999999999979));
#5318=CARTESIAN_POINT('Ctrl Pts',(0.27384200029903,2.28040933436973,-0.0999999999999979));
#5319=CARTESIAN_POINT('',(0.402496970362133,2.81432746013161,-0.0999999999999979));
#5320=CARTESIAN_POINT('',(0.402496970362133,1.51196163556239,-0.0999999999999979));
#5321=CARTESIAN_POINT('',(0.27384200029903,3.22602336433354,-0.0999999999999979));
#5322=CARTESIAN_POINT('Ctrl Pts',(0.27384200029903,3.22602336433354,-0.0999999999999979));
#5323=CARTESIAN_POINT('Ctrl Pts',(0.295916907898254,3.20394845673431,-0.0999999999999979));
#5324=CARTESIAN_POINT('Ctrl Pts',(0.314528196615727,3.17908736856283,-0.0999999999999979));
#5325=CARTESIAN_POINT('Ctrl Pts',(0.347086269426566,3.12265337569071,-0.0999999999999979));
#5326=CARTESIAN_POINT('Ctrl Pts',(0.360212709225949,3.09115756283681,-0.0999999999999979));
#5327=CARTESIAN_POINT('Ctrl Pts',(0.394571620627906,2.98120904635055,-0.0999999999999979));
#5328=CARTESIAN_POINT('Ctrl Pts',(0.402496970362133,2.89544495896497,-0.0999999999999979));
#5329=CARTESIAN_POINT('Ctrl Pts',(0.402496970362133,2.81432746013161,-0.0999999999999979));
#5330=CARTESIAN_POINT('',(0.0486958026885987,3.31608184337771,-0.0999999999999979));
#5331=CARTESIAN_POINT('Ctrl Pts',(0.0486958026885987,3.31608184337771,-0.0999999999999979));
#5332=CARTESIAN_POINT('Ctrl Pts',(0.138754281732771,3.31608184337771,-0.0999999999999979));
#5333=CARTESIAN_POINT('Ctrl Pts',(0.213803014269582,3.28606235036299,-0.0999999999999979));
#5334=CARTESIAN_POINT('Ctrl Pts',(0.27384200029903,3.22602336433354,-0.0999999999999979));
#5335=CARTESIAN_POINT('',(-0.176450394921833,3.22602336433354,-0.0999999999999979));
#5336=CARTESIAN_POINT('Ctrl Pts',(-0.176450394921833,3.22602336433354,-0.0999999999999979));
#5337=CARTESIAN_POINT('Ctrl Pts',(-0.116411408892384,3.28606235036299,-0.0999999999999979));
#5338=CARTESIAN_POINT('Ctrl Pts',(-0.0413626763555738,3.31608184337771,
-0.0999999999999979));
#5339=CARTESIAN_POINT('Ctrl Pts',(0.0486958026885987,3.31608184337771,-0.0999999999999979));
#5340=CARTESIAN_POINT('Ctrl Pts',(-0.305105364984936,2.81432746013161,-0.0999999999999979));
#5341=CARTESIAN_POINT('Ctrl Pts',(-0.305105364984936,3.00302141622416,-0.0999999999999979));
#5342=CARTESIAN_POINT('Ctrl Pts',(-0.262220374963902,3.14025338429147,-0.0999999999999979));
#5343=CARTESIAN_POINT('Ctrl Pts',(-0.176450394921833,3.22602336433354,-0.0999999999999979));
#5344=CARTESIAN_POINT('',(-0.0670936703681945,3.14239763379252,-0.0999999999999979));
#5345=CARTESIAN_POINT('',(-0.150719400909212,2.82719295713792,-0.0999999999999979));
#5346=CARTESIAN_POINT('Ctrl Pts',(-0.0670936703681945,3.14239763379252,
-0.0999999999999979));
#5347=CARTESIAN_POINT('Ctrl Pts',(-0.122844157395539,3.08664714676518,-0.0999999999999979));
#5348=CARTESIAN_POINT('Ctrl Pts',(-0.150719400909212,2.98157892121364,-0.0999999999999979));
#5349=CARTESIAN_POINT('Ctrl Pts',(-0.150719400909212,2.82719295713792,-0.0999999999999979));
#5350=CARTESIAN_POINT('',(0.0486958026885987,3.19385962181776,-0.0999999999999979));
#5351=CARTESIAN_POINT('Ctrl Pts',(0.0486958026885987,3.19385962181776,-0.0999999999999979));
#5352=CARTESIAN_POINT('Ctrl Pts',(0.00581081266756418,3.19385962181776,
-0.0999999999999979));
#5353=CARTESIAN_POINT('Ctrl Pts',(-0.032785678351367,3.17670562580935,-0.0999999999999979));
#5354=CARTESIAN_POINT('Ctrl Pts',(-0.0670936703681945,3.14239763379252,
-0.0999999999999979));
#5355=CARTESIAN_POINT('',(0.164485275745392,3.14239763379252,-0.0999999999999979));
#5356=CARTESIAN_POINT('Ctrl Pts',(0.164485275745392,3.14239763379252,-0.0999999999999979));
#5357=CARTESIAN_POINT('Ctrl Pts',(0.130177283728564,3.17670562580935,-0.0999999999999979));
#5358=CARTESIAN_POINT('Ctrl Pts',(0.0915807927096332,3.19385962181776,-0.0999999999999979));
#5359=CARTESIAN_POINT('Ctrl Pts',(0.0486958026885987,3.19385962181776,-0.0999999999999979));
#5360=CARTESIAN_POINT('',(0.248111006286409,2.82719295713792,-0.0999999999999979));
#5361=CARTESIAN_POINT('Ctrl Pts',(0.248111006286409,2.82719295713792,-0.0999999999999979));
#5362=CARTESIAN_POINT('Ctrl Pts',(0.248111006286409,2.98157892121364,-0.0999999999999979));
#5363=CARTESIAN_POINT('Ctrl Pts',(0.220235762772737,3.08664714676518,-0.0999999999999979));
#5364=CARTESIAN_POINT('Ctrl Pts',(0.164485275745392,3.14239763379252,-0.0999999999999979));
#5365=CARTESIAN_POINT('',(0.248111006286409,2.67923974156535,-0.0999999999999979));
#5366=CARTESIAN_POINT('',(0.248111006286409,1.50874526131082,-0.0999999999999979));
#5367=CARTESIAN_POINT('',(0.164485275745392,2.36403506491075,-0.0999999999999979));
#5368=CARTESIAN_POINT('Ctrl Pts',(0.164485275745392,2.36403506491075,-0.0999999999999979));
#5369=CARTESIAN_POINT('Ctrl Pts',(0.220235762772737,2.41978555193809,-0.0999999999999979));
#5370=CARTESIAN_POINT('Ctrl Pts',(0.248111006286409,2.52485377748962,-0.0999999999999979));
#5371=CARTESIAN_POINT('Ctrl Pts',(0.248111006286409,2.67923974156535,-0.0999999999999979));
#5372=CARTESIAN_POINT('',(0.0486958026885987,2.3125730768855,-0.0999999999999979));
#5373=CARTESIAN_POINT('Ctrl Pts',(0.0486958026885987,2.3125730768855,-0.0999999999999979));
#5374=CARTESIAN_POINT('Ctrl Pts',(0.0915807927096332,2.3125730768855,-0.0999999999999979));
#5375=CARTESIAN_POINT('Ctrl Pts',(0.130177283728564,2.32972707289392,-0.0999999999999979));
#5376=CARTESIAN_POINT('Ctrl Pts',(0.164485275745392,2.36403506491075,-0.0999999999999979));
#5377=CARTESIAN_POINT('',(-0.0606609218650393,2.36403506491075,-0.0999999999999979));
#5378=CARTESIAN_POINT('Ctrl Pts',(-0.0606609218650393,2.36403506491075,
-0.0999999999999979));
#5379=CARTESIAN_POINT('Ctrl Pts',(-0.0263529298482118,2.32972707289392,
-0.0999999999999979));
#5380=CARTESIAN_POINT('Ctrl Pts',(0.0100993116696676,2.3125730768855,-0.0999999999999979));
#5381=CARTESIAN_POINT('Ctrl Pts',(0.0486958026885987,2.3125730768855,-0.0999999999999979));
#5382=CARTESIAN_POINT('',(-0.150719400909212,2.67923974156535,-0.0999999999999979));
#5383=CARTESIAN_POINT('Ctrl Pts',(-0.150719400909212,2.67923974156535,-0.0999999999999979));
#5384=CARTESIAN_POINT('Ctrl Pts',(-0.150719400909212,2.52914227649173,-0.0999999999999979));
#5385=CARTESIAN_POINT('Ctrl Pts',(-0.120699907894488,2.42407405094019,-0.0999999999999979));
#5386=CARTESIAN_POINT('Ctrl Pts',(-0.0606609218650393,2.36403506491075,
-0.0999999999999979));
#5387=CARTESIAN_POINT('',(-0.150719400909212,1.5827218690971,-0.0999999999999979));
#5388=CARTESIAN_POINT('Origin',(0.248111006286409,2.67923974156535,28.2344932448313));
#5389=CARTESIAN_POINT('',(0.248111006286409,2.67923974156535,0.));
#5390=CARTESIAN_POINT('',(0.248111006286409,2.82719295713792,0.));
#5391=CARTESIAN_POINT('',(0.248111006286409,1.50874526131082,0.));
#5392=CARTESIAN_POINT('',(0.248111006286409,2.67923974156535,28.2344932448313));
#5393=CARTESIAN_POINT('',(0.248111006286409,2.82719295713792,28.2344932448313));
#5394=CARTESIAN_POINT('Ctrl Pts',(0.164485275745392,3.14239763379252,28.2344932448313));
#5395=CARTESIAN_POINT('Ctrl Pts',(0.164485275745392,3.14239763379252,-28.2344932448313));
#5396=CARTESIAN_POINT('Ctrl Pts',(0.248111006286409,3.0587719032515,28.2344932448313));
#5397=CARTESIAN_POINT('Ctrl Pts',(0.248111006286409,3.0587719032515,-28.2344932448313));
#5398=CARTESIAN_POINT('Ctrl Pts',(0.248111006286409,2.82719295713792,28.2344932448313));
#5399=CARTESIAN_POINT('Ctrl Pts',(0.248111006286409,2.82719295713792,-28.2344932448313));
#5400=CARTESIAN_POINT('',(0.164485275745392,3.14239763379252,0.));
#5401=CARTESIAN_POINT('Ctrl Pts',(0.248111006286409,2.82719295713792,0.));
#5402=CARTESIAN_POINT('Ctrl Pts',(0.248111006286409,3.0587719032515,0.));
#5403=CARTESIAN_POINT('Ctrl Pts',(0.164485275745392,3.14239763379252,0.));
#5404=CARTESIAN_POINT('',(0.164485275745392,3.14239763379252,28.2344932448313));
#5405=CARTESIAN_POINT('Ctrl Pts',(0.0486958026885987,3.19385962181776,28.2344932448313));
#5406=CARTESIAN_POINT('Ctrl Pts',(0.0486958026885987,3.19385962181776,-28.2344932448313));
#5407=CARTESIAN_POINT('Ctrl Pts',(0.11302328772015,3.19385962181776,28.2344932448313));
#5408=CARTESIAN_POINT('Ctrl Pts',(0.11302328772015,3.19385962181776,-28.2344932448313));
#5409=CARTESIAN_POINT('Ctrl Pts',(0.164485275745392,3.14239763379252,28.2344932448313));
#5410=CARTESIAN_POINT('Ctrl Pts',(0.164485275745392,3.14239763379252,-28.2344932448313));
#5411=CARTESIAN_POINT('',(0.0486958026885987,3.19385962181776,0.));
#5412=CARTESIAN_POINT('Ctrl Pts',(0.164485275745392,3.14239763379252,0.));
#5413=CARTESIAN_POINT('Ctrl Pts',(0.11302328772015,3.19385962181776,0.));
#5414=CARTESIAN_POINT('Ctrl Pts',(0.0486958026885987,3.19385962181776,0.));
#5415=CARTESIAN_POINT('',(0.0486958026885987,3.19385962181776,28.2344932448313));
#5416=CARTESIAN_POINT('Ctrl Pts',(-0.0670936703681945,3.14239763379252,
28.2344932448313));
#5417=CARTESIAN_POINT('Ctrl Pts',(-0.0670936703681945,3.14239763379252,
-28.2344932448313));
#5418=CARTESIAN_POINT('Ctrl Pts',(-0.0156316823429531,3.19385962181776,
28.2344932448313));
#5419=CARTESIAN_POINT('Ctrl Pts',(-0.0156316823429531,3.19385962181776,
-28.2344932448313));
#5420=CARTESIAN_POINT('Ctrl Pts',(0.0486958026885987,3.19385962181776,28.2344932448313));
#5421=CARTESIAN_POINT('Ctrl Pts',(0.0486958026885987,3.19385962181776,-28.2344932448313));
#5422=CARTESIAN_POINT('',(-0.0670936703681945,3.14239763379252,0.));
#5423=CARTESIAN_POINT('Ctrl Pts',(0.0486958026885987,3.19385962181776,0.));
#5424=CARTESIAN_POINT('Ctrl Pts',(-0.0156316823429531,3.19385962181776,
0.));
#5425=CARTESIAN_POINT('Ctrl Pts',(-0.0670936703681945,3.14239763379252,
0.));
#5426=CARTESIAN_POINT('',(-0.0670936703681945,3.14239763379252,28.2344932448313));
#5427=CARTESIAN_POINT('Ctrl Pts',(-0.150719400909212,2.82719295713792,28.2344932448313));
#5428=CARTESIAN_POINT('Ctrl Pts',(-0.150719400909212,2.82719295713792,-28.2344932448313));
#5429=CARTESIAN_POINT('Ctrl Pts',(-0.150719400909212,3.0587719032515,28.2344932448313));
#5430=CARTESIAN_POINT('Ctrl Pts',(-0.150719400909212,3.0587719032515,-28.2344932448313));
#5431=CARTESIAN_POINT('Ctrl Pts',(-0.0670936703681945,3.14239763379252,
28.2344932448313));
#5432=CARTESIAN_POINT('Ctrl Pts',(-0.0670936703681945,3.14239763379252,
-28.2344932448313));
#5433=CARTESIAN_POINT('',(-0.150719400909212,2.82719295713792,0.));
#5434=CARTESIAN_POINT('Ctrl Pts',(-0.0670936703681945,3.14239763379252,
0.));
#5435=CARTESIAN_POINT('Ctrl Pts',(-0.150719400909212,3.0587719032515,0.));
#5436=CARTESIAN_POINT('Ctrl Pts',(-0.150719400909212,2.82719295713792,0.));
#5437=CARTESIAN_POINT('',(-0.150719400909212,2.82719295713792,28.2344932448313));
#5438=CARTESIAN_POINT('Ctrl Pts',(0.402496970362133,2.6856724900685,28.2344932448313));
#5439=CARTESIAN_POINT('Ctrl Pts',(0.402496970362133,2.6856724900685,-28.2344932448313));
#5440=CARTESIAN_POINT('Ctrl Pts',(0.402496970362133,2.40906430443283,28.2344932448313));
#5441=CARTESIAN_POINT('Ctrl Pts',(0.402496970362133,2.40906430443283,-28.2344932448313));
#5442=CARTESIAN_POINT('Ctrl Pts',(0.27384200029903,2.28040933436973,28.2344932448313));
#5443=CARTESIAN_POINT('Ctrl Pts',(0.27384200029903,2.28040933436973,-28.2344932448313));
#5444=CARTESIAN_POINT('',(0.402496970362133,2.6856724900685,0.));
#5445=CARTESIAN_POINT('',(0.27384200029903,2.28040933436973,0.));
#5446=CARTESIAN_POINT('Ctrl Pts',(0.402496970362133,2.6856724900685,0.));
#5447=CARTESIAN_POINT('Ctrl Pts',(0.402496970362133,2.40906430443283,0.));
#5448=CARTESIAN_POINT('Ctrl Pts',(0.27384200029903,2.28040933436973,0.));
#5449=CARTESIAN_POINT('',(0.402496970362133,2.6856724900685,28.2344932448313));
#5450=CARTESIAN_POINT('',(0.27384200029903,2.28040933436973,28.2344932448313));
#5451=CARTESIAN_POINT('Ctrl Pts',(0.27384200029903,2.28040933436973,28.2344932448313));
#5452=CARTESIAN_POINT('Ctrl Pts',(0.27384200029903,2.28040933436973,-28.2344932448313));
#5453=CARTESIAN_POINT('Ctrl Pts',(0.183783521254857,2.19035085532556,28.2344932448313));
#5454=CARTESIAN_POINT('Ctrl Pts',(0.183783521254857,2.19035085532556,-28.2344932448313));
#5455=CARTESIAN_POINT('Ctrl Pts',(0.0486958026885987,2.19035085532556,28.2344932448313));
#5456=CARTESIAN_POINT('Ctrl Pts',(0.0486958026885987,2.19035085532556,-28.2344932448313));
#5457=CARTESIAN_POINT('',(0.0486958026885987,2.19035085532556,0.));
#5458=CARTESIAN_POINT('Ctrl Pts',(0.27384200029903,2.28040933436973,0.));
#5459=CARTESIAN_POINT('Ctrl Pts',(0.183783521254857,2.19035085532556,0.));
#5460=CARTESIAN_POINT('Ctrl Pts',(0.0486958026885987,2.19035085532556,0.));
#5461=CARTESIAN_POINT('',(0.0486958026885987,2.19035085532556,28.2344932448313));
#5462=CARTESIAN_POINT('Ctrl Pts',(0.0486958026885987,2.19035085532556,28.2344932448313));
#5463=CARTESIAN_POINT('Ctrl Pts',(0.0486958026885987,2.19035085532556,-28.2344932448313));
#5464=CARTESIAN_POINT('Ctrl Pts',(-0.08639191587766,2.19035085532556,28.2344932448313));
#5465=CARTESIAN_POINT('Ctrl Pts',(-0.08639191587766,2.19035085532556,-28.2344932448313));
#5466=CARTESIAN_POINT('Ctrl Pts',(-0.176450394921833,2.28040933436973,28.2344932448313));
#5467=CARTESIAN_POINT('Ctrl Pts',(-0.176450394921833,2.28040933436973,-28.2344932448313));
#5468=CARTESIAN_POINT('',(-0.176450394921833,2.28040933436973,0.));
#5469=CARTESIAN_POINT('Ctrl Pts',(0.0486958026885987,2.19035085532556,0.));
#5470=CARTESIAN_POINT('Ctrl Pts',(-0.08639191587766,2.19035085532556,0.));
#5471=CARTESIAN_POINT('Ctrl Pts',(-0.176450394921833,2.28040933436973,0.));
#5472=CARTESIAN_POINT('',(-0.176450394921833,2.28040933436973,28.2344932448313));
#5473=CARTESIAN_POINT('Ctrl Pts',(-0.176450394921833,2.28040933436973,28.2344932448313));
#5474=CARTESIAN_POINT('Ctrl Pts',(-0.176450394921833,2.28040933436973,-28.2344932448313));
#5475=CARTESIAN_POINT('Ctrl Pts',(-0.305105364984936,2.40906430443283,28.2344932448313));
#5476=CARTESIAN_POINT('Ctrl Pts',(-0.305105364984936,2.40906430443283,-28.2344932448313));
#5477=CARTESIAN_POINT('Ctrl Pts',(-0.305105364984936,2.6856724900685,28.2344932448313));
#5478=CARTESIAN_POINT('Ctrl Pts',(-0.305105364984936,2.6856724900685,-28.2344932448313));
#5479=CARTESIAN_POINT('',(-0.305105364984936,2.6856724900685,0.));
#5480=CARTESIAN_POINT('Ctrl Pts',(-0.176450394921833,2.28040933436973,0.));
#5481=CARTESIAN_POINT('Ctrl Pts',(-0.305105364984936,2.40906430443283,0.));
#5482=CARTESIAN_POINT('Ctrl Pts',(-0.305105364984936,2.6856724900685,0.));
#5483=CARTESIAN_POINT('',(-0.305105364984936,2.6856724900685,28.2344932448313));
#5484=CARTESIAN_POINT('Origin',(-0.305105364984936,2.81432746013161,28.2344932448313));
#5485=CARTESIAN_POINT('',(-0.305105364984936,2.81432746013161,0.));
#5486=CARTESIAN_POINT('',(-0.305105364984936,1.57628912059394,0.));
#5487=CARTESIAN_POINT('',(-0.305105364984936,2.81432746013161,28.2344932448313));
#5488=CARTESIAN_POINT('Origin',(-0.150719400909212,2.82719295713792,28.2344932448313));
#5489=CARTESIAN_POINT('',(-0.150719400909212,2.67923974156535,0.));
#5490=CARTESIAN_POINT('',(-0.150719400909212,1.5827218690971,0.));
#5491=CARTESIAN_POINT('',(-0.150719400909212,2.67923974156535,28.2344932448313));
#5492=CARTESIAN_POINT('Ctrl Pts',(-0.0606609218650393,2.36403506491075,
28.2344932448313));
#5493=CARTESIAN_POINT('Ctrl Pts',(-0.0606609218650393,2.36403506491075,
-28.2344932448313));
#5494=CARTESIAN_POINT('Ctrl Pts',(-0.150719400909212,2.45409354395492,28.2344932448313));
#5495=CARTESIAN_POINT('Ctrl Pts',(-0.150719400909212,2.45409354395492,-28.2344932448313));
#5496=CARTESIAN_POINT('Ctrl Pts',(-0.150719400909212,2.67923974156535,28.2344932448313));
#5497=CARTESIAN_POINT('Ctrl Pts',(-0.150719400909212,2.67923974156535,-28.2344932448313));
#5498=CARTESIAN_POINT('',(-0.0606609218650393,2.36403506491075,0.));
#5499=CARTESIAN_POINT('Ctrl Pts',(-0.150719400909212,2.67923974156535,0.));
#5500=CARTESIAN_POINT('Ctrl Pts',(-0.150719400909212,2.45409354395492,0.));
#5501=CARTESIAN_POINT('Ctrl Pts',(-0.0606609218650393,2.36403506491075,
0.));
#5502=CARTESIAN_POINT('',(-0.0606609218650393,2.36403506491075,28.2344932448313));
#5503=CARTESIAN_POINT('Ctrl Pts',(0.0486958026885987,2.3125730768855,28.2344932448313));
#5504=CARTESIAN_POINT('Ctrl Pts',(0.0486958026885987,2.3125730768855,-28.2344932448313));
#5505=CARTESIAN_POINT('Ctrl Pts',(-0.0091989338397979,2.3125730768855,28.2344932448313));
#5506=CARTESIAN_POINT('Ctrl Pts',(-0.0091989338397979,2.3125730768855,-28.2344932448313));
#5507=CARTESIAN_POINT('Ctrl Pts',(-0.0606609218650393,2.36403506491075,
28.2344932448313));
#5508=CARTESIAN_POINT('Ctrl Pts',(-0.0606609218650393,2.36403506491075,
-28.2344932448313));
#5509=CARTESIAN_POINT('',(0.0486958026885987,2.3125730768855,0.));
#5510=CARTESIAN_POINT('Ctrl Pts',(-0.0606609218650393,2.36403506491075,
0.));
#5511=CARTESIAN_POINT('Ctrl Pts',(-0.0091989338397979,2.3125730768855,0.));
#5512=CARTESIAN_POINT('Ctrl Pts',(0.0486958026885987,2.3125730768855,0.));
#5513=CARTESIAN_POINT('',(0.0486958026885987,2.3125730768855,28.2344932448313));
#5514=CARTESIAN_POINT('Ctrl Pts',(0.164485275745392,2.36403506491075,28.2344932448313));
#5515=CARTESIAN_POINT('Ctrl Pts',(0.164485275745392,2.36403506491075,-28.2344932448313));
#5516=CARTESIAN_POINT('Ctrl Pts',(0.11302328772015,2.3125730768855,28.2344932448313));
#5517=CARTESIAN_POINT('Ctrl Pts',(0.11302328772015,2.3125730768855,-28.2344932448313));
#5518=CARTESIAN_POINT('Ctrl Pts',(0.0486958026885987,2.3125730768855,28.2344932448313));
#5519=CARTESIAN_POINT('Ctrl Pts',(0.0486958026885987,2.3125730768855,-28.2344932448313));
#5520=CARTESIAN_POINT('',(0.164485275745392,2.36403506491075,0.));
#5521=CARTESIAN_POINT('Ctrl Pts',(0.0486958026885987,2.3125730768855,0.));
#5522=CARTESIAN_POINT('Ctrl Pts',(0.11302328772015,2.3125730768855,0.));
#5523=CARTESIAN_POINT('Ctrl Pts',(0.164485275745392,2.36403506491075,0.));
#5524=CARTESIAN_POINT('',(0.164485275745392,2.36403506491075,28.2344932448313));
#5525=CARTESIAN_POINT('Ctrl Pts',(0.248111006286409,2.67923974156535,28.2344932448313));
#5526=CARTESIAN_POINT('Ctrl Pts',(0.248111006286409,2.67923974156535,-28.2344932448313));
#5527=CARTESIAN_POINT('Ctrl Pts',(0.248111006286409,2.44766079545176,28.2344932448313));
#5528=CARTESIAN_POINT('Ctrl Pts',(0.248111006286409,2.44766079545176,-28.2344932448313));
#5529=CARTESIAN_POINT('Ctrl Pts',(0.164485275745392,2.36403506491075,28.2344932448313));
#5530=CARTESIAN_POINT('Ctrl Pts',(0.164485275745392,2.36403506491075,-28.2344932448313));
#5531=CARTESIAN_POINT('Ctrl Pts',(0.164485275745392,2.36403506491075,0.));
#5532=CARTESIAN_POINT('Ctrl Pts',(0.248111006286409,2.44766079545176,0.));
#5533=CARTESIAN_POINT('Ctrl Pts',(0.248111006286409,2.67923974156535,0.));
#5534=CARTESIAN_POINT('Origin',(0.402496970362133,2.6856724900685,28.2344932448313));
#5535=CARTESIAN_POINT('',(0.402496970362133,2.81432746013161,0.));
#5536=CARTESIAN_POINT('',(0.402496970362133,1.51196163556239,0.));
#5537=CARTESIAN_POINT('',(0.402496970362133,2.81432746013161,28.2344932448313));
#5538=CARTESIAN_POINT('Ctrl Pts',(0.27384200029903,3.22602336433354,28.2344932448313));
#5539=CARTESIAN_POINT('Ctrl Pts',(0.27384200029903,3.22602336433354,-28.2344932448313));
#5540=CARTESIAN_POINT('Ctrl Pts',(0.402496970362133,3.09736839427044,28.2344932448313));
#5541=CARTESIAN_POINT('Ctrl Pts',(0.402496970362133,3.09736839427044,-28.2344932448313));
#5542=CARTESIAN_POINT('Ctrl Pts',(0.402496970362133,2.81432746013161,28.2344932448313));
#5543=CARTESIAN_POINT('Ctrl Pts',(0.402496970362133,2.81432746013161,-28.2344932448313));
#5544=CARTESIAN_POINT('',(0.27384200029903,3.22602336433354,0.));
#5545=CARTESIAN_POINT('Ctrl Pts',(0.27384200029903,3.22602336433354,0.));
#5546=CARTESIAN_POINT('Ctrl Pts',(0.402496970362133,3.09736839427044,0.));
#5547=CARTESIAN_POINT('Ctrl Pts',(0.402496970362133,2.81432746013161,0.));
#5548=CARTESIAN_POINT('',(0.27384200029903,3.22602336433354,28.2344932448313));
#5549=CARTESIAN_POINT('Ctrl Pts',(0.0486958026885987,3.31608184337771,28.2344932448313));
#5550=CARTESIAN_POINT('Ctrl Pts',(0.0486958026885987,3.31608184337771,-28.2344932448313));
#5551=CARTESIAN_POINT('Ctrl Pts',(0.183783521254857,3.31608184337771,28.2344932448313));
#5552=CARTESIAN_POINT('Ctrl Pts',(0.183783521254857,3.31608184337771,-28.2344932448313));
#5553=CARTESIAN_POINT('Ctrl Pts',(0.27384200029903,3.22602336433354,28.2344932448313));
#5554=CARTESIAN_POINT('Ctrl Pts',(0.27384200029903,3.22602336433354,-28.2344932448313));
#5555=CARTESIAN_POINT('',(0.0486958026885987,3.31608184337771,0.));
#5556=CARTESIAN_POINT('Ctrl Pts',(0.0486958026885987,3.31608184337771,0.));
#5557=CARTESIAN_POINT('Ctrl Pts',(0.183783521254857,3.31608184337771,0.));
#5558=CARTESIAN_POINT('Ctrl Pts',(0.27384200029903,3.22602336433354,0.));
#5559=CARTESIAN_POINT('',(0.0486958026885987,3.31608184337771,28.2344932448313));
#5560=CARTESIAN_POINT('Ctrl Pts',(-0.176450394921833,3.22602336433354,28.2344932448313));
#5561=CARTESIAN_POINT('Ctrl Pts',(-0.176450394921833,3.22602336433354,-28.2344932448313));
#5562=CARTESIAN_POINT('Ctrl Pts',(-0.08639191587766,3.31608184337771,28.2344932448313));
#5563=CARTESIAN_POINT('Ctrl Pts',(-0.08639191587766,3.31608184337771,-28.2344932448313));
#5564=CARTESIAN_POINT('Ctrl Pts',(0.0486958026885987,3.31608184337771,28.2344932448313));
#5565=CARTESIAN_POINT('Ctrl Pts',(0.0486958026885987,3.31608184337771,-28.2344932448313));
#5566=CARTESIAN_POINT('',(-0.176450394921833,3.22602336433354,0.));
#5567=CARTESIAN_POINT('Ctrl Pts',(-0.176450394921833,3.22602336433354,0.));
#5568=CARTESIAN_POINT('Ctrl Pts',(-0.08639191587766,3.31608184337771,0.));
#5569=CARTESIAN_POINT('Ctrl Pts',(0.0486958026885987,3.31608184337771,0.));
#5570=CARTESIAN_POINT('',(-0.176450394921833,3.22602336433354,28.2344932448313));
#5571=CARTESIAN_POINT('Ctrl Pts',(-0.305105364984936,2.81432746013161,28.2344932448313));
#5572=CARTESIAN_POINT('Ctrl Pts',(-0.305105364984936,2.81432746013161,-28.2344932448313));
#5573=CARTESIAN_POINT('Ctrl Pts',(-0.305105364984936,3.09736839427044,28.2344932448313));
#5574=CARTESIAN_POINT('Ctrl Pts',(-0.305105364984936,3.09736839427044,-28.2344932448313));
#5575=CARTESIAN_POINT('Ctrl Pts',(-0.176450394921833,3.22602336433354,28.2344932448313));
#5576=CARTESIAN_POINT('Ctrl Pts',(-0.176450394921833,3.22602336433354,-28.2344932448313));
#5577=CARTESIAN_POINT('Ctrl Pts',(-0.305105364984936,2.81432746013161,4.44089209850063E-15));
#5578=CARTESIAN_POINT('Ctrl Pts',(-0.305105364984936,3.09736839427044,4.44089209850063E-15));
#5579=CARTESIAN_POINT('Ctrl Pts',(-0.176450394921833,3.22602336433354,4.44089209850063E-15));
#5580=CARTESIAN_POINT('Origin',(-1.54019307759073,3.3032163463714,28.2344932448313));
#5581=CARTESIAN_POINT('',(-2.08054395185577,3.3032163463714,0.));
#5582=CARTESIAN_POINT('',(-1.54019307759073,3.3032163463714,0.));
#5583=CARTESIAN_POINT('',(-0.770096538795365,3.3032163463714,0.));
#5584=CARTESIAN_POINT('',(-2.08054395185577,3.3032163463714,-0.0999999999999979));
#5585=CARTESIAN_POINT('',(-2.08054395185577,3.3032163463714,28.2344932448313));
#5586=CARTESIAN_POINT('',(-1.54019307759073,3.3032163463714,-0.0999999999999979));
#5587=CARTESIAN_POINT('',(-0.770096538795365,3.3032163463714,-0.0999999999999979));
#5588=CARTESIAN_POINT('',(-1.54019307759073,3.3032163463714,28.2344932448313));
#5589=CARTESIAN_POINT('Ctrl Pts',(-1.54019307759073,3.3032163463714,28.2344932448313));
#5590=CARTESIAN_POINT('Ctrl Pts',(-1.54019307759073,3.3032163463714,-28.2344932448313));
#5591=CARTESIAN_POINT('Ctrl Pts',(-1.41153810752763,3.3032163463714,28.2344932448313));
#5592=CARTESIAN_POINT('Ctrl Pts',(-1.41153810752763,3.3032163463714,-28.2344932448313));
#5593=CARTESIAN_POINT('Ctrl Pts',(-1.32791237698661,3.21959061583038,28.2344932448313));
#5594=CARTESIAN_POINT('Ctrl Pts',(-1.32791237698661,3.21959061583038,-28.2344932448313));
#5595=CARTESIAN_POINT('',(-1.32791237698661,3.21959061583038,0.));
#5596=CARTESIAN_POINT('Ctrl Pts',(-1.54019307759073,3.3032163463714,0.));
#5597=CARTESIAN_POINT('Ctrl Pts',(-1.41153810752763,3.3032163463714,0.));
#5598=CARTESIAN_POINT('Ctrl Pts',(-1.32791237698661,3.21959061583038,0.));
#5599=CARTESIAN_POINT('',(-1.32791237698661,3.21959061583038,-0.0999999999999979));
#5600=CARTESIAN_POINT('Ctrl Pts',(-1.54019307759073,3.3032163463714,-0.0999999999999979));
#5601=CARTESIAN_POINT('Ctrl Pts',(-1.45442309754866,3.3032163463714,-0.0999999999999979));
#5602=CARTESIAN_POINT('Ctrl Pts',(-1.38366286401395,3.27534110285773,-0.0999999999999979));
#5603=CARTESIAN_POINT('Ctrl Pts',(-1.32791237698661,3.21959061583038,-0.0999999999999979));
#5604=CARTESIAN_POINT('',(-1.32791237698661,3.21959061583038,28.2344932448313));
#5605=CARTESIAN_POINT('Ctrl Pts',(-1.32791237698661,3.21959061583038,28.2344932448313));
#5606=CARTESIAN_POINT('Ctrl Pts',(-1.32791237698661,3.21959061583038,-28.2344932448313));
#5607=CARTESIAN_POINT('Ctrl Pts',(-1.24428664644559,3.13596488528937,28.2344932448313));
#5608=CARTESIAN_POINT('Ctrl Pts',(-1.24428664644559,3.13596488528937,-28.2344932448313));
#5609=CARTESIAN_POINT('Ctrl Pts',(-1.24428664644559,2.9880116697168,28.2344932448313));
#5610=CARTESIAN_POINT('Ctrl Pts',(-1.24428664644559,2.9880116697168,-28.2344932448313));
#5611=CARTESIAN_POINT('',(-1.24428664644559,2.9880116697168,0.));
#5612=CARTESIAN_POINT('Ctrl Pts',(-1.32791237698661,3.21959061583038,0.));
#5613=CARTESIAN_POINT('Ctrl Pts',(-1.24428664644559,3.13596488528937,0.));
#5614=CARTESIAN_POINT('Ctrl Pts',(-1.24428664644559,2.9880116697168,0.));
#5615=CARTESIAN_POINT('',(-1.24428664644559,2.9880116697168,-0.0999999999999979));
#5616=CARTESIAN_POINT('Ctrl Pts',(-1.32791237698661,3.21959061583038,-0.0999999999999979));
#5617=CARTESIAN_POINT('Ctrl Pts',(-1.27216188995926,3.16384012880304,-0.0999999999999979));
#5618=CARTESIAN_POINT('Ctrl Pts',(-1.24428664644559,3.08664714676518,-0.0999999999999979));
#5619=CARTESIAN_POINT('Ctrl Pts',(-1.24428664644559,2.9880116697168,-0.0999999999999979));
#5620=CARTESIAN_POINT('',(-1.24428664644559,2.9880116697168,28.2344932448313));
#5621=CARTESIAN_POINT('Ctrl Pts',(-1.24428664644559,2.9880116697168,28.2344932448313));
#5622=CARTESIAN_POINT('Ctrl Pts',(-1.24428664644559,2.9880116697168,-28.2344932448313));
#5623=CARTESIAN_POINT('Ctrl Pts',(-1.24428664644559,2.84005845414423,28.2344932448313));
#5624=CARTESIAN_POINT('Ctrl Pts',(-1.24428664644559,2.84005845414423,-28.2344932448313));
#5625=CARTESIAN_POINT('Ctrl Pts',(-1.32791237698661,2.75643272360321,28.2344932448313));
#5626=CARTESIAN_POINT('Ctrl Pts',(-1.32791237698661,2.75643272360321,-28.2344932448313));
#5627=CARTESIAN_POINT('',(-1.32791237698661,2.75643272360321,0.));
#5628=CARTESIAN_POINT('Ctrl Pts',(-1.24428664644559,2.9880116697168,0.));
#5629=CARTESIAN_POINT('Ctrl Pts',(-1.24428664644559,2.84005845414423,0.));
#5630=CARTESIAN_POINT('Ctrl Pts',(-1.32791237698661,2.75643272360321,0.));
#5631=CARTESIAN_POINT('',(-1.32791237698661,2.75643272360321,-0.0999999999999979));
#5632=CARTESIAN_POINT('Ctrl Pts',(-1.24428664644559,2.9880116697168,-0.0999999999999979));
#5633=CARTESIAN_POINT('Ctrl Pts',(-1.24428664644559,2.88937619266842,-0.0999999999999979));
#5634=CARTESIAN_POINT('Ctrl Pts',(-1.27216188995926,2.81218321063056,-0.0999999999999979));
#5635=CARTESIAN_POINT('Ctrl Pts',(-1.32791237698661,2.75643272360321,-0.0999999999999979));
#5636=CARTESIAN_POINT('',(-1.32791237698661,2.75643272360321,28.2344932448313));
#5637=CARTESIAN_POINT('Ctrl Pts',(-1.32791237698661,2.75643272360321,28.2344932448313));
#5638=CARTESIAN_POINT('Ctrl Pts',(-1.32791237698661,2.75643272360321,-28.2344932448313));
#5639=CARTESIAN_POINT('Ctrl Pts',(-1.3729416165087,2.71140348408112,28.2344932448313));
#5640=CARTESIAN_POINT('Ctrl Pts',(-1.3729416165087,2.71140348408112,-28.2344932448313));
#5641=CARTESIAN_POINT('Ctrl Pts',(-1.45656734704971,2.69853798707481,28.2344932448313));
#5642=CARTESIAN_POINT('Ctrl Pts',(-1.45656734704971,2.69853798707481,-28.2344932448313));
#5643=CARTESIAN_POINT('',(-1.45656734704971,2.69853798707481,0.));
#5644=CARTESIAN_POINT('Ctrl Pts',(-1.32791237698661,2.75643272360321,0.));
#5645=CARTESIAN_POINT('Ctrl Pts',(-1.3729416165087,2.71140348408112,0.));
#5646=CARTESIAN_POINT('Ctrl Pts',(-1.45656734704971,2.69853798707481,0.));
#5647=CARTESIAN_POINT('',(-1.45656734704971,2.69853798707481,-0.0999999999999979));
#5648=CARTESIAN_POINT('Ctrl Pts',(-1.32791237698661,2.75643272360321,-0.0999999999999979));
#5649=CARTESIAN_POINT('Ctrl Pts',(-1.35793187000133,2.72641323058849,-0.0999999999999979));
#5650=CARTESIAN_POINT('Ctrl Pts',(-1.40081686002237,2.70711498507902,-0.0999999999999979));
#5651=CARTESIAN_POINT('Ctrl Pts',(-1.45656734704971,2.69853798707481,-0.0999999999999979));
#5652=CARTESIAN_POINT('',(-1.45656734704971,2.69853798707481,28.2344932448313));
#5653=CARTESIAN_POINT('Origin',(-1.20569015542666,2.20321635233187,28.2344932448313));
#5654=CARTESIAN_POINT('',(-1.20569015542666,2.20321635233187,0.));
#5655=CARTESIAN_POINT('',(-0.70674073683978,1.21811108999366,0.));
#5656=CARTESIAN_POINT('',(-1.20569015542666,2.20321635233187,-0.0999999999999979));
#5657=CARTESIAN_POINT('',(-0.70674073683978,1.21811108999366,-0.0999999999999979));
#5658=CARTESIAN_POINT('',(-1.20569015542666,2.20321635233187,28.2344932448313));
#5659=CARTESIAN_POINT('Ctrl Pts',(-1.45013459854656,3.12953213678621,28.2344932448313));
#5660=CARTESIAN_POINT('Ctrl Pts',(-1.45013459854656,3.12953213678621,-28.2344932448313));
#5661=CARTESIAN_POINT('Ctrl Pts',(-1.39867261052132,3.07807014876097,28.2344932448313));
#5662=CARTESIAN_POINT('Ctrl Pts',(-1.39867261052132,3.07807014876097,-28.2344932448313));
#5663=CARTESIAN_POINT('Ctrl Pts',(-1.39867261052132,2.9880116697168,28.2344932448313));
#5664=CARTESIAN_POINT('Ctrl Pts',(-1.39867261052132,2.9880116697168,-28.2344932448313));
#5665=CARTESIAN_POINT('',(-1.39867261052132,2.9880116697168,0.));
#5666=CARTESIAN_POINT('',(-1.45013459854656,3.12953213678621,0.));
#5667=CARTESIAN_POINT('Ctrl Pts',(-1.39867261052132,2.9880116697168,4.44089209850063E-15));
#5668=CARTESIAN_POINT('Ctrl Pts',(-1.39867261052132,3.07807014876097,4.44089209850063E-15));
#5669=CARTESIAN_POINT('Ctrl Pts',(-1.45013459854656,3.12953213678621,4.44089209850063E-15));
#5670=CARTESIAN_POINT('',(-1.39867261052132,2.9880116697168,-0.0999999999999979));
#5671=CARTESIAN_POINT('',(-1.39867261052132,2.9880116697168,28.2344932448313));
#5672=CARTESIAN_POINT('',(-1.45013459854656,3.12953213678621,-0.0999999999999979));
#5673=CARTESIAN_POINT('Ctrl Pts',(-1.39867261052132,2.9880116697168,-0.0999999999999979));
#5674=CARTESIAN_POINT('Ctrl Pts',(-1.39867261052132,3.04805065574625,-0.0999999999999979));
#5675=CARTESIAN_POINT('Ctrl Pts',(-1.41582660652973,3.09522414476938,-0.0999999999999979));
#5676=CARTESIAN_POINT('Ctrl Pts',(-1.45013459854656,3.12953213678621,-0.0999999999999979));
#5677=CARTESIAN_POINT('',(-1.45013459854656,3.12953213678621,28.2344932448313));
#5678=CARTESIAN_POINT('Ctrl Pts',(-1.39867261052132,2.9880116697168,28.2344932448313));
#5679=CARTESIAN_POINT('Ctrl Pts',(-1.39867261052132,2.9880116697168,-28.2344932448313));
#5680=CARTESIAN_POINT('Ctrl Pts',(-1.39867261052132,2.89152044216947,28.2344932448313));
#5681=CARTESIAN_POINT('Ctrl Pts',(-1.39867261052132,2.89152044216947,-28.2344932448313));
#5682=CARTESIAN_POINT('Ctrl Pts',(-1.4437018500434,2.84649120264738,28.2344932448313));
#5683=CARTESIAN_POINT('Ctrl Pts',(-1.4437018500434,2.84649120264738,-28.2344932448313));
#5684=CARTESIAN_POINT('',(-1.4437018500434,2.84649120264738,0.));
#5685=CARTESIAN_POINT('Ctrl Pts',(-1.4437018500434,2.84649120264738,4.44089209850063E-15));
#5686=CARTESIAN_POINT('Ctrl Pts',(-1.39867261052132,2.89152044216947,4.44089209850063E-15));
#5687=CARTESIAN_POINT('Ctrl Pts',(-1.39867261052132,2.9880116697168,4.44089209850063E-15));
#5688=CARTESIAN_POINT('',(-1.4437018500434,2.84649120264738,-0.0999999999999979));
#5689=CARTESIAN_POINT('',(-1.4437018500434,2.84649120264738,28.2344932448313));
#5690=CARTESIAN_POINT('Ctrl Pts',(-1.4437018500434,2.84649120264738,-0.0999999999999979));
#5691=CARTESIAN_POINT('Ctrl Pts',(-1.41368235702868,2.87651069566211,-0.0999999999999979));
#5692=CARTESIAN_POINT('Ctrl Pts',(-1.39867261052132,2.92368418468525,-0.0999999999999979));
#5693=CARTESIAN_POINT('Ctrl Pts',(-1.39867261052132,2.9880116697168,-0.0999999999999979));
#5694=CARTESIAN_POINT('Ctrl Pts',(-1.4437018500434,2.84649120264738,28.2344932448313));
#5695=CARTESIAN_POINT('Ctrl Pts',(-1.4437018500434,2.84649120264738,-28.2344932448313));
#5696=CARTESIAN_POINT('Ctrl Pts',(-1.48873108956549,2.8014619631253,28.2344932448313));
#5697=CARTESIAN_POINT('Ctrl Pts',(-1.48873108956549,2.8014619631253,-28.2344932448313));
#5698=CARTESIAN_POINT('Ctrl Pts',(-1.55305857459704,2.8014619631253,28.2344932448313));
#5699=CARTESIAN_POINT('Ctrl Pts',(-1.55305857459704,2.8014619631253,-28.2344932448313));
#5700=CARTESIAN_POINT('',(-1.55305857459704,2.8014619631253,0.));
#5701=CARTESIAN_POINT('Ctrl Pts',(-1.55305857459704,2.8014619631253,4.44089209850063E-15));
#5702=CARTESIAN_POINT('Ctrl Pts',(-1.48873108956549,2.8014619631253,4.44089209850063E-15));
#5703=CARTESIAN_POINT('Ctrl Pts',(-1.4437018500434,2.84649120264738,4.44089209850063E-15));
#5704=CARTESIAN_POINT('',(-1.55305857459704,2.8014619631253,-0.0999999999999979));
#5705=CARTESIAN_POINT('',(-1.55305857459704,2.8014619631253,28.2344932448313));
#5706=CARTESIAN_POINT('Ctrl Pts',(-1.55305857459704,2.8014619631253,-0.0999999999999979));
#5707=CARTESIAN_POINT('Ctrl Pts',(-1.51017358457601,2.8014619631253,-0.0999999999999979));
#5708=CARTESIAN_POINT('Ctrl Pts',(-1.47372134305813,2.81647170963266,-0.0999999999999979));
#5709=CARTESIAN_POINT('Ctrl Pts',(-1.4437018500434,2.84649120264738,-0.0999999999999979));
#5710=CARTESIAN_POINT('Origin',(-2.08054395185577,3.3032163463714,28.2344932448313));
#5711=CARTESIAN_POINT('',(-2.08054395185577,2.20321635233187,0.));
#5712=CARTESIAN_POINT('',(-2.08054395185577,1.82073356371384,0.));
#5713=CARTESIAN_POINT('',(-2.08054395185577,2.20321635233187,-0.0999999999999979));
#5714=CARTESIAN_POINT('',(-2.08054395185577,2.20321635233187,28.2344932448313));
#5715=CARTESIAN_POINT('',(-2.08054395185577,1.82073356371384,-0.0999999999999979));
#5716=CARTESIAN_POINT('Origin',(-2.08054395185577,2.20321635233187,28.2344932448313));
#5717=CARTESIAN_POINT('',(-1.9325907362832,2.20321635233187,0.));
#5718=CARTESIAN_POINT('',(-1.04027197592788,2.20321635233187,0.));
#5719=CARTESIAN_POINT('',(-1.9325907362832,2.20321635233187,-0.0999999999999979));
#5720=CARTESIAN_POINT('',(-1.9325907362832,2.20321635233187,28.2344932448313));
#5721=CARTESIAN_POINT('',(-1.04027197592788,2.20321635233187,-0.0999999999999979));
#5722=CARTESIAN_POINT('Origin',(-1.9325907362832,2.20321635233187,28.2344932448313));
#5723=CARTESIAN_POINT('',(-1.9325907362832,2.67923974156535,0.));
#5724=CARTESIAN_POINT('',(-1.9325907362832,1.27073356669407,0.));
#5725=CARTESIAN_POINT('',(-1.9325907362832,2.67923974156535,-0.0999999999999979));
#5726=CARTESIAN_POINT('',(-1.9325907362832,2.67923974156535,28.2344932448313));
#5727=CARTESIAN_POINT('',(-1.9325907362832,1.27073356669407,-0.0999999999999979));
#5728=CARTESIAN_POINT('Origin',(-1.9325907362832,2.67923974156535,28.2344932448313));
#5729=CARTESIAN_POINT('',(-1.59808781411913,2.67923974156535,0.));
#5730=CARTESIAN_POINT('',(-0.966295368141598,2.67923974156535,0.));
#5731=CARTESIAN_POINT('',(-1.59808781411913,2.67923974156535,-0.0999999999999979));
#5732=CARTESIAN_POINT('',(-1.59808781411913,2.67923974156535,28.2344932448313));
#5733=CARTESIAN_POINT('',(-0.966295368141598,2.67923974156535,-0.0999999999999979));
#5734=CARTESIAN_POINT('Origin',(-1.59808781411913,2.67923974156535,28.2344932448313));
#5735=CARTESIAN_POINT('',(-1.36650886800554,2.20321635233187,0.));
#5736=CARTESIAN_POINT('',(-0.984715368911319,1.41841860419374,0.));
#5737=CARTESIAN_POINT('',(-1.36650886800554,2.20321635233187,-0.0999999999999979));
#5738=CARTESIAN_POINT('',(-1.36650886800554,2.20321635233187,28.2344932448313));
#5739=CARTESIAN_POINT('',(-0.984715368911319,1.41841860419374,-0.0999999999999979));
#5740=CARTESIAN_POINT('Origin',(-1.36650886800554,2.20321635233187,28.2344932448313));
#5741=CARTESIAN_POINT('',(-0.68325443400277,2.20321635233187,0.));
#5742=CARTESIAN_POINT('',(-0.68325443400277,2.20321635233187,-0.0999999999999979));
#5743=CARTESIAN_POINT('Origin',(-1.9325907362832,2.8014619631253,28.2344932448313));
#5744=CARTESIAN_POINT('',(-1.9325907362832,2.8014619631253,0.));
#5745=CARTESIAN_POINT('',(-0.966295368141598,2.8014619631253,0.));
#5746=CARTESIAN_POINT('',(-1.9325907362832,2.8014619631253,-0.0999999999999979));
#5747=CARTESIAN_POINT('',(-1.9325907362832,2.8014619631253,28.2344932448313));
#5748=CARTESIAN_POINT('',(-0.966295368141598,2.8014619631253,-0.0999999999999979));
#5749=CARTESIAN_POINT('Origin',(-1.9325907362832,3.18099412481145,28.2344932448313));
#5750=CARTESIAN_POINT('',(-1.9325907362832,3.18099412481145,0.));
#5751=CARTESIAN_POINT('',(-1.9325907362832,1.75962245293387,0.));
#5752=CARTESIAN_POINT('',(-1.9325907362832,3.18099412481145,-0.0999999999999979));
#5753=CARTESIAN_POINT('',(-1.9325907362832,3.18099412481145,28.2344932448313));
#5754=CARTESIAN_POINT('',(-1.9325907362832,1.75962245293387,-0.0999999999999979));
#5755=CARTESIAN_POINT('Origin',(-1.57235682010651,3.18099412481145,28.2344932448313));
#5756=CARTESIAN_POINT('',(-1.57235682010651,3.18099412481145,0.));
#5757=CARTESIAN_POINT('',(-0.786178410053253,3.18099412481145,0.));
#5758=CARTESIAN_POINT('',(-1.57235682010651,3.18099412481145,-0.0999999999999979));
#5759=CARTESIAN_POINT('',(-1.57235682010651,3.18099412481145,28.2344932448313));
#5760=CARTESIAN_POINT('',(-0.786178410053253,3.18099412481145,-0.0999999999999979));
#5761=CARTESIAN_POINT('Ctrl Pts',(-1.57235682010651,3.18099412481145,28.2344932448313));
#5762=CARTESIAN_POINT('Ctrl Pts',(-1.57235682010651,3.18099412481145,-28.2344932448313));
#5763=CARTESIAN_POINT('Ctrl Pts',(-1.5015965865718,3.18099412481145,28.2344932448313));
#5764=CARTESIAN_POINT('Ctrl Pts',(-1.5015965865718,3.18099412481145,-28.2344932448313));
#5765=CARTESIAN_POINT('Ctrl Pts',(-1.45013459854656,3.12953213678621,28.2344932448313));
#5766=CARTESIAN_POINT('Ctrl Pts',(-1.45013459854656,3.12953213678621,-28.2344932448313));
#5767=CARTESIAN_POINT('Ctrl Pts',(-1.45013459854656,3.12953213678621,4.44089209850063E-15));
#5768=CARTESIAN_POINT('Ctrl Pts',(-1.5015965865718,3.18099412481145,4.44089209850063E-15));
#5769=CARTESIAN_POINT('Ctrl Pts',(-1.57235682010651,3.18099412481145,4.44089209850063E-15));
#5770=CARTESIAN_POINT('Ctrl Pts',(-1.45013459854656,3.12953213678621,-0.0999999999999979));
#5771=CARTESIAN_POINT('Ctrl Pts',(-1.48444259056339,3.16384012880304,-0.0999999999999979));
#5772=CARTESIAN_POINT('Ctrl Pts',(-1.52518333108337,3.18099412481145,-0.0999999999999979));
#5773=CARTESIAN_POINT('Ctrl Pts',(-1.57235682010651,3.18099412481145,-0.0999999999999979));
#5774=CARTESIAN_POINT('Origin',(-1.70697184193694E-16,0.338250781056281,
-0.1));
#5775=CARTESIAN_POINT('Origin',(-1.70697184193694E-16,0.338250781056281,
-0.1));
#5776=CARTESIAN_POINT('',(0.711268898513582,2.98157892121364,-0.0999999999999979));
#5777=CARTESIAN_POINT('',(0.569748431444168,2.98157892121364,-0.0999999999999979));
#5778=CARTESIAN_POINT('',(0.284874215722079,2.98157892121364,-0.0999999999999979));
#5779=CARTESIAN_POINT('',(0.769163635041979,3.14883038229568,-0.0999999999999979));
#5780=CARTESIAN_POINT('Ctrl Pts',(0.769163635041979,3.14883038229568,-0.0999999999999979));
#5781=CARTESIAN_POINT('Ctrl Pts',(0.734855643025151,3.11452239027885,-0.0999999999999979));
#5782=CARTESIAN_POINT('Ctrl Pts',(0.715557397515685,3.0587719032515,-0.0999999999999979));
#5783=CARTESIAN_POINT('Ctrl Pts',(0.711268898513582,2.98157892121364,-0.0999999999999979));
#5784=CARTESIAN_POINT('',(0.872087611092461,3.19385962181776,-0.0999999999999979));
#5785=CARTESIAN_POINT('Ctrl Pts',(0.872087611092462,3.19385962181776,-0.0999999999999979));
#5786=CARTESIAN_POINT('Ctrl Pts',(0.833491120073531,3.19385962181776,-0.0999999999999979));
#5787=CARTESIAN_POINT('Ctrl Pts',(0.799183128056703,3.1788498753104,-0.0999999999999979));
#5788=CARTESIAN_POINT('Ctrl Pts',(0.769163635041979,3.14883038229568,-0.0999999999999979));
#5789=CARTESIAN_POINT('',(0.975011587142944,3.15526313079883,-0.0999999999999979));
#5790=CARTESIAN_POINT('Ctrl Pts',(0.975011587142944,3.15526313079883,-0.0999999999999979));
#5791=CARTESIAN_POINT('Ctrl Pts',(0.949280593130324,3.18099412481145,-0.0999999999999979));
#5792=CARTESIAN_POINT('Ctrl Pts',(0.914972601113496,3.19385962181776,-0.0999999999999979));
#5793=CARTESIAN_POINT('Ctrl Pts',(0.872087611092462,3.19385962181776,-0.0999999999999979));
#5794=CARTESIAN_POINT('',(1.02647357516819,3.02017541223257,-0.0999999999999979));
#5795=CARTESIAN_POINT('Ctrl Pts',(1.02647357516819,3.02017541223257,-0.0999999999999979));
#5796=CARTESIAN_POINT('Ctrl Pts',(1.02647357516819,3.07592589925992,-0.0999999999999979));
#5797=CARTESIAN_POINT('Ctrl Pts',(1.00931957915977,3.120955138782,-0.0999999999999979));
#5798=CARTESIAN_POINT('Ctrl Pts',(0.975011587142944,3.15526313079883,-0.0999999999999979));
#5799=CARTESIAN_POINT('',(0.975011587142944,2.87222219666,-0.0999999999999979));
#5800=CARTESIAN_POINT('Ctrl Pts',(0.975011587142944,2.87222219666,-0.0999999999999979));
#5801=CARTESIAN_POINT('Ctrl Pts',(1.00931957915977,2.90653018867683,-0.0999999999999979));
#5802=CARTESIAN_POINT('Ctrl Pts',(1.02647357516819,2.95584792720102,-0.0999999999999979));
#5803=CARTESIAN_POINT('Ctrl Pts',(1.02647357516819,3.02017541223257,-0.0999999999999979));
#5804=CARTESIAN_POINT('',(0.865654862589306,2.82076020863476,-0.0999999999999979));
#5805=CARTESIAN_POINT('Ctrl Pts',(0.865654862589306,2.82076020863476,-0.0999999999999979));
#5806=CARTESIAN_POINT('Ctrl Pts',(0.904251353608237,2.82076020863476,-0.0999999999999979));
#5807=CARTESIAN_POINT('Ctrl Pts',(0.940703595126117,2.83791420464318,-0.0999999999999979));
#5808=CARTESIAN_POINT('Ctrl Pts',(0.975011587142944,2.87222219666,-0.0999999999999979));
#5809=CARTESIAN_POINT('',(0.827058371570375,2.82076020863476,-0.0999999999999979));
#5810=CARTESIAN_POINT('',(0.432827431294653,2.82076020863476,-0.0999999999999979));
#5811=CARTESIAN_POINT('',(0.827058371570375,2.71140348408112,-0.0999999999999979));
#5812=CARTESIAN_POINT('',(0.827058371570375,1.57950549484552,-0.0999999999999979));
#5813=CARTESIAN_POINT('',(0.878520359595617,2.71140348408112,-0.0999999999999979));
#5814=CARTESIAN_POINT('',(0.413529185785188,2.71140348408112,-0.0999999999999979));
#5815=CARTESIAN_POINT('',(0.99430983265241,2.65994149605588,-0.0999999999999979));
#5816=CARTESIAN_POINT('Ctrl Pts',(0.99430983265241,2.65994149605588,-0.0999999999999979));
#5817=CARTESIAN_POINT('Ctrl Pts',(0.960001840635582,2.69424948807271,-0.0999999999999979));
#5818=CARTESIAN_POINT('Ctrl Pts',(0.921405349616651,2.71140348408112,-0.0999999999999979));
#5819=CARTESIAN_POINT('Ctrl Pts',(0.878520359595617,2.71140348408112,-0.0999999999999979));
#5820=CARTESIAN_POINT('',(1.04577182067765,2.51842102898647,-0.0999999999999979));
#5821=CARTESIAN_POINT('Ctrl Pts',(1.04577182067765,2.51842102898647,-0.0999999999999979));
#5822=CARTESIAN_POINT('Ctrl Pts',(1.04577182067765,2.57846001501592,-0.0999999999999979));
#5823=CARTESIAN_POINT('Ctrl Pts',(1.02861782466924,2.62563350403906,-0.0999999999999979));
#5824=CARTESIAN_POINT('Ctrl Pts',(0.99430983265241,2.65994149605588,-0.0999999999999979));
#5825=CARTESIAN_POINT('',(0.99430983265241,2.35760231640759,-0.0999999999999979));
#5826=CARTESIAN_POINT('Ctrl Pts',(0.99430983265241,2.35760231640759,-0.0999999999999979));
#5827=CARTESIAN_POINT('Ctrl Pts',(1.02861782466924,2.39191030842442,-0.0999999999999979));
#5828=CARTESIAN_POINT('Ctrl Pts',(1.04577182067765,2.44551654595071,-0.0999999999999979));
#5829=CARTESIAN_POINT('Ctrl Pts',(1.04577182067765,2.51842102898647,-0.0999999999999979));
#5830=CARTESIAN_POINT('',(0.859222114086151,2.30614032838235,-0.0999999999999979));
#5831=CARTESIAN_POINT('Ctrl Pts',(0.859222114086151,2.30614032838235,-0.0999999999999979));
#5832=CARTESIAN_POINT('Ctrl Pts',(0.914972601113496,2.30614032838235,-0.0999999999999979));
#5833=CARTESIAN_POINT('Ctrl Pts',(0.960001840635582,2.32329432439076,-0.0999999999999979));
#5834=CARTESIAN_POINT('Ctrl Pts',(0.99430983265241,2.35760231640759,-0.0999999999999979));
#5835=CARTESIAN_POINT('',(0.749865389532513,2.35116956790443,-0.0999999999999979));
#5836=CARTESIAN_POINT('Ctrl Pts',(0.749865389532513,2.35116956790443,-0.0999999999999979));
#5837=CARTESIAN_POINT('Ctrl Pts',(0.779884882547237,2.32115007488971,-0.0999999999999979));
#5838=CARTESIAN_POINT('Ctrl Pts',(0.816337124065117,2.30614032838235,-0.0999999999999979));
#5839=CARTESIAN_POINT('Ctrl Pts',(0.859222114086151,2.30614032838235,-0.0999999999999979));
#5840=CARTESIAN_POINT('',(0.691970653004117,2.49269003497385,-0.0999999999999979));
#5841=CARTESIAN_POINT('Ctrl Pts',(0.691970653004117,2.49269003497385,-0.0999999999999979));
#5842=CARTESIAN_POINT('Ctrl Pts',(0.691970653004117,2.4369395479465,-0.0999999999999979));
#5843=CARTESIAN_POINT('Ctrl Pts',(0.711268898513582,2.38976605892337,-0.0999999999999979));
#5844=CARTESIAN_POINT('Ctrl Pts',(0.749865389532513,2.35116956790443,-0.0999999999999979));
#5845=CARTESIAN_POINT('',(0.691970653004117,2.53771927449593,-0.0999999999999979));
#5846=CARTESIAN_POINT('',(0.691970653004117,1.41547040801507,-0.0999999999999979));
#5847=CARTESIAN_POINT('',(0.544017437431548,2.53771927449593,-0.0999999999999979));
#5848=CARTESIAN_POINT('',(0.345985326502058,2.53771927449593,-0.0999999999999979));
#5849=CARTESIAN_POINT('',(0.544017437431548,2.48625728647069,-0.0999999999999979));
#5850=CARTESIAN_POINT('',(0.544017437431548,1.43798502777611,-0.0999999999999979));
#5851=CARTESIAN_POINT('',(0.63407591647572,2.27397658586657,-0.0999999999999979));
#5852=CARTESIAN_POINT('Ctrl Pts',(0.63407591647572,2.27397658586657,-0.0999999999999979));
#5853=CARTESIAN_POINT('Ctrl Pts',(0.574036930446272,2.33401557189602,-0.0999999999999979));
#5854=CARTESIAN_POINT('Ctrl Pts',(0.544017437431548,2.40477580543073,-0.0999999999999979));
#5855=CARTESIAN_POINT('Ctrl Pts',(0.544017437431548,2.48625728647069,-0.0999999999999979));
#5856=CARTESIAN_POINT('',(0.859222114086151,2.1839181068224,-0.0999999999999979));
#5857=CARTESIAN_POINT('Ctrl Pts',(0.859222114086151,2.1839181068224,-0.0999999999999979));
#5858=CARTESIAN_POINT('Ctrl Pts',(0.815741273068499,2.1839181068224,-0.0999999999999979));
#5859=CARTESIAN_POINT('Ctrl Pts',(0.773152009854508,2.19091572124534,-0.0999999999999979));
#5860=CARTESIAN_POINT('Ctrl Pts',(0.695479402874158,2.22280714087347,-0.0999999999999979));
#5861=CARTESIAN_POINT('Ctrl Pts',(0.662698552481965,2.24535394986033,-0.0999999999999979));
#5862=CARTESIAN_POINT('Ctrl Pts',(0.63407591647572,2.27397658586657,-0.0999999999999979));
#5863=CARTESIAN_POINT('',(1.1100993057092,2.27397658586657,-0.0999999999999979));
#5864=CARTESIAN_POINT('Ctrl Pts',(1.1100993057092,2.27397658586657,-0.0999999999999979));
#5865=CARTESIAN_POINT('Ctrl Pts',(1.05006031967975,2.21393759983712,-0.0999999999999979));
#5866=CARTESIAN_POINT('Ctrl Pts',(0.966434589138738,2.1839181068224,-0.0999999999999979));
#5867=CARTESIAN_POINT('Ctrl Pts',(0.859222114086151,2.1839181068224,-0.0999999999999979));
#5868=CARTESIAN_POINT('',(1.20015778475338,2.50555553198016,-0.0999999999999979));
#5869=CARTESIAN_POINT('Ctrl Pts',(1.20015778475338,2.50555553198016,-0.0999999999999979));
#5870=CARTESIAN_POINT('Ctrl Pts',(1.20015778475338,2.41120855393388,-0.0999999999999979));
#5871=CARTESIAN_POINT('Ctrl Pts',(1.17013829173865,2.33401557189602,-0.0999999999999979));
#5872=CARTESIAN_POINT('Ctrl Pts',(1.1100993057092,2.27397658586657,-0.0999999999999979));
#5873=CARTESIAN_POINT('',(1.12296480271551,2.71140348408112,-0.0999999999999979));
#5874=CARTESIAN_POINT('Ctrl Pts',(1.12296480271551,2.71140348408112,-0.0999999999999979));
#5875=CARTESIAN_POINT('Ctrl Pts',(1.17442679074076,2.65994149605588,-0.0999999999999979));
#5876=CARTESIAN_POINT('Ctrl Pts',(1.20015778475338,2.59132551202223,-0.0999999999999979));
#5877=CARTESIAN_POINT('Ctrl Pts',(1.20015778475338,2.50555553198016,-0.0999999999999979));
#5878=CARTESIAN_POINT('',(1.01360807816188,2.77573096911268,-0.0999999999999979));
#5879=CARTESIAN_POINT('Ctrl Pts',(1.01360807816188,2.77573096911268,-0.0999999999999979));
#5880=CARTESIAN_POINT('Ctrl Pts',(1.05649306818291,2.76286547210637,-0.0999999999999979));
#5881=CARTESIAN_POINT('Ctrl Pts',(1.09294530970079,2.74142297709585,-0.0999999999999979));
#5882=CARTESIAN_POINT('Ctrl Pts',(1.12296480271551,2.71140348408112,-0.0999999999999979));
#5883=CARTESIAN_POINT('',(1.1100993057092,2.82719295713792,-0.0999999999999979));
#5884=CARTESIAN_POINT('Ctrl Pts',(1.1100993057092,2.82719295713792,-0.0999999999999979));
#5885=CARTESIAN_POINT('Ctrl Pts',(1.09625445019457,2.81334810162328,-0.0999999999999979));
#5886=CARTESIAN_POINT('Ctrl Pts',(1.08074341602991,2.80102966008714,-0.0999999999999979));
#5887=CARTESIAN_POINT('Ctrl Pts',(1.04780793351425,2.78346406941212,-0.0999999999999979));
#5888=CARTESIAN_POINT('Ctrl Pts',(1.03121245532296,2.77793151625781,-0.0999999999999979));
#5889=CARTESIAN_POINT('Ctrl Pts',(1.01360807816188,2.77573096911268,-0.0999999999999979));
#5890=CARTESIAN_POINT('',(1.17442679074075,3.02017541223257,-0.0999999999999979));
#5891=CARTESIAN_POINT('Ctrl Pts',(1.17442679074075,3.02017541223257,-0.0999999999999979));
#5892=CARTESIAN_POINT('Ctrl Pts',(1.17442679074075,2.9344054321905,-0.0999999999999979));
#5893=CARTESIAN_POINT('Ctrl Pts',(1.15298429573024,2.87007794715895,-0.0999999999999979));
#5894=CARTESIAN_POINT('Ctrl Pts',(1.1100993057092,2.82719295713792,-0.0999999999999979));
#5895=CARTESIAN_POINT('',(1.09723380870289,3.22602336433354,-0.0999999999999979));
#5896=CARTESIAN_POINT('Ctrl Pts',(1.09723380870289,3.22602336433354,-0.0999999999999979));
#5897=CARTESIAN_POINT('Ctrl Pts',(1.14869579672813,3.1745613763083,-0.0999999999999979));
#5898=CARTESIAN_POINT('Ctrl Pts',(1.17442679074075,3.10594539227464,-0.0999999999999979));
#5899=CARTESIAN_POINT('Ctrl Pts',(1.17442679074075,3.02017541223257,-0.0999999999999979));
#5900=CARTESIAN_POINT('',(0.872087611092462,3.30964909487456,-0.0999999999999979));
#5901=CARTESIAN_POINT('Ctrl Pts',(0.872087611092462,3.30964909487456,-0.0999999999999979));
#5902=CARTESIAN_POINT('Ctrl Pts',(0.966434589138738,3.30964909487456,-0.0999999999999979));
#5903=CARTESIAN_POINT('Ctrl Pts',(1.04148332167555,3.28177385136088,-0.0999999999999979));
#5904=CARTESIAN_POINT('Ctrl Pts',(1.09723380870289,3.22602336433354,-0.0999999999999979));
#5905=CARTESIAN_POINT('',(0.666239658991496,3.22602336433354,-0.0999999999999979));
#5906=CARTESIAN_POINT('Ctrl Pts',(0.666239658991496,3.22602336433354,-0.0999999999999979));
#5907=CARTESIAN_POINT('Ctrl Pts',(0.721990146018841,3.28177385136088,-0.0999999999999979));
#5908=CARTESIAN_POINT('Ctrl Pts',(0.790606130052496,3.30964909487456,-0.0999999999999979));
#5909=CARTESIAN_POINT('Ctrl Pts',(0.872087611092462,3.30964909487456,-0.0999999999999979));
#5910=CARTESIAN_POINT('Ctrl Pts',(0.569748431444168,2.98157892121364,-0.0999999999999979));
#5911=CARTESIAN_POINT('Ctrl Pts',(0.569748431444168,3.08021439826202,-0.0999999999999979));
#5912=CARTESIAN_POINT('Ctrl Pts',(0.601912173959944,3.16169587930199,-0.0999999999999979));
#5913=CARTESIAN_POINT('Ctrl Pts',(0.666239658991496,3.22602336433354,-0.0999999999999979));
#5914=CARTESIAN_POINT('Ctrl Pts',(0.691970653004117,2.49269003497385,28.2344932448313));
#5915=CARTESIAN_POINT('Ctrl Pts',(0.691970653004117,2.49269003497385,-28.2344932448313));
#5916=CARTESIAN_POINT('Ctrl Pts',(0.691970653004117,2.40906430443283,28.2344932448313));
#5917=CARTESIAN_POINT('Ctrl Pts',(0.691970653004117,2.40906430443283,-28.2344932448313));
#5918=CARTESIAN_POINT('Ctrl Pts',(0.749865389532513,2.35116956790443,28.2344932448313));
#5919=CARTESIAN_POINT('Ctrl Pts',(0.749865389532513,2.35116956790443,-28.2344932448313));
#5920=CARTESIAN_POINT('',(0.691970653004117,2.49269003497385,0.));
#5921=CARTESIAN_POINT('',(0.749865389532513,2.35116956790443,0.));
#5922=CARTESIAN_POINT('Ctrl Pts',(0.691970653004117,2.49269003497385,8.88178419700125E-15));
#5923=CARTESIAN_POINT('Ctrl Pts',(0.691970653004117,2.40906430443283,8.88178419700125E-15));
#5924=CARTESIAN_POINT('Ctrl Pts',(0.749865389532513,2.35116956790443,8.88178419700125E-15));
#5925=CARTESIAN_POINT('',(0.691970653004117,2.49269003497385,28.2344932448313));
#5926=CARTESIAN_POINT('',(0.749865389532513,2.35116956790443,28.2344932448313));
#5927=CARTESIAN_POINT('Ctrl Pts',(0.749865389532513,2.35116956790443,28.2344932448313));
#5928=CARTESIAN_POINT('Ctrl Pts',(0.749865389532513,2.35116956790443,-28.2344932448313));
#5929=CARTESIAN_POINT('Ctrl Pts',(0.794894629054599,2.30614032838235,28.2344932448313));
#5930=CARTESIAN_POINT('Ctrl Pts',(0.794894629054599,2.30614032838235,-28.2344932448313));
#5931=CARTESIAN_POINT('Ctrl Pts',(0.859222114086151,2.30614032838235,28.2344932448313));
#5932=CARTESIAN_POINT('Ctrl Pts',(0.859222114086151,2.30614032838235,-28.2344932448313));
#5933=CARTESIAN_POINT('',(0.859222114086151,2.30614032838235,0.));
#5934=CARTESIAN_POINT('Ctrl Pts',(0.749865389532513,2.35116956790443,8.88178419700125E-15));
#5935=CARTESIAN_POINT('Ctrl Pts',(0.794894629054599,2.30614032838235,8.88178419700125E-15));
#5936=CARTESIAN_POINT('Ctrl Pts',(0.859222114086151,2.30614032838235,8.88178419700125E-15));
#5937=CARTESIAN_POINT('',(0.859222114086151,2.30614032838235,28.2344932448313));
#5938=CARTESIAN_POINT('Ctrl Pts',(0.859222114086151,2.30614032838235,28.2344932448313));
#5939=CARTESIAN_POINT('Ctrl Pts',(0.859222114086151,2.30614032838235,-28.2344932448313));
#5940=CARTESIAN_POINT('Ctrl Pts',(0.942847844627168,2.30614032838235,28.2344932448313));
#5941=CARTESIAN_POINT('Ctrl Pts',(0.942847844627168,2.30614032838235,-28.2344932448313));
#5942=CARTESIAN_POINT('Ctrl Pts',(0.99430983265241,2.35760231640759,28.2344932448313));
#5943=CARTESIAN_POINT('Ctrl Pts',(0.99430983265241,2.35760231640759,-28.2344932448313));
#5944=CARTESIAN_POINT('',(0.99430983265241,2.35760231640759,0.));
#5945=CARTESIAN_POINT('Ctrl Pts',(0.859222114086151,2.30614032838235,8.88178419700125E-15));
#5946=CARTESIAN_POINT('Ctrl Pts',(0.942847844627168,2.30614032838235,8.88178419700125E-15));
#5947=CARTESIAN_POINT('Ctrl Pts',(0.99430983265241,2.35760231640759,8.88178419700125E-15));
#5948=CARTESIAN_POINT('',(0.99430983265241,2.35760231640759,28.2344932448313));
#5949=CARTESIAN_POINT('Ctrl Pts',(0.99430983265241,2.35760231640759,28.2344932448313));
#5950=CARTESIAN_POINT('Ctrl Pts',(0.99430983265241,2.35760231640759,-28.2344932448313));
#5951=CARTESIAN_POINT('Ctrl Pts',(1.04577182067765,2.40906430443283,28.2344932448313));
#5952=CARTESIAN_POINT('Ctrl Pts',(1.04577182067765,2.40906430443283,-28.2344932448313));
#5953=CARTESIAN_POINT('Ctrl Pts',(1.04577182067765,2.51842102898647,28.2344932448313));
#5954=CARTESIAN_POINT('Ctrl Pts',(1.04577182067765,2.51842102898647,-28.2344932448313));
#5955=CARTESIAN_POINT('',(1.04577182067765,2.51842102898647,0.));
#5956=CARTESIAN_POINT('Ctrl Pts',(0.99430983265241,2.35760231640759,8.88178419700125E-15));
#5957=CARTESIAN_POINT('Ctrl Pts',(1.04577182067765,2.40906430443283,8.88178419700125E-15));
#5958=CARTESIAN_POINT('Ctrl Pts',(1.04577182067765,2.51842102898647,8.88178419700125E-15));
#5959=CARTESIAN_POINT('',(1.04577182067765,2.51842102898647,28.2344932448313));
#5960=CARTESIAN_POINT('Ctrl Pts',(1.04577182067765,2.51842102898647,28.2344932448313));
#5961=CARTESIAN_POINT('Ctrl Pts',(1.04577182067765,2.51842102898647,-28.2344932448313));
#5962=CARTESIAN_POINT('Ctrl Pts',(1.04577182067765,2.60847950803064,28.2344932448313));
#5963=CARTESIAN_POINT('Ctrl Pts',(1.04577182067765,2.60847950803064,-28.2344932448313));
#5964=CARTESIAN_POINT('Ctrl Pts',(0.99430983265241,2.65994149605588,28.2344932448313));
#5965=CARTESIAN_POINT('Ctrl Pts',(0.99430983265241,2.65994149605588,-28.2344932448313));
#5966=CARTESIAN_POINT('',(0.99430983265241,2.65994149605588,0.));
#5967=CARTESIAN_POINT('Ctrl Pts',(1.04577182067765,2.51842102898647,8.88178419700125E-15));
#5968=CARTESIAN_POINT('Ctrl Pts',(1.04577182067765,2.60847950803064,8.88178419700125E-15));
#5969=CARTESIAN_POINT('Ctrl Pts',(0.99430983265241,2.65994149605588,8.88178419700125E-15));
#5970=CARTESIAN_POINT('',(0.99430983265241,2.65994149605588,28.2344932448313));
#5971=CARTESIAN_POINT('Ctrl Pts',(0.99430983265241,2.65994149605588,28.2344932448313));
#5972=CARTESIAN_POINT('Ctrl Pts',(0.99430983265241,2.65994149605588,-28.2344932448313));
#5973=CARTESIAN_POINT('Ctrl Pts',(0.942847844627168,2.71140348408112,28.2344932448313));
#5974=CARTESIAN_POINT('Ctrl Pts',(0.942847844627168,2.71140348408112,-28.2344932448313));
#5975=CARTESIAN_POINT('Ctrl Pts',(0.878520359595617,2.71140348408112,28.2344932448313));
#5976=CARTESIAN_POINT('Ctrl Pts',(0.878520359595617,2.71140348408112,-28.2344932448313));
#5977=CARTESIAN_POINT('',(0.878520359595617,2.71140348408112,0.));
#5978=CARTESIAN_POINT('Ctrl Pts',(0.99430983265241,2.65994149605588,8.88178419700125E-15));
#5979=CARTESIAN_POINT('Ctrl Pts',(0.942847844627168,2.71140348408112,8.88178419700125E-15));
#5980=CARTESIAN_POINT('Ctrl Pts',(0.878520359595617,2.71140348408112,8.88178419700125E-15));
#5981=CARTESIAN_POINT('',(0.878520359595617,2.71140348408112,28.2344932448313));
#5982=CARTESIAN_POINT('Origin',(0.827058371570375,2.71140348408112,28.2344932448313));
#5983=CARTESIAN_POINT('',(0.827058371570375,2.71140348408112,0.));
#5984=CARTESIAN_POINT('',(0.413529185785188,2.71140348408112,0.));
#5985=CARTESIAN_POINT('',(0.827058371570375,2.71140348408112,28.2344932448313));
#5986=CARTESIAN_POINT('Origin',(0.827058371570375,2.82076020863476,28.2344932448313));
#5987=CARTESIAN_POINT('',(0.827058371570375,2.82076020863476,0.));
#5988=CARTESIAN_POINT('',(0.827058371570375,1.57950549484552,0.));
#5989=CARTESIAN_POINT('',(0.827058371570375,2.82076020863476,28.2344932448313));
#5990=CARTESIAN_POINT('Origin',(0.865654862589306,2.82076020863476,28.2344932448313));
#5991=CARTESIAN_POINT('',(0.865654862589306,2.82076020863476,0.));
#5992=CARTESIAN_POINT('',(0.432827431294653,2.82076020863476,0.));
#5993=CARTESIAN_POINT('',(0.865654862589306,2.82076020863476,28.2344932448313));
#5994=CARTESIAN_POINT('Ctrl Pts',(0.865654862589306,2.82076020863476,28.2344932448313));
#5995=CARTESIAN_POINT('Ctrl Pts',(0.865654862589306,2.82076020863476,-28.2344932448313));
#5996=CARTESIAN_POINT('Ctrl Pts',(0.923549599117703,2.82076020863476,28.2344932448313));
#5997=CARTESIAN_POINT('Ctrl Pts',(0.923549599117703,2.82076020863476,-28.2344932448313));
#5998=CARTESIAN_POINT('Ctrl Pts',(0.975011587142944,2.87222219666,28.2344932448313));
#5999=CARTESIAN_POINT('Ctrl Pts',(0.975011587142944,2.87222219666,-28.2344932448313));
#6000=CARTESIAN_POINT('',(0.975011587142944,2.87222219666,0.));
#6001=CARTESIAN_POINT('Ctrl Pts',(0.865654862589306,2.82076020863476,8.88178419700125E-15));
#6002=CARTESIAN_POINT('Ctrl Pts',(0.923549599117703,2.82076020863476,8.88178419700125E-15));
#6003=CARTESIAN_POINT('Ctrl Pts',(0.975011587142944,2.87222219666,8.88178419700125E-15));
#6004=CARTESIAN_POINT('',(0.975011587142944,2.87222219666,28.2344932448313));
#6005=CARTESIAN_POINT('Ctrl Pts',(0.975011587142944,2.87222219666,28.2344932448313));
#6006=CARTESIAN_POINT('Ctrl Pts',(0.975011587142944,2.87222219666,-28.2344932448313));
#6007=CARTESIAN_POINT('Ctrl Pts',(1.02647357516819,2.92368418468525,28.2344932448313));
#6008=CARTESIAN_POINT('Ctrl Pts',(1.02647357516819,2.92368418468525,-28.2344932448313));
#6009=CARTESIAN_POINT('Ctrl Pts',(1.02647357516819,3.02017541223257,28.2344932448313));
#6010=CARTESIAN_POINT('Ctrl Pts',(1.02647357516819,3.02017541223257,-28.2344932448313));
#6011=CARTESIAN_POINT('',(1.02647357516819,3.02017541223257,0.));
#6012=CARTESIAN_POINT('Ctrl Pts',(0.975011587142944,2.87222219666,8.88178419700125E-15));
#6013=CARTESIAN_POINT('Ctrl Pts',(1.02647357516819,2.92368418468525,8.88178419700125E-15));
#6014=CARTESIAN_POINT('Ctrl Pts',(1.02647357516819,3.02017541223257,8.88178419700125E-15));
#6015=CARTESIAN_POINT('',(1.02647357516819,3.02017541223257,28.2344932448313));
#6016=CARTESIAN_POINT('Ctrl Pts',(1.02647357516819,3.02017541223257,28.2344932448313));
#6017=CARTESIAN_POINT('Ctrl Pts',(1.02647357516819,3.02017541223257,-28.2344932448313));
#6018=CARTESIAN_POINT('Ctrl Pts',(1.02647357516819,3.10380114277359,28.2344932448313));
#6019=CARTESIAN_POINT('Ctrl Pts',(1.02647357516819,3.10380114277359,-28.2344932448313));
#6020=CARTESIAN_POINT('Ctrl Pts',(0.975011587142944,3.15526313079883,28.2344932448313));
#6021=CARTESIAN_POINT('Ctrl Pts',(0.975011587142944,3.15526313079883,-28.2344932448313));
#6022=CARTESIAN_POINT('',(0.975011587142944,3.15526313079883,0.));
#6023=CARTESIAN_POINT('Ctrl Pts',(1.02647357516819,3.02017541223257,8.88178419700125E-15));
#6024=CARTESIAN_POINT('Ctrl Pts',(1.02647357516819,3.10380114277359,8.88178419700125E-15));
#6025=CARTESIAN_POINT('Ctrl Pts',(0.975011587142944,3.15526313079883,8.88178419700125E-15));
#6026=CARTESIAN_POINT('',(0.975011587142944,3.15526313079883,28.2344932448313));
#6027=CARTESIAN_POINT('Ctrl Pts',(0.975011587142944,3.15526313079883,28.2344932448313));
#6028=CARTESIAN_POINT('Ctrl Pts',(0.975011587142944,3.15526313079883,-28.2344932448313));
#6029=CARTESIAN_POINT('Ctrl Pts',(0.936415096124013,3.19385962181776,28.2344932448313));
#6030=CARTESIAN_POINT('Ctrl Pts',(0.936415096124013,3.19385962181776,-28.2344932448313));
#6031=CARTESIAN_POINT('Ctrl Pts',(0.872087611092462,3.19385962181776,28.2344932448313));
#6032=CARTESIAN_POINT('Ctrl Pts',(0.872087611092462,3.19385962181776,-28.2344932448313));
#6033=CARTESIAN_POINT('',(0.872087611092461,3.19385962181776,0.));
#6034=CARTESIAN_POINT('Ctrl Pts',(0.975011587142944,3.15526313079883,8.88178419700125E-15));
#6035=CARTESIAN_POINT('Ctrl Pts',(0.936415096124013,3.19385962181776,8.88178419700125E-15));
#6036=CARTESIAN_POINT('Ctrl Pts',(0.872087611092462,3.19385962181776,8.88178419700125E-15));
#6037=CARTESIAN_POINT('',(0.872087611092461,3.19385962181776,28.2344932448313));
#6038=CARTESIAN_POINT('Ctrl Pts',(0.872087611092462,3.19385962181776,28.2344932448313));
#6039=CARTESIAN_POINT('Ctrl Pts',(0.872087611092462,3.19385962181776,-28.2344932448313));
#6040=CARTESIAN_POINT('Ctrl Pts',(0.814192874564065,3.19385962181776,28.2344932448313));
#6041=CARTESIAN_POINT('Ctrl Pts',(0.814192874564065,3.19385962181776,-28.2344932448313));
#6042=CARTESIAN_POINT('Ctrl Pts',(0.769163635041979,3.14883038229568,28.2344932448313));
#6043=CARTESIAN_POINT('Ctrl Pts',(0.769163635041979,3.14883038229568,-28.2344932448313));
#6044=CARTESIAN_POINT('',(0.769163635041979,3.14883038229568,0.));
#6045=CARTESIAN_POINT('Ctrl Pts',(0.872087611092462,3.19385962181776,8.88178419700125E-15));
#6046=CARTESIAN_POINT('Ctrl Pts',(0.814192874564065,3.19385962181776,8.88178419700125E-15));
#6047=CARTESIAN_POINT('Ctrl Pts',(0.769163635041979,3.14883038229568,8.88178419700125E-15));
#6048=CARTESIAN_POINT('',(0.769163635041979,3.14883038229568,28.2344932448313));
#6049=CARTESIAN_POINT('Ctrl Pts',(0.769163635041979,3.14883038229568,28.2344932448313));
#6050=CARTESIAN_POINT('Ctrl Pts',(0.769163635041979,3.14883038229568,-28.2344932448313));
#6051=CARTESIAN_POINT('Ctrl Pts',(0.717701647016737,3.09736839427044,28.2344932448313));
#6052=CARTESIAN_POINT('Ctrl Pts',(0.717701647016737,3.09736839427044,-28.2344932448313));
#6053=CARTESIAN_POINT('Ctrl Pts',(0.711268898513582,2.98157892121364,28.2344932448313));
#6054=CARTESIAN_POINT('Ctrl Pts',(0.711268898513582,2.98157892121364,-28.2344932448313));
#6055=CARTESIAN_POINT('',(0.711268898513582,2.98157892121364,0.));
#6056=CARTESIAN_POINT('Ctrl Pts',(0.769163635041979,3.14883038229568,8.88178419700125E-15));
#6057=CARTESIAN_POINT('Ctrl Pts',(0.717701647016737,3.09736839427044,8.88178419700125E-15));
#6058=CARTESIAN_POINT('Ctrl Pts',(0.711268898513582,2.98157892121364,8.88178419700125E-15));
#6059=CARTESIAN_POINT('',(0.711268898513582,2.98157892121364,28.2344932448313));
#6060=CARTESIAN_POINT('Origin',(0.569748431444168,2.98157892121364,28.2344932448313));
#6061=CARTESIAN_POINT('',(0.569748431444168,2.98157892121364,0.));
#6062=CARTESIAN_POINT('',(0.284874215722079,2.98157892121364,0.));
#6063=CARTESIAN_POINT('',(0.569748431444168,2.98157892121364,28.2344932448313));
#6064=CARTESIAN_POINT('Origin',(0.691970653004117,2.49269003497385,28.2344932448313));
#6065=CARTESIAN_POINT('',(0.691970653004117,2.53771927449593,0.));
#6066=CARTESIAN_POINT('',(0.691970653004117,1.41547040801507,0.));
#6067=CARTESIAN_POINT('',(0.691970653004117,2.53771927449593,28.2344932448313));
#6068=CARTESIAN_POINT('Origin',(0.691970653004117,2.53771927449593,28.2344932448313));
#6069=CARTESIAN_POINT('',(0.544017437431548,2.53771927449593,0.));
#6070=CARTESIAN_POINT('',(0.345985326502058,2.53771927449593,0.));
#6071=CARTESIAN_POINT('',(0.544017437431548,2.53771927449593,28.2344932448313));
#6072=CARTESIAN_POINT('Origin',(0.544017437431548,2.53771927449593,28.2344932448313));
#6073=CARTESIAN_POINT('',(0.544017437431548,2.48625728647069,0.));
#6074=CARTESIAN_POINT('',(0.544017437431548,1.43798502777611,0.));
#6075=CARTESIAN_POINT('',(0.544017437431548,2.48625728647069,28.2344932448313));
#6076=CARTESIAN_POINT('Ctrl Pts',(0.63407591647572,2.27397658586657,28.2344932448313));
#6077=CARTESIAN_POINT('Ctrl Pts',(0.63407591647572,2.27397658586657,-28.2344932448313));
#6078=CARTESIAN_POINT('Ctrl Pts',(0.544017437431548,2.36403506491075,28.2344932448313));
#6079=CARTESIAN_POINT('Ctrl Pts',(0.544017437431548,2.36403506491075,-28.2344932448313));
#6080=CARTESIAN_POINT('Ctrl Pts',(0.544017437431548,2.48625728647069,28.2344932448313));
#6081=CARTESIAN_POINT('Ctrl Pts',(0.544017437431548,2.48625728647069,-28.2344932448313));
#6082=CARTESIAN_POINT('',(0.63407591647572,2.27397658586657,0.));
#6083=CARTESIAN_POINT('Ctrl Pts',(0.63407591647572,2.27397658586657,8.88178419700125E-15));
#6084=CARTESIAN_POINT('Ctrl Pts',(0.544017437431548,2.36403506491075,8.88178419700125E-15));
#6085=CARTESIAN_POINT('Ctrl Pts',(0.544017437431548,2.48625728647069,8.88178419700125E-15));
#6086=CARTESIAN_POINT('',(0.63407591647572,2.27397658586657,28.2344932448313));
#6087=CARTESIAN_POINT('Ctrl Pts',(0.859222114086151,2.1839181068224,28.2344932448313));
#6088=CARTESIAN_POINT('Ctrl Pts',(0.859222114086151,2.1839181068224,-28.2344932448313));
#6089=CARTESIAN_POINT('Ctrl Pts',(0.724134395519892,2.1839181068224,28.2344932448313));
#6090=CARTESIAN_POINT('Ctrl Pts',(0.724134395519892,2.1839181068224,-28.2344932448313));
#6091=CARTESIAN_POINT('Ctrl Pts',(0.63407591647572,2.27397658586657,28.2344932448313));
#6092=CARTESIAN_POINT('Ctrl Pts',(0.63407591647572,2.27397658586657,-28.2344932448313));
#6093=CARTESIAN_POINT('',(0.859222114086151,2.1839181068224,0.));
#6094=CARTESIAN_POINT('Ctrl Pts',(0.859222114086151,2.1839181068224,8.88178419700125E-15));
#6095=CARTESIAN_POINT('Ctrl Pts',(0.724134395519892,2.1839181068224,8.88178419700125E-15));
#6096=CARTESIAN_POINT('Ctrl Pts',(0.63407591647572,2.27397658586657,8.88178419700125E-15));
#6097=CARTESIAN_POINT('',(0.859222114086151,2.1839181068224,28.2344932448313));
#6098=CARTESIAN_POINT('Ctrl Pts',(1.1100993057092,2.27397658586657,28.2344932448313));
#6099=CARTESIAN_POINT('Ctrl Pts',(1.1100993057092,2.27397658586657,-28.2344932448313));
#6100=CARTESIAN_POINT('Ctrl Pts',(1.02004082666503,2.1839181068224,28.2344932448313));
#6101=CARTESIAN_POINT('Ctrl Pts',(1.02004082666503,2.1839181068224,-28.2344932448313));
#6102=CARTESIAN_POINT('Ctrl Pts',(0.859222114086151,2.1839181068224,28.2344932448313));
#6103=CARTESIAN_POINT('Ctrl Pts',(0.859222114086151,2.1839181068224,-28.2344932448313));
#6104=CARTESIAN_POINT('',(1.1100993057092,2.27397658586657,0.));
#6105=CARTESIAN_POINT('Ctrl Pts',(1.1100993057092,2.27397658586657,8.88178419700125E-15));
#6106=CARTESIAN_POINT('Ctrl Pts',(1.02004082666503,2.1839181068224,8.88178419700125E-15));
#6107=CARTESIAN_POINT('Ctrl Pts',(0.859222114086151,2.1839181068224,8.88178419700125E-15));
#6108=CARTESIAN_POINT('',(1.1100993057092,2.27397658586657,28.2344932448313));
#6109=CARTESIAN_POINT('Ctrl Pts',(1.20015778475338,2.50555553198016,28.2344932448313));
#6110=CARTESIAN_POINT('Ctrl Pts',(1.20015778475338,2.50555553198016,-28.2344932448313));
#6111=CARTESIAN_POINT('Ctrl Pts',(1.20015778475338,2.36403506491075,28.2344932448313));
#6112=CARTESIAN_POINT('Ctrl Pts',(1.20015778475338,2.36403506491075,-28.2344932448313));
#6113=CARTESIAN_POINT('Ctrl Pts',(1.1100993057092,2.27397658586657,28.2344932448313));
#6114=CARTESIAN_POINT('Ctrl Pts',(1.1100993057092,2.27397658586657,-28.2344932448313));
#6115=CARTESIAN_POINT('',(1.20015778475338,2.50555553198016,0.));
#6116=CARTESIAN_POINT('Ctrl Pts',(1.20015778475338,2.50555553198016,8.88178419700125E-15));
#6117=CARTESIAN_POINT('Ctrl Pts',(1.20015778475338,2.36403506491075,8.88178419700125E-15));
#6118=CARTESIAN_POINT('Ctrl Pts',(1.1100993057092,2.27397658586657,8.88178419700125E-15));
#6119=CARTESIAN_POINT('',(1.20015778475338,2.50555553198016,28.2344932448313));
#6120=CARTESIAN_POINT('Ctrl Pts',(1.12296480271551,2.71140348408112,28.2344932448313));
#6121=CARTESIAN_POINT('Ctrl Pts',(1.12296480271551,2.71140348408112,-28.2344932448313));
#6122=CARTESIAN_POINT('Ctrl Pts',(1.20015778475338,2.63421050204326,28.2344932448313));
#6123=CARTESIAN_POINT('Ctrl Pts',(1.20015778475338,2.63421050204326,-28.2344932448313));
#6124=CARTESIAN_POINT('Ctrl Pts',(1.20015778475338,2.50555553198016,28.2344932448313));
#6125=CARTESIAN_POINT('Ctrl Pts',(1.20015778475338,2.50555553198016,-28.2344932448313));
#6126=CARTESIAN_POINT('',(1.12296480271551,2.71140348408112,0.));
#6127=CARTESIAN_POINT('Ctrl Pts',(1.12296480271551,2.71140348408112,8.88178419700125E-15));
#6128=CARTESIAN_POINT('Ctrl Pts',(1.20015778475338,2.63421050204326,8.88178419700125E-15));
#6129=CARTESIAN_POINT('Ctrl Pts',(1.20015778475338,2.50555553198016,8.88178419700125E-15));
#6130=CARTESIAN_POINT('',(1.12296480271551,2.71140348408112,28.2344932448313));
#6131=CARTESIAN_POINT('Ctrl Pts',(1.01360807816188,2.77573096911268,28.2344932448313));
#6132=CARTESIAN_POINT('Ctrl Pts',(1.01360807816188,2.77573096911268,-28.2344932448313));
#6133=CARTESIAN_POINT('Ctrl Pts',(1.07793556319343,2.75643272360321,28.2344932448313));
#6134=CARTESIAN_POINT('Ctrl Pts',(1.07793556319343,2.75643272360321,-28.2344932448313));
#6135=CARTESIAN_POINT('Ctrl Pts',(1.12296480271551,2.71140348408112,28.2344932448313));
#6136=CARTESIAN_POINT('Ctrl Pts',(1.12296480271551,2.71140348408112,-28.2344932448313));
#6137=CARTESIAN_POINT('',(1.01360807816188,2.77573096911268,0.));
#6138=CARTESIAN_POINT('Ctrl Pts',(1.01360807816188,2.77573096911268,8.88178419700125E-15));
#6139=CARTESIAN_POINT('Ctrl Pts',(1.07793556319343,2.75643272360321,8.88178419700125E-15));
#6140=CARTESIAN_POINT('Ctrl Pts',(1.12296480271551,2.71140348408112,8.88178419700125E-15));
#6141=CARTESIAN_POINT('',(1.01360807816188,2.77573096911268,28.2344932448313));
#6142=CARTESIAN_POINT('Ctrl Pts',(1.1100993057092,2.82719295713792,28.2344932448313));
#6143=CARTESIAN_POINT('Ctrl Pts',(1.1100993057092,2.82719295713792,-28.2344932448313));
#6144=CARTESIAN_POINT('Ctrl Pts',(1.06507006618712,2.78216371761583,28.2344932448313));
#6145=CARTESIAN_POINT('Ctrl Pts',(1.06507006618712,2.78216371761583,-28.2344932448313));
#6146=CARTESIAN_POINT('Ctrl Pts',(1.01360807816188,2.77573096911268,28.2344932448313));
#6147=CARTESIAN_POINT('Ctrl Pts',(1.01360807816188,2.77573096911268,-28.2344932448313));
#6148=CARTESIAN_POINT('',(1.1100993057092,2.82719295713792,0.));
#6149=CARTESIAN_POINT('Ctrl Pts',(1.1100993057092,2.82719295713792,8.88178419700125E-15));
#6150=CARTESIAN_POINT('Ctrl Pts',(1.06507006618712,2.78216371761583,8.88178419700125E-15));
#6151=CARTESIAN_POINT('Ctrl Pts',(1.01360807816188,2.77573096911268,8.88178419700125E-15));
#6152=CARTESIAN_POINT('',(1.1100993057092,2.82719295713792,28.2344932448313));
#6153=CARTESIAN_POINT('Ctrl Pts',(1.17442679074075,3.02017541223257,28.2344932448313));
#6154=CARTESIAN_POINT('Ctrl Pts',(1.17442679074075,3.02017541223257,-28.2344932448313));
#6155=CARTESIAN_POINT('Ctrl Pts',(1.17442679074075,2.89152044216947,28.2344932448313));
#6156=CARTESIAN_POINT('Ctrl Pts',(1.17442679074075,2.89152044216947,-28.2344932448313));
#6157=CARTESIAN_POINT('Ctrl Pts',(1.1100993057092,2.82719295713792,28.2344932448313));
#6158=CARTESIAN_POINT('Ctrl Pts',(1.1100993057092,2.82719295713792,-28.2344932448313));
#6159=CARTESIAN_POINT('',(1.17442679074075,3.02017541223257,0.));
#6160=CARTESIAN_POINT('Ctrl Pts',(1.17442679074075,3.02017541223257,8.88178419700125E-15));
#6161=CARTESIAN_POINT('Ctrl Pts',(1.17442679074075,2.89152044216947,8.88178419700125E-15));
#6162=CARTESIAN_POINT('Ctrl Pts',(1.1100993057092,2.82719295713792,8.88178419700125E-15));
#6163=CARTESIAN_POINT('',(1.17442679074075,3.02017541223257,28.2344932448313));
#6164=CARTESIAN_POINT('Ctrl Pts',(1.09723380870289,3.22602336433354,28.2344932448313));
#6165=CARTESIAN_POINT('Ctrl Pts',(1.09723380870289,3.22602336433354,-28.2344932448313));
#6166=CARTESIAN_POINT('Ctrl Pts',(1.17442679074075,3.14883038229568,28.2344932448313));
#6167=CARTESIAN_POINT('Ctrl Pts',(1.17442679074075,3.14883038229568,-28.2344932448313));
#6168=CARTESIAN_POINT('Ctrl Pts',(1.17442679074075,3.02017541223257,28.2344932448313));
#6169=CARTESIAN_POINT('Ctrl Pts',(1.17442679074075,3.02017541223257,-28.2344932448313));
#6170=CARTESIAN_POINT('',(1.09723380870289,3.22602336433354,0.));
#6171=CARTESIAN_POINT('Ctrl Pts',(1.09723380870289,3.22602336433354,8.88178419700125E-15));
#6172=CARTESIAN_POINT('Ctrl Pts',(1.17442679074075,3.14883038229568,8.88178419700125E-15));
#6173=CARTESIAN_POINT('Ctrl Pts',(1.17442679074075,3.02017541223257,8.88178419700125E-15));
#6174=CARTESIAN_POINT('',(1.09723380870289,3.22602336433354,28.2344932448313));
#6175=CARTESIAN_POINT('Ctrl Pts',(0.872087611092462,3.30964909487456,28.2344932448313));
#6176=CARTESIAN_POINT('Ctrl Pts',(0.872087611092462,3.30964909487456,-28.2344932448313));
#6177=CARTESIAN_POINT('Ctrl Pts',(1.01360807816188,3.30964909487456,28.2344932448313));
#6178=CARTESIAN_POINT('Ctrl Pts',(1.01360807816188,3.30964909487456,-28.2344932448313));
#6179=CARTESIAN_POINT('Ctrl Pts',(1.09723380870289,3.22602336433354,28.2344932448313));
#6180=CARTESIAN_POINT('Ctrl Pts',(1.09723380870289,3.22602336433354,-28.2344932448313));
#6181=CARTESIAN_POINT('',(0.872087611092462,3.30964909487456,0.));
#6182=CARTESIAN_POINT('Ctrl Pts',(0.872087611092462,3.30964909487456,8.88178419700125E-15));
#6183=CARTESIAN_POINT('Ctrl Pts',(1.01360807816188,3.30964909487456,8.88178419700125E-15));
#6184=CARTESIAN_POINT('Ctrl Pts',(1.09723380870289,3.22602336433354,8.88178419700125E-15));
#6185=CARTESIAN_POINT('',(0.872087611092462,3.30964909487456,28.2344932448313));
#6186=CARTESIAN_POINT('Ctrl Pts',(0.666239658991496,3.22602336433354,28.2344932448313));
#6187=CARTESIAN_POINT('Ctrl Pts',(0.666239658991496,3.22602336433354,-28.2344932448313));
#6188=CARTESIAN_POINT('Ctrl Pts',(0.749865389532513,3.30964909487456,28.2344932448313));
#6189=CARTESIAN_POINT('Ctrl Pts',(0.749865389532513,3.30964909487456,-28.2344932448313));
#6190=CARTESIAN_POINT('Ctrl Pts',(0.872087611092462,3.30964909487456,28.2344932448313));
#6191=CARTESIAN_POINT('Ctrl Pts',(0.872087611092462,3.30964909487456,-28.2344932448313));
#6192=CARTESIAN_POINT('',(0.666239658991496,3.22602336433354,0.));
#6193=CARTESIAN_POINT('Ctrl Pts',(0.666239658991496,3.22602336433354,8.88178419700125E-15));
#6194=CARTESIAN_POINT('Ctrl Pts',(0.749865389532513,3.30964909487456,8.88178419700125E-15));
#6195=CARTESIAN_POINT('Ctrl Pts',(0.872087611092462,3.30964909487456,8.88178419700125E-15));
#6196=CARTESIAN_POINT('',(0.666239658991496,3.22602336433354,28.2344932448313));
#6197=CARTESIAN_POINT('Ctrl Pts',(0.569748431444168,2.98157892121364,28.2344932448313));
#6198=CARTESIAN_POINT('Ctrl Pts',(0.569748431444168,2.98157892121364,-28.2344932448313));
#6199=CARTESIAN_POINT('Ctrl Pts',(0.569748431444168,3.12953213678621,28.2344932448313));
#6200=CARTESIAN_POINT('Ctrl Pts',(0.569748431444168,3.12953213678621,-28.2344932448313));
#6201=CARTESIAN_POINT('Ctrl Pts',(0.666239658991496,3.22602336433354,28.2344932448313));
#6202=CARTESIAN_POINT('Ctrl Pts',(0.666239658991496,3.22602336433354,-28.2344932448313));
#6203=CARTESIAN_POINT('Ctrl Pts',(0.569748431444168,2.98157892121364,8.88178419700125E-15));
#6204=CARTESIAN_POINT('Ctrl Pts',(0.569748431444168,3.12953213678621,8.88178419700125E-15));
#6205=CARTESIAN_POINT('Ctrl Pts',(0.666239658991496,3.22602336433354,8.88178419700125E-15));
#6206=CARTESIAN_POINT('Ctrl Pts',(-1.07703518536356,2.92368418468525,28.2344932448313));
#6207=CARTESIAN_POINT('Ctrl Pts',(-1.07703518536356,2.92368418468525,-28.2344932448313));
#6208=CARTESIAN_POINT('Ctrl Pts',(-1.07703518536356,3.12309938828306,28.2344932448313));
#6209=CARTESIAN_POINT('Ctrl Pts',(-1.07703518536356,3.12309938828306,-28.2344932448313));
#6210=CARTESIAN_POINT('Ctrl Pts',(-0.974111209313075,3.22602336433354,28.2344932448313));
#6211=CARTESIAN_POINT('Ctrl Pts',(-0.974111209313075,3.22602336433354,-28.2344932448313));
#6212=CARTESIAN_POINT('',(-1.07703518536356,2.92368418468525,0.));
#6213=CARTESIAN_POINT('',(-0.974111209313075,3.22602336433354,0.));
#6214=CARTESIAN_POINT('Ctrl Pts',(-1.07703518536356,2.92368418468525,4.44089209850063E-15));
#6215=CARTESIAN_POINT('Ctrl Pts',(-1.07703518536356,3.12309938828306,4.44089209850063E-15));
#6216=CARTESIAN_POINT('Ctrl Pts',(-0.974111209313075,3.22602336433354,4.44089209850063E-15));
#6217=CARTESIAN_POINT('',(-1.07703518536356,2.92368418468525,-0.0999999999999979));
#6218=CARTESIAN_POINT('',(-1.07703518536356,2.92368418468525,28.2344932448313));
#6219=CARTESIAN_POINT('',(-0.974111209313075,3.22602336433354,-0.0999999999999979));
#6220=CARTESIAN_POINT('Ctrl Pts',(-1.07703518536356,2.92368418468525,-0.0999999999999979));
#6221=CARTESIAN_POINT('Ctrl Pts',(-1.07703518536356,3.05662765375045,-0.0999999999999979));
#6222=CARTESIAN_POINT('Ctrl Pts',(-1.04272719334673,3.15740738029988,-0.0999999999999979));
#6223=CARTESIAN_POINT('Ctrl Pts',(-0.974111209313075,3.22602336433354,-0.0999999999999979));
#6224=CARTESIAN_POINT('',(-0.974111209313075,3.22602336433354,28.2344932448313));
#6225=CARTESIAN_POINT('Ctrl Pts',(-0.974111209313075,3.22602336433354,28.2344932448313));
#6226=CARTESIAN_POINT('Ctrl Pts',(-0.974111209313075,3.22602336433354,-28.2344932448313));
#6227=CARTESIAN_POINT('Ctrl Pts',(-0.890485478772057,3.30964909487456,28.2344932448313));
#6228=CARTESIAN_POINT('Ctrl Pts',(-0.890485478772057,3.30964909487456,-28.2344932448313));
#6229=CARTESIAN_POINT('Ctrl Pts',(-0.774696005715264,3.30964909487456,28.2344932448313));
#6230=CARTESIAN_POINT('Ctrl Pts',(-0.774696005715264,3.30964909487456,-28.2344932448313));
#6231=CARTESIAN_POINT('',(-0.774696005715264,3.30964909487456,0.));
#6232=CARTESIAN_POINT('Ctrl Pts',(-0.974111209313075,3.22602336433354,4.44089209850063E-15));
#6233=CARTESIAN_POINT('Ctrl Pts',(-0.890485478772057,3.30964909487456,4.44089209850063E-15));
#6234=CARTESIAN_POINT('Ctrl Pts',(-0.774696005715264,3.30964909487456,4.44089209850063E-15));
#6235=CARTESIAN_POINT('',(-0.774696005715264,3.30964909487456,-0.0999999999999979));
#6236=CARTESIAN_POINT('Ctrl Pts',(-0.974111209313075,3.22602336433354,-0.0999999999999979));
#6237=CARTESIAN_POINT('Ctrl Pts',(-0.94749969208872,3.25263488155789,-0.0999999999999979));
#6238=CARTESIAN_POINT('Ctrl Pts',(-0.917153006659043,3.27418750011972,-0.0999999999999979));
#6239=CARTESIAN_POINT('Ctrl Pts',(-0.848080028934685,3.30315358755251,-0.0999999999999979));
#6240=CARTESIAN_POINT('Ctrl Pts',(-0.811958765926561,3.30964909487456,-0.0999999999999979));
#6241=CARTESIAN_POINT('Ctrl Pts',(-0.774696005715264,3.30964909487456,-0.0999999999999979));
#6242=CARTESIAN_POINT('',(-0.774696005715264,3.30964909487456,28.2344932448313));
#6243=CARTESIAN_POINT('Ctrl Pts',(-0.774696005715264,3.30964909487456,28.2344932448313));
#6244=CARTESIAN_POINT('Ctrl Pts',(-0.774696005715264,3.30964909487456,-28.2344932448313));
#6245=CARTESIAN_POINT('Ctrl Pts',(-0.63317553864585,3.30964909487456,28.2344932448313));
#6246=CARTESIAN_POINT('Ctrl Pts',(-0.63317553864585,3.30964909487456,-28.2344932448313));
#6247=CARTESIAN_POINT('Ctrl Pts',(-0.549549808104833,3.22602336433354,28.2344932448313));
#6248=CARTESIAN_POINT('Ctrl Pts',(-0.549549808104833,3.22602336433354,-28.2344932448313));
#6249=CARTESIAN_POINT('',(-0.549549808104833,3.22602336433354,0.));
#6250=CARTESIAN_POINT('Ctrl Pts',(-0.774696005715264,3.30964909487456,4.44089209850063E-15));
#6251=CARTESIAN_POINT('Ctrl Pts',(-0.63317553864585,3.30964909487456,4.44089209850063E-15));
#6252=CARTESIAN_POINT('Ctrl Pts',(-0.549549808104833,3.22602336433354,4.44089209850063E-15));
#6253=CARTESIAN_POINT('',(-0.549549808104833,3.22602336433354,-0.0999999999999979));
#6254=CARTESIAN_POINT('Ctrl Pts',(-0.774696005715264,3.30964909487456,-0.0999999999999979));
#6255=CARTESIAN_POINT('Ctrl Pts',(-0.680349027668988,3.30964909487456,-0.0999999999999979));
#6256=CARTESIAN_POINT('Ctrl Pts',(-0.605300295132178,3.28177385136088,-0.0999999999999979));
#6257=CARTESIAN_POINT('Ctrl Pts',(-0.549549808104833,3.22602336433354,-0.0999999999999979));
#6258=CARTESIAN_POINT('',(-0.549549808104833,3.22602336433354,28.2344932448313));
#6259=CARTESIAN_POINT('Ctrl Pts',(-0.549549808104833,3.22602336433354,28.2344932448313));
#6260=CARTESIAN_POINT('Ctrl Pts',(-0.549549808104833,3.22602336433354,-28.2344932448313));
#6261=CARTESIAN_POINT('Ctrl Pts',(-0.465924077563816,3.14239763379252,28.2344932448313));
#6262=CARTESIAN_POINT('Ctrl Pts',(-0.465924077563816,3.14239763379252,-28.2344932448313));
#6263=CARTESIAN_POINT('Ctrl Pts',(-0.465924077563816,3.02017541223257,28.2344932448313));
#6264=CARTESIAN_POINT('Ctrl Pts',(-0.465924077563816,3.02017541223257,-28.2344932448313));
#6265=CARTESIAN_POINT('',(-0.465924077563816,3.02017541223257,0.));
#6266=CARTESIAN_POINT('Ctrl Pts',(-0.549549808104833,3.22602336433354,4.44089209850063E-15));
#6267=CARTESIAN_POINT('Ctrl Pts',(-0.465924077563816,3.14239763379252,4.44089209850063E-15));
#6268=CARTESIAN_POINT('Ctrl Pts',(-0.465924077563816,3.02017541223257,4.44089209850063E-15));
#6269=CARTESIAN_POINT('',(-0.465924077563816,3.02017541223257,-0.0999999999999979));
#6270=CARTESIAN_POINT('Ctrl Pts',(-0.549549808104833,3.22602336433354,-0.0999999999999979));
#6271=CARTESIAN_POINT('Ctrl Pts',(-0.493799321077488,3.17027287730619,-0.0999999999999979));
#6272=CARTESIAN_POINT('Ctrl Pts',(-0.465924077563816,3.10165689327254,-0.0999999999999979));
#6273=CARTESIAN_POINT('Ctrl Pts',(-0.465924077563816,3.02017541223257,-0.0999999999999979));
#6274=CARTESIAN_POINT('',(-0.465924077563816,3.02017541223257,28.2344932448313));
#6275=CARTESIAN_POINT('Ctrl Pts',(-0.465924077563816,3.02017541223257,28.2344932448313));
#6276=CARTESIAN_POINT('Ctrl Pts',(-0.465924077563816,3.02017541223257,-28.2344932448313));
#6277=CARTESIAN_POINT('Ctrl Pts',(-0.465924077563816,2.86578944815685,28.2344932448313));
#6278=CARTESIAN_POINT('Ctrl Pts',(-0.465924077563816,2.86578944815685,-28.2344932448313));
#6279=CARTESIAN_POINT('Ctrl Pts',(-0.562415305111143,2.74999997510006,28.2344932448313));
#6280=CARTESIAN_POINT('Ctrl Pts',(-0.562415305111143,2.74999997510006,-28.2344932448313));
#6281=CARTESIAN_POINT('',(-0.562415305111143,2.74999997510006,0.));
#6282=CARTESIAN_POINT('Ctrl Pts',(-0.465924077563816,3.02017541223257,4.44089209850063E-15));
#6283=CARTESIAN_POINT('Ctrl Pts',(-0.465924077563816,2.86578944815685,4.44089209850063E-15));
#6284=CARTESIAN_POINT('Ctrl Pts',(-0.562415305111143,2.74999997510006,4.44089209850063E-15));
#6285=CARTESIAN_POINT('',(-0.562415305111143,2.74999997510006,-0.0999999999999979));
#6286=CARTESIAN_POINT('Ctrl Pts',(-0.465924077563816,3.02017541223257,-0.0999999999999979));
#6287=CARTESIAN_POINT('Ctrl Pts',(-0.465924077563816,2.91725143618209,-0.0999999999999979));
#6288=CARTESIAN_POINT('Ctrl Pts',(-0.498087820079592,2.82719295713792,-0.0999999999999979));
#6289=CARTESIAN_POINT('Ctrl Pts',(-0.562415305111143,2.74999997510006,-0.0999999999999979));
#6290=CARTESIAN_POINT('',(-0.562415305111143,2.74999997510006,28.2344932448313));
#6291=CARTESIAN_POINT('Ctrl Pts',(-0.562415305111143,2.74999997510006,28.2344932448313));
#6292=CARTESIAN_POINT('Ctrl Pts',(-0.562415305111143,2.74999997510006,-28.2344932448313));
#6293=CARTESIAN_POINT('Ctrl Pts',(-0.652473784155316,2.64064325054642,28.2344932448313));
#6294=CARTESIAN_POINT('Ctrl Pts',(-0.652473784155316,2.64064325054642,-28.2344932448313));
#6295=CARTESIAN_POINT('Ctrl Pts',(-0.748965011702643,2.53771927449593,28.2344932448313));
#6296=CARTESIAN_POINT('Ctrl Pts',(-0.748965011702643,2.53771927449593,-28.2344932448313));
#6297=CARTESIAN_POINT('',(-0.748965011702643,2.53771927449593,0.));
#6298=CARTESIAN_POINT('Origin',(-3.95888057627524,5.54666332534889,4.44089209850063E-15));
#6299=CARTESIAN_POINT('',(-0.748965011702643,2.53771927449593,-0.0999999999999979));
#6300=CARTESIAN_POINT('Origin',(-3.95888766509429,5.54666955491735,-0.0999999999999306));
#6301=CARTESIAN_POINT('',(-0.748965011702643,2.53771927449593,28.2344932448313));
#6302=CARTESIAN_POINT('Origin',(-0.800426999727885,2.47982453796754,4.44089209850063E-15));
#6303=CARTESIAN_POINT('',(-0.851888987753126,2.42192980143914,0.));
#6304=CARTESIAN_POINT('',(-0.748965011702643,2.53771927449593,4.44089209850063E-15));
#6305=CARTESIAN_POINT('',(-0.851888987753126,2.42192980143914,-0.0999999999999979));
#6306=CARTESIAN_POINT('',(-0.748965011702643,2.53771927449593,-0.0999999999999979));
#6307=CARTESIAN_POINT('',(-0.851888987753126,2.42192980143914,28.2344932448313));
#6308=CARTESIAN_POINT('Ctrl Pts',(-0.851888987753126,2.42192980143914,28.2344932448313));
#6309=CARTESIAN_POINT('Ctrl Pts',(-0.851888987753126,2.42192980143914,-28.2344932448313));
#6310=CARTESIAN_POINT('Ctrl Pts',(-0.896918227275213,2.3704678134139,28.2344932448313));
#6311=CARTESIAN_POINT('Ctrl Pts',(-0.896918227275213,2.3704678134139,-28.2344932448313));
#6312=CARTESIAN_POINT('Ctrl Pts',(-0.929081969790988,2.31900582538866,28.2344932448313));
#6313=CARTESIAN_POINT('Ctrl Pts',(-0.929081969790988,2.31900582538866,-28.2344932448313));
#6314=CARTESIAN_POINT('',(-0.929081969790988,2.31900582538866,0.));
#6315=CARTESIAN_POINT('Ctrl Pts',(-0.851888987753126,2.42192980143914,4.44089209850063E-15));
#6316=CARTESIAN_POINT('Ctrl Pts',(-0.896918227275213,2.3704678134139,4.44089209850063E-15));
#6317=CARTESIAN_POINT('Ctrl Pts',(-0.929081969790988,2.31900582538866,4.44089209850063E-15));
#6318=CARTESIAN_POINT('',(-0.929081969790988,2.31900582538866,-0.0999999999999979));
#6319=CARTESIAN_POINT('Ctrl Pts',(-0.851888987753126,2.42192980143914,-0.0999999999999979));
#6320=CARTESIAN_POINT('Ctrl Pts',(-0.88190848076785,2.38762180942231,-0.0999999999999979));
#6321=CARTESIAN_POINT('Ctrl Pts',(-0.907639474780471,2.35331381740549,-0.0999999999999979));
#6322=CARTESIAN_POINT('Ctrl Pts',(-0.929081969790988,2.31900582538866,-0.0999999999999979));
#6323=CARTESIAN_POINT('',(-0.929081969790988,2.31900582538866,28.2344932448313));
#6324=CARTESIAN_POINT('Origin',(-0.44662583205435,2.31900582538866,28.2344932448313));
#6325=CARTESIAN_POINT('',(-0.44662583205435,2.31900582538866,0.));
#6326=CARTESIAN_POINT('',(-0.223312916027175,2.31900582538866,0.));
#6327=CARTESIAN_POINT('',(-0.44662583205435,2.31900582538866,-0.0999999999999979));
#6328=CARTESIAN_POINT('',(-0.223312916027175,2.31900582538866,-0.0999999999999979));
#6329=CARTESIAN_POINT('',(-0.44662583205435,2.31900582538866,28.2344932448313));
#6330=CARTESIAN_POINT('Origin',(-0.44662583205435,2.19678360382871,28.2344932448313));
#6331=CARTESIAN_POINT('',(-0.44662583205435,2.19678360382871,0.));
#6332=CARTESIAN_POINT('',(-0.44662583205435,1.2675171924425,0.));
#6333=CARTESIAN_POINT('',(-0.44662583205435,2.19678360382871,-0.0999999999999979));
#6334=CARTESIAN_POINT('',(-0.44662583205435,1.2675171924425,-0.0999999999999979));
#6335=CARTESIAN_POINT('',(-0.44662583205435,2.19678360382871,28.2344932448313));
#6336=CARTESIAN_POINT('Origin',(-1.07703518536356,2.92368418468525,28.2344932448313));
#6337=CARTESIAN_POINT('',(-0.929081969790988,2.92368418468525,0.));
#6338=CARTESIAN_POINT('',(-0.538517592681779,2.92368418468525,0.));
#6339=CARTESIAN_POINT('',(-0.929081969790988,2.92368418468525,-0.0999999999999979));
#6340=CARTESIAN_POINT('',(-0.929081969790988,2.92368418468525,28.2344932448313));
#6341=CARTESIAN_POINT('',(-0.538517592681779,2.92368418468525,-0.0999999999999979));
#6342=CARTESIAN_POINT('Ctrl Pts',(-0.858321736256281,3.14883038229568,28.2344932448313));
#6343=CARTESIAN_POINT('Ctrl Pts',(-0.858321736256281,3.14883038229568,-28.2344932448313));
#6344=CARTESIAN_POINT('Ctrl Pts',(-0.929081969790988,3.07807014876097,28.2344932448313));
#6345=CARTESIAN_POINT('Ctrl Pts',(-0.929081969790988,3.07807014876097,-28.2344932448313));
#6346=CARTESIAN_POINT('Ctrl Pts',(-0.929081969790988,2.92368418468525,28.2344932448313));
#6347=CARTESIAN_POINT('Ctrl Pts',(-0.929081969790988,2.92368418468525,-28.2344932448313));
#6348=CARTESIAN_POINT('',(-0.858321736256281,3.14883038229568,0.));
#6349=CARTESIAN_POINT('Ctrl Pts',(-0.858321736256281,3.14883038229568,4.44089209850063E-15));
#6350=CARTESIAN_POINT('Ctrl Pts',(-0.929081969790988,3.07807014876097,4.44089209850063E-15));
#6351=CARTESIAN_POINT('Ctrl Pts',(-0.929081969790988,2.92368418468525,4.44089209850063E-15));
#6352=CARTESIAN_POINT('',(-0.858321736256281,3.14883038229568,-0.0999999999999979));
#6353=CARTESIAN_POINT('',(-0.858321736256281,3.14883038229568,28.2344932448313));
#6354=CARTESIAN_POINT('Ctrl Pts',(-0.858321736256281,3.14883038229568,-0.0999999999999979));
#6355=CARTESIAN_POINT('Ctrl Pts',(-0.90549522527942,3.10165689327254,-0.0999999999999979));
#6356=CARTESIAN_POINT('Ctrl Pts',(-0.929081969790988,3.02660816073573,-0.0999999999999979));
#6357=CARTESIAN_POINT('Ctrl Pts',(-0.929081969790988,2.92368418468525,-0.0999999999999979));
#6358=CARTESIAN_POINT('Ctrl Pts',(-0.768263257212109,3.18742687331461,28.2344932448313));
#6359=CARTESIAN_POINT('Ctrl Pts',(-0.768263257212109,3.18742687331461,-28.2344932448313));
#6360=CARTESIAN_POINT('Ctrl Pts',(-0.81972524523735,3.18742687331461,28.2344932448313));
#6361=CARTESIAN_POINT('Ctrl Pts',(-0.81972524523735,3.18742687331461,-28.2344932448313));
#6362=CARTESIAN_POINT('Ctrl Pts',(-0.858321736256281,3.14883038229568,28.2344932448313));
#6363=CARTESIAN_POINT('Ctrl Pts',(-0.858321736256281,3.14883038229568,-28.2344932448313));
#6364=CARTESIAN_POINT('',(-0.768263257212109,3.18742687331461,0.));
#6365=CARTESIAN_POINT('Ctrl Pts',(-0.768263257212109,3.18742687331461,4.44089209850063E-15));
#6366=CARTESIAN_POINT('Ctrl Pts',(-0.81972524523735,3.18742687331461,4.44089209850063E-15));
#6367=CARTESIAN_POINT('Ctrl Pts',(-0.858321736256281,3.14883038229568,4.44089209850063E-15));
#6368=CARTESIAN_POINT('',(-0.768263257212109,3.18742687331461,-0.0999999999999979));
#6369=CARTESIAN_POINT('',(-0.768263257212109,3.18742687331461,28.2344932448313));
#6370=CARTESIAN_POINT('Ctrl Pts',(-0.768263257212109,3.18742687331461,-0.0999999999999979));
#6371=CARTESIAN_POINT('Ctrl Pts',(-0.802571249228937,3.18742687331461,-0.0999999999999979));
#6372=CARTESIAN_POINT('Ctrl Pts',(-0.832590742243661,3.1745613763083,-0.0999999999999979));
#6373=CARTESIAN_POINT('Ctrl Pts',(-0.858321736256281,3.14883038229568,-0.0999999999999979));
#6374=CARTESIAN_POINT('Ctrl Pts',(-0.671772029664781,3.14883038229568,28.2344932448313));
#6375=CARTESIAN_POINT('Ctrl Pts',(-0.671772029664781,3.14883038229568,-28.2344932448313));
#6376=CARTESIAN_POINT('Ctrl Pts',(-0.710368520683712,3.18742687331461,28.2344932448313));
#6377=CARTESIAN_POINT('Ctrl Pts',(-0.710368520683712,3.18742687331461,-28.2344932448313));
#6378=CARTESIAN_POINT('Ctrl Pts',(-0.768263257212109,3.18742687331461,28.2344932448313));
#6379=CARTESIAN_POINT('Ctrl Pts',(-0.768263257212109,3.18742687331461,-28.2344932448313));
#6380=CARTESIAN_POINT('',(-0.671772029664781,3.14883038229568,0.));
#6381=CARTESIAN_POINT('Ctrl Pts',(-0.671772029664781,3.14883038229568,4.44089209850063E-15));
#6382=CARTESIAN_POINT('Ctrl Pts',(-0.710368520683712,3.18742687331461,4.44089209850063E-15));
#6383=CARTESIAN_POINT('Ctrl Pts',(-0.768263257212109,3.18742687331461,4.44089209850063E-15));
#6384=CARTESIAN_POINT('',(-0.671772029664781,3.14883038229568,-0.0999999999999979));
#6385=CARTESIAN_POINT('',(-0.671772029664781,3.14883038229568,28.2344932448313));
#6386=CARTESIAN_POINT('Ctrl Pts',(-0.671772029664781,3.14883038229568,-0.0999999999999979));
#6387=CARTESIAN_POINT('Ctrl Pts',(-0.697503023677402,3.1745613763083,-0.0999999999999979));
#6388=CARTESIAN_POINT('Ctrl Pts',(-0.729666766193178,3.18742687331461,-0.0999999999999979));
#6389=CARTESIAN_POINT('Ctrl Pts',(-0.768263257212109,3.18742687331461,-0.0999999999999979));
#6390=CARTESIAN_POINT('Ctrl Pts',(-0.62031004163954,3.02017541223257,28.2344932448313));
#6391=CARTESIAN_POINT('Ctrl Pts',(-0.62031004163954,3.02017541223257,-28.2344932448313));
#6392=CARTESIAN_POINT('Ctrl Pts',(-0.62031004163954,3.09736839427044,28.2344932448313));
#6393=CARTESIAN_POINT('Ctrl Pts',(-0.62031004163954,3.09736839427044,-28.2344932448313));
#6394=CARTESIAN_POINT('Ctrl Pts',(-0.671772029664781,3.14883038229568,28.2344932448313));
#6395=CARTESIAN_POINT('Ctrl Pts',(-0.671772029664781,3.14883038229568,-28.2344932448313));
#6396=CARTESIAN_POINT('',(-0.62031004163954,3.02017541223257,0.));
#6397=CARTESIAN_POINT('Ctrl Pts',(-0.62031004163954,3.02017541223257,4.44089209850063E-15));
#6398=CARTESIAN_POINT('Ctrl Pts',(-0.62031004163954,3.09736839427044,4.44089209850063E-15));
#6399=CARTESIAN_POINT('Ctrl Pts',(-0.671772029664781,3.14883038229568,4.44089209850063E-15));
#6400=CARTESIAN_POINT('',(-0.62031004163954,3.02017541223257,-0.0999999999999979));
#6401=CARTESIAN_POINT('',(-0.62031004163954,3.02017541223257,28.2344932448313));
#6402=CARTESIAN_POINT('Ctrl Pts',(-0.62031004163954,3.02017541223257,-0.0999999999999979));
#6403=CARTESIAN_POINT('Ctrl Pts',(-0.62031004163954,3.07163740025781,-0.0999999999999979));
#6404=CARTESIAN_POINT('Ctrl Pts',(-0.637464037647954,3.11452239027885,-0.0999999999999979));
#6405=CARTESIAN_POINT('Ctrl Pts',(-0.671772029664781,3.14883038229568,-0.0999999999999979));
#6406=CARTESIAN_POINT('Ctrl Pts',(-0.729666766193178,2.77573096911268,28.2344932448313));
#6407=CARTESIAN_POINT('Ctrl Pts',(-0.729666766193178,2.77573096911268,-28.2344932448313));
#6408=CARTESIAN_POINT('Ctrl Pts',(-0.62031004163954,2.89152044216947,28.2344932448313));
#6409=CARTESIAN_POINT('Ctrl Pts',(-0.62031004163954,2.89152044216947,-28.2344932448313));
#6410=CARTESIAN_POINT('Ctrl Pts',(-0.62031004163954,3.02017541223257,28.2344932448313));
#6411=CARTESIAN_POINT('Ctrl Pts',(-0.62031004163954,3.02017541223257,-28.2344932448313));
#6412=CARTESIAN_POINT('',(-0.729666766193178,2.77573096911268,0.));
#6413=CARTESIAN_POINT('Ctrl Pts',(-0.729666766193178,2.77573096911268,4.44089209850063E-15));
#6414=CARTESIAN_POINT('Ctrl Pts',(-0.62031004163954,2.89152044216947,4.44089209850063E-15));
#6415=CARTESIAN_POINT('Ctrl Pts',(-0.62031004163954,3.02017541223257,4.44089209850063E-15));
#6416=CARTESIAN_POINT('',(-0.729666766193178,2.77573096911268,-0.0999999999999979));
#6417=CARTESIAN_POINT('',(-0.729666766193178,2.77573096911268,28.2344932448313));
#6418=CARTESIAN_POINT('Ctrl Pts',(-0.729666766193178,2.77573096911268,-0.0999999999999979));
#6419=CARTESIAN_POINT('Ctrl Pts',(-0.656762283157419,2.85292395115054,-0.0999999999999979));
#6420=CARTESIAN_POINT('Ctrl Pts',(-0.62031004163954,2.9344054321905,-0.0999999999999979));
#6421=CARTESIAN_POINT('Ctrl Pts',(-0.62031004163954,3.02017541223257,-0.0999999999999979));
#6422=CARTESIAN_POINT('Ctrl Pts',(-0.99340945482254,2.48625728647069,28.2344932448313));
#6423=CARTESIAN_POINT('Ctrl Pts',(-0.99340945482254,2.48625728647069,-28.2344932448313));
#6424=CARTESIAN_POINT('Ctrl Pts',(-0.832590742243661,2.65994149605588,28.2344932448313));
#6425=CARTESIAN_POINT('Ctrl Pts',(-0.832590742243661,2.65994149605588,-28.2344932448313));
#6426=CARTESIAN_POINT('Ctrl Pts',(-0.729666766193178,2.77573096911268,28.2344932448313));
#6427=CARTESIAN_POINT('Ctrl Pts',(-0.729666766193178,2.77573096911268,-28.2344932448313));
#6428=CARTESIAN_POINT('',(-0.99340945482254,2.48625728647069,0.));
#6429=CARTESIAN_POINT('Ctrl Pts',(-0.99340945482254,2.48625728647069,4.44089209850063E-15));
#6430=CARTESIAN_POINT('Ctrl Pts',(-0.832590742243661,2.65994149605588,4.44089209850063E-15));
#6431=CARTESIAN_POINT('Ctrl Pts',(-0.729666766193178,2.77573096911268,4.44089209850063E-15));
#6432=CARTESIAN_POINT('',(-0.99340945482254,2.48625728647069,-0.0999999999999979));
#6433=CARTESIAN_POINT('',(-0.99340945482254,2.48625728647069,28.2344932448313));
#6434=CARTESIAN_POINT('Ctrl Pts',(-0.99340945482254,2.48625728647069,-0.0999999999999979));
#6435=CARTESIAN_POINT('Ctrl Pts',(-0.886196979769954,2.60204675952749,-0.0999999999999979));
#6436=CARTESIAN_POINT('Ctrl Pts',(-0.798282750226833,2.69853798707481,-0.0999999999999979));
#6437=CARTESIAN_POINT('Ctrl Pts',(-0.729666766193178,2.77573096911268,-0.0999999999999979));
#6438=CARTESIAN_POINT('Ctrl Pts',(-1.10276617937618,2.30614032838235,28.2344932448313));
#6439=CARTESIAN_POINT('Ctrl Pts',(-1.10276617937618,2.30614032838235,-28.2344932448313));
#6440=CARTESIAN_POINT('Ctrl Pts',(-1.08990068236987,2.3704678134139,28.2344932448313));
#6441=CARTESIAN_POINT('Ctrl Pts',(-1.08990068236987,2.3704678134139,-28.2344932448313));
#6442=CARTESIAN_POINT('Ctrl Pts',(-0.99340945482254,2.48625728647069,28.2344932448313));
#6443=CARTESIAN_POINT('Ctrl Pts',(-0.99340945482254,2.48625728647069,-28.2344932448313));
#6444=CARTESIAN_POINT('',(-1.10276617937618,2.30614032838235,0.));
#6445=CARTESIAN_POINT('Ctrl Pts',(-1.10276617937618,2.30614032838235,4.44089209850063E-15));
#6446=CARTESIAN_POINT('Ctrl Pts',(-1.08990068236987,2.3704678134139,4.44089209850063E-15));
#6447=CARTESIAN_POINT('Ctrl Pts',(-0.99340945482254,2.48625728647069,4.44089209850063E-15));
#6448=CARTESIAN_POINT('',(-1.10276617937618,2.30614032838235,-0.0999999999999979));
#6449=CARTESIAN_POINT('',(-1.10276617937618,2.30614032838235,28.2344932448313));
#6450=CARTESIAN_POINT('Ctrl Pts',(-1.10276617937618,2.30614032838235,-0.0999999999999979));
#6451=CARTESIAN_POINT('Ctrl Pts',(-1.09418918137197,2.34902531840338,-0.0999999999999979));
#6452=CARTESIAN_POINT('Ctrl Pts',(-1.05773693985409,2.40906430443283,-0.0999999999999979));
#6453=CARTESIAN_POINT('Ctrl Pts',(-0.99340945482254,2.48625728647069,-0.0999999999999979));
#6454=CARTESIAN_POINT('Origin',(-1.10276617937618,2.30614032838235,28.2344932448313));
#6455=CARTESIAN_POINT('',(-1.10276617937618,2.19678360382871,0.));
#6456=CARTESIAN_POINT('',(-1.10276617937618,1.32219555471931,0.));
#6457=CARTESIAN_POINT('',(-1.10276617937618,2.19678360382871,-0.0999999999999979));
#6458=CARTESIAN_POINT('',(-1.10276617937618,2.19678360382871,28.2344932448313));
#6459=CARTESIAN_POINT('',(-1.10276617937618,1.32219555471931,-0.0999999999999979));
#6460=CARTESIAN_POINT('Origin',(-1.10276617937618,2.19678360382871,28.2344932448313));
#6461=CARTESIAN_POINT('',(-0.551383089688089,2.19678360382871,0.));
#6462=CARTESIAN_POINT('',(-0.551383089688089,2.19678360382871,-0.0999999999999979));
#6463=CARTESIAN_POINT('Origin',(-1.70697184193694E-16,0.338250781056281,
-0.1));
#6464=CARTESIAN_POINT('Origin',(-1.70697184193694E-16,0.338250781056281,
-0.1));
#6465=CARTESIAN_POINT('',(2.70911457905982,3.28861520052781,-0.0999999999999979));
#6466=CARTESIAN_POINT('',(3.26004206342701,2.73861520350805,-0.0999999999999979));
#6467=CARTESIAN_POINT('Ctrl Pts',(2.70911457905982,3.28861520052781,-0.0999999999999979));
#6468=CARTESIAN_POINT('Ctrl Pts',(2.86122250403662,3.28861520052781,-0.0999999999999979));
#6469=CARTESIAN_POINT('Ctrl Pts',(2.99107073267535,3.23482093437748,-0.0999999999999979));
#6470=CARTESIAN_POINT('Ctrl Pts',(3.09865926497602,3.12723240207682,-0.0999999999999979));
#6471=CARTESIAN_POINT('Ctrl Pts',(3.20624779727668,3.01964386977616,-0.0999999999999979));
#6472=CARTESIAN_POINT('Ctrl Pts',(3.26004206342701,2.89010480358657,-0.0999999999999979));
#6473=CARTESIAN_POINT('Ctrl Pts',(3.26004206342701,2.73861520350805,-0.0999999999999979));
#6474=CARTESIAN_POINT('',(2.16004206938748,2.73861520350805,-0.0999999999999979));
#6475=CARTESIAN_POINT('Ctrl Pts',(2.16004206938748,2.73861520350805,-0.0999999999999979));
#6476=CARTESIAN_POINT('Ctrl Pts',(2.16004206938748,2.89010480358657,-0.0999999999999979));
#6477=CARTESIAN_POINT('Ctrl Pts',(2.21383633553781,3.01964386977616,-0.0999999999999979));
#6478=CARTESIAN_POINT('Ctrl Pts',(2.32142486783847,3.12723240207682,-0.0999999999999979));
#6479=CARTESIAN_POINT('Ctrl Pts',(2.42901340013913,3.23482093437748,-0.0999999999999979));
#6480=CARTESIAN_POINT('Ctrl Pts',(2.55824330387958,3.28861520052781,-0.0999999999999979));
#6481=CARTESIAN_POINT('Ctrl Pts',(2.70911457905982,3.28861520052781,-0.0999999999999979));
#6482=CARTESIAN_POINT('',(2.70911457905982,2.18861520648828,-0.0999999999999979));
#6483=CARTESIAN_POINT('Ctrl Pts',(2.70911457905982,2.18861520648828,-0.0999999999999979));
#6484=CARTESIAN_POINT('Ctrl Pts',(2.55824330387958,2.18861520648828,-0.0999999999999979));
#6485=CARTESIAN_POINT('Ctrl Pts',(2.42901340013913,2.24240947263861,-0.0999999999999979));
#6486=CARTESIAN_POINT('Ctrl Pts',(2.32142486783847,2.34999800493927,-0.0999999999999979));
#6487=CARTESIAN_POINT('Ctrl Pts',(2.21383633553781,2.45758653723994,-0.0999999999999979));
#6488=CARTESIAN_POINT('Ctrl Pts',(2.16004206938748,2.58712560342953,-0.0999999999999979));
#6489=CARTESIAN_POINT('Ctrl Pts',(2.16004206938748,2.73861520350805,-0.0999999999999979));
#6490=CARTESIAN_POINT('Ctrl Pts',(3.26004206342701,2.73861520350805,-0.0999999999999979));
#6491=CARTESIAN_POINT('Ctrl Pts',(3.26004206342701,2.58712560342953,-0.0999999999999979));
#6492=CARTESIAN_POINT('Ctrl Pts',(3.20624779727668,2.45758653723994,-0.0999999999999979));
#6493=CARTESIAN_POINT('Ctrl Pts',(3.09865926497602,2.34999800493927,-0.0999999999999979));
#6494=CARTESIAN_POINT('Ctrl Pts',(2.99107073267535,2.24240947263861,-0.0999999999999979));
#6495=CARTESIAN_POINT('Ctrl Pts',(2.86122250403662,2.18861520648828,-0.0999999999999979));
#6496=CARTESIAN_POINT('Ctrl Pts',(2.70911457905982,2.18861520648828,-0.0999999999999979));
#6497=CARTESIAN_POINT('',(2.70911457905982,3.22369108620845,-0.0999999999999979));
#6498=CARTESIAN_POINT('',(2.22589367105426,2.73861520350805,-0.0999999999999979));
#6499=CARTESIAN_POINT('Ctrl Pts',(2.70911457905982,3.22369108620845,-0.0999999999999979));
#6500=CARTESIAN_POINT('Ctrl Pts',(2.57617472592969,3.22369108620845,-0.0999999999999979));
#6501=CARTESIAN_POINT('Ctrl Pts',(2.46240294464624,3.17638923149005,-0.0999999999999979));
#6502=CARTESIAN_POINT('Ctrl Pts',(2.36779923520945,3.08178552205326,-0.0999999999999979));
#6503=CARTESIAN_POINT('Ctrl Pts',(2.27319552577266,2.98718181261647,-0.0999999999999979));
#6504=CARTESIAN_POINT('Ctrl Pts',(2.22589367105426,2.87279170643474,-0.0999999999999979));
#6505=CARTESIAN_POINT('Ctrl Pts',(2.22589367105426,2.73861520350805,-0.0999999999999979));
#6506=CARTESIAN_POINT('',(3.19233548706539,2.73861520350805,-0.0999999999999979));
#6507=CARTESIAN_POINT('Ctrl Pts',(3.19233548706539,2.73861520350805,-0.0999999999999979));
#6508=CARTESIAN_POINT('Ctrl Pts',(3.19233548706539,2.87279170643474,-0.0999999999999979));
#6509=CARTESIAN_POINT('Ctrl Pts',(3.14518821357156,2.98718181261647,-0.0999999999999979));
#6510=CARTESIAN_POINT('Ctrl Pts',(3.05089366658391,3.08178552205326,-0.0999999999999979));
#6511=CARTESIAN_POINT('Ctrl Pts',(2.95659911959626,3.17638923149005,-0.0999999999999979));
#6512=CARTESIAN_POINT('Ctrl Pts',(2.84267275708823,3.22369108620845,-0.0999999999999979));
#6513=CARTESIAN_POINT('Ctrl Pts',(2.70911457905982,3.22369108620845,-0.0999999999999979));
#6514=CARTESIAN_POINT('',(2.70911457905982,2.25353932080764,-0.0999999999999979));
#6515=CARTESIAN_POINT('Ctrl Pts',(2.70911457905982,2.25353932080764,-0.0999999999999979));
#6516=CARTESIAN_POINT('Ctrl Pts',(2.84267275708823,2.25353932080764,-0.0999999999999979));
#6517=CARTESIAN_POINT('Ctrl Pts',(2.95659911959626,2.30099575675061,-0.0999999999999979));
#6518=CARTESIAN_POINT('Ctrl Pts',(3.05089366658391,2.39590862863654,-0.0999999999999979));
#6519=CARTESIAN_POINT('Ctrl Pts',(3.14518821357156,2.49082150052247,-0.0999999999999979));
#6520=CARTESIAN_POINT('Ctrl Pts',(3.19233548706539,2.60505702547964,-0.0999999999999979));
#6521=CARTESIAN_POINT('Ctrl Pts',(3.19233548706539,2.73861520350805,-0.0999999999999979));
#6522=CARTESIAN_POINT('Ctrl Pts',(2.22589367105426,2.73861520350805,-0.0999999999999979));
#6523=CARTESIAN_POINT('Ctrl Pts',(2.22589367105426,2.60505702547964,-0.0999999999999979));
#6524=CARTESIAN_POINT('Ctrl Pts',(2.27319552577266,2.49082150052247,-0.0999999999999979));
#6525=CARTESIAN_POINT('Ctrl Pts',(2.36779923520945,2.39590862863654,-0.0999999999999979));
#6526=CARTESIAN_POINT('Ctrl Pts',(2.46240294464624,2.30099575675061,-0.0999999999999979));
#6527=CARTESIAN_POINT('Ctrl Pts',(2.57617472592969,2.25353932080764,-0.0999999999999979));
#6528=CARTESIAN_POINT('Ctrl Pts',(2.70911457905982,2.25353932080764,-0.0999999999999979));
#6529=CARTESIAN_POINT('Ctrl Pts',(2.70911457905982,3.22369108620845,28.2344932448313));
#6530=CARTESIAN_POINT('Ctrl Pts',(2.70911457905982,3.22369108620845,-28.2344932448313));
#6531=CARTESIAN_POINT('Ctrl Pts',(2.90945184610244,3.22369108620845,28.2344932448313));
#6532=CARTESIAN_POINT('Ctrl Pts',(2.90945184610244,3.22369108620845,-28.2344932448313));
#6533=CARTESIAN_POINT('Ctrl Pts',(3.19233548706539,2.93987995789808,28.2344932448313));
#6534=CARTESIAN_POINT('Ctrl Pts',(3.19233548706539,2.93987995789808,-28.2344932448313));
#6535=CARTESIAN_POINT('Ctrl Pts',(3.19233548706539,2.73861520350805,28.2344932448313));
#6536=CARTESIAN_POINT('Ctrl Pts',(3.19233548706539,2.73861520350805,-28.2344932448313));
#6537=CARTESIAN_POINT('',(3.19233548706539,2.73861520350805,0.));
#6538=CARTESIAN_POINT('',(2.70911457905982,3.22369108620845,0.));
#6539=CARTESIAN_POINT('Ctrl Pts',(3.19233548706539,2.73861520350805,4.44089209850063E-15));
#6540=CARTESIAN_POINT('Ctrl Pts',(3.19233548706539,2.93987995789808,4.44089209850063E-15));
#6541=CARTESIAN_POINT('Ctrl Pts',(2.90945184610244,3.22369108620845,4.44089209850063E-15));
#6542=CARTESIAN_POINT('Ctrl Pts',(2.70911457905982,3.22369108620845,4.44089209850063E-15));
#6543=CARTESIAN_POINT('',(3.19233548706539,2.73861520350805,28.2344932448313));
#6544=CARTESIAN_POINT('',(2.70911457905982,3.22369108620845,28.2344932448313));
#6545=CARTESIAN_POINT('Ctrl Pts',(2.22589367105426,2.73861520350805,28.2344932448313));
#6546=CARTESIAN_POINT('Ctrl Pts',(2.22589367105426,2.73861520350805,-28.2344932448313));
#6547=CARTESIAN_POINT('Ctrl Pts',(2.22589367105426,2.93987995789808,28.2344932448313));
#6548=CARTESIAN_POINT('Ctrl Pts',(2.22589367105426,2.93987995789808,-28.2344932448313));
#6549=CARTESIAN_POINT('Ctrl Pts',(2.50970479936463,3.22369108620845,28.2344932448313));
#6550=CARTESIAN_POINT('Ctrl Pts',(2.50970479936463,3.22369108620845,-28.2344932448313));
#6551=CARTESIAN_POINT('Ctrl Pts',(2.70911457905982,3.22369108620845,28.2344932448313));
#6552=CARTESIAN_POINT('Ctrl Pts',(2.70911457905982,3.22369108620845,-28.2344932448313));
#6553=CARTESIAN_POINT('',(2.22589367105426,2.73861520350805,0.));
#6554=CARTESIAN_POINT('Ctrl Pts',(2.70911457905982,3.22369108620845,0.));
#6555=CARTESIAN_POINT('Ctrl Pts',(2.50970479936463,3.22369108620845,0.));
#6556=CARTESIAN_POINT('Ctrl Pts',(2.22589367105426,2.93987995789808,0.));
#6557=CARTESIAN_POINT('Ctrl Pts',(2.22589367105426,2.73861520350805,0.));
#6558=CARTESIAN_POINT('',(2.22589367105426,2.73861520350805,28.2344932448313));
#6559=CARTESIAN_POINT('Ctrl Pts',(2.16004206938748,2.73861520350805,28.2344932448313));
#6560=CARTESIAN_POINT('Ctrl Pts',(2.16004206938748,2.73861520350805,-28.2344932448313));
#6561=CARTESIAN_POINT('Ctrl Pts',(2.16004206938748,2.96584960362583,28.2344932448313));
#6562=CARTESIAN_POINT('Ctrl Pts',(2.16004206938748,2.96584960362583,-28.2344932448313));
#6563=CARTESIAN_POINT('Ctrl Pts',(2.48280766628946,3.28861520052781,28.2344932448313));
#6564=CARTESIAN_POINT('Ctrl Pts',(2.48280766628946,3.28861520052781,-28.2344932448313));
#6565=CARTESIAN_POINT('Ctrl Pts',(2.70911457905982,3.28861520052781,28.2344932448313));
#6566=CARTESIAN_POINT('Ctrl Pts',(2.70911457905982,3.28861520052781,-28.2344932448313));
#6567=CARTESIAN_POINT('',(2.16004206938748,2.73861520350805,0.));
#6568=CARTESIAN_POINT('',(2.70911457905982,3.28861520052781,0.));
#6569=CARTESIAN_POINT('Ctrl Pts',(2.16004206938748,2.73861520350805,0.));
#6570=CARTESIAN_POINT('Ctrl Pts',(2.16004206938748,2.96584960362583,0.));
#6571=CARTESIAN_POINT('Ctrl Pts',(2.48280766628946,3.28861520052781,0.));
#6572=CARTESIAN_POINT('Ctrl Pts',(2.70911457905982,3.28861520052781,0.));
#6573=CARTESIAN_POINT('',(2.16004206938748,2.73861520350805,28.2344932448313));
#6574=CARTESIAN_POINT('',(2.70911457905982,3.28861520052781,28.2344932448313));
#6575=CARTESIAN_POINT('Ctrl Pts',(2.70911457905982,3.28861520052781,28.2344932448313));
#6576=CARTESIAN_POINT('Ctrl Pts',(2.70911457905982,3.28861520052781,-28.2344932448313));
#6577=CARTESIAN_POINT('Ctrl Pts',(2.93727646652502,3.28861520052781,28.2344932448313));
#6578=CARTESIAN_POINT('Ctrl Pts',(2.93727646652502,3.28861520052781,-28.2344932448313));
#6579=CARTESIAN_POINT('Ctrl Pts',(3.26004206342701,2.96584960362583,28.2344932448313));
#6580=CARTESIAN_POINT('Ctrl Pts',(3.26004206342701,2.96584960362583,-28.2344932448313));
#6581=CARTESIAN_POINT('Ctrl Pts',(3.26004206342701,2.73861520350805,28.2344932448313));
#6582=CARTESIAN_POINT('Ctrl Pts',(3.26004206342701,2.73861520350805,-28.2344932448313));
#6583=CARTESIAN_POINT('',(3.26004206342701,2.73861520350805,0.));
#6584=CARTESIAN_POINT('Ctrl Pts',(2.70911457905982,3.28861520052781,0.));
#6585=CARTESIAN_POINT('Ctrl Pts',(2.93727646652502,3.28861520052781,0.));
#6586=CARTESIAN_POINT('Ctrl Pts',(3.26004206342701,2.96584960362583,0.));
#6587=CARTESIAN_POINT('Ctrl Pts',(3.26004206342701,2.73861520350805,0.));
#6588=CARTESIAN_POINT('',(3.26004206342701,2.73861520350805,28.2344932448313));
#6589=CARTESIAN_POINT('Ctrl Pts',(2.70911457905982,2.25353932080764,28.2344932448313));
#6590=CARTESIAN_POINT('Ctrl Pts',(2.70911457905982,2.25353932080764,-28.2344932448313));
#6591=CARTESIAN_POINT('Ctrl Pts',(2.50970479936463,2.25353932080764,28.2344932448313));
#6592=CARTESIAN_POINT('Ctrl Pts',(2.50970479936463,2.25353932080764,-28.2344932448313));
#6593=CARTESIAN_POINT('Ctrl Pts',(2.22589367105426,2.53827793646543,28.2344932448313));
#6594=CARTESIAN_POINT('Ctrl Pts',(2.22589367105426,2.53827793646543,-28.2344932448313));
#6595=CARTESIAN_POINT('Ctrl Pts',(2.22589367105426,2.73861520350805,28.2344932448313));
#6596=CARTESIAN_POINT('Ctrl Pts',(2.22589367105426,2.73861520350805,-28.2344932448313));
#6597=CARTESIAN_POINT('',(2.70911457905982,2.25353932080764,0.));
#6598=CARTESIAN_POINT('Ctrl Pts',(2.22589367105426,2.73861520350805,4.44089209850063E-15));
#6599=CARTESIAN_POINT('Ctrl Pts',(2.22589367105426,2.53827793646543,4.44089209850063E-15));
#6600=CARTESIAN_POINT('Ctrl Pts',(2.50970479936463,2.25353932080764,4.44089209850063E-15));
#6601=CARTESIAN_POINT('Ctrl Pts',(2.70911457905982,2.25353932080764,4.44089209850063E-15));
#6602=CARTESIAN_POINT('',(2.70911457905982,2.25353932080764,28.2344932448313));
#6603=CARTESIAN_POINT('Ctrl Pts',(3.19233548706539,2.73861520350805,28.2344932448313));
#6604=CARTESIAN_POINT('Ctrl Pts',(3.19233548706539,2.73861520350805,-28.2344932448313));
#6605=CARTESIAN_POINT('Ctrl Pts',(3.19233548706539,2.53827793646543,28.2344932448313));
#6606=CARTESIAN_POINT('Ctrl Pts',(3.19233548706539,2.53827793646543,-28.2344932448313));
#6607=CARTESIAN_POINT('Ctrl Pts',(2.90945184610244,2.25353932080764,28.2344932448313));
#6608=CARTESIAN_POINT('Ctrl Pts',(2.90945184610244,2.25353932080764,-28.2344932448313));
#6609=CARTESIAN_POINT('Ctrl Pts',(2.70911457905982,2.25353932080764,28.2344932448313));
#6610=CARTESIAN_POINT('Ctrl Pts',(2.70911457905982,2.25353932080764,-28.2344932448313));
#6611=CARTESIAN_POINT('Ctrl Pts',(2.70911457905982,2.25353932080764,4.44089209850063E-15));
#6612=CARTESIAN_POINT('Ctrl Pts',(2.90945184610244,2.25353932080764,4.44089209850063E-15));
#6613=CARTESIAN_POINT('Ctrl Pts',(3.19233548706539,2.53827793646543,4.44089209850063E-15));
#6614=CARTESIAN_POINT('Ctrl Pts',(3.19233548706539,2.73861520350805,4.44089209850063E-15));
#6615=CARTESIAN_POINT('Ctrl Pts',(2.70911457905982,2.18861520648828,28.2344932448313));
#6616=CARTESIAN_POINT('Ctrl Pts',(2.70911457905982,2.18861520648828,-28.2344932448313));
#6617=CARTESIAN_POINT('Ctrl Pts',(2.48280766628946,2.18861520648828,28.2344932448313));
#6618=CARTESIAN_POINT('Ctrl Pts',(2.48280766628946,2.18861520648828,-28.2344932448313));
#6619=CARTESIAN_POINT('Ctrl Pts',(2.16004206938748,2.51138080339027,28.2344932448313));
#6620=CARTESIAN_POINT('Ctrl Pts',(2.16004206938748,2.51138080339027,-28.2344932448313));
#6621=CARTESIAN_POINT('Ctrl Pts',(2.16004206938748,2.73861520350805,28.2344932448313));
#6622=CARTESIAN_POINT('Ctrl Pts',(2.16004206938748,2.73861520350805,-28.2344932448313));
#6623=CARTESIAN_POINT('',(2.70911457905982,2.18861520648828,0.));
#6624=CARTESIAN_POINT('Ctrl Pts',(2.70911457905982,2.18861520648828,0.));
#6625=CARTESIAN_POINT('Ctrl Pts',(2.48280766628946,2.18861520648828,0.));
#6626=CARTESIAN_POINT('Ctrl Pts',(2.16004206938748,2.51138080339027,0.));
#6627=CARTESIAN_POINT('Ctrl Pts',(2.16004206938748,2.73861520350805,0.));
#6628=CARTESIAN_POINT('',(2.70911457905982,2.18861520648828,28.2344932448313));
#6629=CARTESIAN_POINT('Ctrl Pts',(3.26004206342701,2.73861520350805,28.2344932448313));
#6630=CARTESIAN_POINT('Ctrl Pts',(3.26004206342701,2.73861520350805,-28.2344932448313));
#6631=CARTESIAN_POINT('Ctrl Pts',(3.26004206342701,2.51138080339027,28.2344932448313));
#6632=CARTESIAN_POINT('Ctrl Pts',(3.26004206342701,2.51138080339027,-28.2344932448313));
#6633=CARTESIAN_POINT('Ctrl Pts',(2.93727646652502,2.18861520648828,28.2344932448313));
#6634=CARTESIAN_POINT('Ctrl Pts',(2.93727646652502,2.18861520648828,-28.2344932448313));
#6635=CARTESIAN_POINT('Ctrl Pts',(2.70911457905982,2.18861520648828,28.2344932448313));
#6636=CARTESIAN_POINT('Ctrl Pts',(2.70911457905982,2.18861520648828,-28.2344932448313));
#6637=CARTESIAN_POINT('Ctrl Pts',(3.26004206342701,2.73861520350805,0.));
#6638=CARTESIAN_POINT('Ctrl Pts',(3.26004206342701,2.51138080339027,0.));
#6639=CARTESIAN_POINT('Ctrl Pts',(2.93727646652502,2.18861520648828,0.));
#6640=CARTESIAN_POINT('Ctrl Pts',(2.70911457905982,2.18861520648828,0.));
#6641=CARTESIAN_POINT('Ctrl Pts',(1.39314023984803,2.92368418468525,28.2344932448313));
#6642=CARTESIAN_POINT('Ctrl Pts',(1.39314023984803,2.92368418468525,-28.2344932448313));
#6643=CARTESIAN_POINT('Ctrl Pts',(1.39314023984803,3.12309938828306,28.2344932448313));
#6644=CARTESIAN_POINT('Ctrl Pts',(1.39314023984803,3.12309938828306,-28.2344932448313));
#6645=CARTESIAN_POINT('Ctrl Pts',(1.49606421589851,3.22602336433354,28.2344932448313));
#6646=CARTESIAN_POINT('Ctrl Pts',(1.49606421589851,3.22602336433354,-28.2344932448313));
#6647=CARTESIAN_POINT('',(1.39314023984803,2.92368418468525,0.));
#6648=CARTESIAN_POINT('',(1.49606421589851,3.22602336433354,0.));
#6649=CARTESIAN_POINT('Ctrl Pts',(1.39314023984803,2.92368418468525,0.));
#6650=CARTESIAN_POINT('Ctrl Pts',(1.39314023984803,3.12309938828306,0.));
#6651=CARTESIAN_POINT('Ctrl Pts',(1.49606421589851,3.22602336433354,0.));
#6652=CARTESIAN_POINT('',(1.39314023984803,2.92368418468525,-0.0999999999999979));
#6653=CARTESIAN_POINT('',(1.39314023984803,2.92368418468525,28.2344932448313));
#6654=CARTESIAN_POINT('',(1.49606421589851,3.22602336433354,-0.0999999999999979));
#6655=CARTESIAN_POINT('Ctrl Pts',(1.39314023984803,2.92368418468525,-0.0999999999999979));
#6656=CARTESIAN_POINT('Ctrl Pts',(1.39314023984803,3.05662765375045,-0.0999999999999979));
#6657=CARTESIAN_POINT('Ctrl Pts',(1.42744823186486,3.15740738029988,-0.0999999999999979));
#6658=CARTESIAN_POINT('Ctrl Pts',(1.49606421589851,3.22602336433354,-0.0999999999999979));
#6659=CARTESIAN_POINT('',(1.49606421589851,3.22602336433354,28.2344932448313));
#6660=CARTESIAN_POINT('Ctrl Pts',(1.49606421589851,3.22602336433354,28.2344932448313));
#6661=CARTESIAN_POINT('Ctrl Pts',(1.49606421589851,3.22602336433354,-28.2344932448313));
#6662=CARTESIAN_POINT('Ctrl Pts',(1.57968994643953,3.30964909487456,28.2344932448313));
#6663=CARTESIAN_POINT('Ctrl Pts',(1.57968994643953,3.30964909487456,-28.2344932448313));
#6664=CARTESIAN_POINT('Ctrl Pts',(1.69547941949632,3.30964909487456,28.2344932448313));
#6665=CARTESIAN_POINT('Ctrl Pts',(1.69547941949632,3.30964909487456,-28.2344932448313));
#6666=CARTESIAN_POINT('',(1.69547941949632,3.30964909487456,0.));
#6667=CARTESIAN_POINT('Ctrl Pts',(1.49606421589851,3.22602336433354,0.));
#6668=CARTESIAN_POINT('Ctrl Pts',(1.57968994643953,3.30964909487456,0.));
#6669=CARTESIAN_POINT('Ctrl Pts',(1.69547941949632,3.30964909487456,0.));
#6670=CARTESIAN_POINT('',(1.69547941949632,3.30964909487456,-0.0999999999999979));
#6671=CARTESIAN_POINT('Ctrl Pts',(1.49606421589851,3.22602336433354,-0.0999999999999979));
#6672=CARTESIAN_POINT('Ctrl Pts',(1.55181470292586,3.28177385136088,-0.0999999999999979));
#6673=CARTESIAN_POINT('Ctrl Pts',(1.61828643745846,3.30964909487456,-0.0999999999999979));
#6674=CARTESIAN_POINT('Ctrl Pts',(1.69547941949632,3.30964909487456,-0.0999999999999979));
#6675=CARTESIAN_POINT('',(1.69547941949632,3.30964909487456,28.2344932448313));
#6676=CARTESIAN_POINT('Ctrl Pts',(1.69547941949632,3.30964909487456,28.2344932448313));
#6677=CARTESIAN_POINT('Ctrl Pts',(1.69547941949632,3.30964909487456,-28.2344932448313));
#6678=CARTESIAN_POINT('Ctrl Pts',(1.83699988656574,3.30964909487456,28.2344932448313));
#6679=CARTESIAN_POINT('Ctrl Pts',(1.83699988656574,3.30964909487456,-28.2344932448313));
#6680=CARTESIAN_POINT('Ctrl Pts',(1.92062561710676,3.22602336433354,28.2344932448313));
#6681=CARTESIAN_POINT('Ctrl Pts',(1.92062561710676,3.22602336433354,-28.2344932448313));
#6682=CARTESIAN_POINT('',(1.92062561710676,3.22602336433354,0.));
#6683=CARTESIAN_POINT('Ctrl Pts',(1.69547941949632,3.30964909487456,0.));
#6684=CARTESIAN_POINT('Ctrl Pts',(1.83699988656574,3.30964909487456,0.));
#6685=CARTESIAN_POINT('Ctrl Pts',(1.92062561710676,3.22602336433354,0.));
#6686=CARTESIAN_POINT('',(1.92062561710676,3.22602336433354,-0.0999999999999979));
#6687=CARTESIAN_POINT('Ctrl Pts',(1.69547941949632,3.30964909487456,-0.0999999999999979));
#6688=CARTESIAN_POINT('Ctrl Pts',(1.7898263975426,3.30964909487456,-0.0999999999999979));
#6689=CARTESIAN_POINT('Ctrl Pts',(1.86487513007941,3.28177385136088,-0.0999999999999979));
#6690=CARTESIAN_POINT('Ctrl Pts',(1.92062561710676,3.22602336433354,-0.0999999999999979));
#6691=CARTESIAN_POINT('',(1.92062561710676,3.22602336433354,28.2344932448313));
#6692=CARTESIAN_POINT('Ctrl Pts',(1.92062561710676,3.22602336433354,28.2344932448313));
#6693=CARTESIAN_POINT('Ctrl Pts',(1.92062561710676,3.22602336433354,-28.2344932448313));
#6694=CARTESIAN_POINT('Ctrl Pts',(2.00425134764777,3.14239763379252,28.2344932448313));
#6695=CARTESIAN_POINT('Ctrl Pts',(2.00425134764777,3.14239763379252,-28.2344932448313));
#6696=CARTESIAN_POINT('Ctrl Pts',(2.00425134764777,3.02017541223257,28.2344932448313));
#6697=CARTESIAN_POINT('Ctrl Pts',(2.00425134764777,3.02017541223257,-28.2344932448313));
#6698=CARTESIAN_POINT('',(2.00425134764777,3.02017541223257,0.));
#6699=CARTESIAN_POINT('Ctrl Pts',(1.92062561710676,3.22602336433354,4.44089209850063E-15));
#6700=CARTESIAN_POINT('Ctrl Pts',(2.00425134764777,3.14239763379252,4.44089209850063E-15));
#6701=CARTESIAN_POINT('Ctrl Pts',(2.00425134764777,3.02017541223257,4.44089209850063E-15));
#6702=CARTESIAN_POINT('',(2.00425134764777,3.02017541223257,-0.0999999999999979));
#6703=CARTESIAN_POINT('Ctrl Pts',(1.92062561710676,3.22602336433354,-0.0999999999999979));
#6704=CARTESIAN_POINT('Ctrl Pts',(1.9763761041341,3.17027287730619,-0.0999999999999979));
#6705=CARTESIAN_POINT('Ctrl Pts',(2.00425134764777,3.10165689327254,-0.0999999999999979));
#6706=CARTESIAN_POINT('Ctrl Pts',(2.00425134764777,3.02017541223257,-0.0999999999999979));
#6707=CARTESIAN_POINT('',(2.00425134764777,3.02017541223257,28.2344932448313));
#6708=CARTESIAN_POINT('Ctrl Pts',(2.00425134764777,3.02017541223257,28.2344932448313));
#6709=CARTESIAN_POINT('Ctrl Pts',(2.00425134764777,3.02017541223257,-28.2344932448313));
#6710=CARTESIAN_POINT('Ctrl Pts',(2.00425134764777,2.86578944815685,28.2344932448313));
#6711=CARTESIAN_POINT('Ctrl Pts',(2.00425134764777,2.86578944815685,-28.2344932448313));
#6712=CARTESIAN_POINT('Ctrl Pts',(1.90776012010045,2.74999997510006,28.2344932448313));
#6713=CARTESIAN_POINT('Ctrl Pts',(1.90776012010045,2.74999997510006,-28.2344932448313));
#6714=CARTESIAN_POINT('',(1.90776012010045,2.74999997510006,0.));
#6715=CARTESIAN_POINT('Ctrl Pts',(2.00425134764777,3.02017541223257,0.));
#6716=CARTESIAN_POINT('Ctrl Pts',(2.00425134764777,2.86578944815685,0.));
#6717=CARTESIAN_POINT('Ctrl Pts',(1.90776012010045,2.74999997510006,0.));
#6718=CARTESIAN_POINT('',(1.90776012010045,2.74999997510006,-0.0999999999999979));
#6719=CARTESIAN_POINT('Ctrl Pts',(2.00425134764777,3.02017541223257,-0.0999999999999979));
#6720=CARTESIAN_POINT('Ctrl Pts',(2.00425134764777,2.97062196215989,-0.0999999999999979));
#6721=CARTESIAN_POINT('Ctrl Pts',(1.99679577063983,2.92210681457247,-0.0999999999999979));
#6722=CARTESIAN_POINT('Ctrl Pts',(1.9636511679717,2.82930192710172,-0.0999999999999979));
#6723=CARTESIAN_POINT('Ctrl Pts',(1.93912288616062,2.78763529437227,-0.0999999999999979));
#6724=CARTESIAN_POINT('Ctrl Pts',(1.90776012010045,2.74999997510006,-0.0999999999999979));
#6725=CARTESIAN_POINT('',(1.90776012010045,2.74999997510006,28.2344932448313));
#6726=CARTESIAN_POINT('Ctrl Pts',(1.90776012010045,2.74999997510006,28.2344932448313));
#6727=CARTESIAN_POINT('Ctrl Pts',(1.90776012010045,2.74999997510006,-28.2344932448313));
#6728=CARTESIAN_POINT('Ctrl Pts',(1.81770164105627,2.64064325054642,28.2344932448313));
#6729=CARTESIAN_POINT('Ctrl Pts',(1.81770164105627,2.64064325054642,-28.2344932448313));
#6730=CARTESIAN_POINT('Ctrl Pts',(1.72121041350894,2.53771927449593,28.2344932448313));
#6731=CARTESIAN_POINT('Ctrl Pts',(1.72121041350894,2.53771927449593,-28.2344932448313));
#6732=CARTESIAN_POINT('',(1.72121041350894,2.53771927449593,0.));
#6733=CARTESIAN_POINT('Origin',(-1.48870515106344,5.5466633253489,0.));
#6734=CARTESIAN_POINT('',(1.72121041350894,2.53771927449593,-0.0999999999999979));
#6735=CARTESIAN_POINT('Origin',(-1.48871223988216,5.54666955491693,-0.0999999999999979));
#6736=CARTESIAN_POINT('',(1.72121041350894,2.53771927449593,28.2344932448313));
#6737=CARTESIAN_POINT('Origin',(1.6697484254837,2.47982453796754,0.));
#6738=CARTESIAN_POINT('',(1.61828643745846,2.42192980143914,0.));
#6739=CARTESIAN_POINT('',(1.72121041350894,2.53771927449593,0.));
#6740=CARTESIAN_POINT('',(1.61828643745846,2.42192980143914,-0.0999999999999979));
#6741=CARTESIAN_POINT('',(1.72121041350894,2.53771927449593,-0.0999999999999979));
#6742=CARTESIAN_POINT('',(1.61828643745846,2.42192980143914,28.2344932448313));
#6743=CARTESIAN_POINT('Ctrl Pts',(1.61828643745846,2.42192980143914,28.2344932448313));
#6744=CARTESIAN_POINT('Ctrl Pts',(1.61828643745846,2.42192980143914,-28.2344932448313));
#6745=CARTESIAN_POINT('Ctrl Pts',(1.57325719793638,2.3704678134139,28.2344932448313));
#6746=CARTESIAN_POINT('Ctrl Pts',(1.57325719793638,2.3704678134139,-28.2344932448313));
#6747=CARTESIAN_POINT('Ctrl Pts',(1.5410934554206,2.31900582538866,28.2344932448313));
#6748=CARTESIAN_POINT('Ctrl Pts',(1.5410934554206,2.31900582538866,-28.2344932448313));
#6749=CARTESIAN_POINT('',(1.5410934554206,2.31900582538866,0.));
#6750=CARTESIAN_POINT('Ctrl Pts',(1.61828643745846,2.42192980143914,0.));
#6751=CARTESIAN_POINT('Ctrl Pts',(1.57325719793638,2.3704678134139,0.));
#6752=CARTESIAN_POINT('Ctrl Pts',(1.5410934554206,2.31900582538866,0.));
#6753=CARTESIAN_POINT('',(1.5410934554206,2.31900582538866,-0.0999999999999979));
#6754=CARTESIAN_POINT('Ctrl Pts',(1.61828643745846,2.42192980143914,-0.0999999999999979));
#6755=CARTESIAN_POINT('Ctrl Pts',(1.58826694444374,2.38762180942231,-0.0999999999999979));
#6756=CARTESIAN_POINT('Ctrl Pts',(1.56253595043112,2.35331381740549,-0.0999999999999979));
#6757=CARTESIAN_POINT('Ctrl Pts',(1.5410934554206,2.31900582538866,-0.0999999999999979));
#6758=CARTESIAN_POINT('',(1.5410934554206,2.31900582538866,28.2344932448313));
#6759=CARTESIAN_POINT('Origin',(2.02354959315724,2.31900582538866,28.2344932448313));
#6760=CARTESIAN_POINT('',(2.02354959315724,2.31900582538866,0.));
#6761=CARTESIAN_POINT('',(1.01177479657862,2.31900582538866,0.));
#6762=CARTESIAN_POINT('',(2.02354959315724,2.31900582538866,-0.0999999999999979));
#6763=CARTESIAN_POINT('',(1.01177479657862,2.31900582538866,-0.0999999999999979));
#6764=CARTESIAN_POINT('',(2.02354959315724,2.31900582538866,28.2344932448313));
#6765=CARTESIAN_POINT('Origin',(2.02354959315724,2.19678360382871,28.2344932448313));
#6766=CARTESIAN_POINT('',(2.02354959315724,2.19678360382871,0.));
#6767=CARTESIAN_POINT('',(2.02354959315724,1.2675171924425,0.));
#6768=CARTESIAN_POINT('',(2.02354959315724,2.19678360382871,-0.0999999999999979));
#6769=CARTESIAN_POINT('',(2.02354959315724,1.2675171924425,-0.0999999999999979));
#6770=CARTESIAN_POINT('',(2.02354959315724,2.19678360382871,28.2344932448313));
#6771=CARTESIAN_POINT('Origin',(1.39314023984803,2.92368418468525,28.2344932448313));
#6772=CARTESIAN_POINT('',(1.5410934554206,2.92368418468525,0.));
#6773=CARTESIAN_POINT('',(0.696570119924015,2.92368418468525,0.));
#6774=CARTESIAN_POINT('',(1.5410934554206,2.92368418468525,-0.0999999999999979));
#6775=CARTESIAN_POINT('',(1.5410934554206,2.92368418468525,28.2344932448313));
#6776=CARTESIAN_POINT('',(0.696570119924015,2.92368418468525,-0.0999999999999979));
#6777=CARTESIAN_POINT('Ctrl Pts',(1.61185368895531,3.14883038229568,28.2344932448313));
#6778=CARTESIAN_POINT('Ctrl Pts',(1.61185368895531,3.14883038229568,-28.2344932448313));
#6779=CARTESIAN_POINT('Ctrl Pts',(1.5410934554206,3.07807014876097,28.2344932448313));
#6780=CARTESIAN_POINT('Ctrl Pts',(1.5410934554206,3.07807014876097,-28.2344932448313));
#6781=CARTESIAN_POINT('Ctrl Pts',(1.5410934554206,2.92368418468525,28.2344932448313));
#6782=CARTESIAN_POINT('Ctrl Pts',(1.5410934554206,2.92368418468525,-28.2344932448313));
#6783=CARTESIAN_POINT('',(1.61185368895531,3.14883038229568,0.));
#6784=CARTESIAN_POINT('Ctrl Pts',(1.61185368895531,3.14883038229568,0.));
#6785=CARTESIAN_POINT('Ctrl Pts',(1.5410934554206,3.07807014876097,0.));
#6786=CARTESIAN_POINT('Ctrl Pts',(1.5410934554206,2.92368418468525,0.));
#6787=CARTESIAN_POINT('',(1.61185368895531,3.14883038229568,-0.0999999999999979));
#6788=CARTESIAN_POINT('',(1.61185368895531,3.14883038229568,28.2344932448313));
#6789=CARTESIAN_POINT('Ctrl Pts',(1.61185368895531,3.14883038229568,-0.0999999999999979));
#6790=CARTESIAN_POINT('Ctrl Pts',(1.56468019993217,3.10165689327254,-0.0999999999999979));
#6791=CARTESIAN_POINT('Ctrl Pts',(1.5410934554206,3.02660816073573,-0.0999999999999979));
#6792=CARTESIAN_POINT('Ctrl Pts',(1.5410934554206,2.92368418468525,-0.0999999999999979));
#6793=CARTESIAN_POINT('Ctrl Pts',(1.70191216799948,3.18742687331461,28.2344932448313));
#6794=CARTESIAN_POINT('Ctrl Pts',(1.70191216799948,3.18742687331461,-28.2344932448313));
#6795=CARTESIAN_POINT('Ctrl Pts',(1.65045017997424,3.18742687331461,28.2344932448313));
#6796=CARTESIAN_POINT('Ctrl Pts',(1.65045017997424,3.18742687331461,-28.2344932448313));
#6797=CARTESIAN_POINT('Ctrl Pts',(1.61185368895531,3.14883038229568,28.2344932448313));
#6798=CARTESIAN_POINT('Ctrl Pts',(1.61185368895531,3.14883038229568,-28.2344932448313));
#6799=CARTESIAN_POINT('',(1.70191216799948,3.18742687331461,0.));
#6800=CARTESIAN_POINT('Ctrl Pts',(1.70191216799948,3.18742687331461,0.));
#6801=CARTESIAN_POINT('Ctrl Pts',(1.65045017997424,3.18742687331461,0.));
#6802=CARTESIAN_POINT('Ctrl Pts',(1.61185368895531,3.14883038229568,0.));
#6803=CARTESIAN_POINT('',(1.70191216799948,3.18742687331461,-0.0999999999999979));
#6804=CARTESIAN_POINT('',(1.70191216799948,3.18742687331461,28.2344932448313));
#6805=CARTESIAN_POINT('Ctrl Pts',(1.70191216799948,3.18742687331461,-0.0999999999999979));
#6806=CARTESIAN_POINT('Ctrl Pts',(1.66760417598265,3.18742687331461,-0.0999999999999979));
#6807=CARTESIAN_POINT('Ctrl Pts',(1.63758468296793,3.1745613763083,-0.0999999999999979));
#6808=CARTESIAN_POINT('Ctrl Pts',(1.61185368895531,3.14883038229568,-0.0999999999999979));
#6809=CARTESIAN_POINT('Ctrl Pts',(1.79840339554681,3.14883038229568,28.2344932448313));
#6810=CARTESIAN_POINT('Ctrl Pts',(1.79840339554681,3.14883038229568,-28.2344932448313));
#6811=CARTESIAN_POINT('Ctrl Pts',(1.75980690452788,3.18742687331461,28.2344932448313));
#6812=CARTESIAN_POINT('Ctrl Pts',(1.75980690452788,3.18742687331461,-28.2344932448313));
#6813=CARTESIAN_POINT('Ctrl Pts',(1.70191216799948,3.18742687331461,28.2344932448313));
#6814=CARTESIAN_POINT('Ctrl Pts',(1.70191216799948,3.18742687331461,-28.2344932448313));
#6815=CARTESIAN_POINT('',(1.79840339554681,3.14883038229568,0.));
#6816=CARTESIAN_POINT('Ctrl Pts',(1.79840339554681,3.14883038229568,0.));
#6817=CARTESIAN_POINT('Ctrl Pts',(1.75980690452788,3.18742687331461,0.));
#6818=CARTESIAN_POINT('Ctrl Pts',(1.70191216799948,3.18742687331461,0.));
#6819=CARTESIAN_POINT('',(1.79840339554681,3.14883038229568,-0.0999999999999979));
#6820=CARTESIAN_POINT('',(1.79840339554681,3.14883038229568,28.2344932448313));
#6821=CARTESIAN_POINT('Ctrl Pts',(1.79840339554681,3.14883038229568,-0.0999999999999979));
#6822=CARTESIAN_POINT('Ctrl Pts',(1.77267240153419,3.1745613763083,-0.0999999999999979));
#6823=CARTESIAN_POINT('Ctrl Pts',(1.74050865901841,3.18742687331461,-0.0999999999999979));
#6824=CARTESIAN_POINT('Ctrl Pts',(1.70191216799948,3.18742687331461,-0.0999999999999979));
#6825=CARTESIAN_POINT('Ctrl Pts',(1.84986538357205,3.02017541223257,28.2344932448313));
#6826=CARTESIAN_POINT('Ctrl Pts',(1.84986538357205,3.02017541223257,-28.2344932448313));
#6827=CARTESIAN_POINT('Ctrl Pts',(1.84986538357205,3.09736839427044,28.2344932448313));
#6828=CARTESIAN_POINT('Ctrl Pts',(1.84986538357205,3.09736839427044,-28.2344932448313));
#6829=CARTESIAN_POINT('Ctrl Pts',(1.79840339554681,3.14883038229568,28.2344932448313));
#6830=CARTESIAN_POINT('Ctrl Pts',(1.79840339554681,3.14883038229568,-28.2344932448313));
#6831=CARTESIAN_POINT('',(1.84986538357205,3.02017541223257,0.));
#6832=CARTESIAN_POINT('Ctrl Pts',(1.84986538357205,3.02017541223257,0.));
#6833=CARTESIAN_POINT('Ctrl Pts',(1.84986538357205,3.09736839427044,0.));
#6834=CARTESIAN_POINT('Ctrl Pts',(1.79840339554681,3.14883038229568,0.));
#6835=CARTESIAN_POINT('',(1.84986538357205,3.02017541223257,-0.0999999999999979));
#6836=CARTESIAN_POINT('',(1.84986538357205,3.02017541223257,28.2344932448313));
#6837=CARTESIAN_POINT('Ctrl Pts',(1.84986538357205,3.02017541223257,-0.0999999999999979));
#6838=CARTESIAN_POINT('Ctrl Pts',(1.84986538357205,3.07163740025781,-0.0999999999999979));
#6839=CARTESIAN_POINT('Ctrl Pts',(1.83271138756363,3.11452239027885,-0.0999999999999979));
#6840=CARTESIAN_POINT('Ctrl Pts',(1.79840339554681,3.14883038229568,-0.0999999999999979));
#6841=CARTESIAN_POINT('Ctrl Pts',(1.74050865901841,2.77573096911268,28.2344932448313));
#6842=CARTESIAN_POINT('Ctrl Pts',(1.74050865901841,2.77573096911268,-28.2344932448313));
#6843=CARTESIAN_POINT('Ctrl Pts',(1.84986538357205,2.89152044216947,28.2344932448313));
#6844=CARTESIAN_POINT('Ctrl Pts',(1.84986538357205,2.89152044216947,-28.2344932448313));
#6845=CARTESIAN_POINT('Ctrl Pts',(1.84986538357205,3.02017541223257,28.2344932448313));
#6846=CARTESIAN_POINT('Ctrl Pts',(1.84986538357205,3.02017541223257,-28.2344932448313));
#6847=CARTESIAN_POINT('',(1.74050865901841,2.77573096911268,0.));
#6848=CARTESIAN_POINT('Ctrl Pts',(1.74050865901841,2.77573096911268,0.));
#6849=CARTESIAN_POINT('Ctrl Pts',(1.84986538357205,2.89152044216947,0.));
#6850=CARTESIAN_POINT('Ctrl Pts',(1.84986538357205,3.02017541223257,0.));
#6851=CARTESIAN_POINT('',(1.74050865901841,2.77573096911268,-0.0999999999999979));
#6852=CARTESIAN_POINT('',(1.74050865901841,2.77573096911268,28.2344932448313));
#6853=CARTESIAN_POINT('Ctrl Pts',(1.74050865901841,2.77573096911268,-0.0999999999999979));
#6854=CARTESIAN_POINT('Ctrl Pts',(1.77631257137883,2.81364099396488,-0.0999999999999979));
#6855=CARTESIAN_POINT('Ctrl Pts',(1.80719816132325,2.85668665220021,-0.0999999999999979));
#6856=CARTESIAN_POINT('Ctrl Pts',(1.84198295912209,2.94191933427472,-0.0999999999999979));
#6857=CARTESIAN_POINT('Ctrl Pts',(1.84986538357205,2.98029107572856,-0.0999999999999979));
#6858=CARTESIAN_POINT('Ctrl Pts',(1.84986538357205,3.02017541223257,-0.0999999999999979));
#6859=CARTESIAN_POINT('Ctrl Pts',(1.47676597038905,2.48625728647069,28.2344932448313));
#6860=CARTESIAN_POINT('Ctrl Pts',(1.47676597038905,2.48625728647069,-28.2344932448313));
#6861=CARTESIAN_POINT('Ctrl Pts',(1.63758468296793,2.65994149605588,28.2344932448313));
#6862=CARTESIAN_POINT('Ctrl Pts',(1.63758468296793,2.65994149605588,-28.2344932448313));
#6863=CARTESIAN_POINT('Ctrl Pts',(1.74050865901841,2.77573096911268,28.2344932448313));
#6864=CARTESIAN_POINT('Ctrl Pts',(1.74050865901841,2.77573096911268,-28.2344932448313));
#6865=CARTESIAN_POINT('',(1.47676597038905,2.48625728647069,0.));
#6866=CARTESIAN_POINT('Ctrl Pts',(1.47676597038905,2.48625728647069,0.));
#6867=CARTESIAN_POINT('Ctrl Pts',(1.63758468296793,2.65994149605588,0.));
#6868=CARTESIAN_POINT('Ctrl Pts',(1.74050865901841,2.77573096911268,0.));
#6869=CARTESIAN_POINT('',(1.47676597038905,2.48625728647069,-0.0999999999999979));
#6870=CARTESIAN_POINT('',(1.47676597038905,2.48625728647069,28.2344932448313));
#6871=CARTESIAN_POINT('Ctrl Pts',(1.47676597038905,2.48625728647069,-0.0999999999999979));
#6872=CARTESIAN_POINT('Ctrl Pts',(1.58397844544163,2.60204675952749,-0.0999999999999979));
#6873=CARTESIAN_POINT('Ctrl Pts',(1.67189267498476,2.69853798707481,-0.0999999999999979));
#6874=CARTESIAN_POINT('Ctrl Pts',(1.74050865901841,2.77573096911268,-0.0999999999999979));
#6875=CARTESIAN_POINT('Ctrl Pts',(1.36740924583541,2.30614032838235,28.2344932448313));
#6876=CARTESIAN_POINT('Ctrl Pts',(1.36740924583541,2.30614032838235,-28.2344932448313));
#6877=CARTESIAN_POINT('Ctrl Pts',(1.38027474284172,2.3704678134139,28.2344932448313));
#6878=CARTESIAN_POINT('Ctrl Pts',(1.38027474284172,2.3704678134139,-28.2344932448313));
#6879=CARTESIAN_POINT('Ctrl Pts',(1.47676597038905,2.48625728647069,28.2344932448313));
#6880=CARTESIAN_POINT('Ctrl Pts',(1.47676597038905,2.48625728647069,-28.2344932448313));
#6881=CARTESIAN_POINT('',(1.36740924583541,2.30614032838235,0.));
#6882=CARTESIAN_POINT('Ctrl Pts',(1.36740924583541,2.30614032838235,0.));
#6883=CARTESIAN_POINT('Ctrl Pts',(1.38027474284172,2.3704678134139,0.));
#6884=CARTESIAN_POINT('Ctrl Pts',(1.47676597038905,2.48625728647069,0.));
#6885=CARTESIAN_POINT('',(1.36740924583541,2.30614032838235,-0.0999999999999979));
#6886=CARTESIAN_POINT('',(1.36740924583541,2.30614032838235,28.2344932448313));
#6887=CARTESIAN_POINT('Ctrl Pts',(1.36740924583541,2.30614032838235,-0.0999999999999979));
#6888=CARTESIAN_POINT('Ctrl Pts',(1.37598624383962,2.34902531840338,-0.0999999999999979));
#6889=CARTESIAN_POINT('Ctrl Pts',(1.4124384853575,2.40906430443283,-0.0999999999999979));
#6890=CARTESIAN_POINT('Ctrl Pts',(1.47676597038905,2.48625728647069,-0.0999999999999979));
#6891=CARTESIAN_POINT('Origin',(1.36740924583541,2.30614032838235,28.2344932448313));
#6892=CARTESIAN_POINT('',(1.36740924583541,2.19678360382871,0.));
#6893=CARTESIAN_POINT('',(1.36740924583541,1.32219555471931,0.));
#6894=CARTESIAN_POINT('',(1.36740924583541,2.19678360382871,-0.0999999999999979));
#6895=CARTESIAN_POINT('',(1.36740924583541,2.19678360382871,28.2344932448313));
#6896=CARTESIAN_POINT('',(1.36740924583541,1.32219555471931,-0.0999999999999979));
#6897=CARTESIAN_POINT('Origin',(1.36740924583541,2.19678360382871,28.2344932448313));
#6898=CARTESIAN_POINT('',(0.683704622917705,2.19678360382871,0.));
#6899=CARTESIAN_POINT('',(0.683704622917705,2.19678360382871,-0.0999999999999979));
#6900=CARTESIAN_POINT('Origin',(-1.70697184193694E-16,0.338250781056281,
-0.1));
#6901=CARTESIAN_POINT('Origin',(-1.70697184193694E-16,0.338250781056281,
0.));
#6902=CARTESIAN_POINT('',(13.1,0.5,0.));
#6903=CARTESIAN_POINT('',(13.1,-0.499999999999997,0.));
#6904=CARTESIAN_POINT('',(13.1,0.419125390528141,0.));
#6905=CARTESIAN_POINT('',(11.9660254037844,0.5,0.));
#6906=CARTESIAN_POINT('',(11.6,0.5,0.));
#6907=CARTESIAN_POINT('',(11.5330127018922,0.75,0.));
#6908=CARTESIAN_POINT('Origin',(11.9660254037844,1.,0.));
#6909=CARTESIAN_POINT('',(11.1,1.,0.));
#6910=CARTESIAN_POINT('Origin',(11.1,0.5,0.));
#6911=CARTESIAN_POINT('',(8.7,1.,0.));
#6912=CARTESIAN_POINT('',(8.7,1.,0.));
#6913=CARTESIAN_POINT('',(6.28578643762691,3.41421356237309,0.));
#6914=CARTESIAN_POINT('',(5.7,4.,0.));
#6915=CARTESIAN_POINT('',(4.87157287525381,4.,0.));
#6916=CARTESIAN_POINT('Origin',(4.87157287525381,2.,0.));
#6917=CARTESIAN_POINT('',(-4.87157287525381,4.,0.));
#6918=CARTESIAN_POINT('',(-5.7,4.,0.));
#6919=CARTESIAN_POINT('',(-6.28578643762691,3.41421356237309,0.));
#6920=CARTESIAN_POINT('Origin',(-4.87157287525381,2.,0.));
#6921=CARTESIAN_POINT('',(-8.7,1.,0.));
#6922=CARTESIAN_POINT('',(-8.7,1.,0.));
#6923=CARTESIAN_POINT('',(-11.1,1.,0.));
#6924=CARTESIAN_POINT('',(-11.6,1.,0.));
#6925=CARTESIAN_POINT('',(-11.5330127018922,0.75,0.));
#6926=CARTESIAN_POINT('Origin',(-11.1,0.5,0.));
#6927=CARTESIAN_POINT('',(-11.9660254037844,0.5,0.));
#6928=CARTESIAN_POINT('Origin',(-11.9660254037844,1.,0.));
#6929=CARTESIAN_POINT('',(-13.1,0.5,0.));
#6930=CARTESIAN_POINT('',(-13.3,0.5,0.));
#6931=CARTESIAN_POINT('',(-13.1,-0.5,0.));
#6932=CARTESIAN_POINT('',(-13.1,-0.0808746094718593,0.));
#6933=CARTESIAN_POINT('',(-11.9660254037844,-0.5,0.));
#6934=CARTESIAN_POINT('',(-11.6,-0.5,0.));
#6935=CARTESIAN_POINT('',(-11.5330127018922,-0.75,0.));
#6936=CARTESIAN_POINT('Origin',(-11.9660254037844,-1.,0.));
#6937=CARTESIAN_POINT('',(-11.1,-1.,0.));
#6938=CARTESIAN_POINT('Origin',(-11.1,-0.5,0.));
#6939=CARTESIAN_POINT('',(-8.7,-1.,0.));
#6940=CARTESIAN_POINT('',(-8.7,-1.,0.));
#6941=CARTESIAN_POINT('',(-6.28578643762691,-3.41421356237309,0.));
#6942=CARTESIAN_POINT('',(-5.7,-4.,0.));
#6943=CARTESIAN_POINT('',(-4.87157287525381,-4.,0.));
#6944=CARTESIAN_POINT('Origin',(-4.87157287525381,-2.,0.));
#6945=CARTESIAN_POINT('',(-4.,-4.,0.));
#6946=CARTESIAN_POINT('',(-3.5,-4.,0.));
#6947=CARTESIAN_POINT('',(-3.5,-3.5,0.));
#6948=CARTESIAN_POINT('Origin',(-4.,-3.5,0.));
#6949=CARTESIAN_POINT('',(-3.5,1.,0.));
#6950=CARTESIAN_POINT('',(-3.5,1.5,0.));
#6951=CARTESIAN_POINT('',(-2.73876771795742,1.42633049951748,0.));
#6952=CARTESIAN_POINT('Origin',(-3.,1.,0.));
#6953=CARTESIAN_POINT('',(-0.761232282042578,1.42633049951748,0.));
#6954=CARTESIAN_POINT('',(-8.53485920968468E-17,1.42633049951748,0.));
#6955=CARTESIAN_POINT('',(-0.5,1.5,0.));
#6956=CARTESIAN_POINT('Origin',(-0.5,0.999999999999999,0.));
#6957=CARTESIAN_POINT('',(0.5,1.5,0.));
#6958=CARTESIAN_POINT('',(0.5,1.5,0.));
#6959=CARTESIAN_POINT('',(0.761232282042577,1.42633049951748,0.));
#6960=CARTESIAN_POINT('Origin',(0.5,0.999999999999999,0.));
#6961=CARTESIAN_POINT('',(2.73876771795742,1.42633049951748,0.));
#6962=CARTESIAN_POINT('',(0.,1.42633049951749,-5.93058588349571E-16));
#6963=CARTESIAN_POINT('',(3.5,1.,0.));
#6964=CARTESIAN_POINT('Origin',(3.,1.,0.));
#6965=CARTESIAN_POINT('',(3.5,-3.5,0.));
#6966=CARTESIAN_POINT('',(3.5,-4.,0.));
#6967=CARTESIAN_POINT('',(4.,-4.,0.));
#6968=CARTESIAN_POINT('Origin',(4.,-3.5,0.));
#6969=CARTESIAN_POINT('',(4.87157287525381,-4.,0.));
#6970=CARTESIAN_POINT('',(5.7,-4.,0.));
#6971=CARTESIAN_POINT('',(6.28578643762691,-3.41421356237309,0.));
#6972=CARTESIAN_POINT('Origin',(4.87157287525381,-2.,0.));
#6973=CARTESIAN_POINT('',(8.7,-0.999999999999998,0.));
#6974=CARTESIAN_POINT('',(8.7,-0.999999999999998,0.));
#6975=CARTESIAN_POINT('',(11.1,-0.999999999999997,0.));
#6976=CARTESIAN_POINT('',(11.6,-0.999999999999997,0.));
#6977=CARTESIAN_POINT('',(11.5330127018922,-0.749999999999997,0.));
#6978=CARTESIAN_POINT('Origin',(11.1,-0.499999999999997,0.));
#6979=CARTESIAN_POINT('',(11.9660254037844,-0.499999999999997,0.));
#6980=CARTESIAN_POINT('Origin',(11.9660254037844,-0.999999999999997,0.));
#6981=CARTESIAN_POINT('',(13.3,-0.499999999999997,0.));
#6982=CARTESIAN_POINT('',(-4.5,0.6,0.));
#6983=CARTESIAN_POINT('Origin',(-4.5,1.,0.));
#6984=CARTESIAN_POINT('',(4.5,0.6,0.));
#6985=CARTESIAN_POINT('Origin',(4.5,1.,0.));
#6986=CARTESIAN_POINT('Origin',(-1.70697184193694E-16,0.338250781056281,
0.));
#6987=CARTESIAN_POINT('Origin',(-1.70697184193694E-16,0.338250781056281,
0.));
#6988=CARTESIAN_POINT('Origin',(11.9660254037844,-0.999999999999997,0.));
#6989=CARTESIAN_POINT('',(11.5330127018922,-0.749999999999997,-0.2));
#6990=CARTESIAN_POINT('',(11.5330127018922,-0.749999999999997,0.));
#6991=CARTESIAN_POINT('',(11.9660254037844,-0.499999999999997,-0.2));
#6992=CARTESIAN_POINT('Origin',(11.9660254037844,-0.999999999999997,-0.2));
#6993=CARTESIAN_POINT('',(11.9660254037844,-0.499999999999997,0.));
#6994=CARTESIAN_POINT('Origin',(11.1,-0.499999999999997,0.));
#6995=CARTESIAN_POINT('',(11.1,-0.999999999999997,-0.2));
#6996=CARTESIAN_POINT('',(11.1,-0.999999999999997,0.));
#6997=CARTESIAN_POINT('Origin',(11.1,-0.499999999999997,-0.2));
#6998=CARTESIAN_POINT('Origin',(11.9660254037844,1.,0.));
#6999=CARTESIAN_POINT('',(11.9660254037844,0.5,-0.2));
#7000=CARTESIAN_POINT('',(11.9660254037844,0.5,0.));
#7001=CARTESIAN_POINT('',(11.5330127018922,0.75,-0.2));
#7002=CARTESIAN_POINT('Origin',(11.9660254037844,1.,-0.2));
#7003=CARTESIAN_POINT('',(11.5330127018922,0.75,0.));
#7004=CARTESIAN_POINT('Origin',(11.6,0.5,0.));
#7005=CARTESIAN_POINT('',(13.3,0.5,-0.2));
#7006=CARTESIAN_POINT('Origin',(13.1,0.5,-0.2));
#7007=CARTESIAN_POINT('',(13.3,0.5,-1.1));
#7008=CARTESIAN_POINT('',(13.3,0.5,0.));
#7009=CARTESIAN_POINT('',(13.1,0.5,-1.1));
#7010=CARTESIAN_POINT('',(12.4,0.5,-1.1));
#7011=CARTESIAN_POINT('',(13.1,0.5,-0.2));
#7012=CARTESIAN_POINT('',(13.1,0.5,-0.2));
#7013=CARTESIAN_POINT('',(11.6,0.5,-0.2));
#7014=CARTESIAN_POINT('Origin',(-11.9660254037844,-1.,0.));
#7015=CARTESIAN_POINT('',(-11.9660254037844,-0.5,-0.2));
#7016=CARTESIAN_POINT('',(-11.9660254037844,-0.5,0.));
#7017=CARTESIAN_POINT('',(-11.5330127018922,-0.75,-0.2));
#7018=CARTESIAN_POINT('Origin',(-11.9660254037844,-1.,-0.2));
#7019=CARTESIAN_POINT('',(-11.5330127018922,-0.75,0.));
#7020=CARTESIAN_POINT('Origin',(-11.6,-0.5,0.));
#7021=CARTESIAN_POINT('',(-13.3,-0.5,-0.2));
#7022=CARTESIAN_POINT('Origin',(-13.1,-0.5,-0.2));
#7023=CARTESIAN_POINT('',(-13.3,-0.5,-1.1));
#7024=CARTESIAN_POINT('',(-13.3,-0.5,0.));
#7025=CARTESIAN_POINT('',(-13.1,-0.5,-1.1));
#7026=CARTESIAN_POINT('',(-12.4,-0.5,-1.1));
#7027=CARTESIAN_POINT('',(-13.1,-0.5,-0.2));
#7028=CARTESIAN_POINT('',(-13.1,-0.5,-0.2));
#7029=CARTESIAN_POINT('',(-11.6,-0.5,-0.2));
#7030=CARTESIAN_POINT('Origin',(-11.9660254037844,1.,0.));
#7031=CARTESIAN_POINT('',(-11.5330127018922,0.75,-0.2));
#7032=CARTESIAN_POINT('',(-11.5330127018922,0.75,0.));
#7033=CARTESIAN_POINT('',(-11.9660254037844,0.5,-0.2));
#7034=CARTESIAN_POINT('Origin',(-11.9660254037844,1.,-0.2));
#7035=CARTESIAN_POINT('',(-11.9660254037844,0.5,0.));
#7036=CARTESIAN_POINT('Origin',(-11.1,0.5,0.));
#7037=CARTESIAN_POINT('',(-11.1,1.,-0.2));
#7038=CARTESIAN_POINT('',(-11.1,1.,0.));
#7039=CARTESIAN_POINT('Origin',(-11.1,0.5,-0.2));
#7040=CARTESIAN_POINT('Origin',(-12.4,-0.4,-1.1));
#7041=CARTESIAN_POINT('',(-13.3,-0.4,-1.2));
#7042=CARTESIAN_POINT('Origin',(-13.3,-0.4,-1.1));
#7043=CARTESIAN_POINT('',(-13.1,-0.4,-1.2));
#7044=CARTESIAN_POINT('',(-12.4,-0.4,-1.2));
#7045=CARTESIAN_POINT('Origin',(-13.1,-0.4,-1.1));
#7046=CARTESIAN_POINT('Origin',(-13.1,0.5,-0.2));
#7047=CARTESIAN_POINT('',(-13.1,0.4,-1.2));
#7048=CARTESIAN_POINT('',(-13.1,0.5,-1.2));
#7049=CARTESIAN_POINT('',(-13.1,0.5,-1.1));
#7050=CARTESIAN_POINT('Origin',(-13.1,0.4,-1.1));
#7051=CARTESIAN_POINT('',(-13.1,0.5,-0.2));
#7052=CARTESIAN_POINT('',(-13.1,0.5,-0.2));
#7053=CARTESIAN_POINT('',(-13.1,0.419125390528141,-0.2));
#7054=CARTESIAN_POINT('Origin',(-13.2,0.,-1.2));
#7055=CARTESIAN_POINT('',(-13.3,0.4,-1.2));
#7056=CARTESIAN_POINT('',(-13.3,-0.5,-1.2));
#7057=CARTESIAN_POINT('',(-13.25,0.4,-1.2));
#7058=CARTESIAN_POINT('Origin',(-13.25,0.4,-1.1));
#7059=CARTESIAN_POINT('',(-13.3,0.5,-1.1));
#7060=CARTESIAN_POINT('Origin',(-13.3,0.4,-1.1));
#7061=CARTESIAN_POINT('',(-13.25,0.5,-1.1));
#7062=CARTESIAN_POINT('Origin',(13.25,-0.399999999999997,-1.1));
#7063=CARTESIAN_POINT('',(13.1,-0.499999999999997,-1.1));
#7064=CARTESIAN_POINT('',(13.1,-0.399999999999997,-1.2));
#7065=CARTESIAN_POINT('Origin',(13.1,-0.399999999999997,-1.1));
#7066=CARTESIAN_POINT('',(13.3,-0.399999999999997,-1.2));
#7067=CARTESIAN_POINT('',(13.25,-0.399999999999997,-1.2));
#7068=CARTESIAN_POINT('',(13.3,-0.499999999999997,-1.1));
#7069=CARTESIAN_POINT('Origin',(13.3,-0.399999999999997,-1.1));
#7070=CARTESIAN_POINT('',(13.25,-0.499999999999997,-1.1));
#7071=CARTESIAN_POINT('Origin',(13.2,1.6534083130404E-15,-1.2));
#7072=CARTESIAN_POINT('',(13.1,0.4,-1.2));
#7073=CARTESIAN_POINT('',(13.1,-0.499999999999997,-1.2));
#7074=CARTESIAN_POINT('',(13.3,0.4,-1.2));
#7075=CARTESIAN_POINT('',(12.4,0.4,-1.2));
#7076=CARTESIAN_POINT('',(13.3,0.5,-1.2));
#7077=CARTESIAN_POINT('Origin',(13.1,-0.499999999999997,-0.2));
#7078=CARTESIAN_POINT('',(13.1,-0.499999999999997,-0.2));
#7079=CARTESIAN_POINT('',(13.1,-0.499999999999997,-0.2));
#7080=CARTESIAN_POINT('',(13.1,-0.0808746094718577,-0.2));
#7081=CARTESIAN_POINT('Origin',(13.1,0.4,-1.1));
#7082=CARTESIAN_POINT('Origin',(12.4,0.4,-1.1));
#7083=CARTESIAN_POINT('Origin',(13.3,0.4,-1.1));
#7084=CARTESIAN_POINT('Origin',(13.1,0.419125390528141,-0.2));
#7085=CARTESIAN_POINT('',(13.3,-0.499999999999997,-0.2));
#7086=CARTESIAN_POINT('Origin',(13.1,-0.499999999999997,-0.2));
#7087=CARTESIAN_POINT('',(13.3,0.419125390528141,-0.2));
#7088=CARTESIAN_POINT('Origin',(13.3,-0.499999999999997,0.));
#7089=CARTESIAN_POINT('',(13.3,-0.499999999999997,-0.2));
#7090=CARTESIAN_POINT('',(13.3,-0.499999999999997,0.));
#7091=CARTESIAN_POINT('Origin',(-1.70697184193694E-16,0.338250781056281,
0.));
#7092=CARTESIAN_POINT('Origin',(-13.1,-0.0808746094718593,-0.2));
#7093=CARTESIAN_POINT('',(-13.3,0.5,-0.2));
#7094=CARTESIAN_POINT('Origin',(-13.1,0.5,-0.2));
#7095=CARTESIAN_POINT('',(-13.3,-0.0808746094718593,-0.2));
#7096=CARTESIAN_POINT('Origin',(-13.3,-0.5,0.));
#7097=CARTESIAN_POINT('',(-13.3,0.5,0.));
#7098=CARTESIAN_POINT('Origin',(11.6,-0.999999999999997,0.));
#7099=CARTESIAN_POINT('',(8.7,-0.999999999999997,-0.2));
#7100=CARTESIAN_POINT('',(8.7,-0.999999999999998,0.));
#7101=CARTESIAN_POINT('',(11.6,-0.999999999999997,-0.2));
#7102=CARTESIAN_POINT('Origin',(11.1,0.5,0.));
#7103=CARTESIAN_POINT('',(11.1,1.,-0.2));
#7104=CARTESIAN_POINT('Origin',(11.1,0.5,-0.2));
#7105=CARTESIAN_POINT('',(11.1,1.,0.));
#7106=CARTESIAN_POINT('Origin',(8.7,1.,0.));
#7107=CARTESIAN_POINT('',(8.7,1.,-0.2));
#7108=CARTESIAN_POINT('',(8.7,1.,-0.2));
#7109=CARTESIAN_POINT('',(8.7,1.,0.));
#7110=CARTESIAN_POINT('Origin',(-1.70697184193694E-16,0.338250781056281,
-0.2));
#7111=CARTESIAN_POINT('',(6.28578643762691,-3.41421356237309,-0.2));
#7112=CARTESIAN_POINT('',(8.7,-0.999999999999998,-0.2));
#7113=CARTESIAN_POINT('',(4.87157287525381,-4.,-0.2));
#7114=CARTESIAN_POINT('Origin',(4.87157287525381,-2.,-0.2));
#7115=CARTESIAN_POINT('',(4.,-4.,-0.2));
#7116=CARTESIAN_POINT('',(5.7,-4.,-0.2));
#7117=CARTESIAN_POINT('',(3.5,-3.5,-0.2));
#7118=CARTESIAN_POINT('Origin',(4.,-3.5,-0.2));
#7119=CARTESIAN_POINT('',(3.5,1.,-0.2));
#7120=CARTESIAN_POINT('',(3.5,-4.,-0.2));
#7121=CARTESIAN_POINT('',(2.7,1.4,-0.2));
#7122=CARTESIAN_POINT('Origin',(3.,1.,-0.2));
#7123=CARTESIAN_POINT('',(0.799999999999997,1.4,-0.2));
#7124=CARTESIAN_POINT('',(0.,1.4,-0.2));
#7125=CARTESIAN_POINT('',(0.5,1.5,-0.2));
#7126=CARTESIAN_POINT('Origin',(0.5,0.999999999999999,-0.2));
#7127=CARTESIAN_POINT('',(-0.5,1.5,-0.2));
#7128=CARTESIAN_POINT('',(0.5,1.5,-0.2));
#7129=CARTESIAN_POINT('',(-0.799999999999997,1.4,-0.2));
#7130=CARTESIAN_POINT('Origin',(-0.5,0.999999999999999,-0.2));
#7131=CARTESIAN_POINT('',(-2.7,1.4,-0.2));
#7132=CARTESIAN_POINT('',(0.,1.4,-0.2));
#7133=CARTESIAN_POINT('',(-3.5,1.,-0.2));
#7134=CARTESIAN_POINT('Origin',(-3.,1.,-0.2));
#7135=CARTESIAN_POINT('',(-3.5,-3.5,-0.2));
#7136=CARTESIAN_POINT('',(-3.5,1.5,-0.2));
#7137=CARTESIAN_POINT('',(-4.,-4.,-0.2));
#7138=CARTESIAN_POINT('Origin',(-4.,-3.5,-0.2));
#7139=CARTESIAN_POINT('',(-4.87157287525381,-4.,-0.2));
#7140=CARTESIAN_POINT('',(-3.5,-4.,-0.2));
#7141=CARTESIAN_POINT('',(-6.28578643762691,-3.41421356237309,-0.2));
#7142=CARTESIAN_POINT('Origin',(-4.87157287525381,-2.,-0.2));
#7143=CARTESIAN_POINT('',(-8.7,-1.,-0.2));
#7144=CARTESIAN_POINT('',(-5.7,-4.,-0.2));
#7145=CARTESIAN_POINT('',(-11.1,-1.,-0.2));
#7146=CARTESIAN_POINT('',(-8.7,-1.,-0.2));
#7147=CARTESIAN_POINT('Origin',(-11.1,-0.5,-0.2));
#7148=CARTESIAN_POINT('',(-13.3,0.5,-0.2));
#7149=CARTESIAN_POINT('',(-8.7,1.,-0.2));
#7150=CARTESIAN_POINT('',(-11.6,1.,-0.2));
#7151=CARTESIAN_POINT('',(-6.28578643762691,3.41421356237309,-0.2));
#7152=CARTESIAN_POINT('',(-8.7,1.,-0.2));
#7153=CARTESIAN_POINT('',(-4.87157287525381,4.,-0.2));
#7154=CARTESIAN_POINT('Origin',(-4.87157287525381,2.,-0.2));
#7155=CARTESIAN_POINT('',(4.87157287525381,4.,-0.2));
#7156=CARTESIAN_POINT('',(-5.7,4.,-0.2));
#7157=CARTESIAN_POINT('',(6.28578643762691,3.41421356237309,-0.2));
#7158=CARTESIAN_POINT('Origin',(4.87157287525381,2.,-0.2));
#7159=CARTESIAN_POINT('',(5.7,4.,-0.2));
#7160=CARTESIAN_POINT('',(4.5,0.6,-0.2));
#7161=CARTESIAN_POINT('Origin',(4.5,1.,-0.2));
#7162=CARTESIAN_POINT('',(-4.5,0.6,-0.2));
#7163=CARTESIAN_POINT('Origin',(-4.5,1.,-0.2));
#7164=CARTESIAN_POINT('Origin',(-11.1,-0.5,0.));
#7165=CARTESIAN_POINT('',(-11.1,-1.,0.));
#7166=CARTESIAN_POINT('Origin',(4.,-3.5,0.));
#7167=CARTESIAN_POINT('',(4.,-4.,0.));
#7168=CARTESIAN_POINT('',(3.5,-3.5,0.));
#7169=CARTESIAN_POINT('Origin',(3.5,-4.,0.));
#7170=CARTESIAN_POINT('',(3.5,1.,0.));
#7171=CARTESIAN_POINT('Origin',(3.,1.,0.372292627540208));
#7172=CARTESIAN_POINT('',(2.5,1.,0.114234913054466));
#7173=CARTESIAN_POINT('Origin',(3.,1.,0.114234913054466));
#7174=CARTESIAN_POINT('',(2.5,1.,-0.0928203230275509));
#7175=CARTESIAN_POINT('',(2.5,1.,0.372292627540208));
#7176=CARTESIAN_POINT('Origin',(3.,1.,-0.092820323027551));
#7177=CARTESIAN_POINT('Origin',(2.5,-1.7385267692967,0.744585255080416));
#7178=CARTESIAN_POINT('',(2.5,-4.2237918212627,1.51394571299011));
#7179=CARTESIAN_POINT('',(2.5,1.42633049951749,-5.93058588349571E-16));
#7180=CARTESIAN_POINT('',(2.5,-4.2755556302832,1.3207605477323));
#7181=CARTESIAN_POINT('',(2.5,-4.23672128304496,1.46569230470417));
#7182=CARTESIAN_POINT('',(2.5,-5.,1.51487483155919));
#7183=CARTESIAN_POINT('Origin',(0.5,0.999999999999999,-0.2));
#7184=CARTESIAN_POINT('',(0.5,1.5,-0.2));
#7185=CARTESIAN_POINT('',(1.,0.999999999999999,-0.0928203230275507));
#7186=CARTESIAN_POINT('Origin',(0.5,0.999999999999999,-0.0928203230275504));
#7187=CARTESIAN_POINT('',(1.,0.999999999999999,0.114234913054467));
#7188=CARTESIAN_POINT('',(1.,0.999999999999999,-0.2));
#7189=CARTESIAN_POINT('Origin',(0.5,0.999999999999999,0.114234913054467));
#7190=CARTESIAN_POINT('Origin',(0.999999999999999,-5.,-0.2));
#7191=CARTESIAN_POINT('',(0.999999999999999,-4.2755556302832,1.3207605477323));
#7192=CARTESIAN_POINT('',(0.999999999999999,-4.7856406460551,1.45743741577959));
#7193=CARTESIAN_POINT('',(0.999999999999999,-4.2237918212627,1.51394571299011));
#7194=CARTESIAN_POINT('',(0.999999999999999,-4.46403307971784,0.617353130361203));
#7195=CARTESIAN_POINT('',(1.,-1.54659349178611,0.796592582628906));
#7196=CARTESIAN_POINT('Origin',(-0.5,0.999999999999999,-0.2));
#7197=CARTESIAN_POINT('',(-1.,0.999999999999999,0.114234913054467));
#7198=CARTESIAN_POINT('Origin',(-0.5,0.999999999999999,0.114234913054467));
#7199=CARTESIAN_POINT('',(-1.,0.999999999999999,-0.0928203230275508));
#7200=CARTESIAN_POINT('',(-1.,0.999999999999999,-0.2));
#7201=CARTESIAN_POINT('Origin',(-0.5,0.999999999999999,-0.0928203230275504));
#7202=CARTESIAN_POINT('',(-0.5,1.5,-0.2));
#7203=CARTESIAN_POINT('Origin',(1.,1.5,-0.2));
#7204=CARTESIAN_POINT('Origin',(-2.5,-1.7385267692967,0.744585255080416));
#7205=CARTESIAN_POINT('',(-2.5,1.,-0.0928203230275507));
#7206=CARTESIAN_POINT('',(-2.5,1.,0.114234913054467));
#7207=CARTESIAN_POINT('',(-2.5,1.,0.372292627540208));
#7208=CARTESIAN_POINT('',(-2.5,-4.2755556302832,1.3207605477323));
#7209=CARTESIAN_POINT('',(-2.5,-5.,1.51487483155919));
#7210=CARTESIAN_POINT('',(-2.5,-4.2237918212627,1.51394571299011));
#7211=CARTESIAN_POINT('',(-2.5,-4.23672128304496,1.46569230470417));
#7212=CARTESIAN_POINT('',(-2.5,1.42633049951749,-5.93058588349571E-16));
#7213=CARTESIAN_POINT('Origin',(-3.,1.,0.));
#7214=CARTESIAN_POINT('',(-3.5,1.,0.));
#7215=CARTESIAN_POINT('Origin',(-3.,1.,-0.0928203230275507));
#7216=CARTESIAN_POINT('Origin',(-3.,1.,0.114234913054467));
#7217=CARTESIAN_POINT('Origin',(-3.5,1.5,0.));
#7218=CARTESIAN_POINT('',(-3.5,-3.5,0.));
#7219=CARTESIAN_POINT('Origin',(-4.,-3.5,0.));
#7220=CARTESIAN_POINT('',(-4.,-4.,0.));
#7221=CARTESIAN_POINT('Origin',(-3.5,-4.,0.));
#7222=CARTESIAN_POINT('',(-4.87157287525381,-4.,0.));
#7223=CARTESIAN_POINT('Origin',(4.87157287525381,-2.,0.));
#7224=CARTESIAN_POINT('',(6.28578643762691,-3.41421356237309,0.));
#7225=CARTESIAN_POINT('',(4.87157287525381,-4.,0.));
#7226=CARTESIAN_POINT('Origin',(5.7,-4.,0.));
#7227=CARTESIAN_POINT('Origin',(-4.87157287525381,-2.,0.));
#7228=CARTESIAN_POINT('',(-6.28578643762691,-3.41421356237309,0.));
#7229=CARTESIAN_POINT('Origin',(4.87157287525381,2.,0.));
#7230=CARTESIAN_POINT('',(4.87157287525381,4.,0.));
#7231=CARTESIAN_POINT('',(6.28578643762691,3.41421356237309,0.));
#7232=CARTESIAN_POINT('Origin',(5.7,4.,0.));
#7233=CARTESIAN_POINT('Origin',(-4.87157287525381,2.,0.));
#7234=CARTESIAN_POINT('',(-6.28578643762691,3.41421356237309,0.));
#7235=CARTESIAN_POINT('',(-4.87157287525381,4.,0.));
#7236=CARTESIAN_POINT('Origin',(-8.7,1.,0.));
#7237=CARTESIAN_POINT('',(-8.7,1.,0.));
#7238=CARTESIAN_POINT('Origin',(0.,1.42633049951749,-5.93058588349571E-16));
#7239=CARTESIAN_POINT('Origin',(1.75,-4.2237918212627,1.51394571299009));
#7240=CARTESIAN_POINT('',(1.75,-4.65845844309277,1.63041428328624));
#7241=CARTESIAN_POINT('Origin',(1.75,-4.27208811257715,1.52688666524523));
#7242=CARTESIAN_POINT('Origin',(1.75,-4.46403307971784,0.617353130361203));
#7243=CARTESIAN_POINT('Origin',(1.75,-4.2755556302832,1.3207605477323));
#7244=CARTESIAN_POINT('Origin',(0.,-5.,1.51487483155919));
#7245=CARTESIAN_POINT('',(1.75,-4.71022225211328,1.43722911802843));
#7246=CARTESIAN_POINT('Origin',(1.75,-4.32385192159765,1.33370149998742));
#7247=CARTESIAN_POINT('Origin',(0.,-5.,1.51487483155919));
#7248=CARTESIAN_POINT('',(-1.,-4.2755556302832,1.3207605477323));
#7249=CARTESIAN_POINT('Origin',(-1.75,-4.2755556302832,1.3207605477323));
#7250=CARTESIAN_POINT('',(-1.,-1.75334936490539,0.644937415779593));
#7251=CARTESIAN_POINT('',(-1.75,-4.71022225211328,1.43722911802843));
#7252=CARTESIAN_POINT('Origin',(-1.75,-4.32385192159765,1.33370149998742));
#7253=CARTESIAN_POINT('Origin',(-1.75,-4.23672128304496,1.46569230470417));
#7254=CARTESIAN_POINT('',(-1.,-4.2237918212627,1.51394571299011));
#7255=CARTESIAN_POINT('Origin',(-1.75,-4.2237918212627,1.51394571299009));
#7256=CARTESIAN_POINT('',(-1.,-4.24632436086756,1.42985313036119));
#7257=CARTESIAN_POINT('Origin',(4.5,1.,-0.5));
#7258=CARTESIAN_POINT('Origin',(-4.5,1.,-0.5));
#7259=CARTESIAN_POINT('Origin',(4.5,1.,-0.3));
#7260=CARTESIAN_POINT('Origin',(-4.5,1.,-0.3));
#7261=CARTESIAN_POINT('Origin',(1.75,-4.40149763512841,1.0439237521007));
#7262=CARTESIAN_POINT('Origin',(-1.75,-4.40149763512841,1.0439237521007));
#7263=CARTESIAN_POINT('Origin',(1.75,-4.3497338261079,1.23710891735851));
#7264=CARTESIAN_POINT('Origin',(-1.75,-4.3497338261079,1.23710891735851));
#7265=CARTESIAN_POINT('',(-1.75,-4.65845844309278,1.63041428328624));
#7266=CARTESIAN_POINT('Origin',(-1.75,-4.27208811257715,1.52688666524523));
#7267=CARTESIAN_POINT('Origin',(-1.,1.5,-0.2));
#7268=CARTESIAN_POINT('',(-1.,1.48569778936361,-0.0159074173710929));
#7269=CARTESIAN_POINT('Origin',(0.,1.42633049951749,-5.93058588349571E-16));
#7270=CARTESIAN_POINT('Origin',(-8.7,-1.,0.));
#7271=CARTESIAN_POINT('',(-8.7,-1.,0.));
#7272=CARTESIAN_POINT('Origin',(-5.7,-4.,0.));
#7273=CARTESIAN_POINT('Origin',(8.7,-0.999999999999998,0.));
#7274=CARTESIAN_POINT('Origin',(13.3,0.5,0.));
#7275=CARTESIAN_POINT('Origin',(-5.7,4.,0.));
#7276=CARTESIAN_POINT('Origin',(-11.6,1.,0.));
#7277=CARTESIAN_POINT('Origin',(-13.3,0.5,0.));
#7278=UNCERTAINTY_MEASURE_WITH_UNIT(LENGTH_MEASURE(0.01),#7282,
'DISTANCE_ACCURACY_VALUE',
'Maximum model space distance between geometric entities at asserted c
onnectivities');
#7279=UNCERTAINTY_MEASURE_WITH_UNIT(LENGTH_MEASURE(1.E-6),#7282,
'DISTANCE_ACCURACY_VALUE',
'Maximum model space distance between geometric entities at asserted c
onnectivities');
#7280=(
GEOMETRIC_REPRESENTATION_CONTEXT(3)
GLOBAL_UNCERTAINTY_ASSIGNED_CONTEXT((#7278))
GLOBAL_UNIT_ASSIGNED_CONTEXT((#7282,#7285,#7283))
REPRESENTATION_CONTEXT('','3D')
);
#7281=(
GEOMETRIC_REPRESENTATION_CONTEXT(3)
GLOBAL_UNCERTAINTY_ASSIGNED_CONTEXT((#7279))
GLOBAL_UNIT_ASSIGNED_CONTEXT((#7282,#7285,#7283))
REPRESENTATION_CONTEXT('','3D')
);
#7282=(
LENGTH_UNIT()
NAMED_UNIT(*)
SI_UNIT(.MILLI.,.METRE.)
);
#7283=(
NAMED_UNIT(*)
SI_UNIT($,.STERADIAN.)
SOLID_ANGLE_UNIT()
);
#7284=DIMENSIONAL_EXPONENTS(0.,0.,0.,0.,0.,0.,0.);
#7285=(
CONVERSION_BASED_UNIT('degree',#7287)
NAMED_UNIT(#7284)
PLANE_ANGLE_UNIT()
);
#7286=(
NAMED_UNIT(*)
PLANE_ANGLE_UNIT()
SI_UNIT($,.RADIAN.)
);
#7287=PLANE_ANGLE_MEASURE_WITH_UNIT(PLANE_ANGLE_MEASURE(0.01745329252),
#7286);
#7288=SHAPE_DEFINITION_REPRESENTATION(#7289,#7290);
#7289=PRODUCT_DEFINITION_SHAPE('',$,#7292);
#7290=SHAPE_REPRESENTATION('',(#4090),#7280);
#7291=PRODUCT_DEFINITION_CONTEXT('part definition',#7296,'design');
#7292=PRODUCT_DEFINITION('CST-2032M','cst-2032m',#7293,#7291);
#7293=PRODUCT_DEFINITION_FORMATION('',$,#7298);
#7294=PRODUCT_RELATED_PRODUCT_CATEGORY('cst-2032m','cst-2032m',(#7298));
#7295=APPLICATION_PROTOCOL_DEFINITION('international standard',
'automotive_design',2009,#7296);
#7296=APPLICATION_CONTEXT(
'Core Data for Automotive Mechanical Design Process');
#7297=PRODUCT_CONTEXT('part definition',#7296,'mechanical');
#7298=PRODUCT('CST-2032M','cst-2032m',$,(#7297));
#7299=PRESENTATION_STYLE_ASSIGNMENT((#7300));
#7300=SURFACE_STYLE_USAGE(.BOTH.,#7301);
#7301=SURFACE_SIDE_STYLE('',(#7302));
#7302=SURFACE_STYLE_FILL_AREA(#7303);
#7303=FILL_AREA_STYLE('',(#7304));
#7304=FILL_AREA_STYLE_COLOUR('',#7305);
#7305=COLOUR_RGB('',0.745098039215686,0.737254901960784,0.729411764705882);
ENDSEC;
END-ISO-10303-21;
