ISO-10303-21;
HEADER;
FILE_DESCRIPTION (( 'STEP AP214' ),
    '1' );
FILE_NAME ('GP560-20-25.STEP',
    '2026-06-04T04:38:24',
    ( '' ),
    ( '' ),
    'SwSTEP 2.0',
    'SolidWorks 2023',
    '' );
FILE_SCHEMA (( 'AUTOMOTIVE_DESIGN' ));
ENDSEC;

DATA;
#1 = AXIS2_PLACEMENT_3D ( 'NONE', #1198, #1210, #106 ) ;
#2 = DIRECTION ( 'NONE',  ( -0.000000000000000000, 0.000000000000000000, -1.000000000000000000 ) ) ;
#3 = FACE_OUTER_BOUND ( 'NONE', #705, .T. ) ;
#4 = DIRECTION ( 'NONE',  ( 0.000000000000000000, 0.000000000000000000, 1.000000000000000000 ) ) ;
#5 = ORIENTED_EDGE ( 'NONE', *, *, #1882, .F. ) ;
#6 =( LENGTH_UNIT ( ) NAMED_UNIT ( * ) SI_UNIT ( .MILLI., .METRE. ) );
#7 = SHAPE_DEFINITION_REPRESENTATION ( #1913, #86 ) ;
#8 = EDGE_LOOP ( 'NONE', ( #269, #685, #389, #1979 ) ) ;
#9 = DIRECTION ( 'NONE',  ( 0.000000000000000000, 0.000000000000000000, 1.000000000000000000 ) ) ;
#10 = ORIENTED_EDGE ( 'NONE', *, *, #210, .T. ) ;
#11 = EDGE_CURVE ( 'NONE', #447, #1601, #1625, .T. ) ;
#12 = DIRECTION ( 'NONE',  ( 0.000000000000000000, 0.000000000000000000, -1.000000000000000000 ) ) ;
#13 = EDGE_CURVE ( 'NONE', #1076, #827, #653, .T. ) ;
#14 = CARTESIAN_POINT ( 'NONE',  ( 0.7297713588363206050, 0.1799999999999999933, 0.4000000000000000222 ) ) ;
#15 = CARTESIAN_POINT ( 'NONE',  ( -5.445493056547826782, 0.000000000000000000, 1.061092899397290124 ) ) ;
#16 = CARTESIAN_POINT ( 'NONE',  ( -11.30948073056847747, 0.000000000000000000, 0.000000000000000000 ) ) ;
#17 = DIRECTION ( 'NONE',  ( -1.000000000000000000, -0.000000000000000000, -0.000000000000000000 ) ) ;
#18 = CYLINDRICAL_SURFACE ( 'NONE', #794, 0.2999999999999999334 ) ;
#19 = CARTESIAN_POINT ( 'NONE',  ( 6.271038501742057569, -0.1799999999999999933, 0.4000000000000000222 ) ) ;
#20 = ORIENTED_EDGE ( 'NONE', *, *, #397, .F. ) ;
#21 = VERTEX_POINT ( 'NONE', #1408 ) ;
#22 = ORIENTED_EDGE ( 'NONE', *, *, #1117, .T. ) ;
#23 = CARTESIAN_POINT ( 'NONE',  ( -6.000000000000001776, 0.07999999999999977962, 0.2891366458960192287 ) ) ;
#24 = CIRCLE ( 'NONE', #1367, 0.2999999999999999889 ) ;
#25 = FILL_AREA_STYLE_COLOUR ( '', #841 ) ;
#26 = TOROIDAL_SURFACE ( 'NONE', #289, 0.05073618416563847877, 1.049263815834361901 ) ;
#27 = CIRCLE ( 'NONE', #2121, 0.2999999999999999889 ) ;
#28 = CARTESIAN_POINT ( 'NONE',  ( -4.861616061732629390, 0.000000000000000000, 0.000000000000000000 ) ) ;
#29 = CIRCLE ( 'NONE', #1899, 2.011692683977673646 ) ;
#30 =( GEOMETRIC_REPRESENTATION_CONTEXT ( 3 ) GLOBAL_UNCERTAINTY_ASSIGNED_CONTEXT ( ( #1421 ) ) GLOBAL_UNIT_ASSIGNED_CONTEXT ( ( #982, #1548, #960 ) ) REPRESENTATION_CONTEXT ( 'NONE', 'WORKASPACE' ) );
#31 = PRESENTATION_LAYER_ASSIGNMENT (  '', '', ( #1774 ) ) ;
#32 = DIRECTION ( 'NONE',  ( 0.000000000000000000, 0.000000000000000000, 1.000000000000000000 ) ) ;
#33 = ORIENTED_EDGE ( 'NONE', *, *, #1597, .T. ) ;
#34 = CIRCLE ( 'NONE', #1381, 1.961692683977673601 ) ;
#35 =( GEOMETRIC_REPRESENTATION_CONTEXT ( 3 ) GLOBAL_UNCERTAINTY_ASSIGNED_CONTEXT ( ( #710 ) ) GLOBAL_UNIT_ASSIGNED_CONTEXT ( ( #654, #507, #2336 ) ) REPRESENTATION_CONTEXT ( 'NONE', 'WORKASPACE' ) );
#36 =( NAMED_UNIT ( * ) SI_UNIT ( $, .STERADIAN. ) SOLID_ANGLE_UNIT ( ) );
#37 = DIRECTION ( 'NONE',  ( -1.000000000000000000, 0.000000000000000000, 0.000000000000000000 ) ) ;
#38 =( NAMED_UNIT ( * ) SI_UNIT ( $, .STERADIAN. ) SOLID_ANGLE_UNIT ( ) );
#39 = AXIS2_PLACEMENT_3D ( 'NONE', #558, #1105, #707 ) ;
#40 = DIRECTION ( 'NONE',  ( 0.000000000000000000, -1.000000000000000000, 0.000000000000000000 ) ) ;
#41 = EDGE_CURVE ( 'NONE', #255, #2155, #2135, .T. ) ;
#42 = VERTEX_POINT ( 'NONE', #15 ) ;
#43 = EDGE_LOOP ( 'NONE', ( #54, #1238 ) ) ;
#44 = EDGE_CURVE ( 'NONE', #1884, #660, #1812, .T. ) ;
#45 = DIRECTION ( 'NONE',  ( -1.000000000000000000, -0.000000000000000000, -0.000000000000000000 ) ) ;
#46 = ORIENTED_EDGE ( 'NONE', *, *, #1654, .F. ) ;
#47 = FACE_OUTER_BOUND ( 'NONE', #1586, .T. ) ;
#48 = PLANE ( 'NONE',  #1867 ) ;
#49 = FILL_AREA_STYLE_COLOUR ( '', #335 ) ;
#50 = SURFACE_SIDE_STYLE ('',( #1693 ) ) ;
#51 = VERTEX_POINT ( 'NONE', #1262 ) ;
#52 = DIRECTION ( 'NONE',  ( 1.000000000000000000, 0.000000000000000000, 0.000000000000000000 ) ) ;
#53 = ORIENTED_EDGE ( 'NONE', *, *, #1319, .T. ) ;
#54 = ORIENTED_EDGE ( 'NONE', *, *, #1643, .F. ) ;
#55 = DIRECTION ( 'NONE',  ( -1.000000000000000000, -0.000000000000000000, -0.000000000000000000 ) ) ;
#56 = ORIENTED_EDGE ( 'NONE', *, *, #1482, .F. ) ;
#57 = CIRCLE ( 'NONE', #1403, 2.011692683977673646 ) ;
#58 = DIRECTION ( 'NONE',  ( -1.000000000000000000, -0.000000000000000000, -0.000000000000000000 ) ) ;
#59 = CYLINDRICAL_SURFACE ( 'NONE', #528, 1.100000000000000089 ) ;
#60 = MECHANICAL_DESIGN_GEOMETRIC_PRESENTATION_REPRESENTATION (  '', ( #865 ), #2277 ) ;
#61 = CIRCLE ( 'NONE', #1557, 1.049263815834361457 ) ;
#62 = DIRECTION ( 'NONE',  ( 0.000000000000000000, 0.000000000000000000, -1.000000000000000000 ) ) ;
#63 = DIRECTION ( 'NONE',  ( -1.000000000000000000, -0.000000000000000000, -0.000000000000000000 ) ) ;
#64 = FACE_OUTER_BOUND ( 'NONE', #2345, .T. ) ;
#65 =( GEOMETRIC_REPRESENTATION_CONTEXT ( 3 ) GLOBAL_UNCERTAINTY_ASSIGNED_CONTEXT ( ( #843 ) ) GLOBAL_UNIT_ASSIGNED_CONTEXT ( ( #1831, #2196, #1985 ) ) REPRESENTATION_CONTEXT ( 'NONE', 'WORKASPACE' ) );
#66 = ORIENTED_EDGE ( 'NONE', *, *, #1894, .T. ) ;
#67 = EDGE_CURVE ( 'NONE', #1873, #903, #176, .T. ) ;
#68 = CARTESIAN_POINT ( 'NONE',  ( 27.00000000000000000, 3.673940397442058882E-17, -0.2999999999999999889 ) ) ;
#69 = STYLED_ITEM ( 'NONE', ( #1660 ), #1368 ) ;
#70 = EDGE_CURVE ( 'NONE', #2281, #1935, #1286, .T. ) ;
#71 = EDGE_LOOP ( 'NONE', ( #273, #494, #691, #308 ) ) ;
#72 = MECHANICAL_DESIGN_GEOMETRIC_PRESENTATION_REPRESENTATION (  '', ( #182 ), #1452 ) ;
#73 = LINE ( 'NONE', #261, #297 ) ;
#74 = VECTOR ( 'NONE', #1658, 1000.000000000000000 ) ;
#75 = EDGE_CURVE ( 'NONE', #1601, #952, #1895, .T. ) ;
#76 = CIRCLE ( 'NONE', #115, 1.061092899397290124 ) ;
#77 = CARTESIAN_POINT ( 'NONE',  ( 11.80948073056847747, -0.4999999999999995559, 0.000000000000000000 ) ) ;
#78 = DIRECTION ( 'NONE',  ( 0.000000000000000000, 0.000000000000000000, -1.000000000000000000 ) ) ;
#79 = CARTESIAN_POINT ( 'NONE',  ( 5.445493056547826782, 0.000000000000000000, 0.000000000000000000 ) ) ;
#80 = ORIENTED_EDGE ( 'NONE', *, *, #217, .T. ) ;
#81 = ORIENTED_EDGE ( 'NONE', *, *, #928, .T. ) ;
#82 = VERTEX_POINT ( 'NONE', #729 ) ;
#83 = FACE_OUTER_BOUND ( 'NONE', #2033, .T. ) ;
#84 = DIRECTION ( 'NONE',  ( 0.000000000000000000, 0.000000000000000000, -1.000000000000000000 ) ) ;
#85 = ADVANCED_FACE ( 'NONE', ( #1470 ), #26, .F. ) ;
#86 = ADVANCED_BREP_SHAPE_REPRESENTATION ( 'GP560-20-25', ( #1590, #1211 ), #2124 ) ;
#87 = CARTESIAN_POINT ( 'NONE',  ( 27.00000000000000000, 0.000000000000000000, 0.000000000000000000 ) ) ;
#88 = SURFACE_STYLE_USAGE ( .BOTH. , #1001 ) ;
#89 = DIRECTION ( 'NONE',  ( -1.000000000000000000, -0.000000000000000000, -0.000000000000000000 ) ) ;
#90 = VERTEX_POINT ( 'NONE', #760 ) ;
#91 = ORIENTED_EDGE ( 'NONE', *, *, #1088, .F. ) ;
#92 = FILL_AREA_STYLE ('',( #483 ) ) ;
#93 = FILL_AREA_STYLE_COLOUR ( '', #596 ) ;
#94 = ADVANCED_FACE ( 'NONE', ( #728 ), #2331, .F. ) ;
#95 = UNCERTAINTY_MEASURE_WITH_UNIT (LENGTH_MEASURE( 1.000000000000000082E-05 ), #1256, 'distance_accuracy_value', 'NONE');
#96 = PRESENTATION_STYLE_ASSIGNMENT (( #425 ) ) ;
#97 = STYLED_ITEM ( 'NONE', ( #1861 ), #2084 ) ;
#98 = DIRECTION ( 'NONE',  ( -1.000000000000000000, -1.176074474522576135E-16, 0.000000000000000000 ) ) ;
#99 = ORIENTED_EDGE ( 'NONE', *, *, #1922, .T. ) ;
#100 = CIRCLE ( 'NONE', #828, 1.100000000000000089 ) ;
#101 = ORIENTED_EDGE ( 'NONE', *, *, #502, .T. ) ;
#102 = MECHANICAL_DESIGN_GEOMETRIC_PRESENTATION_REPRESENTATION (  '', ( #1815 ), #2127 ) ;
#103 = CIRCLE ( 'NONE', #482, 2.011692683977673646 ) ;
#104 = ORIENTED_EDGE ( 'NONE', *, *, #367, .F. ) ;
#105 = DIRECTION ( 'NONE',  ( 0.000000000000000000, 0.000000000000000000, 1.000000000000000000 ) ) ;
#106 = DIRECTION ( 'NONE',  ( 0.000000000000000000, -1.224646799147353454E-16, 1.000000000000000000 ) ) ;
#107 = AXIS2_PLACEMENT_3D ( 'NONE', #155, #1609, #1033 ) ;
#108 = DIRECTION ( 'NONE',  ( -1.000000000000000000, -0.000000000000000000, -0.000000000000000000 ) ) ;
#109 = DIRECTION ( 'NONE',  ( 0.000000000000000000, 0.000000000000000000, -1.000000000000000000 ) ) ;
#110 = AXIS2_PLACEMENT_3D ( 'NONE', #1234, #1248, #1432 ) ;
#111 = AXIS2_PLACEMENT_3D ( 'NONE', #1798, #1300, #1832 ) ;
#112 = DIRECTION ( 'NONE',  ( 0.000000000000000000, 0.000000000000000000, 1.000000000000000000 ) ) ;
#113 = EDGE_CURVE ( 'NONE', #820, #986, #1441, .T. ) ;
#114 = ORIENTED_EDGE ( 'NONE', *, *, #1876, .F. ) ;
#115 = AXIS2_PLACEMENT_3D ( 'NONE', #2148, #2333, #1770 ) ;
#116 =( LENGTH_UNIT ( ) NAMED_UNIT ( * ) SI_UNIT ( .MILLI., .METRE. ) );
#117 = EDGE_CURVE ( 'NONE', #827, #976, #1685, .T. ) ;
#118 = EDGE_LOOP ( 'NONE', ( #2284, #66, #924, #2176 ) ) ;
#119 = SURFACE_STYLE_FILL_AREA ( #1560 ) ;
#120 = CARTESIAN_POINT ( 'NONE',  ( 5.445493056547826782, 0.000000000000000000, 0.000000000000000000 ) ) ;
#121 =( NAMED_UNIT ( * ) SI_UNIT ( $, .STERADIAN. ) SOLID_ANGLE_UNIT ( ) );
#122 = DIRECTION ( 'NONE',  ( 0.000000000000000000, 0.000000000000000000, 1.000000000000000000 ) ) ;
#123 = ORIENTED_EDGE ( 'NONE', *, *, #1342, .F. ) ;
#124 = ORIENTED_EDGE ( 'NONE', *, *, #1534, .T. ) ;
#125 = EDGE_CURVE ( 'NONE', #1581, #934, #2073, .T. ) ;
#126 = SURFACE_STYLE_FILL_AREA ( #1389 ) ;
#127 = CARTESIAN_POINT ( 'NONE',  ( 5.999999999999998224, 0.000000000000000000, 0.2999999999999999889 ) ) ;
#128 = DIRECTION ( 'NONE',  ( 0.000000000000000000, 0.000000000000000000, 1.000000000000000000 ) ) ;
#129 = CARTESIAN_POINT ( 'NONE',  ( -11.30948073056847747, -0.5000000000000000000, 0.000000000000000000 ) ) ;
#130 = CARTESIAN_POINT ( 'NONE',  ( -11.80948073056847569, -0.5000000000000022204, 0.000000000000000000 ) ) ;
#131 = AXIS2_PLACEMENT_3D ( 'NONE', #418, #576, #2066 ) ;
#132 = CARTESIAN_POINT ( 'NONE',  ( 4.861616061732630278, 0.000000000000000000, 0.000000000000000000 ) ) ;
#133 = AXIS2_PLACEMENT_3D ( 'NONE', #1134, #1856, #543 ) ;
#134 = PRESENTATION_STYLE_ASSIGNMENT (( #1010 ) ) ;
#135 = VECTOR ( 'NONE', #1816, 1000.000000000000000 ) ;
#136 = ADVANCED_FACE ( 'NONE', ( #2189 ), #1485, .T. ) ;
#137 = TOROIDAL_SURFACE ( 'NONE', #1635, 3.022785583374963725, 2.011692683977673646 ) ;
#138 = AXIS2_PLACEMENT_3D ( 'NONE', #2096, #463, #1960 ) ;
#139 = LINE ( 'NONE', #1962, #173 ) ;
#140 = UNCERTAINTY_MEASURE_WITH_UNIT (LENGTH_MEASURE( 1.000000000000000082E-05 ), #1405, 'distance_accuracy_value', 'NONE');
#141 = CARTESIAN_POINT ( 'NONE',  ( 7.035051772262603365, 8.878526128425126753E-17, -0.3500000000000000333 ) ) ;
#142 = AXIS2_PLACEMENT_3D ( 'NONE', #646, #617, #569 ) ;
#143 = ADVANCED_FACE ( 'NONE', ( #1469, #1499 ), #1846, .F. ) ;
#144 = FACE_OUTER_BOUND ( 'NONE', #1365, .T. ) ;
#145 = DIRECTION ( 'NONE',  ( -1.000000000000000000, -0.000000000000000000, -0.000000000000000000 ) ) ;
#146 = EDGE_CURVE ( 'NONE', #2328, #1581, #331, .T. ) ;
#147 = CIRCLE ( 'NONE', #2060, 1.099973353069097826 ) ;
#148 = ORIENTED_EDGE ( 'NONE', *, *, #394, .F. ) ;
#149 = DIRECTION ( 'NONE',  ( 0.000000000000000000, -1.000000000000000000, 0.000000000000000000 ) ) ;
#150 = ORIENTED_EDGE ( 'NONE', *, *, #1886, .T. ) ;
#151 = ORIENTED_EDGE ( 'NONE', *, *, #1066, .T. ) ;
#152 = DIRECTION ( 'NONE',  ( 0.000000000000000000, 0.000000000000000000, 1.000000000000000000 ) ) ;
#153 = SURFACE_STYLE_FILL_AREA ( #939 ) ;
#154 = LINE ( 'NONE', #2012, #517 ) ;
#155 = CARTESIAN_POINT ( 'NONE',  ( 4.861616061732630278, 0.000000000000000000, 0.000000000000000000 ) ) ;
#156 = ORIENTED_EDGE ( 'NONE', *, *, #630, .F. ) ;
#157 = DIRECTION ( 'NONE',  ( 1.000000000000000000, 0.000000000000000000, 0.000000000000000000 ) ) ;
#158 = ORIENTED_EDGE ( 'NONE', *, *, #70, .F. ) ;
#159 = DIRECTION ( 'NONE',  ( 0.000000000000000000, 0.000000000000000000, 1.000000000000000000 ) ) ;
#160 = VERTEX_POINT ( 'NONE', #529 ) ;
#161 = SURFACE_STYLE_USAGE ( .BOTH. , #548 ) ;
#162 = DIRECTION ( 'NONE',  ( 0.000000000000000000, 0.000000000000000000, 1.000000000000000000 ) ) ;
#163 = DIRECTION ( 'NONE',  ( 0.000000000000000000, 0.000000000000000000, 1.000000000000000000 ) ) ;
#164 = DIRECTION ( 'NONE',  ( 0.000000000000000000, -1.000000000000000000, 0.000000000000000000 ) ) ;
#165 = DIRECTION ( 'NONE',  ( 0.000000000000000000, 0.000000000000000000, 1.000000000000000000 ) ) ;
#166 = ORIENTED_EDGE ( 'NONE', *, *, #1123, .F. ) ;
#167 = ORIENTED_EDGE ( 'NONE', *, *, #1245, .F. ) ;
#168 = CIRCLE ( 'NONE', #328, 0.2999999999999999889 ) ;
#169 = PRESENTATION_LAYER_ASSIGNMENT (  '', '', ( #624 ) ) ;
#170 = PRODUCT_DEFINITION_FORMATION_WITH_SPECIFIED_SOURCE ( 'ANY', '', #1358, .NOT_KNOWN. ) ;
#171 = CYLINDRICAL_SURFACE ( 'NONE', #451, 1.149999999999999911 ) ;
#172 = DIRECTION ( 'NONE',  ( 1.000000000000000000, -0.000000000000000000, 0.000000000000000000 ) ) ;
#173 = VECTOR ( 'NONE', #1746, 1000.000000000000000 ) ;
#174 =( NAMED_UNIT ( * ) PLANE_ANGLE_UNIT ( ) SI_UNIT ( $, .RADIAN. ) );
#175 = DIRECTION ( 'NONE',  ( -1.000000000000000000, -0.000000000000000000, -0.000000000000000000 ) ) ;
#176 = LINE ( 'NONE', #454, #1967 ) ;
#177 = AXIS2_PLACEMENT_3D ( 'NONE', #1413, #145, #1975 ) ;
#178 = ORIENTED_EDGE ( 'NONE', *, *, #113, .T. ) ;
#179 = TOROIDAL_SURFACE ( 'NONE', #1384, 0.05073618416563847877, 1.049263815834361457 ) ;
#180 = EDGE_CURVE ( 'NONE', #903, #2366, #2211, .T. ) ;
#181 = CARTESIAN_POINT ( 'NONE',  ( -11.50948073056847676, -0.5000000000000022204, -3.673940397442058882E-17 ) ) ;
#182 = STYLED_ITEM ( 'NONE', ( #2234 ), #1422 ) ;
#183 = ORIENTED_EDGE ( 'NONE', *, *, #309, .F. ) ;
#184 = ORIENTED_EDGE ( 'NONE', *, *, #217, .F. ) ;
#185 = DIRECTION ( 'NONE',  ( 1.176074474522576135E-16, -1.000000000000000000, 0.000000000000000000 ) ) ;
#186 = ORIENTED_EDGE ( 'NONE', *, *, #2035, .F. ) ;
#187 = ADVANCED_FACE ( 'NONE', ( #219 ), #1173, .T. ) ;
#188 = CARTESIAN_POINT ( 'NONE',  ( -11.30948073056847747, 0.000000000000000000, 0.000000000000000000 ) ) ;
#189 = PRESENTATION_STYLE_ASSIGNMENT (( #1667 ) ) ;
#190 = UNCERTAINTY_MEASURE_WITH_UNIT (LENGTH_MEASURE( 1.000000000000000082E-05 ), #1963, 'distance_accuracy_value', 'NONE');
#191 = LINE ( 'NONE', #930, #74 ) ;
#192 = CARTESIAN_POINT ( 'NONE',  ( 6.271038501742057569, -0.1799999999999999933, 0.4000000000000000222 ) ) ;
#193 = FILL_AREA_STYLE_COLOUR ( '', #638 ) ;
#194 = DIRECTION ( 'NONE',  ( -1.000000000000000000, 0.000000000000000000, 0.000000000000000000 ) ) ;
#195 = ORIENTED_EDGE ( 'NONE', *, *, #698, .T. ) ;
#196 = DIRECTION ( 'NONE',  ( 0.000000000000000000, 0.000000000000000000, -1.000000000000000000 ) ) ;
#197 = ORIENTED_EDGE ( 'NONE', *, *, #1512, .F. ) ;
#198 = LINE ( 'NONE', #398, #674 ) ;
#199 = ORIENTED_EDGE ( 'NONE', *, *, #1032, .F. ) ;
#200 = CARTESIAN_POINT ( 'NONE',  ( -5.445493056547826782, 3.701844689188914380E-16, -3.022785583374963725 ) ) ;
#201 = EDGE_CURVE ( 'NONE', #1900, #585, #1098, .T. ) ;
#202 = CARTESIAN_POINT ( 'NONE',  ( 4.854051550450479979, 0.000000000000000000, 0.000000000000000000 ) ) ;
#203 = SURFACE_SIDE_STYLE ('',( #920 ) ) ;
#204 = DIRECTION ( 'NONE',  ( -1.000000000000000000, 0.000000000000000000, 0.000000000000000000 ) ) ;
#205 = ORIENTED_EDGE ( 'NONE', *, *, #1886, .F. ) ;
#206 = DIRECTION ( 'NONE',  ( 0.000000000000000000, -1.224646799147353207E-16, 1.000000000000000000 ) ) ;
#207 = COLOUR_RGB ( '',1.000000000000000000, 1.000000000000000000, 1.000000000000000000 ) ;
#208 = FILL_AREA_STYLE ('',( #1329 ) ) ;
#209 = AXIS2_PLACEMENT_3D ( 'NONE', #382, #1804, #953 ) ;
#210 = EDGE_CURVE ( 'NONE', #660, #611, #727, .T. ) ;
#211 = FACE_OUTER_BOUND ( 'NONE', #2000, .T. ) ;
#212 = DIRECTION ( 'NONE',  ( -0.000000000000000000, -1.000000000000000000, -0.000000000000000000 ) ) ;
#213 = PLANE ( 'NONE',  #1028 ) ;
#214 = CIRCLE ( 'NONE', #785, 0.2999999999999999889 ) ;
#215 = AXIS2_PLACEMENT_3D ( 'NONE', #2358, #1274, #378 ) ;
#216 = DIRECTION ( 'NONE',  ( 0.000000000000000000, 0.000000000000000000, 1.000000000000000000 ) ) ;
#217 = EDGE_CURVE ( 'NONE', #1650, #90, #745, .T. ) ;
#218 = AXIS2_PLACEMENT_3D ( 'NONE', #2289, #466, #1199 ) ;
#219 = FACE_OUTER_BOUND ( 'NONE', #2067, .T. ) ;
#220 = EDGE_LOOP ( 'NONE', ( #357, #1357, #584, #1802, #2318, #2354, #1828, #81 ) ) ;
#221 = ORIENTED_EDGE ( 'NONE', *, *, #649, .F. ) ;
#222 = AXIS2_PLACEMENT_3D ( 'NONE', #132, #2351, #853 ) ;
#223 = CARTESIAN_POINT ( 'NONE',  ( 0.7297713588363206050, 0.1799999999999999933, 0.4000000000000000222 ) ) ;
#224 = AXIS2_PLACEMENT_3D ( 'NONE', #1801, #908, #4 ) ;
#225 =( LENGTH_UNIT ( ) NAMED_UNIT ( * ) SI_UNIT ( .MILLI., .METRE. ) );
#226 = PRESENTATION_LAYER_ASSIGNMENT (  '', '', ( #681 ) ) ;
#227 = DIRECTION ( 'NONE',  ( 0.000000000000000000, 0.000000000000000000, 1.000000000000000000 ) ) ;
#228 = CARTESIAN_POINT ( 'NONE',  ( 0.000000000000000000, 0.000000000000000000, 0.000000000000000000 ) ) ;
#229 = VECTOR ( 'NONE', #1430, 1000.000000000000000 ) ;
#230 = FACE_OUTER_BOUND ( 'NONE', #2122, .T. ) ;
#231 = DIRECTION ( 'NONE',  ( -1.000000000000000000, -0.000000000000000000, -0.000000000000000000 ) ) ;
#232 = EDGE_CURVE ( 'NONE', #1720, #986, #2282, .T. ) ;
#233 = CARTESIAN_POINT ( 'NONE',  ( 27.00000000000000000, 0.07999999999999996003, 0.2891366458960191732 ) ) ;
#234 = ORIENTED_EDGE ( 'NONE', *, *, #2306, .F. ) ;
#235 = VERTEX_POINT ( 'NONE', #181 ) ;
#236 = ORIENTED_EDGE ( 'NONE', *, *, #1461, .T. ) ;
#237 = CARTESIAN_POINT ( 'NONE',  ( -0.5278430277006630478, -0.08000000000000076494, -0.4000000000000000222 ) ) ;
#238 = DIRECTION ( 'NONE',  ( 0.000000000000000000, -1.000000000000000000, 0.000000000000000000 ) ) ;
#239 = DIRECTION ( 'NONE',  ( 0.000000000000000000, 1.000000000000000000, 0.000000000000000000 ) ) ;
#240 = SURFACE_STYLE_USAGE ( .BOTH. , #580 ) ;
#241 =( NAMED_UNIT ( * ) SI_UNIT ( $, .STERADIAN. ) SOLID_ANGLE_UNIT ( ) );
#242 = EDGE_LOOP ( 'NONE', ( #1718, #1500, #1808, #2024 ) ) ;
#243 = DIRECTION ( 'NONE',  ( 0.000000000000000000, -1.000000000000000000, 0.000000000000000000 ) ) ;
#244 = EDGE_LOOP ( 'NONE', ( #888, #1009, #1327, #1308 ) ) ;
#245 = EDGE_CURVE ( 'NONE', #671, #1552, #2315, .T. ) ;
#246 = SURFACE_STYLE_USAGE ( .BOTH. , #2231 ) ;
#247 =( NAMED_UNIT ( * ) PLANE_ANGLE_UNIT ( ) SI_UNIT ( $, .RADIAN. ) );
#248 = AXIS2_PLACEMENT_3D ( 'NONE', #1602, #1240, #332 ) ;
#249 = AXIS2_PLACEMENT_3D ( 'NONE', #572, #395, #770 ) ;
#250 = SURFACE_STYLE_FILL_AREA ( #412 ) ;
#251 = MECHANICAL_DESIGN_GEOMETRIC_PRESENTATION_REPRESENTATION (  '', ( #1292 ), #30 ) ;
#252 = DIRECTION ( 'NONE',  ( 1.000000000000000000, 0.000000000000000000, -0.000000000000000000 ) ) ;
#253 = SURFACE_STYLE_FILL_AREA ( #609 ) ;
#254 = AXIS2_PLACEMENT_3D ( 'NONE', #302, #1925, #472 ) ;
#255 = VERTEX_POINT ( 'NONE', #1291 ) ;
#256 = EDGE_CURVE ( 'NONE', #2361, #1174, #910, .T. ) ;
#257 = AXIS2_PLACEMENT_3D ( 'NONE', #546, #887, #2156 ) ;
#258 = DIRECTION ( 'NONE',  ( 0.000000000000000000, 0.000000000000000000, 1.000000000000000000 ) ) ;
#259 = CIRCLE ( 'NONE', #222, 1.149999999999999689 ) ;
#260 = PRESENTATION_LAYER_ASSIGNMENT (  '', '', ( #1713 ) ) ;
#261 = CARTESIAN_POINT ( 'NONE',  ( -0.5278430277006630478, -0.08000000000000076494, 0.4000000000000000222 ) ) ;
#262 = FACE_OUTER_BOUND ( 'NONE', #833, .T. ) ;
#263 = COLOUR_RGB ( '',1.000000000000000000, 1.000000000000000000, 1.000000000000000000 ) ;
#264 = CIRCLE ( 'NONE', #39, 0.2999999999999999889 ) ;
#265 = CARTESIAN_POINT ( 'NONE',  ( 6.029370051363023286, 0.000000000000000000, 0.000000000000000000 ) ) ;
#266 = ORIENTED_EDGE ( 'NONE', *, *, #2334, .T. ) ;
#267 = DIRECTION ( 'NONE',  ( 0.000000000000000000, -1.000000000000000000, 0.000000000000000000 ) ) ;
#268 = FILL_AREA_STYLE ('',( #1917 ) ) ;
#269 = ORIENTED_EDGE ( 'NONE', *, *, #743, .F. ) ;
#270 = EDGE_CURVE ( 'NONE', #1065, #2200, #1307, .T. ) ;
#271 = DIRECTION ( 'NONE',  ( -1.000000000000000000, -0.000000000000000000, -0.000000000000000000 ) ) ;
#272 = ORIENTED_EDGE ( 'NONE', *, *, #992, .T. ) ;
#273 = ORIENTED_EDGE ( 'NONE', *, *, #1799, .F. ) ;
#274 = FACE_OUTER_BOUND ( 'NONE', #692, .T. ) ;
#275 = FACE_OUTER_BOUND ( 'NONE', #71, .T. ) ;
#276 = DIRECTION ( 'NONE',  ( 0.000000000000000000, 0.000000000000000000, 1.000000000000000000 ) ) ;
#277 = ORIENTED_EDGE ( 'NONE', *, *, #1922, .F. ) ;
#278 = ORIENTED_EDGE ( 'NONE', *, *, #2132, .F. ) ;
#279 = LINE ( 'NONE', #2316, #366 ) ;
#280 = VERTEX_POINT ( 'NONE', #962 ) ;
#281 = EDGE_LOOP ( 'NONE', ( #810, #1614, #618, #1874 ) ) ;
#282 = DIRECTION ( 'NONE',  ( -1.000000000000000000, -0.000000000000000000, -0.000000000000000000 ) ) ;
#283 = SURFACE_STYLE_USAGE ( .BOTH. , #299 ) ;
#284 = ADVANCED_FACE ( 'NONE', ( #1715 ), #1737, .T. ) ;
#285 = ORIENTED_EDGE ( 'NONE', *, *, #1484, .F. ) ;
#286 = LINE ( 'NONE', #1017, #2131 ) ;
#287 = UNCERTAINTY_MEASURE_WITH_UNIT (LENGTH_MEASURE( 1.000000000000000082E-05 ), #1309, 'distance_accuracy_value', 'NONE');
#288 = LINE ( 'NONE', #864, #2059 ) ;
#289 = AXIS2_PLACEMENT_3D ( 'NONE', #1717, #89, #818 ) ;
#290 = CIRCLE ( 'NONE', #661, 0.2999999999999999334 ) ;
#291 =( GEOMETRIC_REPRESENTATION_CONTEXT ( 3 ) GLOBAL_UNCERTAINTY_ASSIGNED_CONTEXT ( ( #1052 ) ) GLOBAL_UNIT_ASSIGNED_CONTEXT ( ( #2279, #414, #1007 ) ) REPRESENTATION_CONTEXT ( 'NONE', 'WORKASPACE' ) );
#292 = DIRECTION ( 'NONE',  ( 0.000000000000000000, 0.000000000000000000, 1.000000000000000000 ) ) ;
#293 = ADVANCED_FACE ( 'NONE', ( #816 ), #2102, .T. ) ;
#294 =( NAMED_UNIT ( * ) PLANE_ANGLE_UNIT ( ) SI_UNIT ( $, .RADIAN. ) );
#295 = ORIENTED_EDGE ( 'NONE', *, *, #2070, .T. ) ;
#296 = AXIS2_PLACEMENT_3D ( 'NONE', #202, #17, #1304 ) ;
#297 = VECTOR ( 'NONE', #1508, 1000.000000000000000 ) ;
#298 = AXIS2_PLACEMENT_3D ( 'NONE', #1865, #2057, #227 ) ;
#299 = SURFACE_SIDE_STYLE ('',( #1050 ) ) ;
#300 = ADVANCED_FACE ( 'NONE', ( #629 ), #1014, .F. ) ;
#301 = TOROIDAL_SURFACE ( 'NONE', #1219, 3.022785583374963725, 2.011692683977673646 ) ;
#302 = CARTESIAN_POINT ( 'NONE',  ( -6.000000000000001776, 0.000000000000000000, 0.000000000000000000 ) ) ;
#303 = FILL_AREA_STYLE ('',( #844 ) ) ;
#304 = CIRCLE ( 'NONE', #1338, 1.049263815834361901 ) ;
#305 = MECHANICAL_DESIGN_GEOMETRIC_PRESENTATION_REPRESENTATION (  '', ( #2292 ), #346 ) ;
#306 = CARTESIAN_POINT ( 'NONE',  ( 11.80948073056847747, -7.583214354801771862, -0.2999999999999999334 ) ) ;
#307 = DIRECTION ( 'NONE',  ( 0.000000000000000000, 0.000000000000000000, 1.000000000000000000 ) ) ;
#308 = ORIENTED_EDGE ( 'NONE', *, *, #270, .F. ) ;
#309 = EDGE_CURVE ( 'NONE', #280, #2219, #1289, .T. ) ;
#310 = DIRECTION ( 'NONE',  ( 0.000000000000000000, 0.000000000000000000, 1.000000000000000000 ) ) ;
#311 = CARTESIAN_POINT ( 'NONE',  ( -6.092540868572752899, 0.1799999999999999933, 0.4000000000000000222 ) ) ;
#312 = FACE_OUTER_BOUND ( 'NONE', #1401, .T. ) ;
#313 = CARTESIAN_POINT ( 'NONE',  ( 6.271038501742057569, -0.1799999999999999933, -0.4000000000000000222 ) ) ;
#314 = DIRECTION ( 'NONE',  ( -0.000000000000000000, 1.000000000000000000, 1.224646799147353207E-16 ) ) ;
#315 = ADVANCED_FACE ( 'NONE', ( #275 ), #2050, .F. ) ;
#316 = FACE_OUTER_BOUND ( 'NONE', #8, .T. ) ;
#317 =( LENGTH_UNIT ( ) NAMED_UNIT ( * ) SI_UNIT ( .MILLI., .METRE. ) );
#318 = ORIENTED_EDGE ( 'NONE', *, *, #1066, .F. ) ;
#319 = EDGE_CURVE ( 'NONE', #1136, #994, #944, .T. ) ;
#320 = ORIENTED_EDGE ( 'NONE', *, *, #2014, .T. ) ;
#321 = CARTESIAN_POINT ( 'NONE',  ( -6.029370051363023286, 0.000000000000000000, 0.000000000000000000 ) ) ;
#322 = PRESENTATION_STYLE_ASSIGNMENT (( #2147 ) ) ;
#323 = EDGE_CURVE ( 'NONE', #82, #1174, #1694, .T. ) ;
#324 = SURFACE_SIDE_STYLE ('',( #676 ) ) ;
#325 = SURFACE_STYLE_USAGE ( .BOTH. , #862 ) ;
#326 = SURFACE_SIDE_STYLE ('',( #2109 ) ) ;
#327 = SURFACE_STYLE_FILL_AREA ( #1236 ) ;
#328 = AXIS2_PLACEMENT_3D ( 'NONE', #621, #2297, #835 ) ;
#329 = DIRECTION ( 'NONE',  ( -1.000000000000000000, -0.000000000000000000, -0.000000000000000000 ) ) ;
#330 = ORIENTED_EDGE ( 'NONE', *, *, #125, .F. ) ;
#331 = CIRCLE ( 'NONE', #2087, 0.2999999999999999889 ) ;
#332 = DIRECTION ( 'NONE',  ( 0.000000000000000000, 0.000000000000000000, 1.000000000000000000 ) ) ;
#333 = DIRECTION ( 'NONE',  ( 0.000000000000000000, 0.000000000000000000, -1.000000000000000000 ) ) ;
#334 = ORIENTED_EDGE ( 'NONE', *, *, #2324, .T. ) ;
#335 = COLOUR_RGB ( '',1.000000000000000000, 1.000000000000000000, 1.000000000000000000 ) ;
#336 = DIRECTION ( 'NONE',  ( -1.000000000000000000, 0.000000000000000000, 0.000000000000000000 ) ) ;
#337 = ORIENTED_EDGE ( 'NONE', *, *, #362, .F. ) ;
#338 =( NAMED_UNIT ( * ) PLANE_ANGLE_UNIT ( ) SI_UNIT ( $, .RADIAN. ) );
#339 = TOROIDAL_SURFACE ( 'NONE', #1562, 3.022785583374963725, 1.961692683977673601 ) ;
#340 = CARTESIAN_POINT ( 'NONE',  ( 6.271038501742057569, -0.1799999999999999933, -0.4000000000000000222 ) ) ;
#341 = CIRCLE ( 'NONE', #142, 0.2999999999999999889 ) ;
#342 = AXIS2_PLACEMENT_3D ( 'NONE', #1111, #1835, #1999 ) ;
#343 = FILL_AREA_STYLE_COLOUR ( '', #1442 ) ;
#344 = DIRECTION ( 'NONE',  ( -1.000000000000000000, -0.000000000000000000, -0.000000000000000000 ) ) ;
#345 = ORIENTED_EDGE ( 'NONE', *, *, #1190, .T. ) ;
#346 =( GEOMETRIC_REPRESENTATION_CONTEXT ( 3 ) GLOBAL_UNCERTAINTY_ASSIGNED_CONTEXT ( ( #1398 ) ) GLOBAL_UNIT_ASSIGNED_CONTEXT ( ( #1907, #247, #38 ) ) REPRESENTATION_CONTEXT ( 'NONE', 'WORKASPACE' ) );
#347 = CIRCLE ( 'NONE', #1788, 0.8000000000000003775 ) ;
#348 = ORIENTED_EDGE ( 'NONE', *, *, #802, .F. ) ;
#349 = CARTESIAN_POINT ( 'NONE',  ( 4.861616061732630278, 0.000000000000000000, 1.149999999999999911 ) ) ;
#350 = FILL_AREA_STYLE ('',( #25 ) ) ;
#351 = DIRECTION ( 'NONE',  ( -1.000000000000000000, -0.000000000000000000, -0.000000000000000000 ) ) ;
#352 = DIRECTION ( 'NONE',  ( -1.000000000000000000, -0.000000000000000000, -0.000000000000000000 ) ) ;
#353 = FILL_AREA_STYLE_COLOUR ( '', #485 ) ;
#354 = FILL_AREA_STYLE_COLOUR ( '', #1555 ) ;
#355 = VERTEX_POINT ( 'NONE', #597 ) ;
#356 = CYLINDRICAL_SURFACE ( 'NONE', #588, 0.2999999999999999334 ) ;
#357 = ORIENTED_EDGE ( 'NONE', *, *, #2264, .T. ) ;
#358 = PLANE ( 'NONE',  #413 ) ;
#359 = CARTESIAN_POINT ( 'NONE',  ( 6.029370051363023286, 0.000000000000000000, 0.000000000000000000 ) ) ;
#360 = DIRECTION ( 'NONE',  ( 1.000000000000000000, 0.000000000000000000, -0.000000000000000000 ) ) ;
#361 = CARTESIAN_POINT ( 'NONE',  ( 7.035051772262603365, 0.000000000000000000, 0.3500000000000000333 ) ) ;
#362 = EDGE_CURVE ( 'NONE', #2155, #82, #214, .T. ) ;
#363 = LINE ( 'NONE', #1834, #1706 ) ;
#364 = CARTESIAN_POINT ( 'NONE',  ( 7.035051772262603365, 0.000000000000000000, 0.000000000000000000 ) ) ;
#365 = ORIENTED_EDGE ( 'NONE', *, *, #894, .T. ) ;
#366 = VECTOR ( 'NONE', #1741, 1000.000000000000000 ) ;
#367 = EDGE_CURVE ( 'NONE', #1935, #1295, #1054, .T. ) ;
#368 = DIRECTION ( 'NONE',  ( -0.000000000000000000, 1.000000000000000000, -0.000000000000000000 ) ) ;
#369 = FACE_OUTER_BOUND ( 'NONE', #1354, .T. ) ;
#370 = VERTEX_POINT ( 'NONE', #1000 ) ;
#371 = SURFACE_STYLE_USAGE ( .BOTH. , #518 ) ;
#372 = ORIENTED_EDGE ( 'NONE', *, *, #512, .T. ) ;
#373 = CARTESIAN_POINT ( 'NONE',  ( 4.854051550450479979, 0.000000000000000000, 1.099999999999999867 ) ) ;
#374 = CIRCLE ( 'NONE', #296, 1.100000000000000089 ) ;
#375 = CIRCLE ( 'NONE', #1488, 2.011692683977673646 ) ;
#376 = CARTESIAN_POINT ( 'NONE',  ( -11.80948073056847747, -0.5000000000000022204, -0.2999999999999999334 ) ) ;
#377 = TOROIDAL_SURFACE ( 'NONE', #138, 3.022785583374963725, 1.961692683977673601 ) ;
#378 = DIRECTION ( 'NONE',  ( 1.000000000000000000, 0.000000000000000000, 0.000000000000000000 ) ) ;
#379 = DIRECTION ( 'NONE',  ( -0.000000000000000000, 1.000000000000000000, 1.224646799147353207E-16 ) ) ;
#380 =( GEOMETRIC_REPRESENTATION_CONTEXT ( 3 ) GLOBAL_UNCERTAINTY_ASSIGNED_CONTEXT ( ( #287 ) ) GLOBAL_UNIT_ASSIGNED_CONTEXT ( ( #1309, #987, #1716 ) ) REPRESENTATION_CONTEXT ( 'NONE', 'WORKASPACE' ) );
#381 = COLOUR_RGB ( '',1.000000000000000000, 1.000000000000000000, 1.000000000000000000 ) ;
#382 = CARTESIAN_POINT ( 'NONE',  ( 27.00000000000000000, 0.000000000000000000, 0.000000000000000000 ) ) ;
#383 = ORIENTED_EDGE ( 'NONE', *, *, #1803, .T. ) ;
#384 = CIRCLE ( 'NONE', #2143, 1.149999999999999911 ) ;
#385 = EDGE_LOOP ( 'NONE', ( #1806, #847, #1425, #1207 ) ) ;
#386 = ORIENTED_EDGE ( 'NONE', *, *, #1215, .T. ) ;
#387 = ADVANCED_FACE ( 'NONE', ( #2267 ), #2123, .T. ) ;
#388 = CIRCLE ( 'NONE', #1984, 0.2999999999999999334 ) ;
#389 = ORIENTED_EDGE ( 'NONE', *, *, #1576, .T. ) ;
#390 = ORIENTED_EDGE ( 'NONE', *, *, #1426, .T. ) ;
#391 = DIRECTION ( 'NONE',  ( 1.000000000000000000, 0.000000000000000000, 0.000000000000000000 ) ) ;
#392 = SURFACE_SIDE_STYLE ('',( #929 ) ) ;
#393 = LINE ( 'NONE', #550, #2364 ) ;
#394 = EDGE_CURVE ( 'NONE', #610, #434, #29, .T. ) ;
#395 = DIRECTION ( 'NONE',  ( -1.000000000000000000, 0.000000000000000000, -0.000000000000000000 ) ) ;
#396 = ORIENTED_EDGE ( 'NONE', *, *, #1882, .T. ) ;
#397 = EDGE_CURVE ( 'NONE', #1622, #461, #61, .T. ) ;
#398 = CARTESIAN_POINT ( 'NONE',  ( 27.00000000000000000, 0.07999999999999996003, -0.2891366458960191732 ) ) ;
#399 = FACE_OUTER_BOUND ( 'NONE', #971, .T. ) ;
#400 = EDGE_CURVE ( 'NONE', #1695, #21, #1372, .T. ) ;
#401 = DIRECTION ( 'NONE',  ( 0.000000000000000000, 0.000000000000000000, -1.000000000000000000 ) ) ;
#402 = CARTESIAN_POINT ( 'NONE',  ( -0.5278430277006630478, -0.1800000000000007705, -0.4000000000000000222 ) ) ;
#403 = SURFACE_STYLE_FILL_AREA ( #941 ) ;
#404 = PRESENTATION_STYLE_ASSIGNMENT (( #2041 ) ) ;
#405 = VERTEX_POINT ( 'NONE', #1433 ) ;
#406 = ORIENTED_EDGE ( 'NONE', *, *, #1988, .T. ) ;
#407 = MECHANICAL_DESIGN_GEOMETRIC_PRESENTATION_REPRESENTATION (  '', ( #1669 ), #1740 ) ;
#408 = DIRECTION ( 'NONE',  ( 1.000000000000000000, 0.000000000000000000, 0.000000000000000000 ) ) ;
#409 = CARTESIAN_POINT ( 'NONE',  ( 5.445493056547826782, 0.000000000000000000, 0.000000000000000000 ) ) ;
#410 = DIRECTION ( 'NONE',  ( 0.000000000000000000, 0.000000000000000000, 1.000000000000000000 ) ) ;
#411 = AXIS2_PLACEMENT_3D ( 'NONE', #790, #424, #1510 ) ;
#412 = FILL_AREA_STYLE ('',( #1699 ) ) ;
#413 = AXIS2_PLACEMENT_3D ( 'NONE', #902, #185, #1794 ) ;
#414 =( NAMED_UNIT ( * ) PLANE_ANGLE_UNIT ( ) SI_UNIT ( $, .RADIAN. ) );
#415 = MECHANICAL_DESIGN_GEOMETRIC_PRESENTATION_REPRESENTATION (  '', ( #1337 ), #2055 ) ;
#416 = EDGE_CURVE ( 'NONE', #1034, #160, #500, .T. ) ;
#417 = CIRCLE ( 'NONE', #712, 1.099263815834361502 ) ;
#418 = CARTESIAN_POINT ( 'NONE',  ( -5.445493056547826782, 0.000000000000000000, 3.022785583374963725 ) ) ;
#419 = EDGE_CURVE ( 'NONE', #694, #585, #2293, .T. ) ;
#420 =( GEOMETRIC_REPRESENTATION_CONTEXT ( 3 ) GLOBAL_UNCERTAINTY_ASSIGNED_CONTEXT ( ( #1079 ) ) GLOBAL_UNIT_ASSIGNED_CONTEXT ( ( #1454, #711, #1093 ) ) REPRESENTATION_CONTEXT ( 'NONE', 'WORKASPACE' ) );
#421 = VERTEX_POINT ( 'NONE', #645 ) ;
#422 = CARTESIAN_POINT ( 'NONE',  ( 6.271038501742057569, -0.1799999999999999933, -0.4000000000000000222 ) ) ;
#423 = TOROIDAL_SURFACE ( 'NONE', #568, 3.022785583374963725, 2.011692683977673646 ) ;
#424 = DIRECTION ( 'NONE',  ( -1.000000000000000000, -0.000000000000000000, -0.000000000000000000 ) ) ;
#425 = SURFACE_STYLE_USAGE ( .BOTH. , #1567 ) ;
#426 = ORIENTED_EDGE ( 'NONE', *, *, #1230, .F. ) ;
#427 = ORIENTED_EDGE ( 'NONE', *, *, #1908, .T. ) ;
#428 = SURFACE_STYLE_USAGE ( .BOTH. , #586 ) ;
#429 = VERTEX_POINT ( 'NONE', #306 ) ;
#430 = DIRECTION ( 'NONE',  ( -1.000000000000000000, -0.000000000000000000, -0.000000000000000000 ) ) ;
#431 = DIRECTION ( 'NONE',  ( 1.000000000000000000, 0.000000000000000000, 0.000000000000000000 ) ) ;
#432 = EDGE_CURVE ( 'NONE', #1873, #2034, #100, .T. ) ;
#433 = DIRECTION ( 'NONE',  ( 1.000000000000000000, 0.000000000000000000, -0.000000000000000000 ) ) ;
#434 = VERTEX_POINT ( 'NONE', #1072 ) ;
#435 = ADVANCED_FACE ( 'NONE', ( #144 ), #666, .F. ) ;
#436 = CARTESIAN_POINT ( 'NONE',  ( -7.099999999999999645, 0.000000000000000000, 0.000000000000000000 ) ) ;
#437 = EDGE_LOOP ( 'NONE', ( #1193, #178, #101, #372, #1847, #278 ) ) ;
#438 =( GEOMETRIC_REPRESENTATION_CONTEXT ( 3 ) GLOBAL_UNCERTAINTY_ASSIGNED_CONTEXT ( ( #2136 ) ) GLOBAL_UNIT_ASSIGNED_CONTEXT ( ( #904, #338, #1260 ) ) REPRESENTATION_CONTEXT ( 'NONE', 'WORKASPACE' ) );
#439 = LINE ( 'NONE', #774, #456 ) ;
#440 = MECHANICAL_DESIGN_GEOMETRIC_PRESENTATION_REPRESENTATION (  '', ( #624 ), #291 ) ;
#441 = SURFACE_STYLE_FILL_AREA ( #1155 ) ;
#442 = ORIENTED_EDGE ( 'NONE', *, *, #2341, .F. ) ;
#443 = CARTESIAN_POINT ( 'NONE',  ( 11.30948073056847747, -0.5000000000000000000, 0.000000000000000000 ) ) ;
#444 = FACE_OUTER_BOUND ( 'NONE', #2082, .T. ) ;
#445 = AXIS2_PLACEMENT_3D ( 'NONE', #995, #589, #811 ) ;
#446 = ORIENTED_EDGE ( 'NONE', *, *, #1036, .F. ) ;
#447 = VERTEX_POINT ( 'NONE', #2159 ) ;
#448 = ORIENTED_EDGE ( 'NONE', *, *, #1636, .T. ) ;
#449 = AXIS2_PLACEMENT_3D ( 'NONE', #2365, #1981, #2023 ) ;
#450 = CARTESIAN_POINT ( 'NONE',  ( -11.30948073056847747, -0.5000000000000000000, 0.000000000000000000 ) ) ;
#451 = AXIS2_PLACEMENT_3D ( 'NONE', #468, #1531, #276 ) ;
#452 = ORIENTED_EDGE ( 'NONE', *, *, #567, .F. ) ;
#453 = CIRCLE ( 'NONE', #1826, 0.3500000000000000333 ) ;
#454 = CARTESIAN_POINT ( 'NONE',  ( 0.000000000000000000, 1.347111479062088503E-16, -1.100000000000000089 ) ) ;
#455 = CARTESIAN_POINT ( 'NONE',  ( 11.30948073056847747, 0.000000000000000000, 0.000000000000000000 ) ) ;
#456 = VECTOR ( 'NONE', #1164, 1000.000000000000000 ) ;
#457 = ORIENTED_EDGE ( 'NONE', *, *, #2334, .F. ) ;
#458 = ORIENTED_EDGE ( 'NONE', *, *, #2056, .T. ) ;
#459 = DIRECTION ( 'NONE',  ( 0.000000000000000000, 0.000000000000000000, 1.000000000000000000 ) ) ;
#460 = EDGE_CURVE ( 'NONE', #1174, #1587, #2116, .T. ) ;
#461 = VERTEX_POINT ( 'NONE', #831 ) ;
#462 = ORIENTED_EDGE ( 'NONE', *, *, #1015, .T. ) ;
#463 = DIRECTION ( 'NONE',  ( -1.000000000000000000, -0.000000000000000000, -0.000000000000000000 ) ) ;
#464 = CARTESIAN_POINT ( 'NONE',  ( -5.445493056547826782, 0.000000000000000000, 0.000000000000000000 ) ) ;
#465 = ADVANCED_FACE ( 'NONE', ( #316 ), #1948, .T. ) ;
#466 = DIRECTION ( 'NONE',  ( -1.000000000000000000, 0.000000000000000000, 0.000000000000000000 ) ) ;
#467 = SURFACE_STYLE_USAGE ( .BOTH. , #326 ) ;
#468 = CARTESIAN_POINT ( 'NONE',  ( 0.000000000000000000, 0.000000000000000000, 0.000000000000000000 ) ) ;
#469 = VERTEX_POINT ( 'NONE', #2327 ) ;
#470 =( LENGTH_UNIT ( ) NAMED_UNIT ( * ) SI_UNIT ( .MILLI., .METRE. ) );
#471 = DIRECTION ( 'NONE',  ( -1.000000000000000000, -0.000000000000000000, -0.000000000000000000 ) ) ;
#472 = DIRECTION ( 'NONE',  ( 0.000000000000000000, 0.000000000000000000, 1.000000000000000000 ) ) ;
#473 = PRESENTATION_STYLE_ASSIGNMENT (( #467 ) ) ;
#474 = VECTOR ( 'NONE', #2228, 1000.000000000000000 ) ;
#475 = COLOUR_RGB ( '',1.000000000000000000, 1.000000000000000000, 1.000000000000000000 ) ;
#476 = MECHANICAL_DESIGN_GEOMETRIC_PRESENTATION_REPRESENTATION (  '', ( #2169 ), #1704 ) ;
#477 = VECTOR ( 'NONE', #1428, 1000.000000000000000 ) ;
#478 = DIRECTION ( 'NONE',  ( 0.000000000000000000, 0.000000000000000000, -1.000000000000000000 ) ) ;
#479 = DIRECTION ( 'NONE',  ( 0.000000000000000000, 0.000000000000000000, 1.000000000000000000 ) ) ;
#480 = ORIENTED_EDGE ( 'NONE', *, *, #117, .F. ) ;
#481 = AXIS2_PLACEMENT_3D ( 'NONE', #1412, #2139, #1762 ) ;
#482 = AXIS2_PLACEMENT_3D ( 'NONE', #1759, #1735, #1595 ) ;
#483 = FILL_AREA_STYLE_COLOUR ( '', #1810 ) ;
#484 = VECTOR ( 'NONE', #471, 1000.000000000000000 ) ;
#485 = COLOUR_RGB ( '',1.000000000000000000, 1.000000000000000000, 1.000000000000000000 ) ;
#486 = FILL_AREA_STYLE_COLOUR ( '', #1943 ) ;
#487 = DIRECTION ( 'NONE',  ( 0.000000000000000000, 0.000000000000000000, 1.000000000000000000 ) ) ;
#488 = PRESENTATION_LAYER_ASSIGNMENT (  '', '', ( #182 ) ) ;
#489 = DIRECTION ( 'NONE',  ( 1.000000000000000000, 1.156141008852702051E-16, -0.000000000000000000 ) ) ;
#490 = DIRECTION ( 'NONE',  ( 0.000000000000000000, -0.000000000000000000, 1.000000000000000000 ) ) ;
#491 = DIRECTION ( 'NONE',  ( 0.000000000000000000, -1.000000000000000000, 0.000000000000000000 ) ) ;
#492 = EDGE_LOOP ( 'NONE', ( #1002, #1822, #877, #365, #761, #1448, #383, #1559 ) ) ;
#493 = EDGE_CURVE ( 'NONE', #42, #1542, #2170, .T. ) ;
#494 = ORIENTED_EDGE ( 'NONE', *, *, #809, .F. ) ;
#495 = DIRECTION ( 'NONE',  ( -1.000000000000000000, -0.000000000000000000, -0.000000000000000000 ) ) ;
#496 =( NAMED_UNIT ( * ) PLANE_ANGLE_UNIT ( ) SI_UNIT ( $, .RADIAN. ) );
#497 = LINE ( 'NONE', #825, #229 ) ;
#498 = DIRECTION ( 'NONE',  ( -1.000000000000000000, -0.000000000000000000, -0.000000000000000000 ) ) ;
#499 = UNCERTAINTY_MEASURE_WITH_UNIT (LENGTH_MEASURE( 1.000000000000000082E-05 ), #470, 'distance_accuracy_value', 'NONE');
#500 = LINE ( 'NONE', #508, #866 ) ;
#501 = CARTESIAN_POINT ( 'NONE',  ( -7.099999999999999645, 0.000000000000000000, 0.000000000000000000 ) ) ;
#502 = EDGE_CURVE ( 'NONE', #986, #999, #628, .T. ) ;
#503 = EDGE_LOOP ( 'NONE', ( #2314, #1326, #909, #1197 ) ) ;
#504 = LINE ( 'NONE', #2167, #1862 ) ;
#505 = DIRECTION ( 'NONE',  ( -1.000000000000000000, -0.000000000000000000, -0.000000000000000000 ) ) ;
#506 = CARTESIAN_POINT ( 'NONE',  ( -7.035051772262604253, 0.000000000000000000, 0.000000000000000000 ) ) ;
#507 =( NAMED_UNIT ( * ) PLANE_ANGLE_UNIT ( ) SI_UNIT ( $, .RADIAN. ) );
#508 = CARTESIAN_POINT ( 'NONE',  ( -6.092540868572752899, 0.1799999999999999933, 0.4000000000000000222 ) ) ;
#509 = DIRECTION ( 'NONE',  ( -1.000000000000000000, -0.000000000000000000, -0.000000000000000000 ) ) ;
#510 = EDGE_LOOP ( 'NONE', ( #272, #1061, #2103, #1022 ) ) ;
#511 = PRESENTATION_LAYER_ASSIGNMENT (  '', '', ( #1854 ) ) ;
#512 = EDGE_CURVE ( 'NONE', #999, #235, #1901, .T. ) ;
#513 = AXIS2_PLACEMENT_3D ( 'NONE', #1276, #2001, #204 ) ;
#514 = ORIENTED_EDGE ( 'NONE', *, *, #1156, .F. ) ;
#515 = CARTESIAN_POINT ( 'NONE',  ( 5.999999999999997335, -2.232176852237233167, -0.2999999999999999889 ) ) ;
#516 = ORIENTED_EDGE ( 'NONE', *, *, #2212, .T. ) ;
#517 = VECTOR ( 'NONE', #164, 1000.000000000000000 ) ;
#518 = SURFACE_SIDE_STYLE ('',( #1429 ) ) ;
#519 = CIRCLE ( 'NONE', #1214, 0.2999999999999999334 ) ;
#520 = PRESENTATION_LAYER_ASSIGNMENT (  '', '', ( #2054 ) ) ;
#521 = UNCERTAINTY_MEASURE_WITH_UNIT (LENGTH_MEASURE( 1.000000000000000082E-05 ), #225, 'distance_accuracy_value', 'NONE');
#522 = SURFACE_STYLE_USAGE ( .BOTH. , #1628 ) ;
#523 = CIRCLE ( 'NONE', #2138, 1.099973353069098048 ) ;
#524 = MECHANICAL_DESIGN_GEOMETRIC_PRESENTATION_REPRESENTATION (  '', ( #1713 ), #1603 ) ;
#525 = CARTESIAN_POINT ( 'NONE',  ( 5.999999999999998224, -0.07999999999999977962, 0.2891366458960192287 ) ) ;
#526 = CARTESIAN_POINT ( 'NONE',  ( 6.029370051363023286, 0.000000000000000000, 1.149999999999999911 ) ) ;
#527 = ORIENTED_EDGE ( 'NONE', *, *, #2235, .F. ) ;
#528 = AXIS2_PLACEMENT_3D ( 'NONE', #228, #1536, #410 ) ;
#529 = CARTESIAN_POINT ( 'NONE',  ( -6.092540868572752899, 0.1799999999999999933, -0.4000000000000000222 ) ) ;
#530 = VECTOR ( 'NONE', #1829, 1000.000000000000000 ) ;
#531 = DIRECTION ( 'NONE',  ( -0.000000000000000000, 0.000000000000000000, 1.000000000000000000 ) ) ;
#532 = EDGE_LOOP ( 'NONE', ( #901, #2229, #547, #104 ) ) ;
#533 = FILL_AREA_STYLE_COLOUR ( '', #874 ) ;
#534 = EDGE_LOOP ( 'NONE', ( #2205, #1515, #1045, #156 ) ) ;
#535 = ADVANCED_FACE ( 'NONE', ( #2198 ), #2213, .F. ) ;
#536 = PLANE ( 'NONE',  #642 ) ;
#537 =( LENGTH_UNIT ( ) NAMED_UNIT ( * ) SI_UNIT ( .MILLI., .METRE. ) );
#538 = CARTESIAN_POINT ( 'NONE',  ( 6.271038501742057569, -0.1799999999999999933, 0.4000000000000000222 ) ) ;
#539 = ADVANCED_FACE ( 'NONE', ( #1287 ), #1110, .F. ) ;
#540 =( LENGTH_UNIT ( ) NAMED_UNIT ( * ) SI_UNIT ( .MILLI., .METRE. ) );
#541 = ORIENTED_EDGE ( 'NONE', *, *, #1643, .T. ) ;
#542 = ORIENTED_EDGE ( 'NONE', *, *, #817, .F. ) ;
#543 = DIRECTION ( 'NONE',  ( 0.000000000000000000, 0.000000000000000000, 1.000000000000000000 ) ) ;
#544 = DIRECTION ( 'NONE',  ( -1.000000000000000000, 0.000000000000000000, 0.000000000000000000 ) ) ;
#545 = VERTEX_POINT ( 'NONE', #1647 ) ;
#546 = CARTESIAN_POINT ( 'NONE',  ( 11.80948073056847747, -7.583214354801771862, 0.000000000000000000 ) ) ;
#547 = ORIENTED_EDGE ( 'NONE', *, *, #1672, .F. ) ;
#548 = SURFACE_SIDE_STYLE ('',( #1078 ) ) ;
#549 = CARTESIAN_POINT ( 'NONE',  ( -5.445493056547826782, 0.000000000000000000, 0.000000000000000000 ) ) ;
#550 = CARTESIAN_POINT ( 'NONE',  ( 5.999999999999997335, -0.1800000000000000488, -0.2999999999999999889 ) ) ;
#551 = CARTESIAN_POINT ( 'NONE',  ( 6.029370051363023286, 0.000000000000000000, 0.000000000000000000 ) ) ;
#552 = CIRCLE ( 'NONE', #2206, 0.2999999999999999889 ) ;
#553 = AXIS2_PLACEMENT_3D ( 'NONE', #1781, #1074, #1649 ) ;
#554 = VERTEX_POINT ( 'NONE', #1659 ) ;
#555 = AXIS2_PLACEMENT_3D ( 'NONE', #443, #1179, #1726 ) ;
#556 =( LENGTH_UNIT ( ) NAMED_UNIT ( * ) SI_UNIT ( .MILLI., .METRE. ) );
#557 = ORIENTED_EDGE ( 'NONE', *, *, #813, .T. ) ;
#558 = CARTESIAN_POINT ( 'NONE',  ( -6.092540868572752011, 0.000000000000000000, 0.000000000000000000 ) ) ;
#559 = CIRCLE ( 'NONE', #1744, 0.2000000000000005107 ) ;
#560 = CIRCLE ( 'NONE', #1745, 0.3499999999999999778 ) ;
#561 = PRESENTATION_STYLE_ASSIGNMENT (( #522 ) ) ;
#562 = PRESENTATION_LAYER_ASSIGNMENT (  '', '', ( #983 ) ) ;
#563 = FILL_AREA_STYLE_COLOUR ( '', #1058 ) ;
#564 = COLOUR_RGB ( '',1.000000000000000000, 1.000000000000000000, 1.000000000000000000 ) ;
#565 = EDGE_CURVE ( 'NONE', #1169, #429, #1330, .T. ) ;
#566 =( NAMED_UNIT ( * ) SI_UNIT ( $, .STERADIAN. ) SOLID_ANGLE_UNIT ( ) );
#567 = EDGE_CURVE ( 'NONE', #671, #2328, #1457, .T. ) ;
#568 = AXIS2_PLACEMENT_3D ( 'NONE', #1225, #1931, #487 ) ;
#569 = DIRECTION ( 'NONE',  ( 0.000000000000000000, 0.000000000000000000, -1.000000000000000000 ) ) ;
#570 = DIRECTION ( 'NONE',  ( 0.000000000000000000, 0.000000000000000000, 1.000000000000000000 ) ) ;
#571 =( NAMED_UNIT ( * ) SI_UNIT ( $, .STERADIAN. ) SOLID_ANGLE_UNIT ( ) );
#572 = CARTESIAN_POINT ( 'NONE',  ( -7.035051772262604253, 0.3499999999999999778, 0.000000000000000000 ) ) ;
#573 = ORIENTED_EDGE ( 'NONE', *, *, #1799, .T. ) ;
#574 = EDGE_LOOP ( 'NONE', ( #56, #1556, #1964, #1460 ) ) ;
#575 = EDGE_LOOP ( 'NONE', ( #527, #913, #1840, #772, #1920 ) ) ;
#576 = DIRECTION ( 'NONE',  ( 0.000000000000000000, -1.000000000000000000, 0.000000000000000000 ) ) ;
#577 = EDGE_CURVE ( 'NONE', #2034, #1873, #374, .T. ) ;
#578 = FILL_AREA_STYLE_COLOUR ( '', #1942 ) ;
#579 = CARTESIAN_POINT ( 'NONE',  ( 6.271038501742057569, -0.1799999999999999933, 0.4000000000000000222 ) ) ;
#580 = SURFACE_SIDE_STYLE ('',( #250 ) ) ;
#581 =( NAMED_UNIT ( * ) PLANE_ANGLE_UNIT ( ) SI_UNIT ( $, .RADIAN. ) );
#582 = ORIENTED_EDGE ( 'NONE', *, *, #734, .T. ) ;
#583 = CARTESIAN_POINT ( 'NONE',  ( 6.271038501742057569, -0.07999999999999996003, -0.4000000000000000222 ) ) ;
#584 = ORIENTED_EDGE ( 'NONE', *, *, #41, .F. ) ;
#585 = VERTEX_POINT ( 'NONE', #525 ) ;
#586 = SURFACE_SIDE_STYLE ('',( #1138 ) ) ;
#587 = AXIS2_PLACEMENT_3D ( 'NONE', #1661, #1099, #1820 ) ;
#588 = AXIS2_PLACEMENT_3D ( 'NONE', #2342, #149, #1101 ) ;
#589 = DIRECTION ( 'NONE',  ( -1.000000000000000000, -0.000000000000000000, -0.000000000000000000 ) ) ;
#590 = FACE_OUTER_BOUND ( 'NONE', #778, .T. ) ;
#591 = AXIS2_PLACEMENT_3D ( 'NONE', #1378, #949, #216 ) ;
#592 = VECTOR ( 'NONE', #489, 1000.000000000000000 ) ;
#593 = DIRECTION ( 'NONE',  ( -0.000000000000000000, -0.000000000000000000, -1.000000000000000000 ) ) ;
#594 = FILL_AREA_STYLE ('',( #1511 ) ) ;
#595 = AXIS2_PLACEMENT_3D ( 'NONE', #801, #2036, #1889 ) ;
#596 = COLOUR_RGB ( '',1.000000000000000000, 1.000000000000000000, 1.000000000000000000 ) ;
#597 = CARTESIAN_POINT ( 'NONE',  ( 5.445493056547826782, 1.299464022844876166E-16, -1.061092899397290124 ) ) ;
#598 = AXIS2_PLACEMENT_3D ( 'NONE', #1664, #750, #2085 ) ;
#599 = TOROIDAL_SURFACE ( 'NONE', #1184, 3.022785583374963725, 1.961692683977673601 ) ;
#600 = CARTESIAN_POINT ( 'NONE',  ( 6.029370051363023286, 0.000000000000000000, 0.000000000000000000 ) ) ;
#601 = CIRCLE ( 'NONE', #955, 0.2999999999999999889 ) ;
#602 = ADVANCED_FACE ( 'NONE', ( #1989 ), #1800, .T. ) ;
#603 = SURFACE_STYLE_FILL_AREA ( #1333 ) ;
#604 = SURFACE_SIDE_STYLE ('',( #2044 ) ) ;
#605 = DIRECTION ( 'NONE',  ( -0.000000000000000000, 1.000000000000000000, 1.224646799147353207E-16 ) ) ;
#606 = FILL_AREA_STYLE_COLOUR ( '', #1683 ) ;
#607 = EDGE_CURVE ( 'NONE', #2200, #611, #940, .T. ) ;
#608 = CARTESIAN_POINT ( 'NONE',  ( 6.029370051363023286, 0.000000000000000000, 0.05073618416563847877 ) ) ;
#609 = FILL_AREA_STYLE ('',( #1489 ) ) ;
#610 = VERTEX_POINT ( 'NONE', #1495 ) ;
#611 = VERTEX_POINT ( 'NONE', #402 ) ;
#612 = CARTESIAN_POINT ( 'NONE',  ( -11.80948073056847747, -7.583214354801771862, 0.2999999999999999334 ) ) ;
#613 = CARTESIAN_POINT ( 'NONE',  ( 5.445493056547826782, 0.000000000000000000, 1.061092899397290124 ) ) ;
#614 = DIRECTION ( 'NONE',  ( 1.000000000000000000, 0.000000000000000000, 0.000000000000000000 ) ) ;
#615 = DIRECTION ( 'NONE',  ( -0.000000000000000000, -0.000000000000000000, -1.000000000000000000 ) ) ;
#616 = SURFACE_STYLE_USAGE ( .BOTH. , #50 ) ;
#617 = DIRECTION ( 'NONE',  ( 1.000000000000000000, 0.000000000000000000, 0.000000000000000000 ) ) ;
#618 = ORIENTED_EDGE ( 'NONE', *, *, #2217, .F. ) ;
#619 = EDGE_LOOP ( 'NONE', ( #320, #33, #782, #1331 ) ) ;
#620 = ORIENTED_EDGE ( 'NONE', *, *, #1342, .T. ) ;
#621 = CARTESIAN_POINT ( 'NONE',  ( -6.000000000000001776, 0.000000000000000000, 0.000000000000000000 ) ) ;
#622 =( GEOMETRIC_REPRESENTATION_CONTEXT ( 3 ) GLOBAL_UNCERTAINTY_ASSIGNED_CONTEXT ( ( #521 ) ) GLOBAL_UNIT_ASSIGNED_CONTEXT ( ( #225, #1507, #36 ) ) REPRESENTATION_CONTEXT ( 'NONE', 'WORKASPACE' ) );
#623 = DIRECTION ( 'NONE',  ( 0.000000000000000000, 1.000000000000000000, 0.000000000000000000 ) ) ;
#624 = STYLED_ITEM ( 'NONE', ( #1514 ), #300 ) ;
#625 = PRESENTATION_STYLE_ASSIGNMENT (( #240 ) ) ;
#626 = EDGE_CURVE ( 'NONE', #660, #748, #2227, .T. ) ;
#627 =( NAMED_UNIT ( * ) PLANE_ANGLE_UNIT ( ) SI_UNIT ( $, .RADIAN. ) );
#628 = CIRCLE ( 'NONE', #481, 0.2999999999999999334 ) ;
#629 = FACE_OUTER_BOUND ( 'NONE', #849, .T. ) ;
#630 = EDGE_CURVE ( 'NONE', #255, #1076, #154, .T. ) ;
#631 = PRESENTATION_STYLE_ASSIGNMENT (( #1352 ) ) ;
#632 = AXIS2_PLACEMENT_3D ( 'NONE', #1119, #175, #754 ) ;
#633 = VERTEX_POINT ( 'NONE', #895 ) ;
#634 = CIRCLE ( 'NONE', #2321, 0.2999999999999999889 ) ;
#635 = COLOUR_RGB ( '',1.000000000000000000, 1.000000000000000000, 1.000000000000000000 ) ;
#636 = ADVANCED_FACE ( 'NONE', ( #2186 ), #1632, .F. ) ;
#637 = ORIENTED_EDGE ( 'NONE', *, *, #734, .F. ) ;
#638 = COLOUR_RGB ( '',1.000000000000000000, 1.000000000000000000, 1.000000000000000000 ) ;
#639 = FACE_OUTER_BOUND ( 'NONE', #1159, .T. ) ;
#640 = CARTESIAN_POINT ( 'NONE',  ( 11.30948073056847747, -0.5000000000000000000, 0.000000000000000000 ) ) ;
#641 = AXIS2_PLACEMENT_3D ( 'NONE', #1492, #1440, #2185 ) ;
#642 = AXIS2_PLACEMENT_3D ( 'NONE', #2346, #1462, #12 ) ;
#643 = CARTESIAN_POINT ( 'NONE',  ( 0.7297713588363206050, 0.07999999999999996003, 0.4000000000000000222 ) ) ;
#644 = DIRECTION ( 'NONE',  ( 1.000000000000000000, 0.000000000000000000, 0.000000000000000000 ) ) ;
#645 = CARTESIAN_POINT ( 'NONE',  ( 11.30948073056847747, 3.673940397442058882E-17, -0.2999999999999999334 ) ) ;
#646 = CARTESIAN_POINT ( 'NONE',  ( 7.035051772262605141, 0.000000000000000000, 0.000000000000000000 ) ) ;
#647 = ORIENTED_EDGE ( 'NONE', *, *, #1126, .T. ) ;
#648 = CARTESIAN_POINT ( 'NONE',  ( 11.80948073056847747, -0.5000000000000022204, 0.2999999999999999334 ) ) ;
#649 = EDGE_CURVE ( 'NONE', #976, #90, #363, .T. ) ;
#650 = LINE ( 'NONE', #2113, #484 ) ;
#651 = DIRECTION ( 'NONE',  ( 0.000000000000000000, 0.000000000000000000, 1.000000000000000000 ) ) ;
#652 = PRESENTATION_STYLE_ASSIGNMENT (( #325 ) ) ;
#653 = LINE ( 'NONE', #892, #2313 ) ;
#654 =( LENGTH_UNIT ( ) NAMED_UNIT ( * ) SI_UNIT ( .MILLI., .METRE. ) );
#655 = SURFACE_SIDE_STYLE ('',( #327 ) ) ;
#656 =( NAMED_UNIT ( * ) SI_UNIT ( $, .STERADIAN. ) SOLID_ANGLE_UNIT ( ) );
#657 = ORIENTED_EDGE ( 'NONE', *, *, #1137, .F. ) ;
#658 = EDGE_CURVE ( 'NONE', #1729, #984, #1561, .T. ) ;
#659 = CARTESIAN_POINT ( 'NONE',  ( -5.445493056547826782, 0.000000000000000000, 3.022785583374963725 ) ) ;
#660 = VERTEX_POINT ( 'NONE', #2061 ) ;
#661 = AXIS2_PLACEMENT_3D ( 'NONE', #721, #1809, #916 ) ;
#662 = LINE ( 'NONE', #2108, #1521 ) ;
#663 = UNCERTAINTY_MEASURE_WITH_UNIT (LENGTH_MEASURE( 1.000000000000000082E-05 ), #838, 'distance_accuracy_value', 'NONE');
#664 = CLOSED_SHELL ( 'NONE', ( #387, #2020, #300, #1040, #1881, #961, #722, #2309, #2238, #733, #1140, #1102, #2084, #284, #1709, #602, #1046, #2037, #1465, #1160, #1497, #1705, #1842, #1570, #293, #1212, #187, #1351 ) ) ;
#665 = ADVANCED_FACE ( 'NONE', ( #1526 ), #2265, .F. ) ;
#666 = TOROIDAL_SURFACE ( 'NONE', #2356, 0.05073618416563847877, 1.049263815834361901 ) ;
#667 = CARTESIAN_POINT ( 'NONE',  ( -6.000000000000002665, 0.07999999999999977962, -0.2999999999999999889 ) ) ;
#668 = EDGE_LOOP ( 'NONE', ( #1402, #183, #1904, #582, #1858 ) ) ;
#669 = AXIS2_PLACEMENT_3D ( 'NONE', #2047, #2071, #84 ) ;
#670 = PRESENTATION_LAYER_ASSIGNMENT (  '', '', ( #1446 ) ) ;
#671 = VERTEX_POINT ( 'NONE', #2258 ) ;
#672 = PRESENTATION_STYLE_ASSIGNMENT (( #2112 ) ) ;
#673 = ORIENTED_EDGE ( 'NONE', *, *, #1482, .T. ) ;
#674 = VECTOR ( 'NONE', #936, 1000.000000000000000 ) ;
#675 = PLANE ( 'NONE',  #1568 ) ;
#676 = SURFACE_STYLE_FILL_AREA ( #1579 ) ;
#677 = TOROIDAL_SURFACE ( 'NONE', #1493, 3.022785583374963725, 2.011692683977673646 ) ;
#678 = EDGE_CURVE ( 'NONE', #2075, #2271, #2011, .T. ) ;
#679 = DIRECTION ( 'NONE',  ( 0.000000000000000000, 1.000000000000000000, 0.000000000000000000 ) ) ;
#680 = DIRECTION ( 'NONE',  ( 0.000000000000000000, 1.000000000000000000, 0.000000000000000000 ) ) ;
#681 = STYLED_ITEM ( 'NONE', ( #561 ), #1705 ) ;
#682 = STYLED_ITEM ( 'NONE', ( #859 ), #1911 ) ;
#683 = DIRECTION ( 'NONE',  ( 0.000000000000000000, 0.000000000000000000, 1.000000000000000000 ) ) ;
#684 = DIRECTION ( 'NONE',  ( -0.000000000000000000, 1.000000000000000000, 0.000000000000000000 ) ) ;
#685 = ORIENTED_EDGE ( 'NONE', *, *, #2239, .T. ) ;
#686 = CARTESIAN_POINT ( 'NONE',  ( -0.5278430277006630478, -0.08000000000000076494, 0.4000000000000000222 ) ) ;
#687 = UNCERTAINTY_MEASURE_WITH_UNIT (LENGTH_MEASURE( 1.000000000000000082E-05 ), #1031, 'distance_accuracy_value', 'NONE');
#688 = CARTESIAN_POINT ( 'NONE',  ( -6.000000000000001776, 0.07999999999999977962, -0.2891366458960192287 ) ) ;
#689 = DIRECTION ( 'NONE',  ( 0.000000000000000000, 0.000000000000000000, -1.000000000000000000 ) ) ;
#690 =( LENGTH_UNIT ( ) NAMED_UNIT ( * ) SI_UNIT ( .MILLI., .METRE. ) );
#691 = ORIENTED_EDGE ( 'NONE', *, *, #607, .F. ) ;
#692 = EDGE_LOOP ( 'NONE', ( #2221, #448, #205, #46 ) ) ;
#693 = CARTESIAN_POINT ( 'NONE',  ( 0.000000000000000000, 0.000000000000000000, 1.149999999999999911 ) ) ;
#694 = VERTEX_POINT ( 'NONE', #1336 ) ;
#695 = DIRECTION ( 'NONE',  ( -0.000000000000000000, 1.000000000000000000, 1.224646799147353207E-16 ) ) ;
#696 = PRESENTATION_STYLE_ASSIGNMENT (( #1453 ) ) ;
#697 = DIRECTION ( 'NONE',  ( -1.000000000000000000, 0.000000000000000000, 0.000000000000000000 ) ) ;
#698 = EDGE_CURVE ( 'NONE', #2247, #2366, #830, .T. ) ;
#699 = DIRECTION ( 'NONE',  ( 0.000000000000000000, 0.000000000000000000, 1.000000000000000000 ) ) ;
#700 = PRESENTATION_LAYER_ASSIGNMENT (  '', '', ( #97 ) ) ;
#701 = SURFACE_SIDE_STYLE ('',( #2339 ) ) ;
#702 = EDGE_CURVE ( 'NONE', #746, #1135, #980, .T. ) ;
#703 = DIRECTION ( 'NONE',  ( 0.000000000000000000, -1.000000000000000000, 0.000000000000000000 ) ) ;
#704 = ORIENTED_EDGE ( 'NONE', *, *, #1734, .F. ) ;
#705 = EDGE_LOOP ( 'NONE', ( #2340, #1558, #1278, #1991, #166 ) ) ;
#706 = EDGE_CURVE ( 'NONE', #633, #235, #559, .T. ) ;
#707 = DIRECTION ( 'NONE',  ( 0.000000000000000000, 0.000000000000000000, -1.000000000000000000 ) ) ;
#708 = DIRECTION ( 'NONE',  ( 0.000000000000000000, -1.000000000000000000, 0.000000000000000000 ) ) ;
#709 = CARTESIAN_POINT ( 'NONE',  ( 27.00000000000000000, 0.1799999999999999933, -0.2399999999999999911 ) ) ;
#710 = UNCERTAINTY_MEASURE_WITH_UNIT (LENGTH_MEASURE( 1.000000000000000082E-05 ), #654, 'distance_accuracy_value', 'NONE');
#711 =( NAMED_UNIT ( * ) PLANE_ANGLE_UNIT ( ) SI_UNIT ( $, .RADIAN. ) );
#712 = AXIS2_PLACEMENT_3D ( 'NONE', #1725, #314, #1053 ) ;
#713 = DIRECTION ( 'NONE',  ( 0.000000000000000000, 0.000000000000000000, 1.000000000000000000 ) ) ;
#714 = CARTESIAN_POINT ( 'NONE',  ( 5.445493056547826782, 0.000000000000000000, 0.000000000000000000 ) ) ;
#715 = ORIENTED_EDGE ( 'NONE', *, *, #44, .T. ) ;
#716 = AXIS2_PLACEMENT_3D ( 'NONE', #1409, #680, #490 ) ;
#717 = TOROIDAL_SURFACE ( 'NONE', #1719, 3.022785583374963725, 1.961692683977673601 ) ;
#718 = VERTEX_POINT ( 'NONE', #1712 ) ;
#719 = DIRECTION ( 'NONE',  ( -1.000000000000000000, -0.000000000000000000, -0.000000000000000000 ) ) ;
#720 = ORIENTED_EDGE ( 'NONE', *, *, #201, .F. ) ;
#721 = CARTESIAN_POINT ( 'NONE',  ( -11.80948073056847747, -7.583214354801771862, 0.000000000000000000 ) ) ;
#722 = ADVANCED_FACE ( 'NONE', ( #2233 ), #1868, .T. ) ;
#723 = DIRECTION ( 'NONE',  ( 0.000000000000000000, 0.000000000000000000, 1.000000000000000000 ) ) ;
#724 = DIRECTION ( 'NONE',  ( 1.000000000000000000, 0.000000000000000000, 0.000000000000000000 ) ) ;
#725 = SURFACE_SIDE_STYLE ('',( #403 ) ) ;
#726 = EDGE_LOOP ( 'NONE', ( #988, #1194, #1915, #1696 ) ) ;
#727 = LINE ( 'NONE', #1085, #1970 ) ;
#728 = FACE_OUTER_BOUND ( 'NONE', #220, .T. ) ;
#729 = CARTESIAN_POINT ( 'NONE',  ( -6.092540868572752011, 0.07999999999999996003, 0.2891366458960191732 ) ) ;
#730 = DIRECTION ( 'NONE',  ( 1.000000000000000000, 0.000000000000000000, 0.000000000000000000 ) ) ;
#731 = ORIENTED_EDGE ( 'NONE', *, *, #997, .F. ) ;
#732 = EDGE_LOOP ( 'NONE', ( #1343, #234 ) ) ;
#733 = ADVANCED_FACE ( 'NONE', ( #230 ), #1631, .F. ) ;
#734 = EDGE_CURVE ( 'NONE', #405, #429, #1684, .T. ) ;
#735 = CARTESIAN_POINT ( 'NONE',  ( 11.30948073056847747, 0.000000000000000000, 0.000000000000000000 ) ) ;
#736 = ORIENTED_EDGE ( 'NONE', *, *, #2264, .F. ) ;
#737 = LINE ( 'NONE', #889, #530 ) ;
#738 = EDGE_CURVE ( 'NONE', #2328, #1065, #1891, .T. ) ;
#739 = UNCERTAINTY_MEASURE_WITH_UNIT (LENGTH_MEASURE( 1.000000000000000082E-05 ), #1769, 'distance_accuracy_value', 'NONE');
#740 = DIRECTION ( 'NONE',  ( 1.000000000000000000, 0.000000000000000000, 0.000000000000000000 ) ) ;
#741 =( NAMED_UNIT ( * ) PLANE_ANGLE_UNIT ( ) SI_UNIT ( $, .RADIAN. ) );
#742 = ADVANCED_FACE ( 'NONE', ( #767 ), #137, .T. ) ;
#743 = EDGE_CURVE ( 'NONE', #1792, #545, #753, .T. ) ;
#744 = TOROIDAL_SURFACE ( 'NONE', #1701, 0.05073618416563847877, 1.099263815834361502 ) ;
#745 = LINE ( 'NONE', #1638, #2355 ) ;
#746 = VERTEX_POINT ( 'NONE', #1397 ) ;
#747 = VECTOR ( 'NONE', #1438, 1000.000000000000000 ) ;
#748 = VERTEX_POINT ( 'NONE', #1565 ) ;
#749 = AXIS2_PLACEMENT_3D ( 'NONE', #1157, #795, #2236 ) ;
#750 = DIRECTION ( 'NONE',  ( -0.000000000000000000, 1.000000000000000000, 1.224646799147353207E-16 ) ) ;
#751 = CARTESIAN_POINT ( 'NONE',  ( -11.30948073056847747, -0.5000000000000000000, 0.000000000000000000 ) ) ;
#752 = AXIS2_PLACEMENT_3D ( 'NONE', #803, #1165, #62 ) ;
#753 = CIRCLE ( 'NONE', #1141, 0.2999999999999999889 ) ;
#754 = DIRECTION ( 'NONE',  ( 0.000000000000000000, 0.000000000000000000, 1.000000000000000000 ) ) ;
#755 = DIRECTION ( 'NONE',  ( 0.000000000000000000, 0.000000000000000000, 1.000000000000000000 ) ) ;
#756 =( GEOMETRIC_REPRESENTATION_CONTEXT ( 3 ) GLOBAL_UNCERTAINTY_ASSIGNED_CONTEXT ( ( #2348 ) ) GLOBAL_UNIT_ASSIGNED_CONTEXT ( ( #978, #2043, #1523 ) ) REPRESENTATION_CONTEXT ( 'NONE', 'WORKASPACE' ) );
#757 = CARTESIAN_POINT ( 'NONE',  ( 11.80948073056847747, -7.583214354801771862, 0.000000000000000000 ) ) ;
#758 = PRESENTATION_LAYER_ASSIGNMENT (  '', '', ( #798 ) ) ;
#759 =( NAMED_UNIT ( * ) PLANE_ANGLE_UNIT ( ) SI_UNIT ( $, .RADIAN. ) );
#760 = CARTESIAN_POINT ( 'NONE',  ( 0.7297713588363206050, 0.1799999999999999933, -0.4000000000000000222 ) ) ;
#761 = ORIENTED_EDGE ( 'NONE', *, *, #1539, .F. ) ;
#762 = ORIENTED_EDGE ( 'NONE', *, *, #1959, .F. ) ;
#763 = COLOUR_RGB ( '',1.000000000000000000, 1.000000000000000000, 1.000000000000000000 ) ;
#764 = DIRECTION ( 'NONE',  ( 0.000000000000000000, 0.000000000000000000, 1.000000000000000000 ) ) ;
#765 = DIRECTION ( 'NONE',  ( 0.000000000000000000, 0.000000000000000000, 1.000000000000000000 ) ) ;
#766 = CARTESIAN_POINT ( 'NONE',  ( 5.445493056547826782, 3.701844689188914380E-16, -3.022785583374963725 ) ) ;
#767 = FACE_OUTER_BOUND ( 'NONE', #1780, .T. ) ;
#768 = EDGE_CURVE ( 'NONE', #2366, #903, #1377, .T. ) ;
#769 = FACE_OUTER_BOUND ( 'NONE', #1244, .T. ) ;
#770 = DIRECTION ( 'NONE',  ( -0.000000000000000000, 0.000000000000000000, 1.000000000000000000 ) ) ;
#771 = ORIENTED_EDGE ( 'NONE', *, *, #706, .T. ) ;
#772 = ORIENTED_EDGE ( 'NONE', *, *, #2132, .T. ) ;
#773 = DIRECTION ( 'NONE',  ( 0.000000000000000000, -1.224646799147353207E-16, 1.000000000000000000 ) ) ;
#774 = CARTESIAN_POINT ( 'NONE',  ( -6.092540868572752899, 0.07999999999999996003, 0.4000000000000000222 ) ) ;
#775 = FILL_AREA_STYLE ('',( #49 ) ) ;
#776 = CARTESIAN_POINT ( 'NONE',  ( 5.445493056547826782, 0.000000000000000000, 0.000000000000000000 ) ) ;
#777 = DIRECTION ( 'NONE',  ( 0.000000000000000000, -1.000000000000000000, 0.000000000000000000 ) ) ;
#778 = EDGE_LOOP ( 'NONE', ( #2006, #2188, #837, #915 ) ) ;
#779 = ORIENTED_EDGE ( 'NONE', *, *, #2014, .F. ) ;
#780 =( GEOMETRIC_REPRESENTATION_CONTEXT ( 3 ) GLOBAL_UNCERTAINTY_ASSIGNED_CONTEXT ( ( #1944 ) ) GLOBAL_UNIT_ASSIGNED_CONTEXT ( ( #116, #1195, #1921 ) ) REPRESENTATION_CONTEXT ( 'NONE', 'WORKASPACE' ) );
#781 = ADVANCED_FACE ( 'NONE', ( #1773 ), #1752, .T. ) ;
#782 = ORIENTED_EDGE ( 'NONE', *, *, #2168, .F. ) ;
#783 = STYLED_ITEM ( 'NONE', ( #134 ), #2256 ) ;
#784 = CARTESIAN_POINT ( 'NONE',  ( 0.000000000000000000, 0.000000000000000000, 0.4000000000000000222 ) ) ;
#785 = AXIS2_PLACEMENT_3D ( 'NONE', #805, #433, #2064 ) ;
#786 = EDGE_CURVE ( 'NONE', #90, #160, #139, .T. ) ;
#787 = LINE ( 'NONE', #2253, #917 ) ;
#788 = CYLINDRICAL_SURFACE ( 'NONE', #1830, 0.2999999999999999889 ) ;
#789 = AXIS2_PLACEMENT_3D ( 'NONE', #2150, #1754, #122 ) ;
#790 = CARTESIAN_POINT ( 'NONE',  ( 5.445493056547826782, 0.000000000000000000, 0.000000000000000000 ) ) ;
#791 = SURFACE_STYLE_FILL_AREA ( #594 ) ;
#792 = VECTOR ( 'NONE', #58, 1000.000000000000000 ) ;
#793 = ORIENTED_EDGE ( 'NONE', *, *, #1243, .T. ) ;
#794 = AXIS2_PLACEMENT_3D ( 'NONE', #2038, #1458, #932 ) ;
#795 = DIRECTION ( 'NONE',  ( -0.000000000000000000, 1.000000000000000000, 0.000000000000000000 ) ) ;
#796 = CARTESIAN_POINT ( 'NONE',  ( 11.80948073056847747, -7.583214354801771862, 0.2999999999999999334 ) ) ;
#797 = ORIENTED_EDGE ( 'NONE', *, *, #2039, .T. ) ;
#798 = STYLED_ITEM ( 'NONE', ( #1006 ), #1465 ) ;
#799 = DIRECTION ( 'NONE',  ( 0.000000000000000000, -0.000000000000000000, -1.000000000000000000 ) ) ;
#800 = MECHANICAL_DESIGN_GEOMETRIC_PRESENTATION_REPRESENTATION (  '', ( #682 ), #1456 ) ;
#801 = CARTESIAN_POINT ( 'NONE',  ( 5.445493056547826782, 0.000000000000000000, 3.022785583374963725 ) ) ;
#802 = EDGE_CURVE ( 'NONE', #748, #1994, #662, .T. ) ;
#803 = CARTESIAN_POINT ( 'NONE',  ( -5.445493056547826782, 0.000000000000000000, 3.022785583374963725 ) ) ;
#804 = DIRECTION ( 'NONE',  ( -1.000000000000000000, -0.000000000000000000, -0.000000000000000000 ) ) ;
#805 = CARTESIAN_POINT ( 'NONE',  ( -6.092540868572752011, 0.000000000000000000, 0.000000000000000000 ) ) ;
#806 = DIRECTION ( 'NONE',  ( 0.000000000000000000, 0.000000000000000000, 1.000000000000000000 ) ) ;
#807 = EDGE_LOOP ( 'NONE', ( #186, #2181, #195, #2249 ) ) ;
#808 = DIRECTION ( 'NONE',  ( -1.000000000000000000, -0.000000000000000000, -0.000000000000000000 ) ) ;
#809 = EDGE_CURVE ( 'NONE', #611, #934, #2134, .T. ) ;
#810 = ORIENTED_EDGE ( 'NONE', *, *, #460, .F. ) ;
#811 = DIRECTION ( 'NONE',  ( 0.000000000000000000, 0.000000000000000000, 1.000000000000000000 ) ) ;
#812 = DIRECTION ( 'NONE',  ( -1.156141008852702051E-16, 1.000000000000000000, 0.000000000000000000 ) ) ;
#813 = EDGE_CURVE ( 'NONE', #746, #461, #103, .T. ) ;
#814 = DIRECTION ( 'NONE',  ( 0.000000000000000000, 0.000000000000000000, 1.000000000000000000 ) ) ;
#815 = SURFACE_STYLE_USAGE ( .BOTH. , #2099 ) ;
#816 = FACE_OUTER_BOUND ( 'NONE', #1996, .T. ) ;
#817 = EDGE_CURVE ( 'NONE', #370, #2179, #519, .T. ) ;
#818 = DIRECTION ( 'NONE',  ( 0.000000000000000000, 0.000000000000000000, 1.000000000000000000 ) ) ;
#819 = ORIENTED_EDGE ( 'NONE', *, *, #113, .F. ) ;
#820 = VERTEX_POINT ( 'NONE', #878 ) ;
#821 =( NAMED_UNIT ( * ) PLANE_ANGLE_UNIT ( ) SI_UNIT ( $, .RADIAN. ) );
#822 = ORIENTED_EDGE ( 'NONE', *, *, #1015, .F. ) ;
#823 = AXIS2_PLACEMENT_3D ( 'NONE', #1318, #1161, #258 ) ;
#824 = CARTESIAN_POINT ( 'NONE',  ( 11.30948073056847747, -0.5000000000000000000, 3.673940397442058882E-17 ) ) ;
#825 = CARTESIAN_POINT ( 'NONE',  ( 6.271038501742057569, -0.07999999999999996003, 0.4000000000000000222 ) ) ;
#826 = MECHANICAL_DESIGN_GEOMETRIC_PRESENTATION_REPRESENTATION (  '', ( #1854 ), #1742 ) ;
#827 = VERTEX_POINT ( 'NONE', #643 ) ;
#828 = AXIS2_PLACEMENT_3D ( 'NONE', #1974, #1228, #112 ) ;
#829 = PLANE ( 'NONE',  #218 ) ;
#830 = CIRCLE ( 'NONE', #752, 2.011692683977673646 ) ;
#831 = CARTESIAN_POINT ( 'NONE',  ( 6.036847926110493034, 0.000000000000000000, 1.099973353069097604 ) ) ;
#832 = DIRECTION ( 'NONE',  ( -0.000000000000000000, 1.000000000000000000, 1.224646799147353207E-16 ) ) ;
#833 = EDGE_LOOP ( 'NONE', ( #330, #1315, #541, #1038, #348, #1739, #10, #2286 ) ) ;
#834 = VECTOR ( 'NONE', #1435, 1000.000000000000000 ) ;
#835 = DIRECTION ( 'NONE',  ( 0.000000000000000000, 0.000000000000000000, 1.000000000000000000 ) ) ;
#836 = AXIS2_PLACEMENT_3D ( 'NONE', #501, #344, #479 ) ;
#837 = ORIENTED_EDGE ( 'NONE', *, *, #180, .T. ) ;
#838 =( LENGTH_UNIT ( ) NAMED_UNIT ( * ) SI_UNIT ( .MILLI., .METRE. ) );
#839 = CIRCLE ( 'NONE', #1151, 2.011692683977673646 ) ;
#840 = EDGE_CURVE ( 'NONE', #1181, #21, #1411, .T. ) ;
#841 = COLOUR_RGB ( '',1.000000000000000000, 1.000000000000000000, 1.000000000000000000 ) ;
#842 = FACE_OUTER_BOUND ( 'NONE', #1391, .T. ) ;
#843 = UNCERTAINTY_MEASURE_WITH_UNIT (LENGTH_MEASURE( 1.000000000000000082E-05 ), #1831, 'distance_accuracy_value', 'NONE');
#844 = FILL_AREA_STYLE_COLOUR ( '', #263 ) ;
#845 = PRESENTATION_STYLE_ASSIGNMENT (( #1749 ) ) ;
#846 = FILL_AREA_STYLE_COLOUR ( '', #1779 ) ;
#847 = ORIENTED_EDGE ( 'NONE', *, *, #11, .T. ) ;
#848 = SURFACE_SIDE_STYLE ('',( #1371 ) ) ;
#849 = EDGE_LOOP ( 'NONE', ( #1257, #396, #779, #123 ) ) ;
#850 = FILL_AREA_STYLE_COLOUR ( '', #2242 ) ;
#851 = DIRECTION ( 'NONE',  ( -1.000000000000000000, 0.000000000000000000, 0.000000000000000000 ) ) ;
#852 = DIRECTION ( 'NONE',  ( 0.000000000000000000, -1.000000000000000000, 0.000000000000000000 ) ) ;
#853 = DIRECTION ( 'NONE',  ( 0.000000000000000000, 0.000000000000000000, 1.000000000000000000 ) ) ;
#854 = ORIENTED_EDGE ( 'NONE', *, *, #702, .F. ) ;
#855 = DIRECTION ( 'NONE',  ( 1.000000000000000000, 0.000000000000000000, 0.000000000000000000 ) ) ;
#856 = EDGE_CURVE ( 'NONE', #1587, #1125, #1332, .T. ) ;
#857 = EDGE_LOOP ( 'NONE', ( #150, #1459, #900, #2203, #1341, #1071, #446, #1370 ) ) ;
#858 = SURFACE_SIDE_STYLE ('',( #126 ) ) ;
#859 = PRESENTATION_STYLE_ASSIGNMENT (( #283 ) ) ;
#860 = VECTOR ( 'NONE', #977, 1000.000000000000000 ) ;
#861 = ADVANCED_FACE ( 'NONE', ( #274 ), #829, .F. ) ;
#862 = SURFACE_SIDE_STYLE ('',( #969 ) ) ;
#863 = UNCERTAINTY_MEASURE_WITH_UNIT (LENGTH_MEASURE( 1.000000000000000082E-05 ), #1580, 'distance_accuracy_value', 'NONE');
#864 = CARTESIAN_POINT ( 'NONE',  ( 27.00000000000000000, -0.1799999999999975508, -0.2400000000000017675 ) ) ;
#865 = STYLED_ITEM ( 'NONE', ( #2078 ), #85 ) ;
#866 = VECTOR ( 'NONE', #2110, 1000.000000000000000 ) ;
#867 = DIRECTION ( 'NONE',  ( 0.000000000000000000, 1.000000000000000000, 0.000000000000000000 ) ) ;
#868 = LINE ( 'NONE', #1237, #1600 ) ;
#869 = ORIENTED_EDGE ( 'NONE', *, *, #2092, .F. ) ;
#870 = VECTOR ( 'NONE', #1095, 1000.000000000000000 ) ;
#871 = VECTOR ( 'NONE', #1477, 1000.000000000000000 ) ;
#872 = ORIENTED_EDGE ( 'NONE', *, *, #125, .T. ) ;
#873 =( NAMED_UNIT ( * ) SI_UNIT ( $, .STERADIAN. ) SOLID_ANGLE_UNIT ( ) );
#874 = COLOUR_RGB ( '',1.000000000000000000, 1.000000000000000000, 1.000000000000000000 ) ;
#875 = FILL_AREA_STYLE_COLOUR ( '', #1905 ) ;
#876 = MECHANICAL_DESIGN_GEOMETRIC_PRESENTATION_REPRESENTATION (  '', ( #951 ), #35 ) ;
#877 = ORIENTED_EDGE ( 'NONE', *, *, #1732, .T. ) ;
#878 = CARTESIAN_POINT ( 'NONE',  ( -11.30948073056847747, 0.2999999999999999334, 0.000000000000000000 ) ) ;
#879 = FACE_OUTER_BOUND ( 'NONE', #492, .T. ) ;
#880 = TOROIDAL_SURFACE ( 'NONE', #922, 0.05073618416563847877, 1.099263815834361502 ) ;
#881 = CIRCLE ( 'NONE', #1386, 1.961692683977673601 ) ;
#882 = DIRECTION ( 'NONE',  ( 0.000000000000000000, -1.000000000000000000, 0.000000000000000000 ) ) ;
#883 = EDGE_CURVE ( 'NONE', #2361, #2142, #286, .T. ) ;
#884 = ORIENTED_EDGE ( 'NONE', *, *, #493, .F. ) ;
#885 =( NAMED_UNIT ( * ) SI_UNIT ( $, .STERADIAN. ) SOLID_ANGLE_UNIT ( ) );
#886 = ORIENTED_EDGE ( 'NONE', *, *, #201, .T. ) ;
#887 = DIRECTION ( 'NONE',  ( -0.000000000000000000, 1.000000000000000000, 0.000000000000000000 ) ) ;
#888 = ORIENTED_EDGE ( 'NONE', *, *, #1146, .F. ) ;
#889 = CARTESIAN_POINT ( 'NONE',  ( 27.00000000000000000, 0.1799999999999999933, 0.2399999999999999911 ) ) ;
#890 = ADVANCED_FACE ( 'NONE', ( #842 ), #2300, .F. ) ;
#891 = LINE ( 'NONE', #1282, #871 ) ;
#892 = CARTESIAN_POINT ( 'NONE',  ( -6.092540868572752899, 0.07999999999999996003, 0.4000000000000000222 ) ) ;
#893 = FACE_OUTER_BOUND ( 'NONE', #1468, .T. ) ;
#894 = EDGE_CURVE ( 'NONE', #1662, #1650, #891, .T. ) ;
#895 = CARTESIAN_POINT ( 'NONE',  ( -11.30948073056847747, -0.2999999999999999334, -3.673940397442058882E-17 ) ) ;
#896 = FILL_AREA_STYLE ('',( #846 ) ) ;
#897 = ORIENTED_EDGE ( 'NONE', *, *, #856, .T. ) ;
#898 = EDGE_CURVE ( 'NONE', #21, #1181, #560, .T. ) ;
#899 = CARTESIAN_POINT ( 'NONE',  ( -11.80948073056847747, -0.4999999999999995559, -0.2999999999999999334 ) ) ;
#900 = ORIENTED_EDGE ( 'NONE', *, *, #1757, .T. ) ;
#901 = ORIENTED_EDGE ( 'NONE', *, *, #1088, .T. ) ;
#902 = CARTESIAN_POINT ( 'NONE',  ( 6.271038501742057569, -0.07999999999999996003, 0.4000000000000000222 ) ) ;
#903 = VERTEX_POINT ( 'NONE', #1971 ) ;
#904 =( LENGTH_UNIT ( ) NAMED_UNIT ( * ) SI_UNIT ( .MILLI., .METRE. ) );
#905 = CARTESIAN_POINT ( 'NONE',  ( 6.029370051363023286, 0.000000000000000000, 0.000000000000000000 ) ) ;
#906 = CLOSED_SHELL ( 'NONE', ( #1324, #1422, #1187, #1911, #1813, #85, #1480, #1838, #1113, #1368, #465, #781, #1924, #2291, #539, #1121, #1863, #861, #1982, #2153, #315, #1239, #535, #742, #890, #2256, #435, #143, #636, #2337, #1611, #964, #94, #1592, #1091, #1035, #665, #136 ) ) ;
#907 = DIRECTION ( 'NONE',  ( -1.000000000000000000, -0.000000000000000000, -0.000000000000000000 ) ) ;
#908 = DIRECTION ( 'NONE',  ( -0.000000000000000000, 1.000000000000000000, 0.000000000000000000 ) ) ;
#909 = ORIENTED_EDGE ( 'NONE', *, *, #397, .T. ) ;
#910 = CIRCLE ( 'NONE', #2010, 0.2999999999999999889 ) ;
#911 = MECHANICAL_DESIGN_GEOMETRIC_PRESENTATION_REPRESENTATION (  '', ( #1594 ), #2248 ) ;
#912 = DIRECTION ( 'NONE',  ( 0.000000000000000000, 0.000000000000000000, 1.000000000000000000 ) ) ;
#913 = ORIENTED_EDGE ( 'NONE', *, *, #2062, .T. ) ;
#914 = STYLED_ITEM ( 'NONE', ( #2068 ), #1040 ) ;
#915 = ORIENTED_EDGE ( 'NONE', *, *, #1547, .F. ) ;
#916 = DIRECTION ( 'NONE',  ( 0.000000000000000000, 0.000000000000000000, 1.000000000000000000 ) ) ;
#917 = VECTOR ( 'NONE', #2129, 1000.000000000000000 ) ;
#918 =( NAMED_UNIT ( * ) SI_UNIT ( $, .STERADIAN. ) SOLID_ANGLE_UNIT ( ) );
#919 = FILL_AREA_STYLE ('',( #1313 ) ) ;
#920 = SURFACE_STYLE_FILL_AREA ( #2031 ) ;
#921 = ORIENTED_EDGE ( 'NONE', *, *, #738, .F. ) ;
#922 = AXIS2_PLACEMENT_3D ( 'NONE', #1130, #351, #723 ) ;
#923 = DIRECTION ( 'NONE',  ( 1.000000000000000000, -0.000000000000000000, 0.000000000000000000 ) ) ;
#924 = ORIENTED_EDGE ( 'NONE', *, *, #2035, .T. ) ;
#925 = DIRECTION ( 'NONE',  ( -1.000000000000000000, -0.000000000000000000, -0.000000000000000000 ) ) ;
#926 = VERTEX_POINT ( 'NONE', #1463 ) ;
#927 = PLANE ( 'NONE',  #1186 ) ;
#928 = EDGE_CURVE ( 'NONE', #1034, #554, #1616, .T. ) ;
#929 = SURFACE_STYLE_FILL_AREA ( #2347 ) ;
#930 = CARTESIAN_POINT ( 'NONE',  ( -6.092540868572752899, 0.07999999999999996003, 0.4000000000000000222 ) ) ;
#931 = DIRECTION ( 'NONE',  ( 0.000000000000000000, 0.000000000000000000, 1.000000000000000000 ) ) ;
#932 = DIRECTION ( 'NONE',  ( 0.000000000000000000, 0.000000000000000000, -1.000000000000000000 ) ) ;
#933 = DIRECTION ( 'NONE',  ( -0.000000000000000000, -0.000000000000000000, -1.000000000000000000 ) ) ;
#934 = VERTEX_POINT ( 'NONE', #340 ) ;
#935 = DIRECTION ( 'NONE',  ( 0.000000000000000000, 0.000000000000000000, 1.000000000000000000 ) ) ;
#936 = DIRECTION ( 'NONE',  ( -1.000000000000000000, -0.000000000000000000, -0.000000000000000000 ) ) ;
#937 = ORIENTED_EDGE ( 'NONE', *, *, #1393, .F. ) ;
#938 = DIRECTION ( 'NONE',  ( 0.000000000000000000, -1.224646799147353454E-16, 1.000000000000000000 ) ) ;
#939 = FILL_AREA_STYLE ('',( #1092 ) ) ;
#940 = LINE ( 'NONE', #1314, #870 ) ;
#941 = FILL_AREA_STYLE ('',( #353 ) ) ;
#942 = SURFACE_SIDE_STYLE ('',( #1122 ) ) ;
#943 = ORIENTED_EDGE ( 'NONE', *, *, #2039, .F. ) ;
#944 = CIRCLE ( 'NONE', #1673, 1.961692683977673601 ) ;
#945 = DIRECTION ( 'NONE',  ( 0.000000000000000000, -0.000000000000000000, 1.000000000000000000 ) ) ;
#946 = DIRECTION ( 'NONE',  ( -1.000000000000000000, -0.000000000000000000, -0.000000000000000000 ) ) ;
#947 = DIRECTION ( 'NONE',  ( -1.000000000000000000, 0.000000000000000000, 0.000000000000000000 ) ) ;
#948 = CIRCLE ( 'NONE', #2133, 0.2999999999999999334 ) ;
#949 = DIRECTION ( 'NONE',  ( -1.000000000000000000, -0.000000000000000000, -0.000000000000000000 ) ) ;
#950 =( GEOMETRIC_REPRESENTATION_CONTEXT ( 3 ) GLOBAL_UNCERTAINTY_ASSIGNED_CONTEXT ( ( #1439 ) ) GLOBAL_UNIT_ASSIGNED_CONTEXT ( ( #1474, #1077, #1451 ) ) REPRESENTATION_CONTEXT ( 'NONE', 'WORKASPACE' ) );
#951 = STYLED_ITEM ( 'NONE', ( #1700 ), #1497 ) ;
#952 = VERTEX_POINT ( 'NONE', #1067 ) ;
#953 = DIRECTION ( 'NONE',  ( 0.000000000000000000, 0.000000000000000000, 1.000000000000000000 ) ) ;
#954 = ORIENTED_EDGE ( 'NONE', *, *, #1501, .F. ) ;
#955 = AXIS2_PLACEMENT_3D ( 'NONE', #1201, #1390, #109 ) ;
#956 = TOROIDAL_SURFACE ( 'NONE', #2296, 0.5000000000000000000, 0.2999999999999999334 ) ;
#957 = CARTESIAN_POINT ( 'NONE',  ( -7.035051772262605141, 0.000000000000000000, 0.000000000000000000 ) ) ;
#958 = CARTESIAN_POINT ( 'NONE',  ( 6.271038501742057569, -0.07999999999999996003, -0.4000000000000000222 ) ) ;
#959 = FACE_OUTER_BOUND ( 'NONE', #1939, .T. ) ;
#960 =( NAMED_UNIT ( * ) SI_UNIT ( $, .STERADIAN. ) SOLID_ANGLE_UNIT ( ) );
#961 = ADVANCED_FACE ( 'NONE', ( #2209 ), #339, .F. ) ;
#962 = CARTESIAN_POINT ( 'NONE',  ( 11.50948073056847676, -0.5000000000000022204, 3.673940397442058882E-17 ) ) ;
#963 = ORIENTED_EDGE ( 'NONE', *, *, #1235, .T. ) ;
#964 = ADVANCED_FACE ( 'NONE', ( #1997 ), #1627, .F. ) ;
#965 = CARTESIAN_POINT ( 'NONE',  ( -6.092540868572752899, 0.1799999999999999933, -0.4000000000000000222 ) ) ;
#966 = ORIENTED_EDGE ( 'NONE', *, *, #67, .F. ) ;
#967 = LINE ( 'NONE', #1697, #792 ) ;
#968 = LINE ( 'NONE', #422, #1833 ) ;
#969 = SURFACE_STYLE_FILL_AREA ( #775 ) ;
#970 = FACE_OUTER_BOUND ( 'NONE', #1222, .T. ) ;
#971 = EDGE_LOOP ( 'NONE', ( #1229, #1564, #715, #1652 ) ) ;
#972 = DIRECTION ( 'NONE',  ( 0.000000000000000000, 0.000000000000000000, 1.000000000000000000 ) ) ;
#973 = DIRECTION ( 'NONE',  ( 0.000000000000000000, 0.000000000000000000, 1.000000000000000000 ) ) ;
#974 = ORIENTED_EDGE ( 'NONE', *, *, #743, .T. ) ;
#975 = VECTOR ( 'NONE', #703, 1000.000000000000000 ) ;
#976 = VERTEX_POINT ( 'NONE', #14 ) ;
#977 = DIRECTION ( 'NONE',  ( 0.000000000000000000, -1.000000000000000000, 0.000000000000000000 ) ) ;
#978 =( LENGTH_UNIT ( ) NAMED_UNIT ( * ) SI_UNIT ( .MILLI., .METRE. ) );
#979 = DIRECTION ( 'NONE',  ( 0.000000000000000000, 0.000000000000000000, 1.000000000000000000 ) ) ;
#980 = CIRCLE ( 'NONE', #411, 1.011092899397290079 ) ;
#981 = CIRCLE ( 'NONE', #2172, 1.149999999999999911 ) ;
#982 =( LENGTH_UNIT ( ) NAMED_UNIT ( * ) SI_UNIT ( .MILLI., .METRE. ) );
#983 = STYLED_ITEM ( 'NONE', ( #1623 ), #1140 ) ;
#984 = VERTEX_POINT ( 'NONE', #2008 ) ;
#985 = STYLED_ITEM ( 'NONE', ( #1763 ), #1239 ) ;
#986 = VERTEX_POINT ( 'NONE', #1681 ) ;
#987 =( NAMED_UNIT ( * ) PLANE_ANGLE_UNIT ( ) SI_UNIT ( $, .RADIAN. ) );
#988 = ORIENTED_EDGE ( 'NONE', *, *, #607, .T. ) ;
#989 = EDGE_CURVE ( 'NONE', #2034, #746, #375, .T. ) ;
#990 = TOROIDAL_SURFACE ( 'NONE', #110, 3.022785583374963725, 1.961692683977673601 ) ;
#991 = DIRECTION ( 'NONE',  ( 0.000000000000000000, 0.000000000000000000, 1.000000000000000000 ) ) ;
#992 = EDGE_CURVE ( 'NONE', #51, #355, #1973, .T. ) ;
#993 = CIRCLE ( 'NONE', #2330, 0.2999999999999999334 ) ;
#994 = VERTEX_POINT ( 'NONE', #613 ) ;
#995 = CARTESIAN_POINT ( 'NONE',  ( 5.445493056547826782, 0.000000000000000000, 0.000000000000000000 ) ) ;
#996 = CARTESIAN_POINT ( 'NONE',  ( 7.035051772262605141, 3.673940397442058882E-17, -0.2999999999999999889 ) ) ;
#997 = EDGE_CURVE ( 'NONE', #355, #994, #2015, .T. ) ;
#998 = DIRECTION ( 'NONE',  ( 0.000000000000000000, 0.000000000000000000, 1.000000000000000000 ) ) ;
#999 = VERTEX_POINT ( 'NONE', #1312 ) ;
#1000 = CARTESIAN_POINT ( 'NONE',  ( -11.80948073056847747, -7.583214354801771862, -0.2999999999999999334 ) ) ;
#1001 = SURFACE_SIDE_STYLE ('',( #1849 ) ) ;
#1002 = ORIENTED_EDGE ( 'NONE', *, *, #460, .T. ) ;
#1003 = ORIENTED_EDGE ( 'NONE', *, *, #1215, .F. ) ;
#1004 =( NAMED_UNIT ( * ) PLANE_ANGLE_UNIT ( ) SI_UNIT ( $, .RADIAN. ) );
#1005 = DIRECTION ( 'NONE',  ( 0.000000000000000000, 0.000000000000000000, 1.000000000000000000 ) ) ;
#1006 = PRESENTATION_STYLE_ASSIGNMENT (( #815 ) ) ;
#1007 =( NAMED_UNIT ( * ) SI_UNIT ( $, .STERADIAN. ) SOLID_ANGLE_UNIT ( ) );
#1008 = LINE ( 'NONE', #1192, #2019 ) ;
#1009 = ORIENTED_EDGE ( 'NONE', *, *, #1393, .T. ) ;
#1010 = SURFACE_STYLE_USAGE ( .BOTH. , #848 ) ;
#1011 = PRESENTATION_LAYER_ASSIGNMENT (  '', '', ( #783 ) ) ;
#1012 = FACE_OUTER_BOUND ( 'NONE', #1517, .T. ) ;
#1013 = DIRECTION ( 'NONE',  ( -0.000000000000000000, -0.000000000000000000, -1.000000000000000000 ) ) ;
#1014 = TOROIDAL_SURFACE ( 'NONE', #1771, 3.022785583374963725, 1.961692683977673601 ) ;
#1015 = EDGE_CURVE ( 'NONE', #994, #1295, #1860, .T. ) ;
#1016 = AXIS2_PLACEMENT_3D ( 'NONE', #1687, #1674, #1992 ) ;
#1017 = CARTESIAN_POINT ( 'NONE',  ( 27.00000000000000000, 0.000000000000000000, 0.2999999999999999889 ) ) ;
#1018 = LINE ( 'NONE', #1945, #1455 ) ;
#1019 = DIRECTION ( 'NONE',  ( -0.000000000000000000, 1.000000000000000000, 1.224646799147353207E-16 ) ) ;
#1020 = CARTESIAN_POINT ( 'NONE',  ( 11.80948073056847569, -0.5000000000000022204, 0.000000000000000000 ) ) ;
#1021 = AXIS2_PLACEMENT_3D ( 'NONE', #2310, #1233, #128 ) ;
#1022 = ORIENTED_EDGE ( 'NONE', *, *, #1285, .F. ) ;
#1023 = FILL_AREA_STYLE_COLOUR ( '', #475 ) ;
#1024 = MECHANICAL_DESIGN_GEOMETRIC_PRESENTATION_REPRESENTATION (  '', ( #1145 ), #380 ) ;
#1025 = CIRCLE ( 'NONE', #2363, 1.049263815834361457 ) ;
#1026 = DIRECTION ( 'NONE',  ( -1.000000000000000000, -0.000000000000000000, -0.000000000000000000 ) ) ;
#1027 = DIRECTION ( 'NONE',  ( -0.000000000000000000, 1.000000000000000000, -0.000000000000000000 ) ) ;
#1028 = AXIS2_PLACEMENT_3D ( 'NONE', #2028, #697, #755 ) ;
#1029 = PRESENTATION_LAYER_ASSIGNMENT (  '', '', ( #682 ) ) ;
#1030 = UNCERTAINTY_MEASURE_WITH_UNIT (LENGTH_MEASURE( 1.000000000000000082E-05 ), #556, 'distance_accuracy_value', 'NONE');
#1031 =( LENGTH_UNIT ( ) NAMED_UNIT ( * ) SI_UNIT ( .MILLI., .METRE. ) );
#1032 = EDGE_CURVE ( 'NONE', #1542, #2271, #981, .T. ) ;
#1033 = DIRECTION ( 'NONE',  ( 0.000000000000000000, 0.000000000000000000, 1.000000000000000000 ) ) ;
#1034 = VERTEX_POINT ( 'NONE', #1359 ) ;
#1035 = ADVANCED_FACE ( 'NONE', ( #47 ), #1503, .F. ) ;
#1036 = EDGE_CURVE ( 'NONE', #1884, #2200, #73, .T. ) ;
#1037 = DIRECTION ( 'NONE',  ( -0.000000000000000000, 0.000000000000000000, -1.000000000000000000 ) ) ;
#1038 = ORIENTED_EDGE ( 'NONE', *, *, #2201, .T. ) ;
#1039 =( NAMED_UNIT ( * ) PLANE_ANGLE_UNIT ( ) SI_UNIT ( $, .RADIAN. ) );
#1040 = ADVANCED_FACE ( 'NONE', ( #1851 ), #1178, .F. ) ;
#1041 =( NAMED_UNIT ( * ) PLANE_ANGLE_UNIT ( ) SI_UNIT ( $, .RADIAN. ) );
#1042 = CARTESIAN_POINT ( 'NONE',  ( 6.029370051363023286, 6.213390553939978727E-18, -0.05073618416563847877 ) ) ;
#1043 = CARTESIAN_POINT ( 'NONE',  ( -5.445493056547826782, 0.000000000000000000, 3.022785583374963725 ) ) ;
#1044 = CARTESIAN_POINT ( 'NONE',  ( -5.445493056547826782, 0.000000000000000000, 0.000000000000000000 ) ) ;
#1045 = ORIENTED_EDGE ( 'NONE', *, *, #1803, .F. ) ;
#1046 = ADVANCED_FACE ( 'NONE', ( #211 ), #1142, .T. ) ;
#1047 = LINE ( 'NONE', #1588, #2046 ) ;
#1048 = EDGE_CURVE ( 'NONE', #235, #1720, #1143, .T. ) ;
#1049 = PRESENTATION_STYLE_ASSIGNMENT (( #1208 ) ) ;
#1050 = SURFACE_STYLE_FILL_AREA ( #1232 ) ;
#1051 = CIRCLE ( 'NONE', #131, 1.961692683977673601 ) ;
#1052 = UNCERTAINTY_MEASURE_WITH_UNIT (LENGTH_MEASURE( 1.000000000000000082E-05 ), #2279, 'distance_accuracy_value', 'NONE');
#1053 = DIRECTION ( 'NONE',  ( 0.000000000000000000, -1.224646799147353207E-16, 1.000000000000000000 ) ) ;
#1054 = CIRCLE ( 'NONE', #1516, 1.099263815834361502 ) ;
#1055 =( NAMED_UNIT ( * ) PLANE_ANGLE_UNIT ( ) SI_UNIT ( $, .RADIAN. ) );
#1056 = DIRECTION ( 'NONE',  ( 0.000000000000000000, 0.000000000000000000, 1.000000000000000000 ) ) ;
#1057 = ORIENTED_EDGE ( 'NONE', *, *, #1666, .T. ) ;
#1058 = COLOUR_RGB ( '',1.000000000000000000, 1.000000000000000000, 1.000000000000000000 ) ;
#1059 =( GEOMETRIC_REPRESENTATION_CONTEXT ( 3 ) GLOBAL_UNCERTAINTY_ASSIGNED_CONTEXT ( ( #1607 ) ) GLOBAL_UNIT_ASSIGNED_CONTEXT ( ( #537, #1811, #918 ) ) REPRESENTATION_CONTEXT ( 'NONE', 'WORKASPACE' ) );
#1060 = FACE_OUTER_BOUND ( 'NONE', #43, .T. ) ;
#1061 = ORIENTED_EDGE ( 'NONE', *, *, #997, .T. ) ;
#1062 = CARTESIAN_POINT ( 'NONE',  ( -6.092540868572752899, 0.1799999999999999933, 0.4000000000000000222 ) ) ;
#1063 =( GEOMETRIC_REPRESENTATION_CONTEXT ( 3 ) GLOBAL_UNCERTAINTY_ASSIGNED_CONTEXT ( ( #739 ) ) GLOBAL_UNIT_ASSIGNED_CONTEXT ( ( #1769, #2274, #1923 ) ) REPRESENTATION_CONTEXT ( 'NONE', 'WORKASPACE' ) );
#1064 = PRESENTATION_LAYER_ASSIGNMENT (  '', '', ( #1145 ) ) ;
#1065 = VERTEX_POINT ( 'NONE', #958 ) ;
#1066 = EDGE_CURVE ( 'NONE', #421, #2281, #967, .T. ) ;
#1067 = CARTESIAN_POINT ( 'NONE',  ( -7.099999999999999645, 0.000000000000000000, 0.2999999999999999889 ) ) ;
#1068 = CARTESIAN_POINT ( 'NONE',  ( -4.861616061732629390, 0.000000000000000000, 1.149999999999999911 ) ) ;
#1069 = AXIS2_PLACEMENT_3D ( 'NONE', #28, #2009, #2171 ) ;
#1070 = EDGE_CURVE ( 'NONE', #976, #255, #787, .T. ) ;
#1071 = ORIENTED_EDGE ( 'NONE', *, *, #270, .T. ) ;
#1072 = CARTESIAN_POINT ( 'NONE',  ( -5.445493056547826782, 1.238231682887507902E-16, -1.011092899397290079 ) ) ;
#1073 =( NAMED_UNIT ( * ) PLANE_ANGLE_UNIT ( ) SI_UNIT ( $, .RADIAN. ) );
#1074 = DIRECTION ( 'NONE',  ( 0.000000000000000000, -1.000000000000000000, 0.000000000000000000 ) ) ;
#1075 = APPLICATION_PROTOCOL_DEFINITION ( 'draft international standard', 'automotive_design', 1998, #1205 ) ;
#1076 = VERTEX_POINT ( 'NONE', #1751 ) ;
#1077 =( NAMED_UNIT ( * ) PLANE_ANGLE_UNIT ( ) SI_UNIT ( $, .RADIAN. ) );
#1078 = SURFACE_STYLE_FILL_AREA ( #350 ) ;
#1079 = UNCERTAINTY_MEASURE_WITH_UNIT (LENGTH_MEASURE( 1.000000000000000082E-05 ), #1454, 'distance_accuracy_value', 'NONE');
#1080 = CARTESIAN_POINT ( 'NONE',  ( -6.092540868572752899, 0.07999999999999996003, -0.4000000000000000222 ) ) ;
#1081 = DIRECTION ( 'NONE',  ( 0.000000000000000000, 0.000000000000000000, 1.000000000000000000 ) ) ;
#1082 = APPLICATION_CONTEXT ( 'automotive_design' ) ;
#1083 = EDGE_CURVE ( 'NONE', #1404, #280, #2095, .T. ) ;
#1084 = EDGE_LOOP ( 'NONE', ( #2090, #99, #1887, #390, #1293, #1958 ) ) ;
#1085 = CARTESIAN_POINT ( 'NONE',  ( -0.5278430277006630478, -0.1800000000000007705, 0.4000000000000000222 ) ) ;
#1086 = LINE ( 'NONE', #899, #975 ) ;
#1087 = ORIENTED_EDGE ( 'NONE', *, *, #2268, .F. ) ;
#1088 = EDGE_CURVE ( 'NONE', #1935, #2281, #634, .T. ) ;
#1089 = LINE ( 'NONE', #693, #834 ) ;
#1090 = DIRECTION ( 'NONE',  ( -1.000000000000000000, -0.000000000000000000, -0.000000000000000000 ) ) ;
#1091 = ADVANCED_FACE ( 'NONE', ( #1394 ), #675, .F. ) ;
#1092 = FILL_AREA_STYLE_COLOUR ( '', #2093 ) ;
#1093 =( NAMED_UNIT ( * ) SI_UNIT ( $, .STERADIAN. ) SOLID_ANGLE_UNIT ( ) );
#1094 = AXIS2_PLACEMENT_3D ( 'NONE', #2107, #2305, #459 ) ;
#1095 = DIRECTION ( 'NONE',  ( -0.000000000000000000, -1.000000000000000000, -0.000000000000000000 ) ) ;
#1096 = FACE_OUTER_BOUND ( 'NONE', #668, .T. ) ;
#1097 = ORIENTED_EDGE ( 'NONE', *, *, #1319, .F. ) ;
#1098 = CIRCLE ( 'NONE', #1016, 0.2999999999999999889 ) ;
#1099 = DIRECTION ( 'NONE',  ( 0.000000000000000000, 1.000000000000000000, 0.000000000000000000 ) ) ;
#1100 = VECTOR ( 'NONE', #724, 1000.000000000000000 ) ;
#1101 = DIRECTION ( 'NONE',  ( 0.000000000000000000, 0.000000000000000000, -1.000000000000000000 ) ) ;
#1102 = ADVANCED_FACE ( 'NONE', ( #1012 ), #377, .F. ) ;
#1103 = MECHANICAL_DESIGN_GEOMETRIC_PRESENTATION_REPRESENTATION (  '', ( #1774 ), #65 ) ;
#1104 = PRESENTATION_STYLE_ASSIGNMENT (( #371 ) ) ;
#1105 = DIRECTION ( 'NONE',  ( 1.000000000000000000, 0.000000000000000000, -0.000000000000000000 ) ) ;
#1106 = UNCERTAINTY_MEASURE_WITH_UNIT (LENGTH_MEASURE( 1.000000000000000082E-05 ), #6, 'distance_accuracy_value', 'NONE');
#1107 = CARTESIAN_POINT ( 'NONE',  ( 5.999999999999998224, -0.1800000000000000488, 0.2399999999999999634 ) ) ;
#1108 = AXIS2_PLACEMENT_3D ( 'NONE', #714, #1506, #165 ) ;
#1109 =( GEOMETRIC_REPRESENTATION_CONTEXT ( 3 ) GLOBAL_UNCERTAINTY_ASSIGNED_CONTEXT ( ( #687 ) ) GLOBAL_UNIT_ASSIGNED_CONTEXT ( ( #1031, #2302, #121 ) ) REPRESENTATION_CONTEXT ( 'NONE', 'WORKASPACE' ) );
#1110 = PLANE ( 'NONE',  #2283 ) ;
#1111 = CARTESIAN_POINT ( 'NONE',  ( 7.035051772262603365, 0.000000000000000000, 0.000000000000000000 ) ) ;
#1112 = CIRCLE ( 'NONE', #1306, 1.011092899397290079 ) ;
#1113 = ADVANCED_FACE ( 'NONE', ( #639 ), #1297, .T. ) ;
#1114 = VERTEX_POINT ( 'NONE', #2298 ) ;
#1115 = ORIENTED_EDGE ( 'NONE', *, *, #2140, .T. ) ;
#1116 = FILL_AREA_STYLE ('',( #875 ) ) ;
#1117 = EDGE_CURVE ( 'NONE', #469, #1935, #650, .T. ) ;
#1118 = DIRECTION ( 'NONE',  ( -1.000000000000000000, 0.000000000000000000, 0.000000000000000000 ) ) ;
#1119 = CARTESIAN_POINT ( 'NONE',  ( 0.000000000000000000, 0.000000000000000000, 0.000000000000000000 ) ) ;
#1120 = FACE_OUTER_BOUND ( 'NONE', #385, .T. ) ;
#1121 = ADVANCED_FACE ( 'NONE', ( #1940 ), #358, .F. ) ;
#1122 = SURFACE_STYLE_FILL_AREA ( #1316 ) ;
#1123 = EDGE_CURVE ( 'NONE', #952, #1793, #504, .T. ) ;
#1124 = ORIENTED_EDGE ( 'NONE', *, *, #840, .F. ) ;
#1125 = VERTEX_POINT ( 'NONE', #1242 ) ;
#1126 = EDGE_CURVE ( 'NONE', #421, #1404, #948, .T. ) ;
#1127 = PLANE ( 'NONE',  #2325 ) ;
#1128 = CARTESIAN_POINT ( 'NONE',  ( -5.445493056547826782, 0.000000000000000000, 0.000000000000000000 ) ) ;
#1129 = DIRECTION ( 'NONE',  ( 0.000000000000000000, 0.000000000000000000, 1.000000000000000000 ) ) ;
#1130 = CARTESIAN_POINT ( 'NONE',  ( -6.029370051363023286, 0.000000000000000000, 0.000000000000000000 ) ) ;
#1131 = CARTESIAN_POINT ( 'NONE',  ( 6.271038501742057569, -0.1799999999999999933, 0.4000000000000000222 ) ) ;
#1132 = CARTESIAN_POINT ( 'NONE',  ( -6.029370051363023286, 6.213390553939978727E-18, -0.05073618416563847877 ) ) ;
#1133 = CIRCLE ( 'NONE', #2005, 0.2999999999999999334 ) ;
#1134 = CARTESIAN_POINT ( 'NONE',  ( -4.854051550450479979, 0.000000000000000000, 0.000000000000000000 ) ) ;
#1135 = VERTEX_POINT ( 'NONE', #1839 ) ;
#1136 = VERTEX_POINT ( 'NONE', #349 ) ;
#1137 = EDGE_CURVE ( 'NONE', #429, #1169, #1679, .T. ) ;
#1138 = SURFACE_STYLE_FILL_AREA ( #208 ) ;
#1139 = AXIS2_PLACEMENT_3D ( 'NONE', #130, #867, #683 ) ;
#1140 = ADVANCED_FACE ( 'NONE', ( #1968 ), #2193, .T. ) ;
#1141 = AXIS2_PLACEMENT_3D ( 'NONE', #1692, #1407, #1583 ) ;
#1142 = CYLINDRICAL_SURFACE ( 'NONE', #1414, 0.2999999999999999889 ) ;
#1143 = CIRCLE ( 'NONE', #298, 0.2999999999999999334 ) ;
#1144 = CARTESIAN_POINT ( 'NONE',  ( 6.271038501742057569, -0.07999999999999996003, 0.4000000000000000222 ) ) ;
#1145 = STYLED_ITEM ( 'NONE', ( #631 ), #1187 ) ;
#1146 = EDGE_CURVE ( 'NONE', #610, #1695, #1258, .T. ) ;
#1147 =( NAMED_UNIT ( * ) SI_UNIT ( $, .STERADIAN. ) SOLID_ANGLE_UNIT ( ) );
#1148 = ORIENTED_EDGE ( 'NONE', *, *, #1988, .F. ) ;
#1149 = CARTESIAN_POINT ( 'NONE',  ( 5.445493056547826782, 0.000000000000000000, 3.022785583374963725 ) ) ;
#1150 = ORIENTED_EDGE ( 'NONE', *, *, #565, .F. ) ;
#1151 = AXIS2_PLACEMENT_3D ( 'NONE', #766, #1375, #2097 ) ;
#1152 = LINE ( 'NONE', #965, #860 ) ;
#1153 = DIRECTION ( 'NONE',  ( 0.000000000000000000, 0.000000000000000000, 1.000000000000000000 ) ) ;
#1154 = DIRECTION ( 'NONE',  ( 0.000000000000000000, 0.000000000000000000, 1.000000000000000000 ) ) ;
#1155 = FILL_AREA_STYLE ('',( #606 ) ) ;
#1156 = EDGE_CURVE ( 'NONE', #1136, #1542, #1089, .T. ) ;
#1157 = CARTESIAN_POINT ( 'NONE',  ( 11.80948073056847569, -0.5000000000000022204, 0.000000000000000000 ) ) ;
#1158 = ORIENTED_EDGE ( 'NONE', *, *, #232, .T. ) ;
#1159 = EDGE_LOOP ( 'NONE', ( #854, #1688, #1885, #1529 ) ) ;
#1160 = ADVANCED_FACE ( 'NONE', ( #1604 ), #171, .T. ) ;
#1161 = DIRECTION ( 'NONE',  ( 1.000000000000000000, 0.000000000000000000, 0.000000000000000000 ) ) ;
#1162 = EDGE_LOOP ( 'NONE', ( #1818, #2040, #557, #2086 ) ) ;
#1163 = CARTESIAN_POINT ( 'NONE',  ( -6.000000000000002665, -2.232176852237233167, -0.2999999999999999889 ) ) ;
#1164 = DIRECTION ( 'NONE',  ( -0.000000000000000000, -0.000000000000000000, -1.000000000000000000 ) ) ;
#1165 = DIRECTION ( 'NONE',  ( 0.000000000000000000, -1.000000000000000000, 0.000000000000000000 ) ) ;
#1166 = FILL_AREA_STYLE_COLOUR ( '', #1912 ) ;
#1167 = SURFACE_SIDE_STYLE ('',( #1350 ) ) ;
#1168 = EDGE_CURVE ( 'NONE', #461, #1755, #1525, .T. ) ;
#1169 = VERTEX_POINT ( 'NONE', #796 ) ;
#1170 = AXIS2_PLACEMENT_3D ( 'NONE', #1128, #45, #1850 ) ;
#1171 = EDGE_LOOP ( 'NONE', ( #386, #974 ) ) ;
#1172 = EDGE_CURVE ( 'NONE', #926, #1884, #1008, .T. ) ;
#1173 = TOROIDAL_SURFACE ( 'NONE', #513, 0.5000000000000000000, 0.2999999999999999334 ) ;
#1174 = VERTEX_POINT ( 'NONE', #23 ) ;
#1175 = VECTOR ( 'NONE', #478, 1000.000000000000000 ) ;
#1176 = DIRECTION ( 'NONE',  ( 0.000000000000000000, 0.000000000000000000, 1.000000000000000000 ) ) ;
#1177 = DIRECTION ( 'NONE',  ( -1.000000000000000000, -0.000000000000000000, -0.000000000000000000 ) ) ;
#1178 = TOROIDAL_SURFACE ( 'NONE', #1522, 3.022785583374963725, 1.961692683977673601 ) ;
#1179 = DIRECTION ( 'NONE',  ( -0.000000000000000000, -0.000000000000000000, -1.000000000000000000 ) ) ;
#1180 = CARTESIAN_POINT ( 'NONE',  ( -6.036847926110492146, 0.000000000000000000, 0.000000000000000000 ) ) ;
#1181 = VERTEX_POINT ( 'NONE', #1897 ) ;
#1182 = ORIENTED_EDGE ( 'NONE', *, *, #2239, .F. ) ;
#1183 = ORIENTED_EDGE ( 'NONE', *, *, #1146, .T. ) ;
#1184 = AXIS2_PLACEMENT_3D ( 'NONE', #776, #804, #1379 ) ;
#1185 = MECHANICAL_DESIGN_GEOMETRIC_PRESENTATION_REPRESENTATION (  '', ( #1302 ), #1109 ) ;
#1186 = AXIS2_PLACEMENT_3D ( 'NONE', #1281, #172, #1615 ) ;
#1187 = ADVANCED_FACE ( 'NONE', ( #64 ), #1298, .T. ) ;
#1188 = EDGE_CURVE ( 'NONE', #355, #1388, #34, .T. ) ;
#1189 = DIRECTION ( 'NONE',  ( 0.000000000000000000, 0.000000000000000000, 1.000000000000000000 ) ) ;
#1190 = EDGE_CURVE ( 'NONE', #1695, #610, #523, .T. ) ;
#1191 = FILL_AREA_STYLE ('',( #2074 ) ) ;
#1192 = CARTESIAN_POINT ( 'NONE',  ( 6.271038501742057569, -0.07999999999999996003, 0.4000000000000000222 ) ) ;
#1193 = ORIENTED_EDGE ( 'NONE', *, *, #1738, .F. ) ;
#1194 = ORIENTED_EDGE ( 'NONE', *, *, #210, .F. ) ;
#1195 =( NAMED_UNIT ( * ) PLANE_ANGLE_UNIT ( ) SI_UNIT ( $, .RADIAN. ) );
#1196 = ORIENTED_EDGE ( 'NONE', *, *, #1732, .F. ) ;
#1197 = ORIENTED_EDGE ( 'NONE', *, *, #1168, .T. ) ;
#1198 = CARTESIAN_POINT ( 'NONE',  ( 5.445493056547826782, 3.701844689188914380E-16, -3.022785583374963725 ) ) ;
#1199 = DIRECTION ( 'NONE',  ( 0.000000000000000000, 0.000000000000000000, 1.000000000000000000 ) ) ;
#1200 = UNCERTAINTY_MEASURE_WITH_UNIT (LENGTH_MEASURE( 1.000000000000000082E-05 ), #317, 'distance_accuracy_value', 'NONE');
#1201 = CARTESIAN_POINT ( 'NONE',  ( 5.999999999999998224, 0.000000000000000000, 0.000000000000000000 ) ) ;
#1202 = DIRECTION ( 'NONE',  ( -1.000000000000000000, -0.000000000000000000, -0.000000000000000000 ) ) ;
#1203 = DIRECTION ( 'NONE',  ( -1.000000000000000000, -0.000000000000000000, -0.000000000000000000 ) ) ;
#1204 = ORIENTED_EDGE ( 'NONE', *, *, #232, .F. ) ;
#1205 = APPLICATION_CONTEXT ( 'automotive_design' ) ;
#1206 = AXIS2_PLACEMENT_3D ( 'NONE', #450, #814, #1736 ) ;
#1207 = ORIENTED_EDGE ( 'NONE', *, *, #2062, .F. ) ;
#1208 = SURFACE_STYLE_USAGE ( .BOTH. , #858 ) ;
#1209 = ORIENTED_EDGE ( 'NONE', *, *, #1117, .F. ) ;
#1210 = DIRECTION ( 'NONE',  ( -0.000000000000000000, 1.000000000000000000, 1.224646799147353207E-16 ) ) ;
#1211 = AXIS2_PLACEMENT_3D ( 'NONE', #1268, #2178, #730 ) ;
#1212 = ADVANCED_FACE ( 'NONE', ( #2280 ), #2294, .F. ) ;
#1213 = CARTESIAN_POINT ( 'NONE',  ( 0.7297713588363206050, 0.07999999999999996003, 0.4000000000000000222 ) ) ;
#1214 = AXIS2_PLACEMENT_3D ( 'NONE', #2322, #679, #2158 ) ;
#1215 = EDGE_CURVE ( 'NONE', #545, #1792, #341, .T. ) ;
#1216 = DIRECTION ( 'NONE',  ( -0.000000000000000000, 1.000000000000000000, 0.000000000000000000 ) ) ;
#1217 = PRESENTATION_LAYER_ASSIGNMENT (  '', '', ( #1819 ) ) ;
#1218 = ORIENTED_EDGE ( 'NONE', *, *, #419, .F. ) ;
#1219 = AXIS2_PLACEMENT_3D ( 'NONE', #1044, #329, #1056 ) ;
#1220 = FACE_OUTER_BOUND ( 'NONE', #2105, .T. ) ;
#1221 = CIRCLE ( 'NONE', #2252, 0.2999999999999999334 ) ;
#1222 = EDGE_LOOP ( 'NONE', ( #5, #1374, #2343, #2088 ) ) ;
#1223 = DIRECTION ( 'NONE',  ( -1.000000000000000000, 0.000000000000000000, 0.000000000000000000 ) ) ;
#1224 = SURFACE_SIDE_STYLE ('',( #2307 ) ) ;
#1225 = CARTESIAN_POINT ( 'NONE',  ( -5.445493056547826782, 0.000000000000000000, 0.000000000000000000 ) ) ;
#1226 = CIRCLE ( 'NONE', #1416, 0.2999999999999999334 ) ;
#1227 = CARTESIAN_POINT ( 'NONE',  ( -4.854051550450479979, 0.000000000000000000, 0.000000000000000000 ) ) ;
#1228 = DIRECTION ( 'NONE',  ( -1.000000000000000000, -0.000000000000000000, -0.000000000000000000 ) ) ;
#1229 = ORIENTED_EDGE ( 'NONE', *, *, #1654, .T. ) ;
#1230 = EDGE_CURVE ( 'NONE', #1587, #2152, #198, .T. ) ;
#1231 =( NAMED_UNIT ( * ) SI_UNIT ( $, .STERADIAN. ) SOLID_ANGLE_UNIT ( ) );
#1232 = FILL_AREA_STYLE ('',( #2157 ) ) ;
#1233 = DIRECTION ( 'NONE',  ( -1.000000000000000000, -0.000000000000000000, -0.000000000000000000 ) ) ;
#1234 = CARTESIAN_POINT ( 'NONE',  ( -5.445493056547826782, 0.000000000000000000, 0.000000000000000000 ) ) ;
#1235 = EDGE_CURVE ( 'NONE', #447, #2192, #1680, .T. ) ;
#1236 = FILL_AREA_STYLE ('',( #343 ) ) ;
#1237 = CARTESIAN_POINT ( 'NONE',  ( 11.80948073056847747, -0.4999999999999995559, 0.2999999999999999334 ) ) ;
#1238 = ORIENTED_EDGE ( 'NONE', *, *, #658, .F. ) ;
#1239 = ADVANCED_FACE ( 'NONE', ( #2222, #444 ), #1127, .F. ) ;
#1240 = DIRECTION ( 'NONE',  ( -1.000000000000000000, -0.000000000000000000, -0.000000000000000000 ) ) ;
#1241 = ORIENTED_EDGE ( 'NONE', *, *, #70, .T. ) ;
#1242 = CARTESIAN_POINT ( 'NONE',  ( -6.000000000000001776, 3.673940397442058882E-17, -0.2999999999999999889 ) ) ;
#1243 = EDGE_CURVE ( 'NONE', #994, #355, #1909, .T. ) ;
#1244 = EDGE_LOOP ( 'NONE', ( #1765, #124, #1784, #20 ) ) ;
#1245 = EDGE_CURVE ( 'NONE', #2065, #405, #1221, .T. ) ;
#1246 = VECTOR ( 'NONE', #2251, 1000.000000000000000 ) ;
#1247 = DIRECTION ( 'NONE',  ( -1.000000000000000000, -0.000000000000000000, -0.000000000000000000 ) ) ;
#1248 = DIRECTION ( 'NONE',  ( -1.000000000000000000, -0.000000000000000000, -0.000000000000000000 ) ) ;
#1249 = PRESENTATION_LAYER_ASSIGNMENT (  '', '', ( #865 ) ) ;
#1250 = AXIS2_PLACEMENT_3D ( 'NONE', #2260, #1916, #252 ) ;
#1251 = DIRECTION ( 'NONE',  ( 0.000000000000000000, -1.000000000000000000, 0.000000000000000000 ) ) ;
#1252 = FACE_OUTER_BOUND ( 'NONE', #807, .T. ) ;
#1253 = ORIENTED_EDGE ( 'NONE', *, *, #1547, .T. ) ;
#1254 = AXIS2_PLACEMENT_3D ( 'NONE', #2030, #352, #1081 ) ;
#1255 = COLOUR_RGB ( '',1.000000000000000000, 1.000000000000000000, 1.000000000000000000 ) ;
#1256 =( LENGTH_UNIT ( ) NAMED_UNIT ( * ) SI_UNIT ( .MILLI., .METRE. ) );
#1257 = ORIENTED_EDGE ( 'NONE', *, *, #2168, .T. ) ;
#1258 = CIRCLE ( 'NONE', #1777, 1.099973353069098048 ) ;
#1259 = AXIS2_PLACEMENT_3D ( 'NONE', #2151, #1216, #2118 ) ;
#1260 =( NAMED_UNIT ( * ) SI_UNIT ( $, .STERADIAN. ) SOLID_ANGLE_UNIT ( ) );
#1261 = PRESENTATION_LAYER_ASSIGNMENT (  '', '', ( #69 ) ) ;
#1262 = CARTESIAN_POINT ( 'NONE',  ( 4.861616061732630278, 1.408343819019456028E-16, -1.149999999999999911 ) ) ;
#1263 = LINE ( 'NONE', #538, #1385 ) ;
#1264 = AXIS2_PLACEMENT_3D ( 'NONE', #1546, #623, #1360 ) ;
#1265 = CARTESIAN_POINT ( 'NONE',  ( 27.00000000000000000, -0.07999999999999750366, -0.2891366458960198393 ) ) ;
#1266 = ORIENTED_EDGE ( 'NONE', *, *, #1190, .F. ) ;
#1267 = EDGE_CURVE ( 'NONE', #2219, #2065, #1947, .T. ) ;
#1268 = CARTESIAN_POINT ( 'NONE',  ( 0.000000000000000000, 0.000000000000000000, 0.000000000000000000 ) ) ;
#1269 = EDGE_LOOP ( 'NONE', ( #1949, #1087, #345, #1427 ) ) ;
#1270 = DIRECTION ( 'NONE',  ( 0.000000000000000000, -1.224646799147353207E-16, 1.000000000000000000 ) ) ;
#1271 = DIRECTION ( 'NONE',  ( 1.000000000000000000, 0.000000000000000000, 0.000000000000000000 ) ) ;
#1272 = FACE_OUTER_BOUND ( 'NONE', #2270, .T. ) ;
#1273 = DIRECTION ( 'NONE',  ( -1.000000000000000000, -0.000000000000000000, -0.000000000000000000 ) ) ;
#1274 = DIRECTION ( 'NONE',  ( -0.000000000000000000, 0.000000000000000000, 1.000000000000000000 ) ) ;
#1275 = DIRECTION ( 'NONE',  ( 0.000000000000000000, 0.000000000000000000, 1.000000000000000000 ) ) ;
#1276 = CARTESIAN_POINT ( 'NONE',  ( 11.30948073056847747, -0.5000000000000000000, 0.000000000000000000 ) ) ;
#1277 = LINE ( 'NONE', #2204, #477 ) ;
#1278 = ORIENTED_EDGE ( 'NONE', *, *, #1959, .T. ) ;
#1279 =( NAMED_UNIT ( * ) SI_UNIT ( $, .STERADIAN. ) SOLID_ANGLE_UNIT ( ) );
#1280 = ORIENTED_EDGE ( 'NONE', *, *, #432, .T. ) ;
#1281 = CARTESIAN_POINT ( 'NONE',  ( 5.999999999999997335, -2.232176852237233167, -0.2999999999999999889 ) ) ;
#1282 = CARTESIAN_POINT ( 'NONE',  ( -6.092540868572752899, 0.07999999999999996003, -0.4000000000000000222 ) ) ;
#1283 = DIRECTION ( 'NONE',  ( 0.000000000000000000, 0.000000000000000000, 1.000000000000000000 ) ) ;
#1284 = TOROIDAL_SURFACE ( 'NONE', #1893, 0.05073618416563847877, 1.099263815834361502 ) ;
#1285 = EDGE_CURVE ( 'NONE', #51, #1136, #259, .T. ) ;
#1286 = CIRCLE ( 'NONE', #248, 0.2999999999999999889 ) ;
#1287 = FACE_OUTER_BOUND ( 'NONE', #2190, .T. ) ;
#1288 =( NAMED_UNIT ( * ) PLANE_ANGLE_UNIT ( ) SI_UNIT ( $, .RADIAN. ) );
#1289 = CIRCLE ( 'NONE', #749, 0.2999999999999999334 ) ;
#1290 = EDGE_CURVE ( 'NONE', #952, #2192, #2177, .T. ) ;
#1291 = CARTESIAN_POINT ( 'NONE',  ( -6.092540868572752899, 0.1799999999999999933, 0.4000000000000000222 ) ) ;
#1292 = STYLED_ITEM ( 'NONE', ( #625 ), #733 ) ;
#1293 = ORIENTED_EDGE ( 'NONE', *, *, #1083, .F. ) ;
#1294 = MECHANICAL_DESIGN_GEOMETRIC_PRESENTATION_REPRESENTATION (  '', ( #914 ), #756 ) ;
#1295 = VERTEX_POINT ( 'NONE', #526 ) ;
#1296 = CARTESIAN_POINT ( 'NONE',  ( 6.271038501742054017, -0.1799999999999975508, 0.2400000000000017675 ) ) ;
#1297 = TOROIDAL_SURFACE ( 'NONE', #1490, 3.022785583374963725, 2.011692683977673646 ) ;
#1298 = TOROIDAL_SURFACE ( 'NONE', #1641, 3.022785583374963725, 2.011692683977673646 ) ;
#1299 = UNCERTAINTY_MEASURE_WITH_UNIT (LENGTH_MEASURE( 1.000000000000000082E-05 ), #1496, 'distance_accuracy_value', 'NONE');
#1300 = DIRECTION ( 'NONE',  ( -1.000000000000000000, -0.000000000000000000, -0.000000000000000000 ) ) ;
#1301 = CIRCLE ( 'NONE', #224, 0.2999999999999999334 ) ;
#1302 = STYLED_ITEM ( 'NONE', ( #473 ), #1590 ) ;
#1303 = CARTESIAN_POINT ( 'NONE',  ( -6.029370051363023286, 0.000000000000000000, 0.000000000000000000 ) ) ;
#1304 = DIRECTION ( 'NONE',  ( 0.000000000000000000, 0.000000000000000000, 1.000000000000000000 ) ) ;
#1305 = FACE_OUTER_BOUND ( 'NONE', #1162, .T. ) ;
#1306 = AXIS2_PLACEMENT_3D ( 'NONE', #464, #505, #2114 ) ;
#1307 = LINE ( 'NONE', #583, #1937 ) ;
#1308 = ORIENTED_EDGE ( 'NONE', *, *, #400, .F. ) ;
#1309 =( LENGTH_UNIT ( ) NAMED_UNIT ( * ) SI_UNIT ( .MILLI., .METRE. ) );
#1310 = ORIENTED_EDGE ( 'NONE', *, *, #1083, .T. ) ;
#1311 = CARTESIAN_POINT ( 'NONE',  ( 12.10948073056847640, -0.5000000000000022204, 0.000000000000000000 ) ) ;
#1312 = CARTESIAN_POINT ( 'NONE',  ( -11.80948073056847747, -0.5000000000000022204, 0.2999999999999999334 ) ) ;
#1313 = FILL_AREA_STYLE_COLOUR ( '', #1574 ) ;
#1314 = CARTESIAN_POINT ( 'NONE',  ( -0.5278430277006630478, -0.1800000000000007705, -0.4000000000000000222 ) ) ;
#1315 = ORIENTED_EDGE ( 'NONE', *, *, #1512, .T. ) ;
#1316 = FILL_AREA_STYLE ('',( #354 ) ) ;
#1317 = EDGE_CURVE ( 'NONE', #2219, #1169, #868, .T. ) ;
#1318 = CARTESIAN_POINT ( 'NONE',  ( -11.30948073056847747, 0.000000000000000000, 0.000000000000000000 ) ) ;
#1319 = EDGE_CURVE ( 'NONE', #1136, #51, #1864, .T. ) ;
#1320 = CARTESIAN_POINT ( 'NONE',  ( 27.00000000000000000, 0.000000000000000000, 0.000000000000000000 ) ) ;
#1321 = PRESENTATION_STYLE_ASSIGNMENT (( #1723 ) ) ;
#1322 = MECHANICAL_DESIGN_GEOMETRIC_PRESENTATION_REPRESENTATION (  '', ( #783 ), #780 ) ;
#1323 = EDGE_LOOP ( 'NONE', ( #869, #1750, #184, #2128 ) ) ;
#1324 = ADVANCED_FACE ( 'NONE', ( #1252 ), #301, .T. ) ;
#1325 = AXIS2_PLACEMENT_3D ( 'NONE', #87, #63, #972 ) ;
#1326 = ORIENTED_EDGE ( 'NONE', *, *, #1396, .F. ) ;
#1327 = ORIENTED_EDGE ( 'NONE', *, *, #840, .T. ) ;
#1328 = AXIS2_PLACEMENT_3D ( 'NONE', #1466, #907, #931 ) ;
#1329 = FILL_AREA_STYLE_COLOUR ( '', #207 ) ;
#1330 = CIRCLE ( 'NONE', #1772, 0.2999999999999999334 ) ;
#1331 = ORIENTED_EDGE ( 'NONE', *, *, #11, .F. ) ;
#1332 = CIRCLE ( 'NONE', #254, 0.2999999999999999889 ) ;
#1333 = FILL_AREA_STYLE ('',( #578 ) ) ;
#1334 = DIRECTION ( 'NONE',  ( -1.000000000000000000, -1.156141008852702051E-16, 0.000000000000000000 ) ) ;
#1335 = ORIENTED_EDGE ( 'NONE', *, *, #1243, .F. ) ;
#1336 = CARTESIAN_POINT ( 'NONE',  ( 6.271038501742057569, -0.07999999999999996003, 0.2891366458960191732 ) ) ;
#1337 = STYLED_ITEM ( 'NONE', ( #2174 ), #1324 ) ;
#1338 = AXIS2_PLACEMENT_3D ( 'NONE', #1132, #379, #1633 ) ;
#1339 = EDGE_LOOP ( 'NONE', ( #1335, #462, #1472, #1621 ) ) ;
#1340 = AXIS2_PLACEMENT_3D ( 'NONE', #1464, #2197, #1283 ) ;
#1341 = ORIENTED_EDGE ( 'NONE', *, *, #738, .T. ) ;
#1342 = EDGE_CURVE ( 'NONE', #1601, #447, #1825, .T. ) ;
#1343 = ORIENTED_EDGE ( 'NONE', *, *, #2212, .F. ) ;
#1344 = DIRECTION ( 'NONE',  ( 1.000000000000000000, 0.000000000000000000, -0.000000000000000000 ) ) ;
#1345 = CARTESIAN_POINT ( 'NONE',  ( -4.861616061732629390, 0.000000000000000000, 0.000000000000000000 ) ) ;
#1346 = LINE ( 'NONE', #1877, #1914 ) ;
#1347 = CARTESIAN_POINT ( 'NONE',  ( -6.000000000000002665, -2.232176852237233167, -0.2999999999999999889 ) ) ;
#1348 =( LENGTH_UNIT ( ) NAMED_UNIT ( * ) SI_UNIT ( .MILLI., .METRE. ) );
#1349 = ORIENTED_EDGE ( 'NONE', *, *, #883, .T. ) ;
#1350 = SURFACE_STYLE_FILL_AREA ( #1191 ) ;
#1351 = ADVANCED_FACE ( 'NONE', ( #1096 ), #18, .T. ) ;
#1352 = SURFACE_STYLE_USAGE ( .BOTH. , #1727 ) ;
#1353 = ORIENTED_EDGE ( 'NONE', *, *, #1267, .F. ) ;
#1354 = EDGE_LOOP ( 'NONE', ( #2018, #266, #797, #442, #2125 ) ) ;
#1355 = EDGE_LOOP ( 'NONE', ( #1778, #1620, #1349, #516 ) ) ;
#1356 = CARTESIAN_POINT ( 'NONE',  ( -7.099999999999999645, 3.673940397442058882E-17, -0.2999999999999999889 ) ) ;
#1357 = ORIENTED_EDGE ( 'NONE', *, *, #1957, .T. ) ;
#1358 = PRODUCT ( 'GP560-20-25', 'GP560-20-25', '', ( #2163 ) ) ;
#1359 = CARTESIAN_POINT ( 'NONE',  ( -6.092540868572752011, 0.1799999999999999933, -0.2399999999999999911 ) ) ;
#1360 = DIRECTION ( 'NONE',  ( 0.000000000000000000, -0.000000000000000000, 1.000000000000000000 ) ) ;
#1361 = CARTESIAN_POINT ( 'NONE',  ( -5.445493056547826782, 3.701844689188914380E-16, -3.022785583374963725 ) ) ;
#1362 = CARTESIAN_POINT ( 'NONE',  ( -5.445493056547826782, 3.701844689188914380E-16, -3.022785583374963725 ) ) ;
#1363 = CARTESIAN_POINT ( 'NONE',  ( 11.80948073056847747, -7.583214354801771862, 0.000000000000000000 ) ) ;
#1364 = ORIENTED_EDGE ( 'NONE', *, *, #1757, .F. ) ;
#1365 = EDGE_LOOP ( 'NONE', ( #937, #1266, #1807, #1728 ) ) ;
#1366 = EDGE_LOOP ( 'NONE', ( #295, #2144, #151, #91, #1209 ) ) ;
#1367 = AXIS2_PLACEMENT_3D ( 'NONE', #957, #855, #2091 ) ;
#1368 = ADVANCED_FACE ( 'NONE', ( #769 ), #179, .F. ) ;
#1369 = AXIS2_PLACEMENT_3D ( 'NONE', #1062, #708, #799 ) ;
#1370 = ORIENTED_EDGE ( 'NONE', *, *, #1172, .F. ) ;
#1371 = SURFACE_STYLE_FILL_AREA ( #92 ) ;
#1372 = CIRCLE ( 'NONE', #1406, 1.049263815834361901 ) ;
#1373 = ORIENTED_EDGE ( 'NONE', *, *, #928, .F. ) ;
#1374 = ORIENTED_EDGE ( 'NONE', *, *, #493, .T. ) ;
#1375 = DIRECTION ( 'NONE',  ( -0.000000000000000000, 1.000000000000000000, 1.224646799147353207E-16 ) ) ;
#1376 = VECTOR ( 'NONE', #593, 1000.000000000000000 ) ;
#1377 = CIRCLE ( 'NONE', #2285, 1.100000000000000089 ) ;
#1378 = CARTESIAN_POINT ( 'NONE',  ( -5.445493056547826782, 0.000000000000000000, 0.000000000000000000 ) ) ;
#1379 = DIRECTION ( 'NONE',  ( 0.000000000000000000, 0.000000000000000000, 1.000000000000000000 ) ) ;
#1380 = MECHANICAL_DESIGN_GEOMETRIC_PRESENTATION_REPRESENTATION (  '', ( #983 ), #2287 ) ;
#1381 = AXIS2_PLACEMENT_3D ( 'NONE', #1928, #832, #206 ) ;
#1382 = DIRECTION ( 'NONE',  ( 0.000000000000000000, 0.000000000000000000, 1.000000000000000000 ) ) ;
#1383 = EDGE_LOOP ( 'NONE', ( #1976, #1124 ) ) ;
#1384 = AXIS2_PLACEMENT_3D ( 'NONE', #551, #2199, #1275 ) ;
#1385 = VECTOR ( 'NONE', #1617, 1000.000000000000000 ) ;
#1386 = AXIS2_PLACEMENT_3D ( 'NONE', #1983, #695, #1270 ) ;
#1387 = VERTEX_POINT ( 'NONE', #1817 ) ;
#1388 = VERTEX_POINT ( 'NONE', #1483 ) ;
#1389 = FILL_AREA_STYLE ('',( #486 ) ) ;
#1390 = DIRECTION ( 'NONE',  ( 1.000000000000000000, -0.000000000000000000, 0.000000000000000000 ) ) ;
#1391 = EDGE_LOOP ( 'NONE', ( #966, #2003, #1253, #2273 ) ) ;
#1392 = FACE_OUTER_BOUND ( 'NONE', #2166, .T. ) ;
#1393 = EDGE_CURVE ( 'NONE', #610, #1181, #304, .T. ) ;
#1394 = FACE_OUTER_BOUND ( 'NONE', #1690, .T. ) ;
#1395 = FACE_OUTER_BOUND ( 'NONE', #510, .T. ) ;
#1396 = EDGE_CURVE ( 'NONE', #1622, #1591, #1528, .T. ) ;
#1397 = CARTESIAN_POINT ( 'NONE',  ( 5.445493056547826782, 0.000000000000000000, 1.011092899397290079 ) ) ;
#1398 = UNCERTAINTY_MEASURE_WITH_UNIT (LENGTH_MEASURE( 1.000000000000000082E-05 ), #1907, 'distance_accuracy_value', 'NONE');
#1399 = PLANE ( 'NONE',  #716 ) ;
#1400 = DIRECTION ( 'NONE',  ( -1.000000000000000000, -0.000000000000000000, -0.000000000000000000 ) ) ;
#1401 = EDGE_LOOP ( 'NONE', ( #1364, #720, #1898, #2362 ) ) ;
#1402 = ORIENTED_EDGE ( 'NONE', *, *, #1317, .F. ) ;
#1403 = AXIS2_PLACEMENT_3D ( 'NONE', #659, #2126, #333 ) ;
#1404 = VERTEX_POINT ( 'NONE', #2215 ) ;
#1405 =( LENGTH_UNIT ( ) NAMED_UNIT ( * ) SI_UNIT ( .MILLI., .METRE. ) );
#1406 = AXIS2_PLACEMENT_3D ( 'NONE', #1423, #491, #689 ) ;
#1407 = DIRECTION ( 'NONE',  ( 1.000000000000000000, 0.000000000000000000, 0.000000000000000000 ) ) ;
#1408 = CARTESIAN_POINT ( 'NONE',  ( -7.035051772262604253, 0.000000000000000000, 0.3499999999999999778 ) ) ;
#1409 = CARTESIAN_POINT ( 'NONE',  ( -6.092540868572752899, 0.07999999999999996003, 0.4000000000000000222 ) ) ;
#1410 = PRODUCT_DEFINITION ( 'UNKNOWN', '', #170, #1566 ) ;
#1411 = CIRCLE ( 'NONE', #1598, 0.3499999999999999778 ) ;
#1412 = CARTESIAN_POINT ( 'NONE',  ( -11.80948073056847569, -0.5000000000000022204, 0.000000000000000000 ) ) ;
#1413 = CARTESIAN_POINT ( 'NONE',  ( -6.029370051363023286, 0.000000000000000000, 0.000000000000000000 ) ) ;
#1414 = AXIS2_PLACEMENT_3D ( 'NONE', #1320, #946, #765 ) ;
#1415 = ORIENTED_EDGE ( 'NONE', *, *, #1878, .T. ) ;
#1416 = AXIS2_PLACEMENT_3D ( 'NONE', #2241, #614, #1509 ) ;
#1417 = ORIENTED_EDGE ( 'NONE', *, *, #1396, .T. ) ;
#1418 = DIRECTION ( 'NONE',  ( 1.000000000000000000, 0.000000000000000000, -0.000000000000000000 ) ) ;
#1419 = DIRECTION ( 'NONE',  ( -1.000000000000000000, -0.000000000000000000, -0.000000000000000000 ) ) ;
#1420 = CIRCLE ( 'NONE', #1, 2.011692683977673646 ) ;
#1421 = UNCERTAINTY_MEASURE_WITH_UNIT (LENGTH_MEASURE( 1.000000000000000082E-05 ), #982, 'distance_accuracy_value', 'NONE');
#1422 = ADVANCED_FACE ( 'NONE', ( #1305 ), #1978, .T. ) ;
#1423 = CARTESIAN_POINT ( 'NONE',  ( -6.029370051363023286, 0.000000000000000000, 0.05073618416563847877 ) ) ;
#1424 = DIRECTION ( 'NONE',  ( 1.000000000000000000, 0.000000000000000000, 0.000000000000000000 ) ) ;
#1425 = ORIENTED_EDGE ( 'NONE', *, *, #75, .T. ) ;
#1426 = EDGE_CURVE ( 'NONE', #405, #280, #1301, .T. ) ;
#1427 = ORIENTED_EDGE ( 'NONE', *, *, #394, .T. ) ;
#1428 = DIRECTION ( 'NONE',  ( 0.000000000000000000, -1.000000000000000000, 0.000000000000000000 ) ) ;
#1429 = SURFACE_STYLE_FILL_AREA ( #1651 ) ;
#1430 = DIRECTION ( 'NONE',  ( -0.000000000000000000, -0.000000000000000000, -1.000000000000000000 ) ) ;
#1431 = DIRECTION ( 'NONE',  ( -1.000000000000000000, -0.000000000000000000, -0.000000000000000000 ) ) ;
#1432 = DIRECTION ( 'NONE',  ( 0.000000000000000000, 0.000000000000000000, 1.000000000000000000 ) ) ;
#1433 = CARTESIAN_POINT ( 'NONE',  ( 11.80948073056847747, -0.5000000000000022204, -0.2999999999999999334 ) ) ;
#1434 = APPLICATION_PROTOCOL_DEFINITION ( 'draft international standard', 'automotive_design', 1998, #1082 ) ;
#1435 = DIRECTION ( 'NONE',  ( -1.000000000000000000, -0.000000000000000000, -0.000000000000000000 ) ) ;
#1436 = FACE_OUTER_BOUND ( 'NONE', #437, .T. ) ;
#1437 = CIRCLE ( 'NONE', #1170, 1.011092899397290079 ) ;
#1438 = DIRECTION ( 'NONE',  ( -0.000000000000000000, -0.000000000000000000, -1.000000000000000000 ) ) ;
#1439 = UNCERTAINTY_MEASURE_WITH_UNIT (LENGTH_MEASURE( 1.000000000000000082E-05 ), #1474, 'distance_accuracy_value', 'NONE');
#1440 = DIRECTION ( 'NONE',  ( -1.000000000000000000, 0.000000000000000000, 0.000000000000000000 ) ) ;
#1441 = CIRCLE ( 'NONE', #1206, 0.8000000000000003775 ) ;
#1442 = COLOUR_RGB ( '',1.000000000000000000, 1.000000000000000000, 1.000000000000000000 ) ;
#1443 = SURFACE_STYLE_USAGE ( .BOTH. , #701 ) ;
#1444 = ORIENTED_EDGE ( 'NONE', *, *, #989, .T. ) ;
#1445 = AXIS2_PLACEMENT_3D ( 'NONE', #1347, #1879, #1176 ) ;
#1446 = STYLED_ITEM ( 'NONE', ( #189 ), #890 ) ;
#1447 = CARTESIAN_POINT ( 'NONE',  ( -4.854051550450479979, 0.000000000000000000, 1.100000000000000089 ) ) ;
#1448 = ORIENTED_EDGE ( 'NONE', *, *, #13, .F. ) ;
#1449 = AXIS2_PLACEMENT_3D ( 'NONE', #824, #1733, #1223 ) ;
#1450 = PRESENTATION_LAYER_ASSIGNMENT (  '', '', ( #1337 ) ) ;
#1451 =( NAMED_UNIT ( * ) SI_UNIT ( $, .STERADIAN. ) SOLID_ANGLE_UNIT ( ) );
#1452 =( GEOMETRIC_REPRESENTATION_CONTEXT ( 3 ) GLOBAL_UNCERTAINTY_ASSIGNED_CONTEXT ( ( #1299 ) ) GLOBAL_UNIT_ASSIGNED_CONTEXT ( ( #1496, #2359, #1990 ) ) REPRESENTATION_CONTEXT ( 'NONE', 'WORKASPACE' ) );
#1453 = SURFACE_STYLE_USAGE ( .BOTH. , #392 ) ;
#1454 =( LENGTH_UNIT ( ) NAMED_UNIT ( * ) SI_UNIT ( .MILLI., .METRE. ) );
#1455 = VECTOR ( 'NONE', #1608, 1000.000000000000000 ) ;
#1456 =( GEOMETRIC_REPRESENTATION_CONTEXT ( 3 ) GLOBAL_UNCERTAINTY_ASSIGNED_CONTEXT ( ( #2323 ) ) GLOBAL_UNIT_ASSIGNED_CONTEXT ( ( #1758, #1004, #2308 ) ) REPRESENTATION_CONTEXT ( 'NONE', 'WORKASPACE' ) );
#1457 = LINE ( 'NONE', #1265, #1100 ) ;
#1458 = DIRECTION ( 'NONE',  ( 0.000000000000000000, -1.000000000000000000, 0.000000000000000000 ) ) ;
#1459 = ORIENTED_EDGE ( 'NONE', *, *, #419, .T. ) ;
#1460 = ORIENTED_EDGE ( 'NONE', *, *, #1666, .F. ) ;
#1461 = EDGE_CURVE ( 'NONE', #1591, #1622, #453, .T. ) ;
#1462 = DIRECTION ( 'NONE',  ( 1.000000000000000000, 0.000000000000000000, 0.000000000000000000 ) ) ;
#1463 = CARTESIAN_POINT ( 'NONE',  ( 6.271038501742057569, -0.07999999999999996003, 0.4000000000000000222 ) ) ;
#1464 = CARTESIAN_POINT ( 'NONE',  ( 27.00000000000000000, 0.000000000000000000, 0.000000000000000000 ) ) ;
#1465 = ADVANCED_FACE ( 'NONE', ( #1549 ), #599, .F. ) ;
#1466 = CARTESIAN_POINT ( 'NONE',  ( 6.029370051363023286, 0.000000000000000000, 0.000000000000000000 ) ) ;
#1467 =( LENGTH_UNIT ( ) NAMED_UNIT ( * ) SI_UNIT ( .MILLI., .METRE. ) );
#1468 = EDGE_LOOP ( 'NONE', ( #819, #762, #704, #771, #1848, #1158 ) ) ;
#1469 = FACE_OUTER_BOUND ( 'NONE', #1383, .T. ) ;
#1470 = FACE_OUTER_BOUND ( 'NONE', #244, .T. ) ;
#1471 = CARTESIAN_POINT ( 'NONE',  ( 6.271038501742057569, -0.07999999999999996003, -0.2891366458960191732 ) ) ;
#1472 = ORIENTED_EDGE ( 'NONE', *, *, #1672, .T. ) ;
#1473 = ORIENTED_EDGE ( 'NONE', *, *, #416, .T. ) ;
#1474 =( LENGTH_UNIT ( ) NAMED_UNIT ( * ) SI_UNIT ( .MILLI., .METRE. ) );
#1475 = EDGE_LOOP ( 'NONE', ( #1182, #1003, #1115, #886, #1218, #2194, #1487, #1613, #197, #1730, #452, #1969 ) ) ;
#1476 = CARTESIAN_POINT ( 'NONE',  ( 11.30948073056847747, 0.000000000000000000, 0.000000000000000000 ) ) ;
#1477 = DIRECTION ( 'NONE',  ( 1.000000000000000000, 0.000000000000000000, 0.000000000000000000 ) ) ;
#1478 = CARTESIAN_POINT ( 'NONE',  ( -0.5278430277006630478, -0.1800000000000007705, 0.4000000000000000222 ) ) ;
#1479 = DIRECTION ( 'NONE',  ( 0.000000000000000000, 0.000000000000000000, 1.000000000000000000 ) ) ;
#1480 = ADVANCED_FACE ( 'NONE', ( #1926 ), #677, .T. ) ;
#1481 = VECTOR ( 'NONE', #408, 1000.000000000000000 ) ;
#1482 = EDGE_CURVE ( 'NONE', #51, #2271, #2266, .T. ) ;
#1483 = CARTESIAN_POINT ( 'NONE',  ( 6.029370051363023286, 1.408343819019456028E-16, -1.149999999999999911 ) ) ;
#1484 = EDGE_CURVE ( 'NONE', #1388, #1295, #2022, .T. ) ;
#1485 = CYLINDRICAL_SURFACE ( 'NONE', #209, 0.2999999999999999889 ) ;
#1486 = PRESENTATION_LAYER_ASSIGNMENT (  '', '', ( #1815 ) ) ;
#1487 = ORIENTED_EDGE ( 'NONE', *, *, #2201, .F. ) ;
#1488 = AXIS2_PLACEMENT_3D ( 'NONE', #2262, #238, #401 ) ;
#1489 = FILL_AREA_STYLE_COLOUR ( '', #564 ) ;
#1490 = AXIS2_PLACEMENT_3D ( 'NONE', #1743, #282, #105 ) ;
#1491 =( GEOMETRIC_REPRESENTATION_CONTEXT ( 3 ) GLOBAL_UNCERTAINTY_ASSIGNED_CONTEXT ( ( #1790 ) ) GLOBAL_UNIT_ASSIGNED_CONTEXT ( ( #690, #1073, #2141 ) ) REPRESENTATION_CONTEXT ( 'NONE', 'WORKASPACE' ) );
#1492 = CARTESIAN_POINT ( 'NONE',  ( 6.271038501742057569, 0.000000000000000000, 0.000000000000000000 ) ) ;
#1493 = AXIS2_PLACEMENT_3D ( 'NONE', #2048, #2072, #1869 ) ;
#1494 = TOROIDAL_SURFACE ( 'NONE', #2026, 0.5000000000000000000, 0.2999999999999999334 ) ;
#1495 = CARTESIAN_POINT ( 'NONE',  ( -6.036847926110492146, 1.347078845983451691E-16, -1.099973353069097604 ) ) ;
#1496 =( LENGTH_UNIT ( ) NAMED_UNIT ( * ) SI_UNIT ( .MILLI., .METRE. ) );
#1497 = ADVANCED_FACE ( 'NONE', ( #970 ), #990, .F. ) ;
#1498 = STYLED_ITEM ( 'NONE', ( #1961 ), #1881 ) ;
#1499 = FACE_BOUND ( 'NONE', #732, .T. ) ;
#1500 = ORIENTED_EDGE ( 'NONE', *, *, #13, .T. ) ;
#1501 = EDGE_CURVE ( 'NONE', #2281, #1388, #417, .T. ) ;
#1502 = LINE ( 'NONE', #68, #1246 ) ;
#1503 = PLANE ( 'NONE',  #2357 ) ;
#1504 = CARTESIAN_POINT ( 'NONE',  ( 6.036847926110493034, 1.347078845983451691E-16, -1.099973353069097604 ) ) ;
#1505 = CARTESIAN_POINT ( 'NONE',  ( 11.80948073056847747, -0.4999999999999995559, -0.2999999999999999334 ) ) ;
#1506 = DIRECTION ( 'NONE',  ( -1.000000000000000000, -0.000000000000000000, -0.000000000000000000 ) ) ;
#1507 =( NAMED_UNIT ( * ) PLANE_ANGLE_UNIT ( ) SI_UNIT ( $, .RADIAN. ) );
#1508 = DIRECTION ( 'NONE',  ( -0.000000000000000000, -0.000000000000000000, -1.000000000000000000 ) ) ;
#1509 = DIRECTION ( 'NONE',  ( 0.000000000000000000, 0.000000000000000000, 1.000000000000000000 ) ) ;
#1510 = DIRECTION ( 'NONE',  ( 0.000000000000000000, 0.000000000000000000, 1.000000000000000000 ) ) ;
#1511 = FILL_AREA_STYLE_COLOUR ( '', #381 ) ;
#1512 = EDGE_CURVE ( 'NONE', #1581, #984, #288, .T. ) ;
#1513 = VECTOR ( 'NONE', #1027, 1000.000000000000000 ) ;
#1514 = PRESENTATION_STYLE_ASSIGNMENT (( #1550 ) ) ;
#1515 = ORIENTED_EDGE ( 'NONE', *, *, #362, .T. ) ;
#1516 = AXIS2_PLACEMENT_3D ( 'NONE', #608, #243, #1540 ) ;
#1517 = EDGE_LOOP ( 'NONE', ( #731, #1918, #2207, #822 ) ) ;
#1518 = ORIENTED_EDGE ( 'NONE', *, *, #1317, .T. ) ;
#1519 = AXIS2_PLACEMENT_3D ( 'NONE', #1043, #852, #2311 ) ;
#1520 = FACE_OUTER_BOUND ( 'NONE', #532, .T. ) ;
#1521 = VECTOR ( 'NONE', #2115, 1000.000000000000000 ) ;
#1522 = AXIS2_PLACEMENT_3D ( 'NONE', #409, #1906, #570 ) ;
#1523 =( NAMED_UNIT ( * ) SI_UNIT ( $, .STERADIAN. ) SOLID_ANGLE_UNIT ( ) );
#1524 = FILL_AREA_STYLE_COLOUR ( '', #1785 ) ;
#1525 = CIRCLE ( 'NONE', #1711, 1.099973353069097826 ) ;
#1526 = FACE_OUTER_BOUND ( 'NONE', #281, .T. ) ;
#1527 = CARTESIAN_POINT ( 'NONE',  ( 0.000000000000000000, 1.408343819019456028E-16, -1.149999999999999911 ) ) ;
#1528 = CIRCLE ( 'NONE', #342, 0.3500000000000000333 ) ;
#1529 = ORIENTED_EDGE ( 'NONE', *, *, #1876, .T. ) ;
#1530 = DIRECTION ( 'NONE',  ( 0.000000000000000000, 0.000000000000000000, 1.000000000000000000 ) ) ;
#1531 = DIRECTION ( 'NONE',  ( -1.000000000000000000, -0.000000000000000000, -0.000000000000000000 ) ) ;
#1532 = ORIENTED_EDGE ( 'NONE', *, *, #146, .T. ) ;
#1533 = CIRCLE ( 'NONE', #641, 0.2999999999999999889 ) ;
#1534 = EDGE_CURVE ( 'NONE', #1591, #1755, #1025, .T. ) ;
#1535 = DIRECTION ( 'NONE',  ( -0.000000000000000000, 1.000000000000000000, 1.224646799147353207E-16 ) ) ;
#1536 = DIRECTION ( 'NONE',  ( -1.000000000000000000, -0.000000000000000000, -0.000000000000000000 ) ) ;
#1537 = DIRECTION ( 'NONE',  ( 0.000000000000000000, 0.000000000000000000, -1.000000000000000000 ) ) ;
#1538 = DIRECTION ( 'NONE',  ( 0.000000000000000000, 0.000000000000000000, 1.000000000000000000 ) ) ;
#1539 = EDGE_CURVE ( 'NONE', #827, #1650, #2137, .T. ) ;
#1540 = DIRECTION ( 'NONE',  ( 0.000000000000000000, 0.000000000000000000, -1.000000000000000000 ) ) ;
#1541 = DIRECTION ( 'NONE',  ( -1.000000000000000000, -0.000000000000000000, -0.000000000000000000 ) ) ;
#1542 = VERTEX_POINT ( 'NONE', #1068 ) ;
#1543 = CARTESIAN_POINT ( 'NONE',  ( 11.30948073056847747, 0.000000000000000000, 0.000000000000000000 ) ) ;
#1544 = ORIENTED_EDGE ( 'NONE', *, *, #2070, .F. ) ;
#1545 = SURFACE_SIDE_STYLE ('',( #119 ) ) ;
#1546 = CARTESIAN_POINT ( 'NONE',  ( -11.80948073056847747, -7.583214354801771862, 0.000000000000000000 ) ) ;
#1547 = EDGE_CURVE ( 'NONE', #2034, #2366, #1018, .T. ) ;
#1548 =( NAMED_UNIT ( * ) PLANE_ANGLE_UNIT ( ) SI_UNIT ( $, .RADIAN. ) );
#1549 = FACE_OUTER_BOUND ( 'NONE', #1339, .T. ) ;
#1550 = SURFACE_STYLE_USAGE ( .BOTH. , #1167 ) ;
#1551 = CARTESIAN_POINT ( 'NONE',  ( 6.036847926110493034, 0.000000000000000000, 0.000000000000000000 ) ) ;
#1552 = VERTEX_POINT ( 'NONE', #1753 ) ;
#1553 = ORIENTED_EDGE ( 'NONE', *, *, #2162, .F. ) ;
#1554 = AXIS2_PLACEMENT_3D ( 'NONE', #784, #945, #1344 ) ;
#1555 = COLOUR_RGB ( '',1.000000000000000000, 1.000000000000000000, 1.000000000000000000 ) ;
#1556 = ORIENTED_EDGE ( 'NONE', *, *, #1285, .T. ) ;
#1557 = AXIS2_PLACEMENT_3D ( 'NONE', #2338, #1251, #1585 ) ;
#1558 = ORIENTED_EDGE ( 'NONE', *, *, #2235, .T. ) ;
#1559 = ORIENTED_EDGE ( 'NONE', *, *, #323, .T. ) ;
#1560 = FILL_AREA_STYLE ('',( #93 ) ) ;
#1561 = CIRCLE ( 'NONE', #669, 0.2999999999999999889 ) ;
#1562 = AXIS2_PLACEMENT_3D ( 'NONE', #549, #1843, #162 ) ;
#1563 = ORIENTED_EDGE ( 'NONE', *, *, #2306, .T. ) ;
#1564 = ORIENTED_EDGE ( 'NONE', *, *, #1172, .T. ) ;
#1565 = CARTESIAN_POINT ( 'NONE',  ( 6.271038501742057569, -0.1799999999999999933, 0.4000000000000000222 ) ) ;
#1566 = PRODUCT_DEFINITION_CONTEXT ( 'detailed design', #1205, 'design' ) ;
#1567 = SURFACE_SIDE_STYLE ('',( #791 ) ) ;
#1568 = AXIS2_PLACEMENT_3D ( 'NONE', #311, #1418, #1037 ) ;
#1569 = AXIS2_PLACEMENT_3D ( 'NONE', #1363, #1702, #806 ) ;
#1570 = ADVANCED_FACE ( 'NONE', ( #893 ), #1494, .T. ) ;
#1571 = DIRECTION ( 'NONE',  ( -1.000000000000000000, -0.000000000000000000, -0.000000000000000000 ) ) ;
#1572 = ORIENTED_EDGE ( 'NONE', *, *, #565, .T. ) ;
#1573 = MECHANICAL_DESIGN_GEOMETRIC_PRESENTATION_REPRESENTATION (  '', ( #69 ), #2326 ) ;
#1574 = COLOUR_RGB ( '',1.000000000000000000, 1.000000000000000000, 1.000000000000000000 ) ;
#1575 = FILL_AREA_STYLE ('',( #1023 ) ) ;
#1576 = EDGE_CURVE ( 'NONE', #1552, #1900, #601, .T. ) ;
#1577 = CIRCLE ( 'NONE', #1870, 2.011692683977673646 ) ;
#1578 = DIRECTION ( 'NONE',  ( 0.000000000000000000, 0.000000000000000000, 1.000000000000000000 ) ) ;
#1579 = FILL_AREA_STYLE ('',( #1954 ) ) ;
#1580 =( LENGTH_UNIT ( ) NAMED_UNIT ( * ) SI_UNIT ( .MILLI., .METRE. ) );
#1581 = VERTEX_POINT ( 'NONE', #1791 ) ;
#1582 = FILL_AREA_STYLE ('',( #850 ) ) ;
#1583 = DIRECTION ( 'NONE',  ( 0.000000000000000000, 0.000000000000000000, -1.000000000000000000 ) ) ;
#1584 = DIRECTION ( 'NONE',  ( 1.000000000000000000, 0.000000000000000000, 0.000000000000000000 ) ) ;
#1585 = DIRECTION ( 'NONE',  ( 0.000000000000000000, 0.000000000000000000, -1.000000000000000000 ) ) ;
#1586 = EDGE_LOOP ( 'NONE', ( #736, #2312 ) ) ;
#1587 = VERTEX_POINT ( 'NONE', #688 ) ;
#1588 = CARTESIAN_POINT ( 'NONE',  ( 27.00000000000000000, 3.673940397442058882E-17, -0.2999999999999999889 ) ) ;
#1589 = MECHANICAL_DESIGN_GEOMETRIC_PRESENTATION_REPRESENTATION (  '', ( #2182 ), #438 ) ;
#1590 = BREP_WITH_VOIDS ( 'NONE', #664, ( #1824 ) );
#1591 = VERTEX_POINT ( 'NONE', #141 ) ;
#1592 = ADVANCED_FACE ( 'NONE', ( #879 ), #1399, .F. ) ;
#1593 = COLOUR_RGB ( '',1.000000000000000000, 1.000000000000000000, 1.000000000000000000 ) ;
#1594 = STYLED_ITEM ( 'NONE', ( #652 ), #742 ) ;
#1595 = DIRECTION ( 'NONE',  ( 0.000000000000000000, 0.000000000000000000, -1.000000000000000000 ) ) ;
#1596 = DIRECTION ( 'NONE',  ( 0.000000000000000000, 0.000000000000000000, 1.000000000000000000 ) ) ;
#1597 = EDGE_CURVE ( 'NONE', #2075, #42, #2329, .T. ) ;
#1598 = AXIS2_PLACEMENT_3D ( 'NONE', #2335, #1431, #1189 ) ;
#1599 = DIRECTION ( 'NONE',  ( 0.000000000000000000, -1.224646799147353454E-16, 1.000000000000000000 ) ) ;
#1600 = VECTOR ( 'NONE', #882, 1000.000000000000000 ) ;
#1601 = VERTEX_POINT ( 'NONE', #1814 ) ;
#1602 = CARTESIAN_POINT ( 'NONE',  ( 7.099999999999999645, 0.000000000000000000, 0.000000000000000000 ) ) ;
#1603 =( GEOMETRIC_REPRESENTATION_CONTEXT ( 3 ) GLOBAL_UNCERTAINTY_ASSIGNED_CONTEXT ( ( #1986 ) ) GLOBAL_UNIT_ASSIGNED_CONTEXT ( ( #1348, #581, #1892 ) ) REPRESENTATION_CONTEXT ( 'NONE', 'WORKASPACE' ) );
#1604 = FACE_OUTER_BOUND ( 'NONE', #574, .T. ) ;
#1605 =( GEOMETRIC_REPRESENTATION_CONTEXT ( 3 ) GLOBAL_UNCERTAINTY_ASSIGNED_CONTEXT ( ( #663 ) ) GLOBAL_UNIT_ASSIGNED_CONTEXT ( ( #838, #1039, #2319 ) ) REPRESENTATION_CONTEXT ( 'NONE', 'WORKASPACE' ) );
#1606 =( NAMED_UNIT ( * ) SI_UNIT ( $, .STERADIAN. ) SOLID_ANGLE_UNIT ( ) );
#1607 = UNCERTAINTY_MEASURE_WITH_UNIT (LENGTH_MEASURE( 1.000000000000000082E-05 ), #537, 'distance_accuracy_value', 'NONE');
#1608 = DIRECTION ( 'NONE',  ( -1.000000000000000000, -0.000000000000000000, -0.000000000000000000 ) ) ;
#1609 = DIRECTION ( 'NONE',  ( -1.000000000000000000, -0.000000000000000000, -0.000000000000000000 ) ) ;
#1610 = EDGE_LOOP ( 'NONE', ( #1353, #1518, #1572, #637, #167 ) ) ;
#1611 = ADVANCED_FACE ( 'NONE', ( #1272 ), #213, .F. ) ;
#1612 = CARTESIAN_POINT ( 'NONE',  ( 7.099999999999999645, 3.673940397442058882E-17, -0.2999999999999999889 ) ) ;
#1613 = ORIENTED_EDGE ( 'NONE', *, *, #658, .T. ) ;
#1614 = ORIENTED_EDGE ( 'NONE', *, *, #256, .F. ) ;
#1615 = DIRECTION ( 'NONE',  ( 0.000000000000000000, 0.000000000000000000, -1.000000000000000000 ) ) ;
#1616 = LINE ( 'NONE', #709, #1903 ) ;
#1617 = DIRECTION ( 'NONE',  ( 0.000000000000000000, 1.000000000000000000, 0.000000000000000000 ) ) ;
#1618 = SURFACE_STYLE_FILL_AREA ( #2350 ) ;
#1619 = CARTESIAN_POINT ( 'NONE',  ( 5.445493056547826782, 0.000000000000000000, 0.000000000000000000 ) ) ;
#1620 = ORIENTED_EDGE ( 'NONE', *, *, #2217, .T. ) ;
#1621 = ORIENTED_EDGE ( 'NONE', *, *, #1188, .F. ) ;
#1622 = VERTEX_POINT ( 'NONE', #361 ) ;
#1623 = PRESENTATION_STYLE_ASSIGNMENT (( #1995 ) ) ;
#1624 = EDGE_LOOP ( 'NONE', ( #954, #1241, #1872, #285 ) ) ;
#1625 = CIRCLE ( 'NONE', #2120, 1.149999999999999911 ) ;
#1626 = MECHANICAL_DESIGN_GEOMETRIC_PRESENTATION_REPRESENTATION (  '', ( #97 ), #622 ) ;
#1627 = PLANE ( 'NONE',  #1677 ) ;
#1628 = SURFACE_SIDE_STYLE ('',( #2349 ) ) ;
#1629 = PRESENTATION_LAYER_ASSIGNMENT (  '', '', ( #2169 ) ) ;
#1630 = AXIS2_PLACEMENT_3D ( 'NONE', #515, #2191, #196 ) ;
#1631 = TOROIDAL_SURFACE ( 'NONE', #591, 3.022785583374963725, 1.961692683977673601 ) ;
#1632 = PLANE ( 'NONE',  #215 ) ;
#1633 = DIRECTION ( 'NONE',  ( 0.000000000000000000, -1.224646799147353207E-16, 1.000000000000000000 ) ) ;
#1634 = ORIENTED_EDGE ( 'NONE', *, *, #1168, .F. ) ;
#1635 = AXIS2_PLACEMENT_3D ( 'NONE', #120, #1932, #1955 ) ;
#1636 = EDGE_CURVE ( 'NONE', #1994, #694, #1533, .T. ) ;
#1637 = MECHANICAL_DESIGN_GEOMETRIC_PRESENTATION_REPRESENTATION (  '', ( #1446 ), #1059 ) ;
#1638 = CARTESIAN_POINT ( 'NONE',  ( 0.7297713588363206050, 0.1799999999999999933, -0.4000000000000000222 ) ) ;
#1639 = CARTESIAN_POINT ( 'NONE',  ( 0.000000000000000000, 0.000000000000000000, 0.4000000000000000222 ) ) ;
#1640 =( GEOMETRIC_REPRESENTATION_CONTEXT ( 3 ) GLOBAL_UNCERTAINTY_ASSIGNED_CONTEXT ( ( #140 ) ) GLOBAL_UNIT_ASSIGNED_CONTEXT ( ( #1405, #496, #1231 ) ) REPRESENTATION_CONTEXT ( 'NONE', 'WORKASPACE' ) );
#1641 = AXIS2_PLACEMENT_3D ( 'NONE', #79, #1541, #973 ) ;
#1642 =( NAMED_UNIT ( * ) PLANE_ANGLE_UNIT ( ) SI_UNIT ( $, .RADIAN. ) );
#1643 = EDGE_CURVE ( 'NONE', #984, #1729, #393, .T. ) ;
#1644 = DIRECTION ( 'NONE',  ( -0.000000000000000000, 1.000000000000000000, 1.224646799147353207E-16 ) ) ;
#1645 = MECHANICAL_DESIGN_GEOMETRIC_PRESENTATION_REPRESENTATION (  '', ( #798 ), #1783 ) ;
#1646 = VECTOR ( 'NONE', #1761, 1000.000000000000000 ) ;
#1647 = CARTESIAN_POINT ( 'NONE',  ( 7.035051772262605141, 0.000000000000000000, 0.2999999999999999889 ) ) ;
#1648 = DIRECTION ( 'NONE',  ( 0.000000000000000000, 0.000000000000000000, -1.000000000000000000 ) ) ;
#1649 = DIRECTION ( 'NONE',  ( 0.000000000000000000, 0.000000000000000000, -1.000000000000000000 ) ) ;
#1650 = VERTEX_POINT ( 'NONE', #2225 ) ;
#1651 = FILL_AREA_STYLE ('',( #533 ) ) ;
#1652 = ORIENTED_EDGE ( 'NONE', *, *, #626, .T. ) ;
#1653 = DIRECTION ( 'NONE',  ( 0.000000000000000000, 0.000000000000000000, 1.000000000000000000 ) ) ;
#1654 = EDGE_CURVE ( 'NONE', #748, #926, #1263, .T. ) ;
#1655 =( LENGTH_UNIT ( ) NAMED_UNIT ( * ) SI_UNIT ( .MILLI., .METRE. ) );
#1656 = CARTESIAN_POINT ( 'NONE',  ( -6.092540868572752899, 0.1799999999999999933, 0.4000000000000000222 ) ) ;
#1657 = UNCERTAINTY_MEASURE_WITH_UNIT (LENGTH_MEASURE( 1.000000000000000082E-05 ), #1467, 'distance_accuracy_value', 'NONE');
#1658 = DIRECTION ( 'NONE',  ( -0.000000000000000000, -0.000000000000000000, -1.000000000000000000 ) ) ;
#1659 = CARTESIAN_POINT ( 'NONE',  ( -6.000000000000001776, 0.1800000000000000488, -0.2399999999999999634 ) ) ;
#1660 = PRESENTATION_STYLE_ASSIGNMENT (( #2187 ) ) ;
#1661 = CARTESIAN_POINT ( 'NONE',  ( -11.80948073056847569, -0.5000000000000022204, 0.000000000000000000 ) ) ;
#1662 = VERTEX_POINT ( 'NONE', #1080 ) ;
#1663 = ORIENTED_EDGE ( 'NONE', *, *, #2341, .T. ) ;
#1664 = CARTESIAN_POINT ( 'NONE',  ( -6.029370051363023286, 6.213390553939978727E-18, -0.05073618416563847877 ) ) ;
#1665 = DIRECTION ( 'NONE',  ( 0.000000000000000000, 0.000000000000000000, 1.000000000000000000 ) ) ;
#1666 = EDGE_CURVE ( 'NONE', #2271, #1542, #1714, .T. ) ;
#1667 = SURFACE_STYLE_USAGE ( .BOTH. , #1797 ) ;
#1668 = DIRECTION ( 'NONE',  ( 0.000000000000000000, 0.000000000000000000, 1.000000000000000000 ) ) ;
#1669 = STYLED_ITEM ( 'NONE', ( #672 ), #2238 ) ;
#1670 = SURFACE_STYLE_USAGE ( .BOTH. , #2214 ) ;
#1671 = SURFACE_STYLE_USAGE ( .BOTH. , #203 ) ;
#1672 = EDGE_CURVE ( 'NONE', #1295, #1388, #384, .T. ) ;
#1673 = AXIS2_PLACEMENT_3D ( 'NONE', #1149, #267, #78 ) ;
#1674 = DIRECTION ( 'NONE',  ( 1.000000000000000000, -0.000000000000000000, 0.000000000000000000 ) ) ;
#1675 = PRESENTATION_LAYER_ASSIGNMENT (  '', '', ( #1594 ) ) ;
#1676 = ORIENTED_EDGE ( 'NONE', *, *, #2268, .T. ) ;
#1677 = AXIS2_PLACEMENT_3D ( 'NONE', #2184, #360, #2 ) ;
#1678 = DIRECTION ( 'NONE',  ( 0.000000000000000000, 0.000000000000000000, 1.000000000000000000 ) ) ;
#1679 = CIRCLE ( 'NONE', #257, 0.2999999999999999334 ) ;
#1680 = CIRCLE ( 'NONE', #598, 1.099263815834361502 ) ;
#1681 = CARTESIAN_POINT ( 'NONE',  ( -12.10948073056847640, -0.5000000000000022204, 0.000000000000000000 ) ) ;
#1682 = DIRECTION ( 'NONE',  ( 0.000000000000000000, 0.000000000000000000, 1.000000000000000000 ) ) ;
#1683 = COLOUR_RGB ( '',1.000000000000000000, 1.000000000000000000, 1.000000000000000000 ) ;
#1684 = LINE ( 'NONE', #1505, #1938 ) ;
#1685 = LINE ( 'NONE', #223, #1513 ) ;
#1686 = AXIS2_PLACEMENT_3D ( 'NONE', #2025, #2367, #152 ) ;
#1687 = CARTESIAN_POINT ( 'NONE',  ( 5.999999999999998224, 0.000000000000000000, 0.000000000000000000 ) ) ;
#1688 = ORIENTED_EDGE ( 'NONE', *, *, #989, .F. ) ;
#1689 = DIRECTION ( 'NONE',  ( -1.000000000000000000, 0.000000000000000000, 0.000000000000000000 ) ) ;
#1690 = EDGE_LOOP ( 'NONE', ( #1196, #406, #1473, #2218 ) ) ;
#1691 = DIRECTION ( 'NONE',  ( -1.000000000000000000, -0.000000000000000000, -0.000000000000000000 ) ) ;
#1692 = CARTESIAN_POINT ( 'NONE',  ( 7.035051772262605141, 0.000000000000000000, 0.000000000000000000 ) ) ;
#1693 = SURFACE_STYLE_FILL_AREA ( #2259 ) ;
#1694 = LINE ( 'NONE', #233, #2244 ) ;
#1695 = VERTEX_POINT ( 'NONE', #1987 ) ;
#1696 = ORIENTED_EDGE ( 'NONE', *, *, #1036, .T. ) ;
#1697 = CARTESIAN_POINT ( 'NONE',  ( 27.00000000000000000, 3.673940397442058882E-17, -0.2999999999999999889 ) ) ;
#1698 = DIRECTION ( 'NONE',  ( 0.000000000000000000, 0.000000000000000000, -1.000000000000000000 ) ) ;
#1699 = FILL_AREA_STYLE_COLOUR ( '', #2317 ) ;
#1700 = PRESENTATION_STYLE_ASSIGNMENT (( #616 ) ) ;
#1701 = AXIS2_PLACEMENT_3D ( 'NONE', #359, #1090, #1665 ) ;
#1702 = DIRECTION ( 'NONE',  ( 0.000000000000000000, 1.000000000000000000, 0.000000000000000000 ) ) ;
#1703 = ORIENTED_EDGE ( 'NONE', *, *, #817, .T. ) ;
#1704 =( GEOMETRIC_REPRESENTATION_CONTEXT ( 3 ) GLOBAL_UNCERTAINTY_ASSIGNED_CONTEXT ( ( #190 ) ) GLOBAL_UNIT_ASSIGNED_CONTEXT ( ( #1963, #1055, #1956 ) ) REPRESENTATION_CONTEXT ( 'NONE', 'WORKASPACE' ) );
#1705 = ADVANCED_FACE ( 'NONE', ( #1120 ), #880, .T. ) ;
#1706 = VECTOR ( 'NONE', #615, 1000.000000000000000 ) ;
#1707 = CARTESIAN_POINT ( 'NONE',  ( -6.092540868572752011, 0.1799999999999999933, 0.2399999999999999911 ) ) ;
#1708 = ORIENTED_EDGE ( 'NONE', *, *, #502, .F. ) ;
#1709 = ADVANCED_FACE ( 'NONE', ( #3 ), #1852, .T. ) ;
#1710 = DIRECTION ( 'NONE',  ( 0.000000000000000000, 0.000000000000000000, 1.000000000000000000 ) ) ;
#1711 = AXIS2_PLACEMENT_3D ( 'NONE', #1551, #1203, #1382 ) ;
#1712 = CARTESIAN_POINT ( 'NONE',  ( -6.000000000000001776, 0.1800000000000000488, 0.2399999999999999634 ) ) ;
#1713 = STYLED_ITEM ( 'NONE', ( #96 ), #1480 ) ;
#1714 = CIRCLE ( 'NONE', #1069, 1.149999999999999911 ) ;
#1715 = FACE_OUTER_BOUND ( 'NONE', #1366, .T. ) ;
#1716 =( NAMED_UNIT ( * ) SI_UNIT ( $, .STERADIAN. ) SOLID_ANGLE_UNIT ( ) );
#1717 = CARTESIAN_POINT ( 'NONE',  ( -6.029370051363023286, 0.000000000000000000, 0.000000000000000000 ) ) ;
#1718 = ORIENTED_EDGE ( 'NONE', *, *, #630, .T. ) ;
#1719 = AXIS2_PLACEMENT_3D ( 'NONE', #2299, #1419, #651 ) ;
#1720 = VERTEX_POINT ( 'NONE', #376 ) ;
#1721 = CARTESIAN_POINT ( 'NONE',  ( -6.092540868572752011, 0.07999999999999996003, -0.2891366458960191732 ) ) ;
#1722 = ORIENTED_EDGE ( 'NONE', *, *, #319, .T. ) ;
#1723 = SURFACE_STYLE_USAGE ( .BOTH. , #604 ) ;
#1724 = DIRECTION ( 'NONE',  ( 0.000000000000000000, -1.000000000000000000, 0.000000000000000000 ) ) ;
#1725 = CARTESIAN_POINT ( 'NONE',  ( 6.029370051363023286, 6.213390553939978727E-18, -0.05073618416563847877 ) ) ;
#1726 = DIRECTION ( 'NONE',  ( -1.000000000000000000, 0.000000000000000000, 0.000000000000000000 ) ) ;
#1727 = SURFACE_SIDE_STYLE ('',( #253 ) ) ;
#1728 = ORIENTED_EDGE ( 'NONE', *, *, #898, .T. ) ;
#1729 = VERTEX_POINT ( 'NONE', #1107 ) ;
#1730 = ORIENTED_EDGE ( 'NONE', *, *, #146, .F. ) ;
#1731 = SURFACE_SIDE_STYLE ('',( #1756 ) ) ;
#1732 = EDGE_CURVE ( 'NONE', #2152, #1662, #191, .T. ) ;
#1733 = DIRECTION ( 'NONE',  ( -0.000000000000000000, -0.000000000000000000, -1.000000000000000000 ) ) ;
#1734 = EDGE_CURVE ( 'NONE', #633, #1114, #2224, .T. ) ;
#1735 = DIRECTION ( 'NONE',  ( 0.000000000000000000, -1.000000000000000000, 0.000000000000000000 ) ) ;
#1736 = DIRECTION ( 'NONE',  ( 1.000000000000000000, 0.000000000000000000, 0.000000000000000000 ) ) ;
#1737 = CYLINDRICAL_SURFACE ( 'NONE', #1325, 0.2999999999999999889 ) ;
#1738 = EDGE_CURVE ( 'NONE', #820, #1793, #1226, .T. ) ;
#1739 = ORIENTED_EDGE ( 'NONE', *, *, #626, .F. ) ;
#1740 =( GEOMETRIC_REPRESENTATION_CONTEXT ( 3 ) GLOBAL_UNCERTAINTY_ASSIGNED_CONTEXT ( ( #499 ) ) GLOBAL_UNIT_ASSIGNED_CONTEXT ( ( #470, #821, #873 ) ) REPRESENTATION_CONTEXT ( 'NONE', 'WORKASPACE' ) );
#1741 = DIRECTION ( 'NONE',  ( 0.000000000000000000, 0.000000000000000000, 1.000000000000000000 ) ) ;
#1742 =( GEOMETRIC_REPRESENTATION_CONTEXT ( 3 ) GLOBAL_UNCERTAINTY_ASSIGNED_CONTEXT ( ( #1106 ) ) GLOBAL_UNIT_ASSIGNED_CONTEXT ( ( #6, #759, #566 ) ) REPRESENTATION_CONTEXT ( 'NONE', 'WORKASPACE' ) );
#1743 = CARTESIAN_POINT ( 'NONE',  ( 5.445493056547826782, 0.000000000000000000, 0.000000000000000000 ) ) ;
#1744 = AXIS2_PLACEMENT_3D ( 'NONE', #2245, #1154, #431 ) ;
#1745 = AXIS2_PLACEMENT_3D ( 'NONE', #506, #1247, #2027 ) ;
#1746 = DIRECTION ( 'NONE',  ( -1.000000000000000000, -0.000000000000000000, -0.000000000000000000 ) ) ;
#1747 = DIRECTION ( 'NONE',  ( -0.000000000000000000, 1.000000000000000000, 1.224646799147353207E-16 ) ) ;
#1748 = PRESENTATION_LAYER_ASSIGNMENT (  '', '', ( #2175 ) ) ;
#1749 = SURFACE_STYLE_USAGE ( .BOTH. , #655 ) ;
#1750 = ORIENTED_EDGE ( 'NONE', *, *, #786, .F. ) ;
#1751 = CARTESIAN_POINT ( 'NONE',  ( -6.092540868572752899, 0.07999999999999996003, 0.4000000000000000222 ) ) ;
#1752 = CYLINDRICAL_SURFACE ( 'NONE', #1021, 0.2999999999999999889 ) ;
#1753 = CARTESIAN_POINT ( 'NONE',  ( 5.999999999999998224, 3.673940397442058882E-17, -0.2999999999999999889 ) ) ;
#1754 = DIRECTION ( 'NONE',  ( -1.000000000000000000, -0.000000000000000000, -0.000000000000000000 ) ) ;
#1755 = VERTEX_POINT ( 'NONE', #1504 ) ;
#1756 = SURFACE_STYLE_FILL_AREA ( #1575 ) ;
#1757 = EDGE_CURVE ( 'NONE', #585, #671, #1346, .T. ) ;
#1758 =( LENGTH_UNIT ( ) NAMED_UNIT ( * ) SI_UNIT ( .MILLI., .METRE. ) );
#1759 = CARTESIAN_POINT ( 'NONE',  ( 5.445493056547826782, 0.000000000000000000, 3.022785583374963725 ) ) ;
#1760 = UNCERTAINTY_MEASURE_WITH_UNIT (LENGTH_MEASURE( 1.000000000000000082E-05 ), #540, 'distance_accuracy_value', 'NONE');
#1761 = DIRECTION ( 'NONE',  ( -0.000000000000000000, -0.000000000000000000, -1.000000000000000000 ) ) ;
#1762 = DIRECTION ( 'NONE',  ( 0.000000000000000000, 0.000000000000000000, 1.000000000000000000 ) ) ;
#1763 = PRESENTATION_STYLE_ASSIGNMENT (( #88 ) ) ;
#1764 = ORIENTED_EDGE ( 'NONE', *, *, #1290, .F. ) ;
#1765 = ORIENTED_EDGE ( 'NONE', *, *, #1461, .F. ) ;
#1766 = CARTESIAN_POINT ( 'NONE',  ( -5.445493056547826782, 0.000000000000000000, 1.011092899397290079 ) ) ;
#1767 = CIRCLE ( 'NONE', #823, 0.2999999999999999334 ) ;
#1768 = EDGE_CURVE ( 'NONE', #1755, #461, #147, .T. ) ;
#1769 =( LENGTH_UNIT ( ) NAMED_UNIT ( * ) SI_UNIT ( .MILLI., .METRE. ) );
#1770 = DIRECTION ( 'NONE',  ( 0.000000000000000000, 0.000000000000000000, 1.000000000000000000 ) ) ;
#1771 = AXIS2_PLACEMENT_3D ( 'NONE', #1883, #1927, #1530 ) ;
#1772 = AXIS2_PLACEMENT_3D ( 'NONE', #757, #2173, #713 ) ;
#1773 = FACE_OUTER_BOUND ( 'NONE', #1475, .T. ) ;
#1774 = STYLED_ITEM ( 'NONE', ( #696 ), #961 ) ;
#1775 = CARTESIAN_POINT ( 'NONE',  ( 27.00000000000000000, -0.07999999999999750366, 0.2891366458960198393 ) ) ;
#1776 = DIRECTION ( 'NONE',  ( 0.000000000000000000, 0.000000000000000000, -1.000000000000000000 ) ) ;
#1777 = AXIS2_PLACEMENT_3D ( 'NONE', #2344, #719, #2004 ) ;
#1778 = ORIENTED_EDGE ( 'NONE', *, *, #2056, .F. ) ;
#1779 = COLOUR_RGB ( '',1.000000000000000000, 1.000000000000000000, 1.000000000000000000 ) ;
#1780 = EDGE_LOOP ( 'NONE', ( #2352, #114, #1280, #1444 ) ) ;
#1781 = CARTESIAN_POINT ( 'NONE',  ( -6.029370051363023286, 0.000000000000000000, 0.05073618416563847877 ) ) ;
#1782 = CARTESIAN_POINT ( 'NONE',  ( -6.000000000000001776, 0.000000000000000000, 0.000000000000000000 ) ) ;
#1783 =( GEOMETRIC_REPRESENTATION_CONTEXT ( 3 ) GLOBAL_UNCERTAINTY_ASSIGNED_CONTEXT ( ( #1844 ) ) GLOBAL_UNIT_ASSIGNED_CONTEXT ( ( #2246, #627, #241 ) ) REPRESENTATION_CONTEXT ( 'NONE', 'WORKASPACE' ) );
#1784 = ORIENTED_EDGE ( 'NONE', *, *, #1768, .T. ) ;
#1785 = COLOUR_RGB ( '',1.000000000000000000, 1.000000000000000000, 1.000000000000000000 ) ;
#1786 = VERTEX_POINT ( 'NONE', #2263 ) ;
#1787 = DIRECTION ( 'NONE',  ( 0.000000000000000000, 0.000000000000000000, 1.000000000000000000 ) ) ;
#1788 = AXIS2_PLACEMENT_3D ( 'NONE', #640, #1013, #851 ) ;
#1789 = FILL_AREA_STYLE_COLOUR ( '', #1255 ) ;
#1790 = UNCERTAINTY_MEASURE_WITH_UNIT (LENGTH_MEASURE( 1.000000000000000082E-05 ), #690, 'distance_accuracy_value', 'NONE');
#1791 = CARTESIAN_POINT ( 'NONE',  ( 6.271038501742054017, -0.1799999999999975508, -0.2400000000000017675 ) ) ;
#1792 = VERTEX_POINT ( 'NONE', #996 ) ;
#1793 = VERTEX_POINT ( 'NONE', #2069 ) ;
#1794 = DIRECTION ( 'NONE',  ( 1.000000000000000000, 1.176074474522576135E-16, 0.000000000000000000 ) ) ;
#1795 = EDGE_LOOP ( 'NONE', ( #53, #673, #199, #514 ) ) ;
#1796 = FACE_OUTER_BOUND ( 'NONE', #726, .T. ) ;
#1797 = SURFACE_SIDE_STYLE ('',( #153 ) ) ;
#1798 = CARTESIAN_POINT ( 'NONE',  ( -5.445493056547826782, 0.000000000000000000, 0.000000000000000000 ) ) ;
#1799 = EDGE_CURVE ( 'NONE', #934, #1065, #968, .T. ) ;
#1800 = CYLINDRICAL_SURFACE ( 'NONE', #1254, 0.2999999999999999889 ) ;
#1801 = CARTESIAN_POINT ( 'NONE',  ( 11.80948073056847569, -0.5000000000000022204, 0.000000000000000000 ) ) ;
#1802 = ORIENTED_EDGE ( 'NONE', *, *, #1070, .F. ) ;
#1803 = EDGE_CURVE ( 'NONE', #1076, #82, #439, .T. ) ;
#1804 = DIRECTION ( 'NONE',  ( -1.000000000000000000, -0.000000000000000000, -0.000000000000000000 ) ) ;
#1805 = CARTESIAN_POINT ( 'NONE',  ( -6.000000000000001776, 0.000000000000000000, 0.2999999999999999889 ) ) ;
#1806 = ORIENTED_EDGE ( 'NONE', *, *, #1235, .F. ) ;
#1807 = ORIENTED_EDGE ( 'NONE', *, *, #400, .T. ) ;
#1808 = ORIENTED_EDGE ( 'NONE', *, *, #117, .T. ) ;
#1809 = DIRECTION ( 'NONE',  ( 0.000000000000000000, 1.000000000000000000, 0.000000000000000000 ) ) ;
#1810 = COLOUR_RGB ( '',1.000000000000000000, 1.000000000000000000, 1.000000000000000000 ) ;
#1811 =( NAMED_UNIT ( * ) PLANE_ANGLE_UNIT ( ) SI_UNIT ( $, .RADIAN. ) );
#1812 = LINE ( 'NONE', #1478, #2045 ) ;
#1813 = ADVANCED_FACE ( 'NONE', ( #83 ), #788, .T. ) ;
#1814 = CARTESIAN_POINT ( 'NONE',  ( -6.029370051363023286, 0.000000000000000000, 1.149999999999999911 ) ) ;
#1815 = STYLED_ITEM ( 'NONE', ( #1998 ), #535 ) ;
#1816 = DIRECTION ( 'NONE',  ( 1.000000000000000000, 1.156141008852702051E-16, -0.000000000000000000 ) ) ;
#1817 = CARTESIAN_POINT ( 'NONE',  ( 11.30948073056847747, 0.2999999999999999334, 0.000000000000000000 ) ) ;
#1818 = ORIENTED_EDGE ( 'NONE', *, *, #1908, .F. ) ;
#1819 = STYLED_ITEM ( 'NONE', ( #322 ), #1102 ) ;
#1820 = DIRECTION ( 'NONE',  ( 0.000000000000000000, 0.000000000000000000, 1.000000000000000000 ) ) ;
#1821 = PLANE ( 'NONE',  #1896 ) ;
#1822 = ORIENTED_EDGE ( 'NONE', *, *, #1230, .T. ) ;
#1823 = ORIENTED_EDGE ( 'NONE', *, *, #309, .T. ) ;
#1824 = ORIENTED_CLOSED_SHELL ( 'NONE', *, #906, .F. );
#1825 = CIRCLE ( 'NONE', #177, 1.149999999999999911 ) ;
#1826 = AXIS2_PLACEMENT_3D ( 'NONE', #364, #1177, #1538 ) ;
#1827 = SURFACE_SIDE_STYLE ('',( #2332 ) ) ;
#1828 = ORIENTED_EDGE ( 'NONE', *, *, #416, .F. ) ;
#1829 = DIRECTION ( 'NONE',  ( -1.000000000000000000, -0.000000000000000000, -0.000000000000000000 ) ) ;
#1830 = AXIS2_PLACEMENT_3D ( 'NONE', #2254, #1691, #1710 ) ;
#1831 =( LENGTH_UNIT ( ) NAMED_UNIT ( * ) SI_UNIT ( .MILLI., .METRE. ) );
#1832 = DIRECTION ( 'NONE',  ( 0.000000000000000000, 0.000000000000000000, 1.000000000000000000 ) ) ;
#1833 = VECTOR ( 'NONE', #239, 1000.000000000000000 ) ;
#1834 = CARTESIAN_POINT ( 'NONE',  ( 0.7297713588363206050, 0.1799999999999999933, 0.4000000000000000222 ) ) ;
#1835 = DIRECTION ( 'NONE',  ( -1.000000000000000000, -0.000000000000000000, -0.000000000000000000 ) ) ;
#1836 = CARTESIAN_POINT ( 'NONE',  ( 5.999999999999998224, 0.000000000000000000, 0.000000000000000000 ) ) ;
#1837 =( NAMED_UNIT ( * ) PLANE_ANGLE_UNIT ( ) SI_UNIT ( $, .RADIAN. ) );
#1838 = ADVANCED_FACE ( 'NONE', ( #590 ), #59, .F. ) ;
#1839 = CARTESIAN_POINT ( 'NONE',  ( 5.445493056547826782, 1.238231682887507902E-16, -1.011092899397290079 ) ) ;
#1840 = ORIENTED_EDGE ( 'NONE', *, *, #1123, .T. ) ;
#1841 = DIRECTION ( 'NONE',  ( 1.000000000000000000, 0.000000000000000000, 0.000000000000000000 ) ) ;
#1842 = ADVANCED_FACE ( 'NONE', ( #959 ), #2058, .F. ) ;
#1843 = DIRECTION ( 'NONE',  ( -1.000000000000000000, -0.000000000000000000, -0.000000000000000000 ) ) ;
#1844 = UNCERTAINTY_MEASURE_WITH_UNIT (LENGTH_MEASURE( 1.000000000000000082E-05 ), #2246, 'distance_accuracy_value', 'NONE');
#1845 = DIRECTION ( 'NONE',  ( -1.000000000000000000, 0.000000000000000000, 0.000000000000000000 ) ) ;
#1846 = PLANE ( 'NONE',  #249 ) ;
#1847 = ORIENTED_EDGE ( 'NONE', *, *, #706, .F. ) ;
#1848 = ORIENTED_EDGE ( 'NONE', *, *, #1048, .T. ) ;
#1849 = SURFACE_STYLE_FILL_AREA ( #268 ) ;
#1850 = DIRECTION ( 'NONE',  ( 0.000000000000000000, 0.000000000000000000, 1.000000000000000000 ) ) ;
#1851 = FACE_OUTER_BOUND ( 'NONE', #2119, .T. ) ;
#1852 = CYLINDRICAL_SURFACE ( 'NONE', #1340, 0.2999999999999999889 ) ;
#1853 = TOROIDAL_SURFACE ( 'NONE', #2165, 0.05073618416563847877, 1.099263815834361502 ) ;
#1854 = STYLED_ITEM ( 'NONE', ( #404 ), #143 ) ;
#1855 = VECTOR ( 'NONE', #1202, 1000.000000000000000 ) ;
#1856 = DIRECTION ( 'NONE',  ( -1.000000000000000000, -0.000000000000000000, -0.000000000000000000 ) ) ;
#1857 = AXIS2_PLACEMENT_3D ( 'NONE', #1361, #605, #1910 ) ;
#1858 = ORIENTED_EDGE ( 'NONE', *, *, #1137, .T. ) ;
#1859 = ORIENTED_EDGE ( 'NONE', *, *, #1539, .T. ) ;
#1860 = CIRCLE ( 'NONE', #595, 1.961692683977673601 ) ;
#1861 = PRESENTATION_STYLE_ASSIGNMENT (( #428 ) ) ;
#1862 = VECTOR ( 'NONE', #925, 1000.000000000000000 ) ;
#1863 = ADVANCED_FACE ( 'NONE', ( #262 ), #48, .F. ) ;
#1864 = CIRCLE ( 'NONE', #107, 1.149999999999999689 ) ;
#1865 = CARTESIAN_POINT ( 'NONE',  ( -11.80948073056847569, -0.5000000000000022204, 0.000000000000000000 ) ) ;
#1866 = AXIS2_PLACEMENT_3D ( 'NONE', #265, #231, #998 ) ;
#1867 = AXIS2_PLACEMENT_3D ( 'NONE', #579, #812, #1334 ) ;
#1868 = CYLINDRICAL_SURFACE ( 'NONE', #2051, 0.2999999999999999334 ) ;
#1869 = DIRECTION ( 'NONE',  ( 0.000000000000000000, 0.000000000000000000, 1.000000000000000000 ) ) ;
#1870 = AXIS2_PLACEMENT_3D ( 'NONE', #200, #1644, #938 ) ;
#1871 = CARTESIAN_POINT ( 'NONE',  ( -11.80948073056847747, -0.4999999999999995559, 0.000000000000000000 ) ) ;
#1872 = ORIENTED_EDGE ( 'NONE', *, *, #367, .T. ) ;
#1873 = VERTEX_POINT ( 'NONE', #2275 ) ;
#1874 = ORIENTED_EDGE ( 'NONE', *, *, #856, .F. ) ;
#1875 = CARTESIAN_POINT ( 'NONE',  ( 27.00000000000000000, 0.000000000000000000, 0.2999999999999999889 ) ) ;
#1876 = EDGE_CURVE ( 'NONE', #1873, #1135, #839, .T. ) ;
#1877 = CARTESIAN_POINT ( 'NONE',  ( 5.999999999999997335, -0.07999999999999977962, -0.2999999999999999889 ) ) ;
#1878 = EDGE_CURVE ( 'NONE', #1404, #469, #388, .T. ) ;
#1879 = DIRECTION ( 'NONE',  ( -1.000000000000000000, 0.000000000000000000, 0.000000000000000000 ) ) ;
#1880 = DIRECTION ( 'NONE',  ( -1.000000000000000000, -0.000000000000000000, -0.000000000000000000 ) ) ;
#1881 = ADVANCED_FACE ( 'NONE', ( #1395 ), #717, .F. ) ;
#1882 = EDGE_CURVE ( 'NONE', #42, #2075, #76, .T. ) ;
#1883 = CARTESIAN_POINT ( 'NONE',  ( -5.445493056547826782, 0.000000000000000000, 0.000000000000000000 ) ) ;
#1884 = VERTEX_POINT ( 'NONE', #686 ) ;
#1885 = ORIENTED_EDGE ( 'NONE', *, *, #577, .T. ) ;
#1886 = EDGE_CURVE ( 'NONE', #926, #694, #497, .T. ) ;
#1887 = ORIENTED_EDGE ( 'NONE', *, *, #1245, .T. ) ;
#1888 = CARTESIAN_POINT ( 'NONE',  ( -5.445493056547826782, 1.299464022844876166E-16, -1.061092899397290124 ) ) ;
#1889 = DIRECTION ( 'NONE',  ( 0.000000000000000000, 0.000000000000000000, -1.000000000000000000 ) ) ;
#1890 = DIRECTION ( 'NONE',  ( -1.000000000000000000, -0.000000000000000000, -0.000000000000000000 ) ) ;
#1891 = LINE ( 'NONE', #1144, #1376 ) ;
#1892 =( NAMED_UNIT ( * ) SI_UNIT ( $, .STERADIAN. ) SOLID_ANGLE_UNIT ( ) );
#1893 = AXIS2_PLACEMENT_3D ( 'NONE', #600, #1902, #1678 ) ;
#1894 = EDGE_CURVE ( 'NONE', #2247, #434, #1112, .T. ) ;
#1895 = CIRCLE ( 'NONE', #553, 1.099263815834361502 ) ;
#1896 = AXIS2_PLACEMENT_3D ( 'NONE', #1639, #531, #1966 ) ;
#1897 = CARTESIAN_POINT ( 'NONE',  ( -7.035051772262604253, 8.878526128425129218E-17, -0.3499999999999999778 ) ) ;
#1898 = ORIENTED_EDGE ( 'NONE', *, *, #1576, .F. ) ;
#1899 = AXIS2_PLACEMENT_3D ( 'NONE', #1362, #1019, #1599 ) ;
#1900 = VERTEX_POINT ( 'NONE', #127 ) ;
#1901 = CIRCLE ( 'NONE', #1139, 0.2999999999999999334 ) ;
#1902 = DIRECTION ( 'NONE',  ( -1.000000000000000000, -0.000000000000000000, -0.000000000000000000 ) ) ;
#1903 = VECTOR ( 'NONE', #1271, 1000.000000000000000 ) ;
#1904 = ORIENTED_EDGE ( 'NONE', *, *, #1426, .F. ) ;
#1905 = COLOUR_RGB ( '',1.000000000000000000, 1.000000000000000000, 1.000000000000000000 ) ;
#1906 = DIRECTION ( 'NONE',  ( -1.000000000000000000, -0.000000000000000000, -0.000000000000000000 ) ) ;
#1907 =( LENGTH_UNIT ( ) NAMED_UNIT ( * ) SI_UNIT ( .MILLI., .METRE. ) );
#1908 = EDGE_CURVE ( 'NONE', #1135, #1755, #1420, .T. ) ;
#1909 = CIRCLE ( 'NONE', #2288, 1.061092899397290124 ) ;
#1910 = DIRECTION ( 'NONE',  ( 0.000000000000000000, -1.224646799147353207E-16, 1.000000000000000000 ) ) ;
#1911 = ADVANCED_FACE ( 'NONE', ( #1941 ), #423, .T. ) ;
#1912 = COLOUR_RGB ( '',1.000000000000000000, 1.000000000000000000, 1.000000000000000000 ) ;
#1913 = PRODUCT_DEFINITION_SHAPE ( 'NONE', 'NONE',  #1410 ) ;
#1914 = VECTOR ( 'NONE', #1698, 1000.000000000000000 ) ;
#1915 = ORIENTED_EDGE ( 'NONE', *, *, #44, .F. ) ;
#1916 = DIRECTION ( 'NONE',  ( 0.000000000000000000, -0.000000000000000000, 1.000000000000000000 ) ) ;
#1917 = FILL_AREA_STYLE_COLOUR ( '', #635 ) ;
#1918 = ORIENTED_EDGE ( 'NONE', *, *, #1188, .T. ) ;
#1919 = CIRCLE ( 'NONE', #1686, 1.011092899397290079 ) ;
#1920 = ORIENTED_EDGE ( 'NONE', *, *, #1734, .T. ) ;
#1921 =( NAMED_UNIT ( * ) SI_UNIT ( $, .STERADIAN. ) SOLID_ANGLE_UNIT ( ) );
#1922 = EDGE_CURVE ( 'NONE', #1387, #2065, #347, .T. ) ;
#1923 =( NAMED_UNIT ( * ) SI_UNIT ( $, .STERADIAN. ) SOLID_ANGLE_UNIT ( ) );
#1924 = ADVANCED_FACE ( 'NONE', ( #312 ), #927, .F. ) ;
#1925 = DIRECTION ( 'NONE',  ( -1.000000000000000000, 0.000000000000000000, 0.000000000000000000 ) ) ;
#1926 = FACE_OUTER_BOUND ( 'NONE', #1269, .T. ) ;
#1927 = DIRECTION ( 'NONE',  ( -1.000000000000000000, -0.000000000000000000, -0.000000000000000000 ) ) ;
#1928 = CARTESIAN_POINT ( 'NONE',  ( 5.445493056547826782, 3.701844689188914380E-16, -3.022785583374963725 ) ) ;
#1929 = EDGE_LOOP ( 'NONE', ( #657, #1150 ) ) ;
#1930 = DIRECTION ( 'NONE',  ( -1.000000000000000000, -0.000000000000000000, -0.000000000000000000 ) ) ;
#1931 = DIRECTION ( 'NONE',  ( -1.000000000000000000, -0.000000000000000000, -0.000000000000000000 ) ) ;
#1932 = DIRECTION ( 'NONE',  ( -1.000000000000000000, -0.000000000000000000, -0.000000000000000000 ) ) ;
#1933 = EDGE_CURVE ( 'NONE', #1135, #746, #1919, .T. ) ;
#1934 = CARTESIAN_POINT ( 'NONE',  ( -6.029370051363023286, 0.000000000000000000, 0.000000000000000000 ) ) ;
#1935 = VERTEX_POINT ( 'NONE', #2007 ) ;
#1936 = VECTOR ( 'NONE', #495, 1000.000000000000000 ) ;
#1937 = VECTOR ( 'NONE', #98, 1000.000000000000000 ) ;
#1938 = VECTOR ( 'NONE', #40, 1000.000000000000000 ) ;
#1939 = EDGE_LOOP ( 'NONE', ( #542, #943 ) ) ;
#1940 = FACE_OUTER_BOUND ( 'NONE', #857, .T. ) ;
#1941 = FACE_OUTER_BOUND ( 'NONE', #118, .T. ) ;
#1942 = COLOUR_RGB ( '',1.000000000000000000, 1.000000000000000000, 1.000000000000000000 ) ;
#1943 = COLOUR_RGB ( '',1.000000000000000000, 1.000000000000000000, 1.000000000000000000 ) ;
#1944 = UNCERTAINTY_MEASURE_WITH_UNIT (LENGTH_MEASURE( 1.000000000000000082E-05 ), #116, 'distance_accuracy_value', 'NONE');
#1945 = CARTESIAN_POINT ( 'NONE',  ( 0.000000000000000000, 0.000000000000000000, 1.100000000000000089 ) ) ;
#1946 = MECHANICAL_DESIGN_GEOMETRIC_PRESENTATION_REPRESENTATION (  '', ( #1819 ), #1640 ) ;
#1947 = CIRCLE ( 'NONE', #1259, 0.2999999999999999334 ) ;
#1948 = CYLINDRICAL_SURFACE ( 'NONE', #789, 0.2999999999999999889 ) ;
#1949 = ORIENTED_EDGE ( 'NONE', *, *, #1894, .F. ) ;
#1950 = CARTESIAN_POINT ( 'NONE',  ( 27.00000000000000000, 3.673940397442058882E-17, -0.2999999999999999889 ) ) ;
#1951 = ORIENTED_EDGE ( 'NONE', *, *, #256, .T. ) ;
#1952 = CARTESIAN_POINT ( 'NONE',  ( 7.099999999999999645, 0.000000000000000000, 0.000000000000000000 ) ) ;
#1953 = SURFACE_STYLE_USAGE ( .BOTH. , #1224 ) ;
#1954 = FILL_AREA_STYLE_COLOUR ( '', #2145 ) ;
#1955 = DIRECTION ( 'NONE',  ( 0.000000000000000000, 0.000000000000000000, 1.000000000000000000 ) ) ;
#1956 =( NAMED_UNIT ( * ) SI_UNIT ( $, .STERADIAN. ) SOLID_ANGLE_UNIT ( ) );
#1957 = EDGE_CURVE ( 'NONE', #718, #2155, #737, .T. ) ;
#1958 = ORIENTED_EDGE ( 'NONE', *, *, #1126, .F. ) ;
#1959 = EDGE_CURVE ( 'NONE', #1114, #820, #2104, .T. ) ;
#1960 = DIRECTION ( 'NONE',  ( 0.000000000000000000, 0.000000000000000000, 1.000000000000000000 ) ) ;
#1961 = PRESENTATION_STYLE_ASSIGNMENT (( #2130 ) ) ;
#1962 = CARTESIAN_POINT ( 'NONE',  ( -6.092540868572752899, 0.1799999999999999933, -0.4000000000000000222 ) ) ;
#1963 =( LENGTH_UNIT ( ) NAMED_UNIT ( * ) SI_UNIT ( .MILLI., .METRE. ) );
#1964 = ORIENTED_EDGE ( 'NONE', *, *, #1156, .T. ) ;
#1965 = EDGE_CURVE ( 'NONE', #1387, #421, #993, .T. ) ;
#1966 = DIRECTION ( 'NONE',  ( 1.000000000000000000, 0.000000000000000000, 0.000000000000000000 ) ) ;
#1967 = VECTOR ( 'NONE', #2106, 1000.000000000000000 ) ;
#1968 = FACE_OUTER_BOUND ( 'NONE', #1795, .T. ) ;
#1969 = ORIENTED_EDGE ( 'NONE', *, *, #245, .T. ) ;
#1970 = VECTOR ( 'NONE', #933, 1000.000000000000000 ) ;
#1971 = CARTESIAN_POINT ( 'NONE',  ( -4.854051550450479979, 1.347111479062088503E-16, -1.100000000000000089 ) ) ;
#1972 = DIRECTION ( 'NONE',  ( 0.000000000000000000, -1.224646799147353207E-16, 1.000000000000000000 ) ) ;
#1973 = CIRCLE ( 'NONE', #2052, 1.961692683977673601 ) ;
#1974 = CARTESIAN_POINT ( 'NONE',  ( 4.854051550450479979, 0.000000000000000000, 0.000000000000000000 ) ) ;
#1975 = DIRECTION ( 'NONE',  ( 0.000000000000000000, 0.000000000000000000, 1.000000000000000000 ) ) ;
#1976 = ORIENTED_EDGE ( 'NONE', *, *, #898, .F. ) ;
#1977 = CARTESIAN_POINT ( 'NONE',  ( -7.035051772262605141, 0.000000000000000000, 0.000000000000000000 ) ) ;
#1978 = TOROIDAL_SURFACE ( 'NONE', #1108, 3.022785583374963725, 2.011692683977673646 ) ;
#1979 = ORIENTED_EDGE ( 'NONE', *, *, #2140, .F. ) ;
#1980 = MECHANICAL_DESIGN_GEOMETRIC_PRESENTATION_REPRESENTATION (  '', ( #681 ), #420 ) ;
#1981 = DIRECTION ( 'NONE',  ( -1.000000000000000000, -0.000000000000000000, -0.000000000000000000 ) ) ;
#1982 = ADVANCED_FACE ( 'NONE', ( #1796 ), #536, .F. ) ;
#1983 = CARTESIAN_POINT ( 'NONE',  ( -5.445493056547826782, 3.701844689188914380E-16, -3.022785583374963725 ) ) ;
#1984 = AXIS2_PLACEMENT_3D ( 'NONE', #455, #947, #1682 ) ;
#1985 =( NAMED_UNIT ( * ) SI_UNIT ( $, .STERADIAN. ) SOLID_ANGLE_UNIT ( ) );
#1986 = UNCERTAINTY_MEASURE_WITH_UNIT (LENGTH_MEASURE( 1.000000000000000082E-05 ), #1348, 'distance_accuracy_value', 'NONE');
#1987 = CARTESIAN_POINT ( 'NONE',  ( -6.036847926110492146, 0.000000000000000000, 1.099973353069097604 ) ) ;
#1988 = EDGE_CURVE ( 'NONE', #2152, #1034, #264, .T. ) ;
#1989 = FACE_OUTER_BOUND ( 'NONE', #575, .T. ) ;
#1990 =( NAMED_UNIT ( * ) SI_UNIT ( $, .STERADIAN. ) SOLID_ANGLE_UNIT ( ) );
#1991 = ORIENTED_EDGE ( 'NONE', *, *, #1738, .T. ) ;
#1992 = DIRECTION ( 'NONE',  ( 0.000000000000000000, 0.000000000000000000, -1.000000000000000000 ) ) ;
#1993 = CARTESIAN_POINT ( 'NONE',  ( -4.861616061732629390, 1.408343819019456028E-16, -1.149999999999999911 ) ) ;
#1994 = VERTEX_POINT ( 'NONE', #1296 ) ;
#1995 = SURFACE_STYLE_USAGE ( .BOTH. , #1827 ) ;
#1996 = EDGE_LOOP ( 'NONE', ( #457, #1708, #1204, #1663, #1703 ) ) ;
#1997 = FACE_OUTER_BOUND ( 'NONE', #534, .T. ) ;
#1998 = PRESENTATION_STYLE_ASSIGNMENT (( #1670 ) ) ;
#1999 = DIRECTION ( 'NONE',  ( 0.000000000000000000, 0.000000000000000000, 1.000000000000000000 ) ) ;
#2000 = EDGE_LOOP ( 'NONE', ( #318, #647, #1415, #22, #158 ) ) ;
#2001 = DIRECTION ( 'NONE',  ( -0.000000000000000000, -0.000000000000000000, -1.000000000000000000 ) ) ;
#2002 = PLANE ( 'NONE',  #1630 ) ;
#2003 = ORIENTED_EDGE ( 'NONE', *, *, #577, .F. ) ;
#2004 = DIRECTION ( 'NONE',  ( 0.000000000000000000, 0.000000000000000000, 1.000000000000000000 ) ) ;
#2005 = AXIS2_PLACEMENT_3D ( 'NONE', #1543, #1689, #991 ) ;
#2006 = ORIENTED_EDGE ( 'NONE', *, *, #432, .F. ) ;
#2007 = CARTESIAN_POINT ( 'NONE',  ( 7.099999999999999645, 0.000000000000000000, 0.2999999999999999889 ) ) ;
#2008 = CARTESIAN_POINT ( 'NONE',  ( 5.999999999999998224, -0.1800000000000000488, -0.2399999999999999634 ) ) ;
#2009 = DIRECTION ( 'NONE',  ( -1.000000000000000000, -0.000000000000000000, -0.000000000000000000 ) ) ;
#2010 = AXIS2_PLACEMENT_3D ( 'NONE', #2017, #194, #2216 ) ;
#2011 = CIRCLE ( 'NONE', #1857, 1.961692683977673601 ) ;
#2012 = CARTESIAN_POINT ( 'NONE',  ( -6.092540868572752899, 0.1799999999999999933, 0.4000000000000000222 ) ) ;
#2013 =( NAMED_UNIT ( * ) SI_UNIT ( $, .STERADIAN. ) SOLID_ANGLE_UNIT ( ) );
#2014 = EDGE_CURVE ( 'NONE', #447, #2075, #881, .T. ) ;
#2015 = CIRCLE ( 'NONE', #445, 1.061092899397290124 ) ;
#2016 = MECHANICAL_DESIGN_GEOMETRIC_PRESENTATION_REPRESENTATION (  '', ( #2054 ), #1063 ) ;
#2017 = CARTESIAN_POINT ( 'NONE',  ( -6.000000000000001776, 0.000000000000000000, 0.000000000000000000 ) ) ;
#2018 = ORIENTED_EDGE ( 'NONE', *, *, #512, .F. ) ;
#2019 = VECTOR ( 'NONE', #2261, 1000.000000000000000 ) ;
#2020 = ADVANCED_FACE ( 'NONE', ( #1436 ), #956, .T. ) ;
#2021 = ORIENTED_EDGE ( 'NONE', *, *, #1597, .F. ) ;
#2022 = CIRCLE ( 'NONE', #1866, 1.149999999999999911 ) ;
#2023 = DIRECTION ( 'NONE',  ( 0.000000000000000000, 0.000000000000000000, 1.000000000000000000 ) ) ;
#2024 = ORIENTED_EDGE ( 'NONE', *, *, #1070, .T. ) ;
#2025 = CARTESIAN_POINT ( 'NONE',  ( 5.445493056547826782, 0.000000000000000000, 0.000000000000000000 ) ) ;
#2026 = AXIS2_PLACEMENT_3D ( 'NONE', #129, #1596, #644 ) ;
#2027 = DIRECTION ( 'NONE',  ( 0.000000000000000000, 0.000000000000000000, 1.000000000000000000 ) ) ;
#2028 = CARTESIAN_POINT ( 'NONE',  ( 0.7297713588363206050, 0.1799999999999999933, 0.4000000000000000222 ) ) ;
#2029 = AXIS2_PLACEMENT_3D ( 'NONE', #188, #1841, #1653 ) ;
#2030 = CARTESIAN_POINT ( 'NONE',  ( 27.00000000000000000, 0.000000000000000000, 0.000000000000000000 ) ) ;
#2031 = FILL_AREA_STYLE ('',( #193 ) ) ;
#2032 = DIRECTION ( 'NONE',  ( -1.000000000000000000, 0.000000000000000000, 0.000000000000000000 ) ) ;
#2033 = EDGE_LOOP ( 'NONE', ( #897, #458, #1563, #2149, #1951, #2237, #337, #2304, #334, #1373, #1148, #426 ) ) ;
#2034 = VERTEX_POINT ( 'NONE', #373 ) ;
#2035 = EDGE_CURVE ( 'NONE', #434, #903, #1577, .T. ) ;
#2036 = DIRECTION ( 'NONE',  ( 0.000000000000000000, -1.000000000000000000, 0.000000000000000000 ) ) ;
#2037 = ADVANCED_FACE ( 'NONE', ( #2195 ), #744, .T. ) ;
#2038 = CARTESIAN_POINT ( 'NONE',  ( 11.80948073056847747, -0.4999999999999995559, 0.000000000000000000 ) ) ;
#2039 = EDGE_CURVE ( 'NONE', #2179, #370, #290, .T. ) ;
#2040 = ORIENTED_EDGE ( 'NONE', *, *, #1933, .T. ) ;
#2041 = SURFACE_STYLE_USAGE ( .BOTH. , #942 ) ;
#2042 = CARTESIAN_POINT ( 'NONE',  ( 27.00000000000000000, -0.1799999999999975508, 0.2400000000000017675 ) ) ;
#2043 =( NAMED_UNIT ( * ) PLANE_ANGLE_UNIT ( ) SI_UNIT ( $, .RADIAN. ) );
#2044 = SURFACE_STYLE_FILL_AREA ( #2079 ) ;
#2045 = VECTOR ( 'NONE', #212, 1000.000000000000000 ) ;
#2046 = VECTOR ( 'NONE', #1930, 1000.000000000000000 ) ;
#2047 = CARTESIAN_POINT ( 'NONE',  ( 5.999999999999998224, 0.000000000000000000, 0.000000000000000000 ) ) ;
#2048 = CARTESIAN_POINT ( 'NONE',  ( -5.445493056547826782, 0.000000000000000000, 0.000000000000000000 ) ) ;
#2049 = AXIS2_PLACEMENT_3D ( 'NONE', #1836, #923, #1648 ) ;
#2050 = PLANE ( 'NONE',  #1250 ) ;
#2051 = AXIS2_PLACEMENT_3D ( 'NONE', #77, #1724, #1537 ) ;
#2052 = AXIS2_PLACEMENT_3D ( 'NONE', #2240, #1535, #773 ) ;
#2053 = CARTESIAN_POINT ( 'NONE',  ( -7.035051772262605141, 0.000000000000000000, 0.2999999999999999889 ) ) ;
#2054 = STYLED_ITEM ( 'NONE', ( #1049 ), #1113 ) ;
#2055 =( GEOMETRIC_REPRESENTATION_CONTEXT ( 3 ) GLOBAL_UNCERTAINTY_ASSIGNED_CONTEXT ( ( #1200 ) ) GLOBAL_UNIT_ASSIGNED_CONTEXT ( ( #317, #294, #656 ) ) REPRESENTATION_CONTEXT ( 'NONE', 'WORKASPACE' ) );
#2056 = EDGE_CURVE ( 'NONE', #1125, #1786, #1502, .T. ) ;
#2057 = DIRECTION ( 'NONE',  ( 0.000000000000000000, 1.000000000000000000, 0.000000000000000000 ) ) ;
#2058 = PLANE ( 'NONE',  #1264 ) ;
#2059 = VECTOR ( 'NONE', #2290, 1000.000000000000000 ) ;
#2060 = AXIS2_PLACEMENT_3D ( 'NONE', #2232, #1890, #979 ) ;
#2061 = CARTESIAN_POINT ( 'NONE',  ( -0.5278430277006630478, -0.1800000000000007705, 0.4000000000000000222 ) ) ;
#2062 = EDGE_CURVE ( 'NONE', #2192, #952, #552, .T. ) ;
#2063 = MECHANICAL_DESIGN_GEOMETRIC_PRESENTATION_REPRESENTATION (  '', ( #1498 ), #1605 ) ;
#2064 = DIRECTION ( 'NONE',  ( 0.000000000000000000, 0.000000000000000000, -1.000000000000000000 ) ) ;
#2065 = VERTEX_POINT ( 'NONE', #1311 ) ;
#2066 = DIRECTION ( 'NONE',  ( 0.000000000000000000, 0.000000000000000000, -1.000000000000000000 ) ) ;
#2067 = EDGE_LOOP ( 'NONE', ( #277, #1544, #2161, #1310, #1823, #2164 ) ) ;
#2068 = PRESENTATION_STYLE_ASSIGNMENT (( #246 ) ) ;
#2069 = CARTESIAN_POINT ( 'NONE',  ( -11.30948073056847747, 0.000000000000000000, 0.2999999999999999334 ) ) ;
#2070 = EDGE_CURVE ( 'NONE', #469, #1387, #1133, .T. ) ;
#2071 = DIRECTION ( 'NONE',  ( 1.000000000000000000, -0.000000000000000000, 0.000000000000000000 ) ) ;
#2072 = DIRECTION ( 'NONE',  ( -1.000000000000000000, -0.000000000000000000, -0.000000000000000000 ) ) ;
#2073 = LINE ( 'NONE', #19, #474 ) ;
#2074 = FILL_AREA_STYLE_COLOUR ( '', #1593 ) ;
#2075 = VERTEX_POINT ( 'NONE', #1888 ) ;
#2076 = ORIENTED_EDGE ( 'NONE', *, *, #813, .F. ) ;
#2077 = LINE ( 'NONE', #2042, #1481 ) ;
#2078 = PRESENTATION_STYLE_ASSIGNMENT (( #1953 ) ) ;
#2079 = FILL_AREA_STYLE ('',( #1524 ) ) ;
#2080 = VECTOR ( 'NONE', #808, 1000.000000000000000 ) ;
#2081 = CIRCLE ( 'NONE', #2278, 0.2999999999999999889 ) ;
#2082 = EDGE_LOOP ( 'NONE', ( #1417, #236 ) ) ;
#2083 = DIRECTION ( 'NONE',  ( 0.000000000000000000, 0.000000000000000000, -1.000000000000000000 ) ) ;
#2084 = ADVANCED_FACE ( 'NONE', ( #1520 ), #1284, .T. ) ;
#2085 = DIRECTION ( 'NONE',  ( 0.000000000000000000, -1.224646799147353207E-16, 1.000000000000000000 ) ) ;
#2086 = ORIENTED_EDGE ( 'NONE', *, *, #1768, .F. ) ;
#2087 = AXIS2_PLACEMENT_3D ( 'NONE', #2202, #2032, #32 ) ;
#2088 = ORIENTED_EDGE ( 'NONE', *, *, #678, .F. ) ;
#2089 = PRESENTATION_LAYER_ASSIGNMENT (  '', '', ( #1292 ) ) ;
#2090 = ORIENTED_EDGE ( 'NONE', *, *, #1965, .F. ) ;
#2091 = DIRECTION ( 'NONE',  ( 0.000000000000000000, 0.000000000000000000, 1.000000000000000000 ) ) ;
#2092 = EDGE_CURVE ( 'NONE', #160, #1662, #1152, .T. ) ;
#2093 = COLOUR_RGB ( '',1.000000000000000000, 1.000000000000000000, 1.000000000000000000 ) ;
#2094 = ORIENTED_EDGE ( 'NONE', *, *, #678, .T. ) ;
#2095 = CIRCLE ( 'NONE', #1449, 0.2000000000000005107 ) ;
#2096 = CARTESIAN_POINT ( 'NONE',  ( 5.445493056547826782, 0.000000000000000000, 0.000000000000000000 ) ) ;
#2097 = DIRECTION ( 'NONE',  ( 0.000000000000000000, -1.224646799147353454E-16, 1.000000000000000000 ) ) ;
#2098 = PRESENTATION_LAYER_ASSIGNMENT (  '', '', ( #985 ) ) ;
#2099 = SURFACE_SIDE_STYLE ('',( #441 ) ) ;
#2100 = VECTOR ( 'NONE', #1880, 1000.000000000000000 ) ;
#2101 = PRESENTATION_LAYER_ASSIGNMENT (  '', '', ( #2292 ) ) ;
#2102 = CYLINDRICAL_SURFACE ( 'NONE', #2353, 0.2999999999999999334 ) ;
#2103 = ORIENTED_EDGE ( 'NONE', *, *, #319, .F. ) ;
#2104 = CIRCLE ( 'NONE', #2029, 0.2999999999999999334 ) ;
#2105 = EDGE_LOOP ( 'NONE', ( #1553, #148, #1183, #1676 ) ) ;
#2106 = DIRECTION ( 'NONE',  ( -1.000000000000000000, -0.000000000000000000, -0.000000000000000000 ) ) ;
#2107 = CARTESIAN_POINT ( 'NONE',  ( -5.445493056547826782, 0.000000000000000000, 0.000000000000000000 ) ) ;
#2108 = CARTESIAN_POINT ( 'NONE',  ( 6.271038501742057569, -0.1799999999999999933, 0.4000000000000000222 ) ) ;
#2109 = SURFACE_STYLE_FILL_AREA ( #303 ) ;
#2110 = DIRECTION ( 'NONE',  ( -0.000000000000000000, -0.000000000000000000, -1.000000000000000000 ) ) ;
#2111 = ORIENTED_EDGE ( 'NONE', *, *, #702, .T. ) ;
#2112 = SURFACE_STYLE_USAGE ( .BOTH. , #1731 ) ;
#2113 = CARTESIAN_POINT ( 'NONE',  ( 27.00000000000000000, 0.000000000000000000, 0.2999999999999999889 ) ) ;
#2114 = DIRECTION ( 'NONE',  ( 0.000000000000000000, 0.000000000000000000, 1.000000000000000000 ) ) ;
#2115 = DIRECTION ( 'NONE',  ( -0.000000000000000000, -0.000000000000000000, -1.000000000000000000 ) ) ;
#2116 = LINE ( 'NONE', #667, #1175 ) ;
#2117 = TOROIDAL_SURFACE ( 'NONE', #1094, 3.022785583374963725, 2.011692683977673646 ) ;
#2118 = DIRECTION ( 'NONE',  ( 5.782411586589358033E-15, 0.000000000000000000, 1.000000000000000000 ) ) ;
#2119 = EDGE_LOOP ( 'NONE', ( #1722, #793, #2250, #1097 ) ) ;
#2120 = AXIS2_PLACEMENT_3D ( 'NONE', #1303, #1273, #9 ) ;
#2121 = AXIS2_PLACEMENT_3D ( 'NONE', #1782, #544, #912 ) ;
#2122 = EDGE_LOOP ( 'NONE', ( #2021, #2094, #1057, #884 ) ) ;
#2123 = TOROIDAL_SURFACE ( 'NONE', #555, 0.5000000000000000000, 0.2999999999999999334 ) ;
#2124 =( GEOMETRIC_REPRESENTATION_CONTEXT ( 3 ) GLOBAL_UNCERTAINTY_ASSIGNED_CONTEXT ( ( #95 ) ) GLOBAL_UNIT_ASSIGNED_CONTEXT ( ( #1256, #1837, #885 ) ) REPRESENTATION_CONTEXT ( 'NONE', 'WORKASPACE' ) );
#2125 = ORIENTED_EDGE ( 'NONE', *, *, #1048, .F. ) ;
#2126 = DIRECTION ( 'NONE',  ( 0.000000000000000000, -1.000000000000000000, 0.000000000000000000 ) ) ;
#2127 =( GEOMETRIC_REPRESENTATION_CONTEXT ( 3 ) GLOBAL_UNCERTAINTY_ASSIGNED_CONTEXT ( ( #1760 ) ) GLOBAL_UNIT_ASSIGNED_CONTEXT ( ( #540, #741, #571 ) ) REPRESENTATION_CONTEXT ( 'NONE', 'WORKASPACE' ) );
#2128 = ORIENTED_EDGE ( 'NONE', *, *, #894, .F. ) ;
#2129 = DIRECTION ( 'NONE',  ( -1.000000000000000000, -0.000000000000000000, -0.000000000000000000 ) ) ;
#2130 = SURFACE_STYLE_USAGE ( .BOTH. , #324 ) ;
#2131 = VECTOR ( 'NONE', #108, 1000.000000000000000 ) ;
#2132 = EDGE_CURVE ( 'NONE', #1793, #633, #1767, .T. ) ;
#2133 = AXIS2_PLACEMENT_3D ( 'NONE', #735, #336, #159 ) ;
#2134 = LINE ( 'NONE', #313, #592 ) ;
#2135 = LINE ( 'NONE', #1656, #747 ) ;
#2136 = UNCERTAINTY_MEASURE_WITH_UNIT (LENGTH_MEASURE( 1.000000000000000082E-05 ), #904, 'distance_accuracy_value', 'NONE');
#2137 = LINE ( 'NONE', #1213, #1646 ) ;
#2138 = AXIS2_PLACEMENT_3D ( 'NONE', #1180, #1571, #2269 ) ;
#2139 = DIRECTION ( 'NONE',  ( 0.000000000000000000, 1.000000000000000000, 0.000000000000000000 ) ) ;
#2140 = EDGE_CURVE ( 'NONE', #545, #1900, #2230, .T. ) ;
#2141 =( NAMED_UNIT ( * ) SI_UNIT ( $, .STERADIAN. ) SOLID_ANGLE_UNIT ( ) );
#2142 = VERTEX_POINT ( 'NONE', #2053 ) ;
#2143 = AXIS2_PLACEMENT_3D ( 'NONE', #905, #2210, #163 ) ;
#2144 = ORIENTED_EDGE ( 'NONE', *, *, #1965, .T. ) ;
#2145 = COLOUR_RGB ( '',1.000000000000000000, 1.000000000000000000, 1.000000000000000000 ) ;
#2146 = LINE ( 'NONE', #1950, #1936 ) ;
#2147 = SURFACE_STYLE_USAGE ( .BOTH. , #1545 ) ;
#2148 = CARTESIAN_POINT ( 'NONE',  ( -5.445493056547826782, 0.000000000000000000, 0.000000000000000000 ) ) ;
#2149 = ORIENTED_EDGE ( 'NONE', *, *, #883, .F. ) ;
#2150 = CARTESIAN_POINT ( 'NONE',  ( 27.00000000000000000, 0.000000000000000000, 0.000000000000000000 ) ) ;
#2151 = CARTESIAN_POINT ( 'NONE',  ( 11.80948073056847569, -0.5000000000000022204, 0.000000000000000000 ) ) ;
#2152 = VERTEX_POINT ( 'NONE', #1721 ) ;
#2153 = ADVANCED_FACE ( 'NONE', ( #399 ), #2272, .T. ) ;
#2154 = FACE_OUTER_BOUND ( 'NONE', #242, .T. ) ;
#2155 = VERTEX_POINT ( 'NONE', #1707 ) ;
#2156 = DIRECTION ( 'NONE',  ( 0.000000000000000000, 0.000000000000000000, 1.000000000000000000 ) ) ;
#2157 = FILL_AREA_STYLE_COLOUR ( '', #763 ) ;
#2158 = DIRECTION ( 'NONE',  ( 0.000000000000000000, 0.000000000000000000, 1.000000000000000000 ) ) ;
#2159 = CARTESIAN_POINT ( 'NONE',  ( -6.029370051363023286, 1.408343819019456275E-16, -1.149999999999999911 ) ) ;
#2160 = CARTESIAN_POINT ( 'NONE',  ( 7.035051772262603365, 0.3499999999999999778, 0.000000000000000000 ) ) ;
#2161 = ORIENTED_EDGE ( 'NONE', *, *, #1878, .F. ) ;
#2162 = EDGE_CURVE ( 'NONE', #434, #2247, #1437, .T. ) ;
#2163 = PRODUCT_CONTEXT ( 'NONE', #1082, 'mechanical' ) ;
#2164 = ORIENTED_EDGE ( 'NONE', *, *, #1267, .T. ) ;
#2165 = AXIS2_PLACEMENT_3D ( 'NONE', #321, #271, #310 ) ;
#2166 = EDGE_LOOP ( 'NONE', ( #620, #963, #1764, #2295 ) ) ;
#2167 = CARTESIAN_POINT ( 'NONE',  ( 27.00000000000000000, 0.000000000000000000, 0.2999999999999999889 ) ) ;
#2168 = EDGE_CURVE ( 'NONE', #1601, #42, #1051, .T. ) ;
#2169 = STYLED_ITEM ( 'NONE', ( #845 ), #435 ) ;
#2170 = CIRCLE ( 'NONE', #1519, 1.961692683977673601 ) ;
#2171 = DIRECTION ( 'NONE',  ( 0.000000000000000000, 0.000000000000000000, 1.000000000000000000 ) ) ;
#2172 = AXIS2_PLACEMENT_3D ( 'NONE', #1345, #430, #1153 ) ;
#2173 = DIRECTION ( 'NONE',  ( -0.000000000000000000, 1.000000000000000000, 0.000000000000000000 ) ) ;
#2174 = PRESENTATION_STYLE_ASSIGNMENT (( #1443 ) ) ;
#2175 = STYLED_ITEM ( 'NONE', ( #1104 ), #1160 ) ;
#2176 = ORIENTED_EDGE ( 'NONE', *, *, #768, .F. ) ;
#2177 = CIRCLE ( 'NONE', #836, 0.2999999999999999889 ) ;
#2178 = DIRECTION ( 'NONE',  ( 0.000000000000000000, 0.000000000000000000, 1.000000000000000000 ) ) ;
#2179 = VERTEX_POINT ( 'NONE', #612 ) ;
#2180 = PRESENTATION_LAYER_ASSIGNMENT (  '', '', ( #1302 ) ) ;
#2181 = ORIENTED_EDGE ( 'NONE', *, *, #2162, .T. ) ;
#2182 = STYLED_ITEM ( 'NONE', ( #2223 ), #2037 ) ;
#2183 = PRODUCT_RELATED_PRODUCT_CATEGORY ( 'part', '', ( #1358 ) ) ;
#2184 = CARTESIAN_POINT ( 'NONE',  ( -6.092540868572752899, 0.1799999999999999933, 0.4000000000000000222 ) ) ;
#2185 = DIRECTION ( 'NONE',  ( 0.000000000000000000, 0.000000000000000000, 1.000000000000000000 ) ) ;
#2186 = FACE_OUTER_BOUND ( 'NONE', #1323, .T. ) ;
#2187 = SURFACE_STYLE_USAGE ( .BOTH. , #725 ) ;
#2188 = ORIENTED_EDGE ( 'NONE', *, *, #67, .T. ) ;
#2189 = FACE_OUTER_BOUND ( 'NONE', #1355, .T. ) ;
#2190 = EDGE_LOOP ( 'NONE', ( #921, #1532, #872, #573 ) ) ;
#2191 = DIRECTION ( 'NONE',  ( 1.000000000000000000, -0.000000000000000000, 0.000000000000000000 ) ) ;
#2192 = VERTEX_POINT ( 'NONE', #1356 ) ;
#2193 = CYLINDRICAL_SURFACE ( 'NONE', #449, 1.149999999999999911 ) ;
#2194 = ORIENTED_EDGE ( 'NONE', *, *, #1636, .F. ) ;
#2195 = FACE_OUTER_BOUND ( 'NONE', #1624, .T. ) ;
#2196 =( NAMED_UNIT ( * ) PLANE_ANGLE_UNIT ( ) SI_UNIT ( $, .RADIAN. ) );
#2197 = DIRECTION ( 'NONE',  ( -1.000000000000000000, -0.000000000000000000, -0.000000000000000000 ) ) ;
#2198 = FACE_OUTER_BOUND ( 'NONE', #503, .T. ) ;
#2199 = DIRECTION ( 'NONE',  ( -1.000000000000000000, -0.000000000000000000, -0.000000000000000000 ) ) ;
#2200 = VERTEX_POINT ( 'NONE', #237 ) ;
#2201 = EDGE_CURVE ( 'NONE', #1729, #1994, #2077, .T. ) ;
#2202 = CARTESIAN_POINT ( 'NONE',  ( 6.271038501742057569, 0.000000000000000000, 0.000000000000000000 ) ) ;
#2203 = ORIENTED_EDGE ( 'NONE', *, *, #567, .T. ) ;
#2204 = CARTESIAN_POINT ( 'NONE',  ( -11.80948073056847747, -0.4999999999999995559, 0.2999999999999999334 ) ) ;
#2205 = ORIENTED_EDGE ( 'NONE', *, *, #41, .T. ) ;
#2206 = AXIS2_PLACEMENT_3D ( 'NONE', #436, #55, #764 ) ;
#2207 = ORIENTED_EDGE ( 'NONE', *, *, #1484, .T. ) ;
#2208 = DIRECTION ( 'NONE',  ( 0.000000000000000000, 0.000000000000000000, 1.000000000000000000 ) ) ;
#2209 = FACE_OUTER_BOUND ( 'NONE', #619, .T. ) ;
#2210 = DIRECTION ( 'NONE',  ( -1.000000000000000000, -0.000000000000000000, -0.000000000000000000 ) ) ;
#2211 = CIRCLE ( 'NONE', #133, 1.100000000000000089 ) ;
#2212 = EDGE_CURVE ( 'NONE', #2142, #1786, #24, .T. ) ;
#2213 = TOROIDAL_SURFACE ( 'NONE', #1328, 0.05073618416563847877, 1.049263815834361457 ) ;
#2214 = SURFACE_SIDE_STYLE ('',( #1618 ) ) ;
#2215 = CARTESIAN_POINT ( 'NONE',  ( 11.30948073056847747, -0.2999999999999999334, 3.673940397442058882E-17 ) ) ;
#2216 = DIRECTION ( 'NONE',  ( 0.000000000000000000, 0.000000000000000000, 1.000000000000000000 ) ) ;
#2217 = EDGE_CURVE ( 'NONE', #1125, #2361, #168, .T. ) ;
#2218 = ORIENTED_EDGE ( 'NONE', *, *, #2092, .T. ) ;
#2219 = VERTEX_POINT ( 'NONE', #648 ) ;
#2220 = MECHANICAL_DESIGN_GEOMETRIC_PRESENTATION_REPRESENTATION (  '', ( #985 ), #1491 ) ;
#2221 = ORIENTED_EDGE ( 'NONE', *, *, #802, .T. ) ;
#2222 = FACE_BOUND ( 'NONE', #1171, .T. ) ;
#2223 = PRESENTATION_STYLE_ASSIGNMENT (( #161 ) ) ;
#2224 = CIRCLE ( 'NONE', #2257, 0.2999999999999999334 ) ;
#2225 = CARTESIAN_POINT ( 'NONE',  ( 0.7297713588363206050, 0.07999999999999996003, -0.4000000000000000222 ) ) ;
#2226 = PRESENTATION_LAYER_ASSIGNMENT (  '', '', ( #1498 ) ) ;
#2227 = LINE ( 'NONE', #1131, #135 ) ;
#2228 = DIRECTION ( 'NONE',  ( -0.000000000000000000, -0.000000000000000000, -1.000000000000000000 ) ) ;
#2229 = ORIENTED_EDGE ( 'NONE', *, *, #1501, .T. ) ;
#2230 = LINE ( 'NONE', #1875, #2080 ) ;
#2231 = SURFACE_SIDE_STYLE ('',( #603 ) ) ;
#2232 = CARTESIAN_POINT ( 'NONE',  ( 6.036847926110493034, 0.000000000000000000, 0.000000000000000000 ) ) ;
#2233 = FACE_OUTER_BOUND ( 'NONE', #1610, .T. ) ;
#2234 = PRESENTATION_STYLE_ASSIGNMENT (( #1671 ) ) ;
#2235 = EDGE_CURVE ( 'NONE', #2192, #1114, #2146, .T. ) ;
#2236 = DIRECTION ( 'NONE',  ( -1.734723475976807410E-14, 0.000000000000000000, 1.000000000000000000 ) ) ;
#2237 = ORIENTED_EDGE ( 'NONE', *, *, #323, .F. ) ;
#2238 = ADVANCED_FACE ( 'NONE', ( #1392 ), #1853, .T. ) ;
#2239 = EDGE_CURVE ( 'NONE', #1792, #1552, #1047, .T. ) ;
#2240 = CARTESIAN_POINT ( 'NONE',  ( 5.445493056547826782, 3.701844689188914380E-16, -3.022785583374963725 ) ) ;
#2241 = CARTESIAN_POINT ( 'NONE',  ( -11.30948073056847747, 0.000000000000000000, 0.000000000000000000 ) ) ;
#2242 = COLOUR_RGB ( '',1.000000000000000000, 1.000000000000000000, 1.000000000000000000 ) ;
#2243 = PRESENTATION_LAYER_ASSIGNMENT (  '', '', ( #2182 ) ) ;
#2244 = VECTOR ( 'NONE', #52, 1000.000000000000000 ) ;
#2245 = CARTESIAN_POINT ( 'NONE',  ( -11.30948073056847747, -0.5000000000000000000, -3.673940397442058882E-17 ) ) ;
#2246 =( LENGTH_UNIT ( ) NAMED_UNIT ( * ) SI_UNIT ( .MILLI., .METRE. ) );
#2247 = VERTEX_POINT ( 'NONE', #1766 ) ;
#2248 =( GEOMETRIC_REPRESENTATION_CONTEXT ( 3 ) GLOBAL_UNCERTAINTY_ASSIGNED_CONTEXT ( ( #863 ) ) GLOBAL_UNIT_ASSIGNED_CONTEXT ( ( #1580, #1041, #1606 ) ) REPRESENTATION_CONTEXT ( 'NONE', 'WORKASPACE' ) );
#2249 = ORIENTED_EDGE ( 'NONE', *, *, #180, .F. ) ;
#2250 = ORIENTED_EDGE ( 'NONE', *, *, #992, .F. ) ;
#2251 = DIRECTION ( 'NONE',  ( -1.000000000000000000, -0.000000000000000000, -0.000000000000000000 ) ) ;
#2252 = AXIS2_PLACEMENT_3D ( 'NONE', #1020, #684, #2303 ) ;
#2253 = CARTESIAN_POINT ( 'NONE',  ( -6.092540868572752899, 0.1799999999999999933, 0.4000000000000000222 ) ) ;
#2254 = CARTESIAN_POINT ( 'NONE',  ( 27.00000000000000000, 0.000000000000000000, 0.000000000000000000 ) ) ;
#2255 = PRESENTATION_LAYER_ASSIGNMENT (  '', '', ( #951 ) ) ;
#2256 = ADVANCED_FACE ( 'NONE', ( #1220 ), #2117, .T. ) ;
#2257 = AXIS2_PLACEMENT_3D ( 'NONE', #16, #740, #1479 ) ;
#2258 = CARTESIAN_POINT ( 'NONE',  ( 5.999999999999998224, -0.07999999999999977962, -0.2891366458960192287 ) ) ;
#2259 = FILL_AREA_STYLE ('',( #1166 ) ) ;
#2260 = CARTESIAN_POINT ( 'NONE',  ( 0.000000000000000000, 0.000000000000000000, -0.4000000000000000222 ) ) ;
#2261 = DIRECTION ( 'NONE',  ( -1.000000000000000000, -1.176074474522576135E-16, 0.000000000000000000 ) ) ;
#2262 = CARTESIAN_POINT ( 'NONE',  ( 5.445493056547826782, 0.000000000000000000, 3.022785583374963725 ) ) ;
#2263 = CARTESIAN_POINT ( 'NONE',  ( -7.035051772262605141, 3.673940397442058882E-17, -0.2999999999999999889 ) ) ;
#2264 = EDGE_CURVE ( 'NONE', #554, #718, #279, .T. ) ;
#2265 = PLANE ( 'NONE',  #1445 ) ;
#2266 = LINE ( 'NONE', #1527, #2100 ) ;
#2267 = FACE_OUTER_BOUND ( 'NONE', #1084, .T. ) ;
#2268 = EDGE_CURVE ( 'NONE', #1695, #2247, #57, .T. ) ;
#2269 = DIRECTION ( 'NONE',  ( 0.000000000000000000, 0.000000000000000000, 1.000000000000000000 ) ) ;
#2270 = EDGE_LOOP ( 'NONE', ( #80, #221, #480, #1859 ) ) ;
#2271 = VERTEX_POINT ( 'NONE', #1993 ) ;
#2272 = PLANE ( 'NONE',  #1554 ) ;
#2273 = ORIENTED_EDGE ( 'NONE', *, *, #768, .T. ) ;
#2274 =( NAMED_UNIT ( * ) PLANE_ANGLE_UNIT ( ) SI_UNIT ( $, .RADIAN. ) );
#2275 = CARTESIAN_POINT ( 'NONE',  ( 4.854051550450479979, 1.347111479062088257E-16, -1.099999999999999867 ) ) ;
#2276 = PRESENTATION_LAYER_ASSIGNMENT (  '', '', ( #1669 ) ) ;
#2277 =( GEOMETRIC_REPRESENTATION_CONTEXT ( 3 ) GLOBAL_UNCERTAINTY_ASSIGNED_CONTEXT ( ( #2301 ) ) GLOBAL_UNIT_ASSIGNED_CONTEXT ( ( #1655, #174, #1147 ) ) REPRESENTATION_CONTEXT ( 'NONE', 'WORKASPACE' ) );
#2278 = AXIS2_PLACEMENT_3D ( 'NONE', #1977, #157, #935 ) ;
#2279 =( LENGTH_UNIT ( ) NAMED_UNIT ( * ) SI_UNIT ( .MILLI., .METRE. ) );
#2280 = FACE_OUTER_BOUND ( 'NONE', #1929, .T. ) ;
#2281 = VERTEX_POINT ( 'NONE', #1612 ) ;
#2282 = CIRCLE ( 'NONE', #587, 0.2999999999999999334 ) ;
#2283 = AXIS2_PLACEMENT_3D ( 'NONE', #192, #1845, #699 ) ;
#2284 = ORIENTED_EDGE ( 'NONE', *, *, #698, .F. ) ;
#2285 = AXIS2_PLACEMENT_3D ( 'NONE', #1227, #498, #1005 ) ;
#2286 = ORIENTED_EDGE ( 'NONE', *, *, #809, .T. ) ;
#2287 =( GEOMETRIC_REPRESENTATION_CONTEXT ( 3 ) GLOBAL_UNCERTAINTY_ASSIGNED_CONTEXT ( ( #1030 ) ) GLOBAL_UNIT_ASSIGNED_CONTEXT ( ( #556, #1642, #1279 ) ) REPRESENTATION_CONTEXT ( 'NONE', 'WORKASPACE' ) );
#2288 = AXIS2_PLACEMENT_3D ( 'NONE', #1619, #509, #307 ) ;
#2289 = CARTESIAN_POINT ( 'NONE',  ( 6.271038501742057569, -0.1799999999999999933, 0.4000000000000000222 ) ) ;
#2290 = DIRECTION ( 'NONE',  ( -1.000000000000000000, -0.000000000000000000, -0.000000000000000000 ) ) ;
#2291 = ADVANCED_FACE ( 'NONE', ( #1060 ), #2002, .F. ) ;
#2292 = STYLED_ITEM ( 'NONE', ( #1321 ), #1838 ) ;
#2293 = LINE ( 'NONE', #1775, #1855 ) ;
#2294 = PLANE ( 'NONE',  #1569 ) ;
#2295 = ORIENTED_EDGE ( 'NONE', *, *, #75, .F. ) ;
#2296 = AXIS2_PLACEMENT_3D ( 'NONE', #751, #1787, #391 ) ;
#2297 = DIRECTION ( 'NONE',  ( -1.000000000000000000, 0.000000000000000000, 0.000000000000000000 ) ) ;
#2298 = CARTESIAN_POINT ( 'NONE',  ( -11.30948073056847747, 3.673940397442058882E-17, -0.2999999999999999334 ) ) ;
#2299 = CARTESIAN_POINT ( 'NONE',  ( 5.445493056547826782, 0.000000000000000000, 0.000000000000000000 ) ) ;
#2300 = CYLINDRICAL_SURFACE ( 'NONE', #632, 1.100000000000000089 ) ;
#2301 = UNCERTAINTY_MEASURE_WITH_UNIT (LENGTH_MEASURE( 1.000000000000000082E-05 ), #1655, 'distance_accuracy_value', 'NONE');
#2302 =( NAMED_UNIT ( * ) PLANE_ANGLE_UNIT ( ) SI_UNIT ( $, .RADIAN. ) );
#2303 = DIRECTION ( 'NONE',  ( 0.000000000000000000, 0.000000000000000000, 1.000000000000000000 ) ) ;
#2304 = ORIENTED_EDGE ( 'NONE', *, *, #1957, .F. ) ;
#2305 = DIRECTION ( 'NONE',  ( -1.000000000000000000, -0.000000000000000000, -0.000000000000000000 ) ) ;
#2306 = EDGE_CURVE ( 'NONE', #1786, #2142, #2081, .T. ) ;
#2307 = SURFACE_STYLE_FILL_AREA ( #1582 ) ;
#2308 =( NAMED_UNIT ( * ) SI_UNIT ( $, .STERADIAN. ) SOLID_ANGLE_UNIT ( ) );
#2309 = ADVANCED_FACE ( 'NONE', ( #369 ), #356, .T. ) ;
#2310 = CARTESIAN_POINT ( 'NONE',  ( 27.00000000000000000, 0.000000000000000000, 0.000000000000000000 ) ) ;
#2311 = DIRECTION ( 'NONE',  ( 0.000000000000000000, 0.000000000000000000, -1.000000000000000000 ) ) ;
#2312 = ORIENTED_EDGE ( 'NONE', *, *, #2324, .F. ) ;
#2313 = VECTOR ( 'NONE', #1584, 1000.000000000000000 ) ;
#2314 = ORIENTED_EDGE ( 'NONE', *, *, #1534, .F. ) ;
#2315 = CIRCLE ( 'NONE', #2049, 0.2999999999999999889 ) ;
#2316 = CARTESIAN_POINT ( 'NONE',  ( -6.000000000000002665, 0.1800000000000000488, -0.2999999999999999889 ) ) ;
#2317 = COLOUR_RGB ( '',1.000000000000000000, 1.000000000000000000, 1.000000000000000000 ) ;
#2318 = ORIENTED_EDGE ( 'NONE', *, *, #649, .T. ) ;
#2319 =( NAMED_UNIT ( * ) SI_UNIT ( $, .STERADIAN. ) SOLID_ANGLE_UNIT ( ) );
#2320 = PRESENTATION_LAYER_ASSIGNMENT (  '', '', ( #914 ) ) ;
#2321 = AXIS2_PLACEMENT_3D ( 'NONE', #1952, #1026, #1578 ) ;
#2322 = CARTESIAN_POINT ( 'NONE',  ( -11.80948073056847747, -7.583214354801771862, 0.000000000000000000 ) ) ;
#2323 = UNCERTAINTY_MEASURE_WITH_UNIT (LENGTH_MEASURE( 1.000000000000000082E-05 ), #1758, 'distance_accuracy_value', 'NONE');
#2324 = EDGE_CURVE ( 'NONE', #718, #554, #27, .T. ) ;
#2325 = AXIS2_PLACEMENT_3D ( 'NONE', #2160, #1424, #1776 ) ;
#2326 =( GEOMETRIC_REPRESENTATION_CONTEXT ( 3 ) GLOBAL_UNCERTAINTY_ASSIGNED_CONTEXT ( ( #1657 ) ) GLOBAL_UNIT_ASSIGNED_CONTEXT ( ( #1467, #1288, #2013 ) ) REPRESENTATION_CONTEXT ( 'NONE', 'WORKASPACE' ) );
#2327 = CARTESIAN_POINT ( 'NONE',  ( 11.30948073056847747, 0.000000000000000000, 0.2999999999999999334 ) ) ;
#2328 = VERTEX_POINT ( 'NONE', #1471 ) ;
#2329 = CIRCLE ( 'NONE', #111, 1.061092899397290124 ) ;
#2330 = AXIS2_PLACEMENT_3D ( 'NONE', #1476, #1118, #2208 ) ;
#2331 = PLANE ( 'NONE',  #1369 ) ;
#2332 = SURFACE_STYLE_FILL_AREA ( #1116 ) ;
#2333 = DIRECTION ( 'NONE',  ( -1.000000000000000000, -0.000000000000000000, -0.000000000000000000 ) ) ;
#2334 = EDGE_CURVE ( 'NONE', #999, #2179, #1277, .T. ) ;
#2335 = CARTESIAN_POINT ( 'NONE',  ( -7.035051772262604253, 0.000000000000000000, 0.000000000000000000 ) ) ;
#2336 =( NAMED_UNIT ( * ) SI_UNIT ( $, .STERADIAN. ) SOLID_ANGLE_UNIT ( ) );
#2337 = ADVANCED_FACE ( 'NONE', ( #2154 ), #1821, .T. ) ;
#2338 = CARTESIAN_POINT ( 'NONE',  ( 6.029370051363023286, 0.000000000000000000, 0.05073618416563847877 ) ) ;
#2339 = SURFACE_STYLE_FILL_AREA ( #896 ) ;
#2340 = ORIENTED_EDGE ( 'NONE', *, *, #1290, .T. ) ;
#2341 = EDGE_CURVE ( 'NONE', #1720, #370, #1086, .T. ) ;
#2342 = CARTESIAN_POINT ( 'NONE',  ( -11.80948073056847747, -0.4999999999999995559, 0.000000000000000000 ) ) ;
#2343 = ORIENTED_EDGE ( 'NONE', *, *, #1032, .T. ) ;
#2344 = CARTESIAN_POINT ( 'NONE',  ( -6.036847926110492146, 0.000000000000000000, 0.000000000000000000 ) ) ;
#2345 = EDGE_LOOP ( 'NONE', ( #2076, #2111, #427, #1634 ) ) ;
#2346 = CARTESIAN_POINT ( 'NONE',  ( -0.5278430277006630478, -0.1800000000000007705, 0.4000000000000000222 ) ) ;
#2347 = FILL_AREA_STYLE ('',( #1789 ) ) ;
#2348 = UNCERTAINTY_MEASURE_WITH_UNIT (LENGTH_MEASURE( 1.000000000000000082E-05 ), #978, 'distance_accuracy_value', 'NONE');
#2349 = SURFACE_STYLE_FILL_AREA ( #919 ) ;
#2350 = FILL_AREA_STYLE ('',( #563 ) ) ;
#2351 = DIRECTION ( 'NONE',  ( -1.000000000000000000, -0.000000000000000000, -0.000000000000000000 ) ) ;
#2352 = ORIENTED_EDGE ( 'NONE', *, *, #1933, .F. ) ;
#2353 = AXIS2_PLACEMENT_3D ( 'NONE', #1871, #777, #2083 ) ;
#2354 = ORIENTED_EDGE ( 'NONE', *, *, #786, .T. ) ;
#2355 = VECTOR ( 'NONE', #368, 1000.000000000000000 ) ;
#2356 = AXIS2_PLACEMENT_3D ( 'NONE', #1934, #1400, #292 ) ;
#2357 = AXIS2_PLACEMENT_3D ( 'NONE', #1163, #37, #1129 ) ;
#2358 = CARTESIAN_POINT ( 'NONE',  ( 0.000000000000000000, 0.000000000000000000, -0.4000000000000000222 ) ) ;
#2359 =( NAMED_UNIT ( * ) PLANE_ANGLE_UNIT ( ) SI_UNIT ( $, .RADIAN. ) );
#2360 = MECHANICAL_DESIGN_GEOMETRIC_PRESENTATION_REPRESENTATION (  '', ( #2175 ), #950 ) ;
#2361 = VERTEX_POINT ( 'NONE', #1805 ) ;
#2362 = ORIENTED_EDGE ( 'NONE', *, *, #245, .F. ) ;
#2363 = AXIS2_PLACEMENT_3D ( 'NONE', #1042, #1747, #1972 ) ;
#2364 = VECTOR ( 'NONE', #1668, 1000.000000000000000 ) ;
#2365 = CARTESIAN_POINT ( 'NONE',  ( 0.000000000000000000, 0.000000000000000000, 0.000000000000000000 ) ) ;
#2366 = VERTEX_POINT ( 'NONE', #1447 ) ;
#2367 = DIRECTION ( 'NONE',  ( -1.000000000000000000, -0.000000000000000000, -0.000000000000000000 ) ) ;
ENDSEC;
END-ISO-10303-21;
