ISO-10303-21;
HEADER;
/* Generated by software containing ST-Developer
 * from STEP Tools, Inc. (www.steptools.com) 
 */

FILE_DESCRIPTION(
/* description */ (''),
/* implementation_level */ '2;1');

FILE_NAME(
/* name */ 
'\\\\Tk106\\r&d\\06_\X2\958B767A90E854E1\X0\\\\X2\91CE6751\X0\\\Web\X2\7528
56F39762\X0\(\X2\691C56F36E08\X0\)\\CS\X2\95A29023\X0\_\X2\5DEE305766FF
3048\X0\\\3D\\stp\\CSPB-75.stp',
/* time_stamp */ '2021-07-27T09:27:11+09:00',
/* author */ ('TK100'),
/* organization */ (''),
/* preprocessor_version */ 'ST-DEVELOPER v16.5',
/* originating_system */ 'Autodesk Inventor 2017',
/* authorisation */ '');

FILE_SCHEMA (('AUTOMOTIVE_DESIGN { 1 0 10303 214 3 1 1 }'));
ENDSEC;

DATA;
#10=MECHANICAL_DESIGN_GEOMETRIC_PRESENTATION_REPRESENTATION('',(#13),#5791);
#11=SHAPE_REPRESENTATION_RELATIONSHIP('SRR','None',#5800,#12);
#12=ADVANCED_BREP_SHAPE_REPRESENTATION('',(#14),#5790);
#13=STYLED_ITEM('',(#5809),#14);
#14=MANIFOLD_SOLID_BREP('\X2\30BD30EA30C330C9\X0\1',#3403);
#15=FACE_BOUND('',#646,.T.);
#16=FACE_BOUND('',#647,.T.);
#17=FACE_BOUND('',#648,.T.);
#18=FACE_BOUND('',#649,.T.);
#19=FACE_BOUND('',#650,.T.);
#20=FACE_BOUND('',#651,.T.);
#21=FACE_BOUND('',#652,.T.);
#22=FACE_BOUND('',#653,.T.);
#23=FACE_BOUND('',#654,.T.);
#24=FACE_BOUND('',#655,.T.);
#25=FACE_BOUND('',#656,.T.);
#26=FACE_BOUND('',#657,.T.);
#27=FACE_BOUND('',#658,.T.);
#28=FACE_BOUND('',#659,.T.);
#29=FACE_BOUND('',#660,.T.);
#30=FACE_BOUND('',#661,.T.);
#31=FACE_BOUND('',#662,.T.);
#32=FACE_BOUND('',#663,.T.);
#33=FACE_BOUND('',#664,.T.);
#34=FACE_BOUND('',#665,.T.);
#35=FACE_BOUND('',#666,.T.);
#36=FACE_BOUND('',#667,.T.);
#37=FACE_BOUND('',#668,.T.);
#38=FACE_BOUND('',#669,.T.);
#39=FACE_BOUND('',#670,.T.);
#40=FACE_BOUND('',#671,.T.);
#41=FACE_BOUND('',#672,.T.);
#42=FACE_BOUND('',#673,.T.);
#43=FACE_BOUND('',#674,.T.);
#44=FACE_BOUND('',#675,.T.);
#45=FACE_BOUND('',#676,.T.);
#46=FACE_BOUND('',#677,.T.);
#47=FACE_BOUND('',#678,.T.);
#48=FACE_BOUND('',#679,.T.);
#49=FACE_BOUND('',#680,.T.);
#50=FACE_BOUND('',#681,.T.);
#51=FACE_BOUND('',#682,.T.);
#52=FACE_BOUND('',#683,.T.);
#53=FACE_BOUND('',#684,.T.);
#54=FACE_BOUND('',#685,.T.);
#55=FACE_BOUND('',#686,.T.);
#56=FACE_BOUND('',#687,.T.);
#57=FACE_BOUND('',#688,.T.);
#58=FACE_BOUND('',#689,.T.);
#59=FACE_BOUND('',#690,.T.);
#60=FACE_BOUND('',#691,.T.);
#61=FACE_BOUND('',#692,.T.);
#62=FACE_BOUND('',#693,.T.);
#63=FACE_BOUND('',#694,.T.);
#64=FACE_BOUND('',#695,.T.);
#65=FACE_BOUND('',#696,.T.);
#66=FACE_BOUND('',#697,.T.);
#67=FACE_BOUND('',#698,.T.);
#68=FACE_BOUND('',#699,.T.);
#69=FACE_BOUND('',#700,.T.);
#70=FACE_BOUND('',#701,.T.);
#71=FACE_BOUND('',#702,.T.);
#72=FACE_BOUND('',#703,.T.);
#73=FACE_BOUND('',#704,.T.);
#74=FACE_BOUND('',#705,.T.);
#75=FACE_BOUND('',#706,.T.);
#76=FACE_BOUND('',#707,.T.);
#77=FACE_BOUND('',#708,.T.);
#78=FACE_BOUND('',#709,.T.);
#79=FACE_BOUND('',#710,.T.);
#80=FACE_BOUND('',#711,.T.);
#81=FACE_BOUND('',#712,.T.);
#82=FACE_BOUND('',#713,.T.);
#83=FACE_BOUND('',#714,.T.);
#84=FACE_BOUND('',#715,.T.);
#85=FACE_BOUND('',#716,.T.);
#86=FACE_BOUND('',#717,.T.);
#87=FACE_BOUND('',#718,.T.);
#88=FACE_BOUND('',#719,.T.);
#89=FACE_BOUND('',#720,.T.);
#90=FACE_BOUND('',#721,.T.);
#91=FACE_BOUND('',#722,.T.);
#92=FACE_BOUND('',#723,.T.);
#93=FACE_BOUND('',#724,.T.);
#94=FACE_BOUND('',#725,.T.);
#95=FACE_BOUND('',#726,.T.);
#96=FACE_BOUND('',#727,.T.);
#97=FACE_BOUND('',#728,.T.);
#98=FACE_BOUND('',#729,.T.);
#99=FACE_BOUND('',#730,.T.);
#100=FACE_BOUND('',#731,.T.);
#101=FACE_BOUND('',#732,.T.);
#102=FACE_BOUND('',#733,.T.);
#103=FACE_BOUND('',#734,.T.);
#104=FACE_BOUND('',#735,.T.);
#105=FACE_BOUND('',#736,.T.);
#106=FACE_BOUND('',#737,.T.);
#107=FACE_BOUND('',#738,.T.);
#108=FACE_BOUND('',#739,.T.);
#109=FACE_BOUND('',#740,.T.);
#110=FACE_BOUND('',#741,.T.);
#111=FACE_BOUND('',#742,.T.);
#112=FACE_BOUND('',#743,.T.);
#113=FACE_BOUND('',#744,.T.);
#114=FACE_BOUND('',#745,.T.);
#115=FACE_BOUND('',#746,.T.);
#116=FACE_BOUND('',#747,.T.);
#117=FACE_BOUND('',#748,.T.);
#118=FACE_BOUND('',#749,.T.);
#119=FACE_BOUND('',#750,.T.);
#120=FACE_BOUND('',#751,.T.);
#121=FACE_BOUND('',#752,.T.);
#122=FACE_BOUND('',#753,.T.);
#123=FACE_BOUND('',#754,.T.);
#124=FACE_BOUND('',#755,.T.);
#125=FACE_BOUND('',#756,.T.);
#126=FACE_BOUND('',#757,.T.);
#127=FACE_BOUND('',#758,.T.);
#128=FACE_BOUND('',#759,.T.);
#129=FACE_BOUND('',#760,.T.);
#130=FACE_BOUND('',#761,.T.);
#131=FACE_BOUND('',#762,.T.);
#132=FACE_BOUND('',#763,.T.);
#133=FACE_BOUND('',#764,.T.);
#134=FACE_BOUND('',#765,.T.);
#135=FACE_BOUND('',#766,.T.);
#136=FACE_BOUND('',#767,.T.);
#137=FACE_BOUND('',#768,.T.);
#138=FACE_BOUND('',#769,.T.);
#139=FACE_BOUND('',#770,.T.);
#140=FACE_BOUND('',#771,.T.);
#141=FACE_BOUND('',#772,.T.);
#142=FACE_BOUND('',#773,.T.);
#143=FACE_BOUND('',#774,.T.);
#144=FACE_BOUND('',#775,.T.);
#145=FACE_BOUND('',#776,.T.);
#146=FACE_BOUND('',#777,.T.);
#147=FACE_BOUND('',#778,.T.);
#148=FACE_BOUND('',#779,.T.);
#149=FACE_BOUND('',#780,.T.);
#150=FACE_BOUND('',#781,.T.);
#151=FACE_BOUND('',#782,.T.);
#152=FACE_BOUND('',#783,.T.);
#153=FACE_BOUND('',#784,.T.);
#154=FACE_BOUND('',#785,.T.);
#155=FACE_BOUND('',#786,.T.);
#156=FACE_BOUND('',#787,.T.);
#157=FACE_BOUND('',#788,.T.);
#158=FACE_BOUND('',#789,.T.);
#159=FACE_BOUND('',#790,.T.);
#160=FACE_BOUND('',#805,.T.);
#161=FACE_BOUND('',#807,.T.);
#162=FACE_BOUND('',#809,.T.);
#163=FACE_BOUND('',#811,.T.);
#164=FACE_BOUND('',#813,.T.);
#165=FACE_BOUND('',#815,.T.);
#166=FACE_BOUND('',#817,.T.);
#167=FACE_BOUND('',#819,.T.);
#168=FACE_BOUND('',#821,.T.);
#169=FACE_BOUND('',#823,.T.);
#170=FACE_BOUND('',#825,.T.);
#171=FACE_BOUND('',#827,.T.);
#172=FACE_BOUND('',#829,.T.);
#173=FACE_BOUND('',#831,.T.);
#174=FACE_BOUND('',#833,.T.);
#175=FACE_BOUND('',#835,.T.);
#176=FACE_BOUND('',#837,.T.);
#177=FACE_BOUND('',#839,.T.);
#178=FACE_BOUND('',#841,.T.);
#179=FACE_BOUND('',#843,.T.);
#180=FACE_BOUND('',#845,.T.);
#181=FACE_BOUND('',#847,.T.);
#182=FACE_BOUND('',#849,.T.);
#183=FACE_BOUND('',#851,.T.);
#184=FACE_BOUND('',#853,.T.);
#185=FACE_BOUND('',#855,.T.);
#186=FACE_BOUND('',#857,.T.);
#187=FACE_BOUND('',#859,.T.);
#188=FACE_BOUND('',#861,.T.);
#189=FACE_BOUND('',#863,.T.);
#190=FACE_BOUND('',#865,.T.);
#191=FACE_BOUND('',#867,.T.);
#192=FACE_BOUND('',#869,.T.);
#193=FACE_BOUND('',#871,.T.);
#194=FACE_BOUND('',#873,.T.);
#195=FACE_BOUND('',#875,.T.);
#196=FACE_BOUND('',#877,.T.);
#197=FACE_BOUND('',#879,.T.);
#198=FACE_BOUND('',#881,.T.);
#199=FACE_BOUND('',#883,.T.);
#200=FACE_BOUND('',#885,.T.);
#201=FACE_BOUND('',#887,.T.);
#202=FACE_BOUND('',#889,.T.);
#203=FACE_BOUND('',#891,.T.);
#204=FACE_BOUND('',#893,.T.);
#205=FACE_BOUND('',#895,.T.);
#206=FACE_BOUND('',#897,.T.);
#207=FACE_BOUND('',#899,.T.);
#208=FACE_BOUND('',#901,.T.);
#209=FACE_BOUND('',#903,.T.);
#210=FACE_BOUND('',#905,.T.);
#211=FACE_BOUND('',#907,.T.);
#212=FACE_BOUND('',#909,.T.);
#213=FACE_BOUND('',#911,.T.);
#214=FACE_BOUND('',#913,.T.);
#215=FACE_BOUND('',#915,.T.);
#216=FACE_BOUND('',#917,.T.);
#217=FACE_BOUND('',#919,.T.);
#218=FACE_BOUND('',#921,.T.);
#219=FACE_BOUND('',#923,.T.);
#220=FACE_BOUND('',#925,.T.);
#221=FACE_BOUND('',#927,.T.);
#222=FACE_BOUND('',#929,.T.);
#223=FACE_BOUND('',#931,.T.);
#224=FACE_BOUND('',#933,.T.);
#225=FACE_BOUND('',#935,.T.);
#226=FACE_BOUND('',#937,.T.);
#227=FACE_BOUND('',#939,.T.);
#228=FACE_BOUND('',#941,.T.);
#229=FACE_BOUND('',#943,.T.);
#230=FACE_BOUND('',#945,.T.);
#231=FACE_BOUND('',#947,.T.);
#232=FACE_BOUND('',#949,.T.);
#233=FACE_BOUND('',#951,.T.);
#234=FACE_BOUND('',#953,.T.);
#235=FACE_BOUND('',#955,.T.);
#236=FACE_BOUND('',#957,.T.);
#237=FACE_BOUND('',#959,.T.);
#238=FACE_BOUND('',#961,.T.);
#239=FACE_BOUND('',#963,.T.);
#240=FACE_BOUND('',#965,.T.);
#241=FACE_BOUND('',#967,.T.);
#242=FACE_BOUND('',#969,.T.);
#243=FACE_BOUND('',#971,.T.);
#244=FACE_BOUND('',#973,.T.);
#245=FACE_BOUND('',#975,.T.);
#246=FACE_BOUND('',#977,.T.);
#247=FACE_BOUND('',#979,.T.);
#248=FACE_BOUND('',#981,.T.);
#249=FACE_BOUND('',#983,.T.);
#250=FACE_BOUND('',#985,.T.);
#251=FACE_BOUND('',#987,.T.);
#252=FACE_BOUND('',#989,.T.);
#253=FACE_BOUND('',#991,.T.);
#254=FACE_BOUND('',#993,.T.);
#255=FACE_BOUND('',#995,.T.);
#256=FACE_BOUND('',#997,.T.);
#257=FACE_BOUND('',#999,.T.);
#258=FACE_BOUND('',#1001,.T.);
#259=FACE_BOUND('',#1003,.T.);
#260=FACE_BOUND('',#1005,.T.);
#261=FACE_BOUND('',#1007,.T.);
#262=FACE_BOUND('',#1009,.T.);
#263=FACE_BOUND('',#1011,.T.);
#264=FACE_BOUND('',#1013,.T.);
#265=FACE_BOUND('',#1015,.T.);
#266=FACE_BOUND('',#1017,.T.);
#267=FACE_BOUND('',#1019,.T.);
#268=FACE_BOUND('',#1021,.T.);
#269=FACE_BOUND('',#1023,.T.);
#270=FACE_BOUND('',#1025,.T.);
#271=FACE_BOUND('',#1027,.T.);
#272=FACE_BOUND('',#1029,.T.);
#273=FACE_BOUND('',#1031,.T.);
#274=FACE_BOUND('',#1033,.T.);
#275=FACE_BOUND('',#1035,.T.);
#276=FACE_BOUND('',#1037,.T.);
#277=FACE_BOUND('',#1039,.T.);
#278=FACE_BOUND('',#1041,.T.);
#279=FACE_BOUND('',#1043,.T.);
#280=FACE_BOUND('',#1045,.T.);
#281=FACE_BOUND('',#1047,.T.);
#282=FACE_BOUND('',#1049,.T.);
#283=FACE_BOUND('',#1051,.T.);
#284=FACE_BOUND('',#1053,.T.);
#285=FACE_BOUND('',#1055,.T.);
#286=FACE_BOUND('',#1057,.T.);
#287=FACE_BOUND('',#1059,.T.);
#288=FACE_BOUND('',#1061,.T.);
#289=FACE_BOUND('',#1063,.T.);
#290=FACE_BOUND('',#1065,.T.);
#291=FACE_BOUND('',#1067,.T.);
#292=FACE_BOUND('',#1069,.T.);
#293=FACE_BOUND('',#1071,.T.);
#294=FACE_BOUND('',#1073,.T.);
#295=FACE_BOUND('',#1075,.T.);
#296=FACE_BOUND('',#1077,.T.);
#297=FACE_BOUND('',#1079,.T.);
#298=FACE_BOUND('',#1081,.T.);
#299=FACE_BOUND('',#1083,.T.);
#300=FACE_BOUND('',#1085,.T.);
#301=FACE_BOUND('',#1087,.T.);
#302=FACE_BOUND('',#1089,.T.);
#303=FACE_BOUND('',#1091,.T.);
#304=FACE_BOUND('',#1093,.T.);
#305=FACE_BOUND('',#1096,.T.);
#306=FACE_BOUND('',#1097,.T.);
#307=FACE_BOUND('',#1098,.T.);
#308=FACE_BOUND('',#1099,.T.);
#309=FACE_BOUND('',#1100,.T.);
#310=FACE_BOUND('',#1101,.T.);
#311=FACE_BOUND('',#1102,.T.);
#312=FACE_BOUND('',#1103,.T.);
#313=FACE_BOUND('',#1104,.T.);
#314=FACE_BOUND('',#1105,.T.);
#315=FACE_BOUND('',#1106,.T.);
#316=FACE_BOUND('',#1107,.T.);
#317=FACE_BOUND('',#1108,.T.);
#318=FACE_BOUND('',#1109,.T.);
#319=FACE_BOUND('',#1110,.T.);
#320=FACE_BOUND('',#1111,.T.);
#321=FACE_BOUND('',#1112,.T.);
#322=FACE_BOUND('',#1113,.T.);
#323=FACE_BOUND('',#1114,.T.);
#324=FACE_BOUND('',#1115,.T.);
#325=FACE_BOUND('',#1116,.T.);
#326=FACE_BOUND('',#1117,.T.);
#327=FACE_BOUND('',#1118,.T.);
#328=FACE_BOUND('',#1119,.T.);
#329=FACE_BOUND('',#1120,.T.);
#330=FACE_BOUND('',#1121,.T.);
#331=FACE_BOUND('',#1122,.T.);
#332=FACE_BOUND('',#1123,.T.);
#333=FACE_BOUND('',#1124,.T.);
#334=FACE_BOUND('',#1125,.T.);
#335=FACE_BOUND('',#1126,.T.);
#336=FACE_BOUND('',#1127,.T.);
#337=FACE_BOUND('',#1128,.T.);
#338=FACE_BOUND('',#1129,.T.);
#339=FACE_BOUND('',#1130,.T.);
#340=FACE_BOUND('',#1131,.T.);
#341=FACE_BOUND('',#1132,.T.);
#342=FACE_BOUND('',#1133,.T.);
#343=FACE_BOUND('',#1134,.T.);
#344=FACE_BOUND('',#1135,.T.);
#345=FACE_BOUND('',#1136,.T.);
#346=FACE_BOUND('',#1137,.T.);
#347=FACE_BOUND('',#1138,.T.);
#348=FACE_BOUND('',#1139,.T.);
#349=FACE_BOUND('',#1140,.T.);
#350=FACE_BOUND('',#1141,.T.);
#351=FACE_BOUND('',#1142,.T.);
#352=FACE_BOUND('',#1143,.T.);
#353=FACE_BOUND('',#1144,.T.);
#354=FACE_BOUND('',#1145,.T.);
#355=FACE_BOUND('',#1146,.T.);
#356=FACE_BOUND('',#1147,.T.);
#357=FACE_BOUND('',#1148,.T.);
#358=FACE_BOUND('',#1149,.T.);
#359=FACE_BOUND('',#1150,.T.);
#360=FACE_BOUND('',#1151,.T.);
#361=FACE_BOUND('',#1152,.T.);
#362=FACE_BOUND('',#1153,.T.);
#363=FACE_BOUND('',#1154,.T.);
#364=FACE_BOUND('',#1155,.T.);
#365=FACE_BOUND('',#1156,.T.);
#366=FACE_BOUND('',#1157,.T.);
#367=FACE_BOUND('',#1158,.T.);
#368=FACE_BOUND('',#1159,.T.);
#369=FACE_BOUND('',#1160,.T.);
#370=FACE_BOUND('',#1161,.T.);
#371=FACE_BOUND('',#1162,.T.);
#372=FACE_BOUND('',#1163,.T.);
#373=FACE_BOUND('',#1164,.T.);
#374=FACE_BOUND('',#1165,.T.);
#375=FACE_BOUND('',#1166,.T.);
#376=FACE_BOUND('',#1167,.T.);
#377=FACE_BOUND('',#1168,.T.);
#378=FACE_BOUND('',#1169,.T.);
#379=FACE_BOUND('',#1170,.T.);
#380=FACE_BOUND('',#1171,.T.);
#381=FACE_BOUND('',#1172,.T.);
#382=FACE_BOUND('',#1173,.T.);
#383=FACE_BOUND('',#1174,.T.);
#384=FACE_BOUND('',#1175,.T.);
#385=FACE_BOUND('',#1176,.T.);
#386=FACE_BOUND('',#1177,.T.);
#387=FACE_BOUND('',#1178,.T.);
#388=FACE_BOUND('',#1179,.T.);
#389=FACE_BOUND('',#1180,.T.);
#390=FACE_BOUND('',#1181,.T.);
#391=FACE_BOUND('',#1182,.T.);
#392=FACE_BOUND('',#1183,.T.);
#393=FACE_BOUND('',#1184,.T.);
#394=FACE_BOUND('',#1185,.T.);
#395=FACE_BOUND('',#1186,.T.);
#396=FACE_BOUND('',#1187,.T.);
#397=FACE_BOUND('',#1188,.T.);
#398=FACE_BOUND('',#1189,.T.);
#399=FACE_BOUND('',#1190,.T.);
#400=FACE_BOUND('',#1191,.T.);
#401=FACE_BOUND('',#1192,.T.);
#402=FACE_BOUND('',#1193,.T.);
#403=FACE_BOUND('',#1194,.T.);
#404=FACE_BOUND('',#1195,.T.);
#405=FACE_BOUND('',#1196,.T.);
#406=FACE_BOUND('',#1197,.T.);
#407=FACE_BOUND('',#1198,.T.);
#408=FACE_BOUND('',#1199,.T.);
#409=FACE_BOUND('',#1200,.T.);
#410=FACE_BOUND('',#1201,.T.);
#411=FACE_BOUND('',#1202,.T.);
#412=FACE_BOUND('',#1203,.T.);
#413=FACE_BOUND('',#1204,.T.);
#414=FACE_BOUND('',#1205,.T.);
#415=FACE_BOUND('',#1206,.T.);
#416=FACE_BOUND('',#1207,.T.);
#417=FACE_BOUND('',#1208,.T.);
#418=FACE_BOUND('',#1209,.T.);
#419=FACE_BOUND('',#1210,.T.);
#420=FACE_BOUND('',#1211,.T.);
#421=FACE_BOUND('',#1212,.T.);
#422=FACE_BOUND('',#1213,.T.);
#423=FACE_BOUND('',#1214,.T.);
#424=FACE_BOUND('',#1215,.T.);
#425=FACE_BOUND('',#1216,.T.);
#426=FACE_BOUND('',#1217,.T.);
#427=FACE_BOUND('',#1218,.T.);
#428=FACE_BOUND('',#1219,.T.);
#429=FACE_BOUND('',#1220,.T.);
#430=FACE_BOUND('',#1221,.T.);
#431=FACE_BOUND('',#1222,.T.);
#432=FACE_BOUND('',#1223,.T.);
#433=FACE_BOUND('',#1224,.T.);
#434=FACE_BOUND('',#1225,.T.);
#435=FACE_BOUND('',#1226,.T.);
#436=FACE_BOUND('',#1227,.T.);
#437=FACE_BOUND('',#1228,.T.);
#438=FACE_BOUND('',#1229,.T.);
#439=FACE_BOUND('',#1230,.T.);
#440=FACE_BOUND('',#1231,.T.);
#441=FACE_BOUND('',#1232,.T.);
#442=FACE_BOUND('',#1233,.T.);
#443=FACE_BOUND('',#1234,.T.);
#444=FACE_BOUND('',#1235,.T.);
#445=FACE_BOUND('',#1236,.T.);
#446=FACE_BOUND('',#1237,.T.);
#447=FACE_BOUND('',#1238,.T.);
#448=FACE_BOUND('',#1239,.T.);
#449=FACE_BOUND('',#1240,.T.);
#450=PLANE('',#3414);
#451=PLANE('',#3418);
#452=PLANE('',#3422);
#453=PLANE('',#3426);
#454=PLANE('',#3430);
#455=PLANE('',#3431);
#456=PLANE('',#3586);
#457=PLANE('',#3589);
#458=PLANE('',#3592);
#459=PLANE('',#3595);
#460=PLANE('',#3598);
#461=PLANE('',#3601);
#462=PLANE('',#3894);
#463=PLANE('',#3895);
#464=FACE_OUTER_BOUND('',#635,.T.);
#465=FACE_OUTER_BOUND('',#636,.T.);
#466=FACE_OUTER_BOUND('',#637,.T.);
#467=FACE_OUTER_BOUND('',#638,.T.);
#468=FACE_OUTER_BOUND('',#639,.T.);
#469=FACE_OUTER_BOUND('',#640,.T.);
#470=FACE_OUTER_BOUND('',#641,.T.);
#471=FACE_OUTER_BOUND('',#642,.T.);
#472=FACE_OUTER_BOUND('',#643,.T.);
#473=FACE_OUTER_BOUND('',#644,.T.);
#474=FACE_OUTER_BOUND('',#645,.T.);
#475=FACE_OUTER_BOUND('',#791,.T.);
#476=FACE_OUTER_BOUND('',#792,.T.);
#477=FACE_OUTER_BOUND('',#793,.T.);
#478=FACE_OUTER_BOUND('',#794,.T.);
#479=FACE_OUTER_BOUND('',#795,.T.);
#480=FACE_OUTER_BOUND('',#796,.T.);
#481=FACE_OUTER_BOUND('',#797,.T.);
#482=FACE_OUTER_BOUND('',#798,.T.);
#483=FACE_OUTER_BOUND('',#799,.T.);
#484=FACE_OUTER_BOUND('',#800,.T.);
#485=FACE_OUTER_BOUND('',#801,.T.);
#486=FACE_OUTER_BOUND('',#802,.T.);
#487=FACE_OUTER_BOUND('',#803,.T.);
#488=FACE_OUTER_BOUND('',#804,.T.);
#489=FACE_OUTER_BOUND('',#806,.T.);
#490=FACE_OUTER_BOUND('',#808,.T.);
#491=FACE_OUTER_BOUND('',#810,.T.);
#492=FACE_OUTER_BOUND('',#812,.T.);
#493=FACE_OUTER_BOUND('',#814,.T.);
#494=FACE_OUTER_BOUND('',#816,.T.);
#495=FACE_OUTER_BOUND('',#818,.T.);
#496=FACE_OUTER_BOUND('',#820,.T.);
#497=FACE_OUTER_BOUND('',#822,.T.);
#498=FACE_OUTER_BOUND('',#824,.T.);
#499=FACE_OUTER_BOUND('',#826,.T.);
#500=FACE_OUTER_BOUND('',#828,.T.);
#501=FACE_OUTER_BOUND('',#830,.T.);
#502=FACE_OUTER_BOUND('',#832,.T.);
#503=FACE_OUTER_BOUND('',#834,.T.);
#504=FACE_OUTER_BOUND('',#836,.T.);
#505=FACE_OUTER_BOUND('',#838,.T.);
#506=FACE_OUTER_BOUND('',#840,.T.);
#507=FACE_OUTER_BOUND('',#842,.T.);
#508=FACE_OUTER_BOUND('',#844,.T.);
#509=FACE_OUTER_BOUND('',#846,.T.);
#510=FACE_OUTER_BOUND('',#848,.T.);
#511=FACE_OUTER_BOUND('',#850,.T.);
#512=FACE_OUTER_BOUND('',#852,.T.);
#513=FACE_OUTER_BOUND('',#854,.T.);
#514=FACE_OUTER_BOUND('',#856,.T.);
#515=FACE_OUTER_BOUND('',#858,.T.);
#516=FACE_OUTER_BOUND('',#860,.T.);
#517=FACE_OUTER_BOUND('',#862,.T.);
#518=FACE_OUTER_BOUND('',#864,.T.);
#519=FACE_OUTER_BOUND('',#866,.T.);
#520=FACE_OUTER_BOUND('',#868,.T.);
#521=FACE_OUTER_BOUND('',#870,.T.);
#522=FACE_OUTER_BOUND('',#872,.T.);
#523=FACE_OUTER_BOUND('',#874,.T.);
#524=FACE_OUTER_BOUND('',#876,.T.);
#525=FACE_OUTER_BOUND('',#878,.T.);
#526=FACE_OUTER_BOUND('',#880,.T.);
#527=FACE_OUTER_BOUND('',#882,.T.);
#528=FACE_OUTER_BOUND('',#884,.T.);
#529=FACE_OUTER_BOUND('',#886,.T.);
#530=FACE_OUTER_BOUND('',#888,.T.);
#531=FACE_OUTER_BOUND('',#890,.T.);
#532=FACE_OUTER_BOUND('',#892,.T.);
#533=FACE_OUTER_BOUND('',#894,.T.);
#534=FACE_OUTER_BOUND('',#896,.T.);
#535=FACE_OUTER_BOUND('',#898,.T.);
#536=FACE_OUTER_BOUND('',#900,.T.);
#537=FACE_OUTER_BOUND('',#902,.T.);
#538=FACE_OUTER_BOUND('',#904,.T.);
#539=FACE_OUTER_BOUND('',#906,.T.);
#540=FACE_OUTER_BOUND('',#908,.T.);
#541=FACE_OUTER_BOUND('',#910,.T.);
#542=FACE_OUTER_BOUND('',#912,.T.);
#543=FACE_OUTER_BOUND('',#914,.T.);
#544=FACE_OUTER_BOUND('',#916,.T.);
#545=FACE_OUTER_BOUND('',#918,.T.);
#546=FACE_OUTER_BOUND('',#920,.T.);
#547=FACE_OUTER_BOUND('',#922,.T.);
#548=FACE_OUTER_BOUND('',#924,.T.);
#549=FACE_OUTER_BOUND('',#926,.T.);
#550=FACE_OUTER_BOUND('',#928,.T.);
#551=FACE_OUTER_BOUND('',#930,.T.);
#552=FACE_OUTER_BOUND('',#932,.T.);
#553=FACE_OUTER_BOUND('',#934,.T.);
#554=FACE_OUTER_BOUND('',#936,.T.);
#555=FACE_OUTER_BOUND('',#938,.T.);
#556=FACE_OUTER_BOUND('',#940,.T.);
#557=FACE_OUTER_BOUND('',#942,.T.);
#558=FACE_OUTER_BOUND('',#944,.T.);
#559=FACE_OUTER_BOUND('',#946,.T.);
#560=FACE_OUTER_BOUND('',#948,.T.);
#561=FACE_OUTER_BOUND('',#950,.T.);
#562=FACE_OUTER_BOUND('',#952,.T.);
#563=FACE_OUTER_BOUND('',#954,.T.);
#564=FACE_OUTER_BOUND('',#956,.T.);
#565=FACE_OUTER_BOUND('',#958,.T.);
#566=FACE_OUTER_BOUND('',#960,.T.);
#567=FACE_OUTER_BOUND('',#962,.T.);
#568=FACE_OUTER_BOUND('',#964,.T.);
#569=FACE_OUTER_BOUND('',#966,.T.);
#570=FACE_OUTER_BOUND('',#968,.T.);
#571=FACE_OUTER_BOUND('',#970,.T.);
#572=FACE_OUTER_BOUND('',#972,.T.);
#573=FACE_OUTER_BOUND('',#974,.T.);
#574=FACE_OUTER_BOUND('',#976,.T.);
#575=FACE_OUTER_BOUND('',#978,.T.);
#576=FACE_OUTER_BOUND('',#980,.T.);
#577=FACE_OUTER_BOUND('',#982,.T.);
#578=FACE_OUTER_BOUND('',#984,.T.);
#579=FACE_OUTER_BOUND('',#986,.T.);
#580=FACE_OUTER_BOUND('',#988,.T.);
#581=FACE_OUTER_BOUND('',#990,.T.);
#582=FACE_OUTER_BOUND('',#992,.T.);
#583=FACE_OUTER_BOUND('',#994,.T.);
#584=FACE_OUTER_BOUND('',#996,.T.);
#585=FACE_OUTER_BOUND('',#998,.T.);
#586=FACE_OUTER_BOUND('',#1000,.T.);
#587=FACE_OUTER_BOUND('',#1002,.T.);
#588=FACE_OUTER_BOUND('',#1004,.T.);
#589=FACE_OUTER_BOUND('',#1006,.T.);
#590=FACE_OUTER_BOUND('',#1008,.T.);
#591=FACE_OUTER_BOUND('',#1010,.T.);
#592=FACE_OUTER_BOUND('',#1012,.T.);
#593=FACE_OUTER_BOUND('',#1014,.T.);
#594=FACE_OUTER_BOUND('',#1016,.T.);
#595=FACE_OUTER_BOUND('',#1018,.T.);
#596=FACE_OUTER_BOUND('',#1020,.T.);
#597=FACE_OUTER_BOUND('',#1022,.T.);
#598=FACE_OUTER_BOUND('',#1024,.T.);
#599=FACE_OUTER_BOUND('',#1026,.T.);
#600=FACE_OUTER_BOUND('',#1028,.T.);
#601=FACE_OUTER_BOUND('',#1030,.T.);
#602=FACE_OUTER_BOUND('',#1032,.T.);
#603=FACE_OUTER_BOUND('',#1034,.T.);
#604=FACE_OUTER_BOUND('',#1036,.T.);
#605=FACE_OUTER_BOUND('',#1038,.T.);
#606=FACE_OUTER_BOUND('',#1040,.T.);
#607=FACE_OUTER_BOUND('',#1042,.T.);
#608=FACE_OUTER_BOUND('',#1044,.T.);
#609=FACE_OUTER_BOUND('',#1046,.T.);
#610=FACE_OUTER_BOUND('',#1048,.T.);
#611=FACE_OUTER_BOUND('',#1050,.T.);
#612=FACE_OUTER_BOUND('',#1052,.T.);
#613=FACE_OUTER_BOUND('',#1054,.T.);
#614=FACE_OUTER_BOUND('',#1056,.T.);
#615=FACE_OUTER_BOUND('',#1058,.T.);
#616=FACE_OUTER_BOUND('',#1060,.T.);
#617=FACE_OUTER_BOUND('',#1062,.T.);
#618=FACE_OUTER_BOUND('',#1064,.T.);
#619=FACE_OUTER_BOUND('',#1066,.T.);
#620=FACE_OUTER_BOUND('',#1068,.T.);
#621=FACE_OUTER_BOUND('',#1070,.T.);
#622=FACE_OUTER_BOUND('',#1072,.T.);
#623=FACE_OUTER_BOUND('',#1074,.T.);
#624=FACE_OUTER_BOUND('',#1076,.T.);
#625=FACE_OUTER_BOUND('',#1078,.T.);
#626=FACE_OUTER_BOUND('',#1080,.T.);
#627=FACE_OUTER_BOUND('',#1082,.T.);
#628=FACE_OUTER_BOUND('',#1084,.T.);
#629=FACE_OUTER_BOUND('',#1086,.T.);
#630=FACE_OUTER_BOUND('',#1088,.T.);
#631=FACE_OUTER_BOUND('',#1090,.T.);
#632=FACE_OUTER_BOUND('',#1092,.T.);
#633=FACE_OUTER_BOUND('',#1094,.T.);
#634=FACE_OUTER_BOUND('',#1095,.T.);
#635=EDGE_LOOP('',(#2351,#2352,#2353,#2354));
#636=EDGE_LOOP('',(#2355,#2356,#2357,#2358));
#637=EDGE_LOOP('',(#2359,#2360,#2361,#2362));
#638=EDGE_LOOP('',(#2363,#2364,#2365,#2366));
#639=EDGE_LOOP('',(#2367,#2368,#2369,#2370));
#640=EDGE_LOOP('',(#2371,#2372,#2373,#2374));
#641=EDGE_LOOP('',(#2375,#2376,#2377,#2378));
#642=EDGE_LOOP('',(#2379,#2380,#2381,#2382));
#643=EDGE_LOOP('',(#2383,#2384,#2385,#2386));
#644=EDGE_LOOP('',(#2387,#2388,#2389,#2390));
#645=EDGE_LOOP('',(#2391,#2392,#2393,#2394,#2395,#2396,#2397,#2398,#2399,
#2400,#2401,#2402,#2403,#2404,#2405,#2406,#2407,#2408,#2409,#2410,#2411,
#2412,#2413,#2414));
#646=EDGE_LOOP('',(#2415));
#647=EDGE_LOOP('',(#2416));
#648=EDGE_LOOP('',(#2417));
#649=EDGE_LOOP('',(#2418));
#650=EDGE_LOOP('',(#2419));
#651=EDGE_LOOP('',(#2420));
#652=EDGE_LOOP('',(#2421));
#653=EDGE_LOOP('',(#2422));
#654=EDGE_LOOP('',(#2423));
#655=EDGE_LOOP('',(#2424));
#656=EDGE_LOOP('',(#2425));
#657=EDGE_LOOP('',(#2426));
#658=EDGE_LOOP('',(#2427));
#659=EDGE_LOOP('',(#2428));
#660=EDGE_LOOP('',(#2429));
#661=EDGE_LOOP('',(#2430));
#662=EDGE_LOOP('',(#2431));
#663=EDGE_LOOP('',(#2432));
#664=EDGE_LOOP('',(#2433));
#665=EDGE_LOOP('',(#2434));
#666=EDGE_LOOP('',(#2435));
#667=EDGE_LOOP('',(#2436));
#668=EDGE_LOOP('',(#2437));
#669=EDGE_LOOP('',(#2438));
#670=EDGE_LOOP('',(#2439));
#671=EDGE_LOOP('',(#2440));
#672=EDGE_LOOP('',(#2441));
#673=EDGE_LOOP('',(#2442));
#674=EDGE_LOOP('',(#2443));
#675=EDGE_LOOP('',(#2444));
#676=EDGE_LOOP('',(#2445));
#677=EDGE_LOOP('',(#2446));
#678=EDGE_LOOP('',(#2447));
#679=EDGE_LOOP('',(#2448));
#680=EDGE_LOOP('',(#2449));
#681=EDGE_LOOP('',(#2450));
#682=EDGE_LOOP('',(#2451));
#683=EDGE_LOOP('',(#2452));
#684=EDGE_LOOP('',(#2453));
#685=EDGE_LOOP('',(#2454));
#686=EDGE_LOOP('',(#2455));
#687=EDGE_LOOP('',(#2456));
#688=EDGE_LOOP('',(#2457));
#689=EDGE_LOOP('',(#2458));
#690=EDGE_LOOP('',(#2459));
#691=EDGE_LOOP('',(#2460));
#692=EDGE_LOOP('',(#2461));
#693=EDGE_LOOP('',(#2462));
#694=EDGE_LOOP('',(#2463));
#695=EDGE_LOOP('',(#2464));
#696=EDGE_LOOP('',(#2465));
#697=EDGE_LOOP('',(#2466));
#698=EDGE_LOOP('',(#2467));
#699=EDGE_LOOP('',(#2468));
#700=EDGE_LOOP('',(#2469));
#701=EDGE_LOOP('',(#2470));
#702=EDGE_LOOP('',(#2471));
#703=EDGE_LOOP('',(#2472));
#704=EDGE_LOOP('',(#2473));
#705=EDGE_LOOP('',(#2474));
#706=EDGE_LOOP('',(#2475));
#707=EDGE_LOOP('',(#2476));
#708=EDGE_LOOP('',(#2477));
#709=EDGE_LOOP('',(#2478));
#710=EDGE_LOOP('',(#2479));
#711=EDGE_LOOP('',(#2480));
#712=EDGE_LOOP('',(#2481));
#713=EDGE_LOOP('',(#2482));
#714=EDGE_LOOP('',(#2483));
#715=EDGE_LOOP('',(#2484));
#716=EDGE_LOOP('',(#2485));
#717=EDGE_LOOP('',(#2486));
#718=EDGE_LOOP('',(#2487));
#719=EDGE_LOOP('',(#2488));
#720=EDGE_LOOP('',(#2489));
#721=EDGE_LOOP('',(#2490));
#722=EDGE_LOOP('',(#2491));
#723=EDGE_LOOP('',(#2492));
#724=EDGE_LOOP('',(#2493));
#725=EDGE_LOOP('',(#2494));
#726=EDGE_LOOP('',(#2495));
#727=EDGE_LOOP('',(#2496));
#728=EDGE_LOOP('',(#2497));
#729=EDGE_LOOP('',(#2498));
#730=EDGE_LOOP('',(#2499));
#731=EDGE_LOOP('',(#2500));
#732=EDGE_LOOP('',(#2501));
#733=EDGE_LOOP('',(#2502));
#734=EDGE_LOOP('',(#2503));
#735=EDGE_LOOP('',(#2504));
#736=EDGE_LOOP('',(#2505));
#737=EDGE_LOOP('',(#2506));
#738=EDGE_LOOP('',(#2507));
#739=EDGE_LOOP('',(#2508));
#740=EDGE_LOOP('',(#2509));
#741=EDGE_LOOP('',(#2510));
#742=EDGE_LOOP('',(#2511));
#743=EDGE_LOOP('',(#2512));
#744=EDGE_LOOP('',(#2513));
#745=EDGE_LOOP('',(#2514));
#746=EDGE_LOOP('',(#2515));
#747=EDGE_LOOP('',(#2516));
#748=EDGE_LOOP('',(#2517));
#749=EDGE_LOOP('',(#2518));
#750=EDGE_LOOP('',(#2519));
#751=EDGE_LOOP('',(#2520));
#752=EDGE_LOOP('',(#2521));
#753=EDGE_LOOP('',(#2522));
#754=EDGE_LOOP('',(#2523));
#755=EDGE_LOOP('',(#2524));
#756=EDGE_LOOP('',(#2525));
#757=EDGE_LOOP('',(#2526));
#758=EDGE_LOOP('',(#2527));
#759=EDGE_LOOP('',(#2528));
#760=EDGE_LOOP('',(#2529));
#761=EDGE_LOOP('',(#2530));
#762=EDGE_LOOP('',(#2531));
#763=EDGE_LOOP('',(#2532));
#764=EDGE_LOOP('',(#2533));
#765=EDGE_LOOP('',(#2534));
#766=EDGE_LOOP('',(#2535));
#767=EDGE_LOOP('',(#2536));
#768=EDGE_LOOP('',(#2537));
#769=EDGE_LOOP('',(#2538));
#770=EDGE_LOOP('',(#2539));
#771=EDGE_LOOP('',(#2540));
#772=EDGE_LOOP('',(#2541));
#773=EDGE_LOOP('',(#2542));
#774=EDGE_LOOP('',(#2543));
#775=EDGE_LOOP('',(#2544));
#776=EDGE_LOOP('',(#2545));
#777=EDGE_LOOP('',(#2546));
#778=EDGE_LOOP('',(#2547));
#779=EDGE_LOOP('',(#2548));
#780=EDGE_LOOP('',(#2549));
#781=EDGE_LOOP('',(#2550));
#782=EDGE_LOOP('',(#2551));
#783=EDGE_LOOP('',(#2552));
#784=EDGE_LOOP('',(#2553));
#785=EDGE_LOOP('',(#2554));
#786=EDGE_LOOP('',(#2555));
#787=EDGE_LOOP('',(#2556));
#788=EDGE_LOOP('',(#2557));
#789=EDGE_LOOP('',(#2558));
#790=EDGE_LOOP('',(#2559));
#791=EDGE_LOOP('',(#2560,#2561,#2562,#2563));
#792=EDGE_LOOP('',(#2564,#2565,#2566,#2567));
#793=EDGE_LOOP('',(#2568,#2569,#2570,#2571));
#794=EDGE_LOOP('',(#2572,#2573,#2574,#2575));
#795=EDGE_LOOP('',(#2576,#2577,#2578,#2579));
#796=EDGE_LOOP('',(#2580,#2581,#2582,#2583));
#797=EDGE_LOOP('',(#2584,#2585,#2586,#2587));
#798=EDGE_LOOP('',(#2588,#2589,#2590,#2591));
#799=EDGE_LOOP('',(#2592,#2593,#2594,#2595));
#800=EDGE_LOOP('',(#2596,#2597,#2598,#2599));
#801=EDGE_LOOP('',(#2600,#2601,#2602,#2603));
#802=EDGE_LOOP('',(#2604,#2605,#2606,#2607));
#803=EDGE_LOOP('',(#2608,#2609,#2610,#2611));
#804=EDGE_LOOP('',(#2612));
#805=EDGE_LOOP('',(#2613));
#806=EDGE_LOOP('',(#2614));
#807=EDGE_LOOP('',(#2615));
#808=EDGE_LOOP('',(#2616));
#809=EDGE_LOOP('',(#2617));
#810=EDGE_LOOP('',(#2618));
#811=EDGE_LOOP('',(#2619));
#812=EDGE_LOOP('',(#2620));
#813=EDGE_LOOP('',(#2621));
#814=EDGE_LOOP('',(#2622));
#815=EDGE_LOOP('',(#2623));
#816=EDGE_LOOP('',(#2624));
#817=EDGE_LOOP('',(#2625));
#818=EDGE_LOOP('',(#2626));
#819=EDGE_LOOP('',(#2627));
#820=EDGE_LOOP('',(#2628));
#821=EDGE_LOOP('',(#2629));
#822=EDGE_LOOP('',(#2630));
#823=EDGE_LOOP('',(#2631));
#824=EDGE_LOOP('',(#2632));
#825=EDGE_LOOP('',(#2633));
#826=EDGE_LOOP('',(#2634));
#827=EDGE_LOOP('',(#2635));
#828=EDGE_LOOP('',(#2636));
#829=EDGE_LOOP('',(#2637));
#830=EDGE_LOOP('',(#2638));
#831=EDGE_LOOP('',(#2639));
#832=EDGE_LOOP('',(#2640));
#833=EDGE_LOOP('',(#2641));
#834=EDGE_LOOP('',(#2642));
#835=EDGE_LOOP('',(#2643));
#836=EDGE_LOOP('',(#2644));
#837=EDGE_LOOP('',(#2645));
#838=EDGE_LOOP('',(#2646));
#839=EDGE_LOOP('',(#2647));
#840=EDGE_LOOP('',(#2648));
#841=EDGE_LOOP('',(#2649));
#842=EDGE_LOOP('',(#2650));
#843=EDGE_LOOP('',(#2651));
#844=EDGE_LOOP('',(#2652));
#845=EDGE_LOOP('',(#2653));
#846=EDGE_LOOP('',(#2654));
#847=EDGE_LOOP('',(#2655));
#848=EDGE_LOOP('',(#2656));
#849=EDGE_LOOP('',(#2657));
#850=EDGE_LOOP('',(#2658));
#851=EDGE_LOOP('',(#2659));
#852=EDGE_LOOP('',(#2660));
#853=EDGE_LOOP('',(#2661));
#854=EDGE_LOOP('',(#2662));
#855=EDGE_LOOP('',(#2663));
#856=EDGE_LOOP('',(#2664));
#857=EDGE_LOOP('',(#2665));
#858=EDGE_LOOP('',(#2666));
#859=EDGE_LOOP('',(#2667));
#860=EDGE_LOOP('',(#2668));
#861=EDGE_LOOP('',(#2669));
#862=EDGE_LOOP('',(#2670));
#863=EDGE_LOOP('',(#2671));
#864=EDGE_LOOP('',(#2672));
#865=EDGE_LOOP('',(#2673));
#866=EDGE_LOOP('',(#2674));
#867=EDGE_LOOP('',(#2675));
#868=EDGE_LOOP('',(#2676));
#869=EDGE_LOOP('',(#2677));
#870=EDGE_LOOP('',(#2678));
#871=EDGE_LOOP('',(#2679));
#872=EDGE_LOOP('',(#2680));
#873=EDGE_LOOP('',(#2681));
#874=EDGE_LOOP('',(#2682));
#875=EDGE_LOOP('',(#2683));
#876=EDGE_LOOP('',(#2684));
#877=EDGE_LOOP('',(#2685));
#878=EDGE_LOOP('',(#2686));
#879=EDGE_LOOP('',(#2687));
#880=EDGE_LOOP('',(#2688));
#881=EDGE_LOOP('',(#2689));
#882=EDGE_LOOP('',(#2690));
#883=EDGE_LOOP('',(#2691));
#884=EDGE_LOOP('',(#2692));
#885=EDGE_LOOP('',(#2693));
#886=EDGE_LOOP('',(#2694));
#887=EDGE_LOOP('',(#2695));
#888=EDGE_LOOP('',(#2696));
#889=EDGE_LOOP('',(#2697));
#890=EDGE_LOOP('',(#2698));
#891=EDGE_LOOP('',(#2699));
#892=EDGE_LOOP('',(#2700));
#893=EDGE_LOOP('',(#2701));
#894=EDGE_LOOP('',(#2702));
#895=EDGE_LOOP('',(#2703));
#896=EDGE_LOOP('',(#2704));
#897=EDGE_LOOP('',(#2705));
#898=EDGE_LOOP('',(#2706));
#899=EDGE_LOOP('',(#2707));
#900=EDGE_LOOP('',(#2708));
#901=EDGE_LOOP('',(#2709));
#902=EDGE_LOOP('',(#2710));
#903=EDGE_LOOP('',(#2711));
#904=EDGE_LOOP('',(#2712));
#905=EDGE_LOOP('',(#2713));
#906=EDGE_LOOP('',(#2714));
#907=EDGE_LOOP('',(#2715));
#908=EDGE_LOOP('',(#2716));
#909=EDGE_LOOP('',(#2717));
#910=EDGE_LOOP('',(#2718));
#911=EDGE_LOOP('',(#2719));
#912=EDGE_LOOP('',(#2720));
#913=EDGE_LOOP('',(#2721));
#914=EDGE_LOOP('',(#2722));
#915=EDGE_LOOP('',(#2723));
#916=EDGE_LOOP('',(#2724));
#917=EDGE_LOOP('',(#2725));
#918=EDGE_LOOP('',(#2726));
#919=EDGE_LOOP('',(#2727));
#920=EDGE_LOOP('',(#2728));
#921=EDGE_LOOP('',(#2729));
#922=EDGE_LOOP('',(#2730));
#923=EDGE_LOOP('',(#2731));
#924=EDGE_LOOP('',(#2732));
#925=EDGE_LOOP('',(#2733));
#926=EDGE_LOOP('',(#2734));
#927=EDGE_LOOP('',(#2735));
#928=EDGE_LOOP('',(#2736));
#929=EDGE_LOOP('',(#2737));
#930=EDGE_LOOP('',(#2738));
#931=EDGE_LOOP('',(#2739));
#932=EDGE_LOOP('',(#2740));
#933=EDGE_LOOP('',(#2741));
#934=EDGE_LOOP('',(#2742));
#935=EDGE_LOOP('',(#2743));
#936=EDGE_LOOP('',(#2744));
#937=EDGE_LOOP('',(#2745));
#938=EDGE_LOOP('',(#2746));
#939=EDGE_LOOP('',(#2747));
#940=EDGE_LOOP('',(#2748));
#941=EDGE_LOOP('',(#2749));
#942=EDGE_LOOP('',(#2750));
#943=EDGE_LOOP('',(#2751));
#944=EDGE_LOOP('',(#2752));
#945=EDGE_LOOP('',(#2753));
#946=EDGE_LOOP('',(#2754));
#947=EDGE_LOOP('',(#2755));
#948=EDGE_LOOP('',(#2756));
#949=EDGE_LOOP('',(#2757));
#950=EDGE_LOOP('',(#2758));
#951=EDGE_LOOP('',(#2759));
#952=EDGE_LOOP('',(#2760));
#953=EDGE_LOOP('',(#2761));
#954=EDGE_LOOP('',(#2762));
#955=EDGE_LOOP('',(#2763));
#956=EDGE_LOOP('',(#2764));
#957=EDGE_LOOP('',(#2765));
#958=EDGE_LOOP('',(#2766));
#959=EDGE_LOOP('',(#2767));
#960=EDGE_LOOP('',(#2768));
#961=EDGE_LOOP('',(#2769));
#962=EDGE_LOOP('',(#2770));
#963=EDGE_LOOP('',(#2771));
#964=EDGE_LOOP('',(#2772));
#965=EDGE_LOOP('',(#2773));
#966=EDGE_LOOP('',(#2774));
#967=EDGE_LOOP('',(#2775));
#968=EDGE_LOOP('',(#2776));
#969=EDGE_LOOP('',(#2777));
#970=EDGE_LOOP('',(#2778));
#971=EDGE_LOOP('',(#2779));
#972=EDGE_LOOP('',(#2780));
#973=EDGE_LOOP('',(#2781));
#974=EDGE_LOOP('',(#2782));
#975=EDGE_LOOP('',(#2783));
#976=EDGE_LOOP('',(#2784));
#977=EDGE_LOOP('',(#2785));
#978=EDGE_LOOP('',(#2786));
#979=EDGE_LOOP('',(#2787));
#980=EDGE_LOOP('',(#2788));
#981=EDGE_LOOP('',(#2789));
#982=EDGE_LOOP('',(#2790));
#983=EDGE_LOOP('',(#2791));
#984=EDGE_LOOP('',(#2792));
#985=EDGE_LOOP('',(#2793));
#986=EDGE_LOOP('',(#2794));
#987=EDGE_LOOP('',(#2795));
#988=EDGE_LOOP('',(#2796));
#989=EDGE_LOOP('',(#2797));
#990=EDGE_LOOP('',(#2798));
#991=EDGE_LOOP('',(#2799));
#992=EDGE_LOOP('',(#2800));
#993=EDGE_LOOP('',(#2801));
#994=EDGE_LOOP('',(#2802));
#995=EDGE_LOOP('',(#2803));
#996=EDGE_LOOP('',(#2804));
#997=EDGE_LOOP('',(#2805));
#998=EDGE_LOOP('',(#2806));
#999=EDGE_LOOP('',(#2807));
#1000=EDGE_LOOP('',(#2808));
#1001=EDGE_LOOP('',(#2809));
#1002=EDGE_LOOP('',(#2810));
#1003=EDGE_LOOP('',(#2811));
#1004=EDGE_LOOP('',(#2812));
#1005=EDGE_LOOP('',(#2813));
#1006=EDGE_LOOP('',(#2814));
#1007=EDGE_LOOP('',(#2815));
#1008=EDGE_LOOP('',(#2816));
#1009=EDGE_LOOP('',(#2817));
#1010=EDGE_LOOP('',(#2818));
#1011=EDGE_LOOP('',(#2819));
#1012=EDGE_LOOP('',(#2820));
#1013=EDGE_LOOP('',(#2821));
#1014=EDGE_LOOP('',(#2822));
#1015=EDGE_LOOP('',(#2823));
#1016=EDGE_LOOP('',(#2824));
#1017=EDGE_LOOP('',(#2825));
#1018=EDGE_LOOP('',(#2826));
#1019=EDGE_LOOP('',(#2827));
#1020=EDGE_LOOP('',(#2828));
#1021=EDGE_LOOP('',(#2829));
#1022=EDGE_LOOP('',(#2830));
#1023=EDGE_LOOP('',(#2831));
#1024=EDGE_LOOP('',(#2832));
#1025=EDGE_LOOP('',(#2833));
#1026=EDGE_LOOP('',(#2834));
#1027=EDGE_LOOP('',(#2835));
#1028=EDGE_LOOP('',(#2836));
#1029=EDGE_LOOP('',(#2837));
#1030=EDGE_LOOP('',(#2838));
#1031=EDGE_LOOP('',(#2839));
#1032=EDGE_LOOP('',(#2840));
#1033=EDGE_LOOP('',(#2841));
#1034=EDGE_LOOP('',(#2842));
#1035=EDGE_LOOP('',(#2843));
#1036=EDGE_LOOP('',(#2844));
#1037=EDGE_LOOP('',(#2845));
#1038=EDGE_LOOP('',(#2846));
#1039=EDGE_LOOP('',(#2847));
#1040=EDGE_LOOP('',(#2848));
#1041=EDGE_LOOP('',(#2849));
#1042=EDGE_LOOP('',(#2850));
#1043=EDGE_LOOP('',(#2851));
#1044=EDGE_LOOP('',(#2852));
#1045=EDGE_LOOP('',(#2853));
#1046=EDGE_LOOP('',(#2854));
#1047=EDGE_LOOP('',(#2855));
#1048=EDGE_LOOP('',(#2856));
#1049=EDGE_LOOP('',(#2857));
#1050=EDGE_LOOP('',(#2858));
#1051=EDGE_LOOP('',(#2859));
#1052=EDGE_LOOP('',(#2860));
#1053=EDGE_LOOP('',(#2861));
#1054=EDGE_LOOP('',(#2862));
#1055=EDGE_LOOP('',(#2863));
#1056=EDGE_LOOP('',(#2864));
#1057=EDGE_LOOP('',(#2865));
#1058=EDGE_LOOP('',(#2866));
#1059=EDGE_LOOP('',(#2867));
#1060=EDGE_LOOP('',(#2868));
#1061=EDGE_LOOP('',(#2869));
#1062=EDGE_LOOP('',(#2870));
#1063=EDGE_LOOP('',(#2871));
#1064=EDGE_LOOP('',(#2872));
#1065=EDGE_LOOP('',(#2873));
#1066=EDGE_LOOP('',(#2874));
#1067=EDGE_LOOP('',(#2875));
#1068=EDGE_LOOP('',(#2876));
#1069=EDGE_LOOP('',(#2877));
#1070=EDGE_LOOP('',(#2878));
#1071=EDGE_LOOP('',(#2879));
#1072=EDGE_LOOP('',(#2880));
#1073=EDGE_LOOP('',(#2881));
#1074=EDGE_LOOP('',(#2882));
#1075=EDGE_LOOP('',(#2883));
#1076=EDGE_LOOP('',(#2884));
#1077=EDGE_LOOP('',(#2885));
#1078=EDGE_LOOP('',(#2886));
#1079=EDGE_LOOP('',(#2887));
#1080=EDGE_LOOP('',(#2888));
#1081=EDGE_LOOP('',(#2889));
#1082=EDGE_LOOP('',(#2890));
#1083=EDGE_LOOP('',(#2891));
#1084=EDGE_LOOP('',(#2892));
#1085=EDGE_LOOP('',(#2893));
#1086=EDGE_LOOP('',(#2894));
#1087=EDGE_LOOP('',(#2895));
#1088=EDGE_LOOP('',(#2896));
#1089=EDGE_LOOP('',(#2897));
#1090=EDGE_LOOP('',(#2898));
#1091=EDGE_LOOP('',(#2899));
#1092=EDGE_LOOP('',(#2900));
#1093=EDGE_LOOP('',(#2901));
#1094=EDGE_LOOP('',(#2902,#2903,#2904,#2905));
#1095=EDGE_LOOP('',(#2906,#2907,#2908,#2909,#2910,#2911,#2912,#2913,#2914,
#2915,#2916,#2917,#2918,#2919,#2920,#2921,#2922,#2923,#2924,#2925,#2926,
#2927,#2928,#2929));
#1096=EDGE_LOOP('',(#2930));
#1097=EDGE_LOOP('',(#2931));
#1098=EDGE_LOOP('',(#2932));
#1099=EDGE_LOOP('',(#2933));
#1100=EDGE_LOOP('',(#2934));
#1101=EDGE_LOOP('',(#2935));
#1102=EDGE_LOOP('',(#2936));
#1103=EDGE_LOOP('',(#2937));
#1104=EDGE_LOOP('',(#2938));
#1105=EDGE_LOOP('',(#2939));
#1106=EDGE_LOOP('',(#2940));
#1107=EDGE_LOOP('',(#2941));
#1108=EDGE_LOOP('',(#2942));
#1109=EDGE_LOOP('',(#2943));
#1110=EDGE_LOOP('',(#2944));
#1111=EDGE_LOOP('',(#2945));
#1112=EDGE_LOOP('',(#2946));
#1113=EDGE_LOOP('',(#2947));
#1114=EDGE_LOOP('',(#2948));
#1115=EDGE_LOOP('',(#2949));
#1116=EDGE_LOOP('',(#2950));
#1117=EDGE_LOOP('',(#2951));
#1118=EDGE_LOOP('',(#2952));
#1119=EDGE_LOOP('',(#2953));
#1120=EDGE_LOOP('',(#2954));
#1121=EDGE_LOOP('',(#2955));
#1122=EDGE_LOOP('',(#2956));
#1123=EDGE_LOOP('',(#2957));
#1124=EDGE_LOOP('',(#2958));
#1125=EDGE_LOOP('',(#2959));
#1126=EDGE_LOOP('',(#2960));
#1127=EDGE_LOOP('',(#2961));
#1128=EDGE_LOOP('',(#2962));
#1129=EDGE_LOOP('',(#2963));
#1130=EDGE_LOOP('',(#2964));
#1131=EDGE_LOOP('',(#2965));
#1132=EDGE_LOOP('',(#2966));
#1133=EDGE_LOOP('',(#2967));
#1134=EDGE_LOOP('',(#2968));
#1135=EDGE_LOOP('',(#2969));
#1136=EDGE_LOOP('',(#2970));
#1137=EDGE_LOOP('',(#2971));
#1138=EDGE_LOOP('',(#2972));
#1139=EDGE_LOOP('',(#2973));
#1140=EDGE_LOOP('',(#2974));
#1141=EDGE_LOOP('',(#2975));
#1142=EDGE_LOOP('',(#2976));
#1143=EDGE_LOOP('',(#2977));
#1144=EDGE_LOOP('',(#2978));
#1145=EDGE_LOOP('',(#2979));
#1146=EDGE_LOOP('',(#2980));
#1147=EDGE_LOOP('',(#2981));
#1148=EDGE_LOOP('',(#2982));
#1149=EDGE_LOOP('',(#2983));
#1150=EDGE_LOOP('',(#2984));
#1151=EDGE_LOOP('',(#2985));
#1152=EDGE_LOOP('',(#2986));
#1153=EDGE_LOOP('',(#2987));
#1154=EDGE_LOOP('',(#2988));
#1155=EDGE_LOOP('',(#2989));
#1156=EDGE_LOOP('',(#2990));
#1157=EDGE_LOOP('',(#2991));
#1158=EDGE_LOOP('',(#2992));
#1159=EDGE_LOOP('',(#2993));
#1160=EDGE_LOOP('',(#2994));
#1161=EDGE_LOOP('',(#2995));
#1162=EDGE_LOOP('',(#2996));
#1163=EDGE_LOOP('',(#2997));
#1164=EDGE_LOOP('',(#2998));
#1165=EDGE_LOOP('',(#2999));
#1166=EDGE_LOOP('',(#3000));
#1167=EDGE_LOOP('',(#3001));
#1168=EDGE_LOOP('',(#3002));
#1169=EDGE_LOOP('',(#3003));
#1170=EDGE_LOOP('',(#3004));
#1171=EDGE_LOOP('',(#3005));
#1172=EDGE_LOOP('',(#3006));
#1173=EDGE_LOOP('',(#3007));
#1174=EDGE_LOOP('',(#3008));
#1175=EDGE_LOOP('',(#3009));
#1176=EDGE_LOOP('',(#3010));
#1177=EDGE_LOOP('',(#3011));
#1178=EDGE_LOOP('',(#3012));
#1179=EDGE_LOOP('',(#3013));
#1180=EDGE_LOOP('',(#3014));
#1181=EDGE_LOOP('',(#3015));
#1182=EDGE_LOOP('',(#3016));
#1183=EDGE_LOOP('',(#3017));
#1184=EDGE_LOOP('',(#3018));
#1185=EDGE_LOOP('',(#3019));
#1186=EDGE_LOOP('',(#3020));
#1187=EDGE_LOOP('',(#3021));
#1188=EDGE_LOOP('',(#3022));
#1189=EDGE_LOOP('',(#3023));
#1190=EDGE_LOOP('',(#3024));
#1191=EDGE_LOOP('',(#3025));
#1192=EDGE_LOOP('',(#3026));
#1193=EDGE_LOOP('',(#3027));
#1194=EDGE_LOOP('',(#3028));
#1195=EDGE_LOOP('',(#3029));
#1196=EDGE_LOOP('',(#3030));
#1197=EDGE_LOOP('',(#3031));
#1198=EDGE_LOOP('',(#3032));
#1199=EDGE_LOOP('',(#3033));
#1200=EDGE_LOOP('',(#3034));
#1201=EDGE_LOOP('',(#3035));
#1202=EDGE_LOOP('',(#3036));
#1203=EDGE_LOOP('',(#3037));
#1204=EDGE_LOOP('',(#3038));
#1205=EDGE_LOOP('',(#3039));
#1206=EDGE_LOOP('',(#3040));
#1207=EDGE_LOOP('',(#3041));
#1208=EDGE_LOOP('',(#3042));
#1209=EDGE_LOOP('',(#3043));
#1210=EDGE_LOOP('',(#3044));
#1211=EDGE_LOOP('',(#3045));
#1212=EDGE_LOOP('',(#3046));
#1213=EDGE_LOOP('',(#3047));
#1214=EDGE_LOOP('',(#3048));
#1215=EDGE_LOOP('',(#3049));
#1216=EDGE_LOOP('',(#3050));
#1217=EDGE_LOOP('',(#3051));
#1218=EDGE_LOOP('',(#3052));
#1219=EDGE_LOOP('',(#3053));
#1220=EDGE_LOOP('',(#3054));
#1221=EDGE_LOOP('',(#3055));
#1222=EDGE_LOOP('',(#3056));
#1223=EDGE_LOOP('',(#3057));
#1224=EDGE_LOOP('',(#3058));
#1225=EDGE_LOOP('',(#3059));
#1226=EDGE_LOOP('',(#3060));
#1227=EDGE_LOOP('',(#3061));
#1228=EDGE_LOOP('',(#3062));
#1229=EDGE_LOOP('',(#3063));
#1230=EDGE_LOOP('',(#3064));
#1231=EDGE_LOOP('',(#3065));
#1232=EDGE_LOOP('',(#3066));
#1233=EDGE_LOOP('',(#3067));
#1234=EDGE_LOOP('',(#3068));
#1235=EDGE_LOOP('',(#3069));
#1236=EDGE_LOOP('',(#3070));
#1237=EDGE_LOOP('',(#3071));
#1238=EDGE_LOOP('',(#3072));
#1239=EDGE_LOOP('',(#3073));
#1240=EDGE_LOOP('',(#3074));
#1241=LINE('',#4922,#1289);
#1242=LINE('',#4925,#1290);
#1243=LINE('',#4928,#1291);
#1244=LINE('',#4930,#1292);
#1245=LINE('',#4931,#1293);
#1246=LINE('',#4937,#1294);
#1247=LINE('',#4940,#1295);
#1248=LINE('',#4943,#1296);
#1249=LINE('',#4945,#1297);
#1250=LINE('',#4946,#1298);
#1251=LINE('',#4952,#1299);
#1252=LINE('',#4955,#1300);
#1253=LINE('',#4958,#1301);
#1254=LINE('',#4960,#1302);
#1255=LINE('',#4961,#1303);
#1256=LINE('',#4967,#1304);
#1257=LINE('',#4970,#1305);
#1258=LINE('',#4973,#1306);
#1259=LINE('',#4975,#1307);
#1260=LINE('',#4976,#1308);
#1261=LINE('',#4982,#1309);
#1262=LINE('',#4985,#1310);
#1263=LINE('',#4987,#1311);
#1264=LINE('',#4988,#1312);
#1265=LINE('',#4991,#1313);
#1266=LINE('',#4994,#1314);
#1267=LINE('',#4998,#1315);
#1268=LINE('',#5001,#1316);
#1269=LINE('',#5005,#1317);
#1270=LINE('',#5008,#1318);
#1271=LINE('',#5012,#1319);
#1272=LINE('',#5307,#1320);
#1273=LINE('',#5310,#1321);
#1274=LINE('',#5311,#1322);
#1275=LINE('',#5315,#1323);
#1276=LINE('',#5317,#1324);
#1277=LINE('',#5321,#1325);
#1278=LINE('',#5324,#1326);
#1279=LINE('',#5325,#1327);
#1280=LINE('',#5329,#1328);
#1281=LINE('',#5331,#1329);
#1282=LINE('',#5335,#1330);
#1283=LINE('',#5338,#1331);
#1284=LINE('',#5339,#1332);
#1285=LINE('',#5343,#1333);
#1286=LINE('',#5345,#1334);
#1287=LINE('',#5349,#1335);
#1288=LINE('',#5786,#1336);
#1289=VECTOR('',#3902,10.);
#1290=VECTOR('',#3905,10.);
#1291=VECTOR('',#3908,10.);
#1292=VECTOR('',#3909,10.);
#1293=VECTOR('',#3910,10.);
#1294=VECTOR('',#3915,10.);
#1295=VECTOR('',#3918,10.);
#1296=VECTOR('',#3921,10.);
#1297=VECTOR('',#3922,10.);
#1298=VECTOR('',#3923,10.);
#1299=VECTOR('',#3928,10.);
#1300=VECTOR('',#3931,10.);
#1301=VECTOR('',#3934,10.);
#1302=VECTOR('',#3935,10.);
#1303=VECTOR('',#3936,10.);
#1304=VECTOR('',#3941,10.);
#1305=VECTOR('',#3944,10.);
#1306=VECTOR('',#3947,10.);
#1307=VECTOR('',#3948,10.);
#1308=VECTOR('',#3949,10.);
#1309=VECTOR('',#3954,10.);
#1310=VECTOR('',#3957,10.);
#1311=VECTOR('',#3960,10.);
#1312=VECTOR('',#3961,10.);
#1313=VECTOR('',#3964,10.);
#1314=VECTOR('',#3967,10.);
#1315=VECTOR('',#3970,10.);
#1316=VECTOR('',#3973,10.);
#1317=VECTOR('',#3976,10.);
#1318=VECTOR('',#3979,10.);
#1319=VECTOR('',#3982,10.);
#1320=VECTOR('',#4279,10.);
#1321=VECTOR('',#4282,10.);
#1322=VECTOR('',#4283,10.);
#1323=VECTOR('',#4288,10.);
#1324=VECTOR('',#4291,10.);
#1325=VECTOR('',#4296,10.);
#1326=VECTOR('',#4299,10.);
#1327=VECTOR('',#4300,10.);
#1328=VECTOR('',#4305,10.);
#1329=VECTOR('',#4308,10.);
#1330=VECTOR('',#4313,10.);
#1331=VECTOR('',#4316,10.);
#1332=VECTOR('',#4317,10.);
#1333=VECTOR('',#4322,10.);
#1334=VECTOR('',#4325,10.);
#1335=VECTOR('',#4330,10.);
#1336=VECTOR('',#4913,10.);
#1337=CIRCLE('',#3412,1.5);
#1338=CIRCLE('',#3413,1.5);
#1339=CIRCLE('',#3416,1.5);
#1340=CIRCLE('',#3417,1.5);
#1341=CIRCLE('',#3420,1.5);
#1342=CIRCLE('',#3421,1.5);
#1343=CIRCLE('',#3424,1.5);
#1344=CIRCLE('',#3425,1.5);
#1345=CIRCLE('',#3428,1.);
#1346=CIRCLE('',#3429,1.);
#1347=CIRCLE('',#3432,1.);
#1348=CIRCLE('',#3433,1.);
#1349=CIRCLE('',#3434,1.);
#1350=CIRCLE('',#3435,1.);
#1351=CIRCLE('',#3436,1.);
#1352=CIRCLE('',#3437,1.);
#1353=CIRCLE('',#3438,1.);
#1354=CIRCLE('',#3439,0.5);
#1355=CIRCLE('',#3440,0.5);
#1356=CIRCLE('',#3441,0.5);
#1357=CIRCLE('',#3442,0.5);
#1358=CIRCLE('',#3443,0.5);
#1359=CIRCLE('',#3444,0.5);
#1360=CIRCLE('',#3445,0.5);
#1361=CIRCLE('',#3446,0.5);
#1362=CIRCLE('',#3447,0.5);
#1363=CIRCLE('',#3448,0.5);
#1364=CIRCLE('',#3449,0.5);
#1365=CIRCLE('',#3450,0.5);
#1366=CIRCLE('',#3451,0.5);
#1367=CIRCLE('',#3452,0.5);
#1368=CIRCLE('',#3453,0.5);
#1369=CIRCLE('',#3454,0.5);
#1370=CIRCLE('',#3455,0.5);
#1371=CIRCLE('',#3456,0.5);
#1372=CIRCLE('',#3457,0.5);
#1373=CIRCLE('',#3458,0.5);
#1374=CIRCLE('',#3459,0.5);
#1375=CIRCLE('',#3460,0.5);
#1376=CIRCLE('',#3461,0.5);
#1377=CIRCLE('',#3462,0.5);
#1378=CIRCLE('',#3463,0.5);
#1379=CIRCLE('',#3464,0.5);
#1380=CIRCLE('',#3465,0.5);
#1381=CIRCLE('',#3466,0.5);
#1382=CIRCLE('',#3467,0.5);
#1383=CIRCLE('',#3468,0.5);
#1384=CIRCLE('',#3469,0.5);
#1385=CIRCLE('',#3470,0.5);
#1386=CIRCLE('',#3471,0.5);
#1387=CIRCLE('',#3472,0.5);
#1388=CIRCLE('',#3473,0.5);
#1389=CIRCLE('',#3474,0.5);
#1390=CIRCLE('',#3475,0.5);
#1391=CIRCLE('',#3476,0.5);
#1392=CIRCLE('',#3477,0.5);
#1393=CIRCLE('',#3478,0.5);
#1394=CIRCLE('',#3479,0.5);
#1395=CIRCLE('',#3480,0.5);
#1396=CIRCLE('',#3481,0.5);
#1397=CIRCLE('',#3482,0.5);
#1398=CIRCLE('',#3483,0.5);
#1399=CIRCLE('',#3484,0.5);
#1400=CIRCLE('',#3485,0.5);
#1401=CIRCLE('',#3486,0.5);
#1402=CIRCLE('',#3487,0.5);
#1403=CIRCLE('',#3488,0.5);
#1404=CIRCLE('',#3489,0.5);
#1405=CIRCLE('',#3490,0.5);
#1406=CIRCLE('',#3491,0.5);
#1407=CIRCLE('',#3492,0.5);
#1408=CIRCLE('',#3493,0.5);
#1409=CIRCLE('',#3494,0.5);
#1410=CIRCLE('',#3495,0.5);
#1411=CIRCLE('',#3496,0.5);
#1412=CIRCLE('',#3497,0.5);
#1413=CIRCLE('',#3498,0.5);
#1414=CIRCLE('',#3499,0.5);
#1415=CIRCLE('',#3500,0.5);
#1416=CIRCLE('',#3501,0.5);
#1417=CIRCLE('',#3502,0.5);
#1418=CIRCLE('',#3503,0.5);
#1419=CIRCLE('',#3504,0.5);
#1420=CIRCLE('',#3505,0.5);
#1421=CIRCLE('',#3506,0.5);
#1422=CIRCLE('',#3507,0.5);
#1423=CIRCLE('',#3508,0.5);
#1424=CIRCLE('',#3509,0.5);
#1425=CIRCLE('',#3510,0.5);
#1426=CIRCLE('',#3511,0.5);
#1427=CIRCLE('',#3512,0.5);
#1428=CIRCLE('',#3513,0.5);
#1429=CIRCLE('',#3514,0.5);
#1430=CIRCLE('',#3515,0.5);
#1431=CIRCLE('',#3516,0.5);
#1432=CIRCLE('',#3517,0.5);
#1433=CIRCLE('',#3518,0.5);
#1434=CIRCLE('',#3519,0.5);
#1435=CIRCLE('',#3520,0.5);
#1436=CIRCLE('',#3521,0.5);
#1437=CIRCLE('',#3522,0.5);
#1438=CIRCLE('',#3523,0.5);
#1439=CIRCLE('',#3524,0.5);
#1440=CIRCLE('',#3525,0.5);
#1441=CIRCLE('',#3526,0.5);
#1442=CIRCLE('',#3527,0.5);
#1443=CIRCLE('',#3528,0.5);
#1444=CIRCLE('',#3529,0.5);
#1445=CIRCLE('',#3530,0.5);
#1446=CIRCLE('',#3531,0.5);
#1447=CIRCLE('',#3532,0.5);
#1448=CIRCLE('',#3533,0.5);
#1449=CIRCLE('',#3534,0.5);
#1450=CIRCLE('',#3535,0.5);
#1451=CIRCLE('',#3536,0.5);
#1452=CIRCLE('',#3537,0.5);
#1453=CIRCLE('',#3538,0.5);
#1454=CIRCLE('',#3539,0.5);
#1455=CIRCLE('',#3540,0.5);
#1456=CIRCLE('',#3541,0.5);
#1457=CIRCLE('',#3542,0.5);
#1458=CIRCLE('',#3543,0.5);
#1459=CIRCLE('',#3544,0.5);
#1460=CIRCLE('',#3545,0.5);
#1461=CIRCLE('',#3546,0.5);
#1462=CIRCLE('',#3547,0.5);
#1463=CIRCLE('',#3548,0.5);
#1464=CIRCLE('',#3549,0.5);
#1465=CIRCLE('',#3550,0.5);
#1466=CIRCLE('',#3551,0.5);
#1467=CIRCLE('',#3552,0.5);
#1468=CIRCLE('',#3553,0.5);
#1469=CIRCLE('',#3554,0.5);
#1470=CIRCLE('',#3555,0.5);
#1471=CIRCLE('',#3556,0.5);
#1472=CIRCLE('',#3557,0.5);
#1473=CIRCLE('',#3558,0.5);
#1474=CIRCLE('',#3559,0.5);
#1475=CIRCLE('',#3560,0.5);
#1476=CIRCLE('',#3561,0.5);
#1477=CIRCLE('',#3562,0.5);
#1478=CIRCLE('',#3563,0.5);
#1479=CIRCLE('',#3564,0.5);
#1480=CIRCLE('',#3565,0.5);
#1481=CIRCLE('',#3566,0.5);
#1482=CIRCLE('',#3567,0.5);
#1483=CIRCLE('',#3568,0.5);
#1484=CIRCLE('',#3569,0.5);
#1485=CIRCLE('',#3570,0.5);
#1486=CIRCLE('',#3571,0.5);
#1487=CIRCLE('',#3572,0.5);
#1488=CIRCLE('',#3573,0.5);
#1489=CIRCLE('',#3574,0.45);
#1490=CIRCLE('',#3575,0.45);
#1491=CIRCLE('',#3576,0.5);
#1492=CIRCLE('',#3577,0.5);
#1493=CIRCLE('',#3578,0.85);
#1494=CIRCLE('',#3579,0.85);
#1495=CIRCLE('',#3580,0.85);
#1496=CIRCLE('',#3581,0.85);
#1497=CIRCLE('',#3582,0.85);
#1498=CIRCLE('',#3583,0.85);
#1499=CIRCLE('',#3585,1.);
#1500=CIRCLE('',#3588,1.);
#1501=CIRCLE('',#3591,1.);
#1502=CIRCLE('',#3594,1.);
#1503=CIRCLE('',#3597,1.);
#1504=CIRCLE('',#3600,1.);
#1505=CIRCLE('',#3603,1.);
#1506=CIRCLE('',#3605,0.5);
#1507=CIRCLE('',#3607,0.5);
#1508=CIRCLE('',#3609,0.5);
#1509=CIRCLE('',#3611,0.5);
#1510=CIRCLE('',#3613,0.5);
#1511=CIRCLE('',#3615,0.5);
#1512=CIRCLE('',#3617,0.5);
#1513=CIRCLE('',#3619,0.5);
#1514=CIRCLE('',#3621,0.5);
#1515=CIRCLE('',#3623,0.5);
#1516=CIRCLE('',#3625,0.5);
#1517=CIRCLE('',#3627,0.5);
#1518=CIRCLE('',#3629,0.5);
#1519=CIRCLE('',#3631,0.5);
#1520=CIRCLE('',#3633,0.5);
#1521=CIRCLE('',#3635,0.5);
#1522=CIRCLE('',#3637,0.5);
#1523=CIRCLE('',#3639,0.5);
#1524=CIRCLE('',#3641,0.5);
#1525=CIRCLE('',#3643,0.5);
#1526=CIRCLE('',#3645,0.5);
#1527=CIRCLE('',#3647,0.5);
#1528=CIRCLE('',#3649,0.5);
#1529=CIRCLE('',#3651,0.5);
#1530=CIRCLE('',#3653,0.5);
#1531=CIRCLE('',#3655,0.5);
#1532=CIRCLE('',#3657,0.5);
#1533=CIRCLE('',#3659,0.5);
#1534=CIRCLE('',#3661,0.5);
#1535=CIRCLE('',#3663,0.5);
#1536=CIRCLE('',#3665,0.5);
#1537=CIRCLE('',#3667,0.5);
#1538=CIRCLE('',#3669,0.5);
#1539=CIRCLE('',#3671,0.5);
#1540=CIRCLE('',#3673,0.5);
#1541=CIRCLE('',#3675,0.5);
#1542=CIRCLE('',#3677,0.5);
#1543=CIRCLE('',#3679,0.5);
#1544=CIRCLE('',#3681,0.5);
#1545=CIRCLE('',#3683,0.5);
#1546=CIRCLE('',#3685,0.5);
#1547=CIRCLE('',#3687,0.5);
#1548=CIRCLE('',#3689,0.5);
#1549=CIRCLE('',#3691,0.5);
#1550=CIRCLE('',#3693,0.5);
#1551=CIRCLE('',#3695,0.5);
#1552=CIRCLE('',#3697,0.5);
#1553=CIRCLE('',#3699,0.5);
#1554=CIRCLE('',#3701,0.5);
#1555=CIRCLE('',#3703,0.5);
#1556=CIRCLE('',#3705,0.5);
#1557=CIRCLE('',#3707,0.5);
#1558=CIRCLE('',#3709,0.5);
#1559=CIRCLE('',#3711,0.5);
#1560=CIRCLE('',#3713,0.5);
#1561=CIRCLE('',#3715,0.5);
#1562=CIRCLE('',#3717,0.5);
#1563=CIRCLE('',#3719,0.5);
#1564=CIRCLE('',#3721,0.5);
#1565=CIRCLE('',#3723,0.5);
#1566=CIRCLE('',#3725,0.5);
#1567=CIRCLE('',#3727,0.5);
#1568=CIRCLE('',#3729,0.5);
#1569=CIRCLE('',#3731,0.5);
#1570=CIRCLE('',#3733,0.5);
#1571=CIRCLE('',#3735,0.5);
#1572=CIRCLE('',#3737,0.5);
#1573=CIRCLE('',#3739,0.5);
#1574=CIRCLE('',#3741,0.5);
#1575=CIRCLE('',#3743,0.5);
#1576=CIRCLE('',#3745,0.5);
#1577=CIRCLE('',#3747,0.5);
#1578=CIRCLE('',#3749,0.5);
#1579=CIRCLE('',#3751,0.5);
#1580=CIRCLE('',#3753,0.5);
#1581=CIRCLE('',#3755,0.5);
#1582=CIRCLE('',#3757,0.5);
#1583=CIRCLE('',#3759,0.5);
#1584=CIRCLE('',#3761,0.5);
#1585=CIRCLE('',#3763,0.5);
#1586=CIRCLE('',#3765,0.5);
#1587=CIRCLE('',#3767,0.5);
#1588=CIRCLE('',#3769,0.5);
#1589=CIRCLE('',#3771,0.5);
#1590=CIRCLE('',#3773,0.5);
#1591=CIRCLE('',#3775,0.5);
#1592=CIRCLE('',#3777,0.5);
#1593=CIRCLE('',#3779,0.5);
#1594=CIRCLE('',#3781,0.5);
#1595=CIRCLE('',#3783,0.5);
#1596=CIRCLE('',#3785,0.5);
#1597=CIRCLE('',#3787,0.5);
#1598=CIRCLE('',#3789,0.5);
#1599=CIRCLE('',#3791,0.5);
#1600=CIRCLE('',#3793,0.5);
#1601=CIRCLE('',#3795,0.5);
#1602=CIRCLE('',#3797,0.5);
#1603=CIRCLE('',#3799,0.5);
#1604=CIRCLE('',#3801,0.5);
#1605=CIRCLE('',#3803,0.5);
#1606=CIRCLE('',#3805,0.5);
#1607=CIRCLE('',#3807,0.5);
#1608=CIRCLE('',#3809,0.5);
#1609=CIRCLE('',#3811,0.5);
#1610=CIRCLE('',#3813,0.5);
#1611=CIRCLE('',#3815,0.5);
#1612=CIRCLE('',#3817,0.5);
#1613=CIRCLE('',#3819,0.5);
#1614=CIRCLE('',#3821,0.5);
#1615=CIRCLE('',#3823,0.5);
#1616=CIRCLE('',#3825,0.5);
#1617=CIRCLE('',#3827,0.5);
#1618=CIRCLE('',#3829,0.5);
#1619=CIRCLE('',#3831,0.5);
#1620=CIRCLE('',#3833,0.5);
#1621=CIRCLE('',#3835,0.5);
#1622=CIRCLE('',#3837,0.5);
#1623=CIRCLE('',#3839,0.5);
#1624=CIRCLE('',#3841,0.5);
#1625=CIRCLE('',#3843,0.5);
#1626=CIRCLE('',#3845,0.5);
#1627=CIRCLE('',#3847,0.5);
#1628=CIRCLE('',#3849,0.5);
#1629=CIRCLE('',#3851,0.5);
#1630=CIRCLE('',#3853,0.5);
#1631=CIRCLE('',#3855,0.5);
#1632=CIRCLE('',#3857,0.5);
#1633=CIRCLE('',#3859,0.5);
#1634=CIRCLE('',#3861,0.5);
#1635=CIRCLE('',#3863,0.5);
#1636=CIRCLE('',#3865,0.5);
#1637=CIRCLE('',#3867,0.5);
#1638=CIRCLE('',#3869,0.5);
#1639=CIRCLE('',#3871,0.5);
#1640=CIRCLE('',#3873,0.5);
#1641=CIRCLE('',#3875,0.45);
#1642=CIRCLE('',#3877,0.45);
#1643=CIRCLE('',#3879,0.5);
#1644=CIRCLE('',#3881,0.5);
#1645=CIRCLE('',#3883,0.85);
#1646=CIRCLE('',#3885,0.85);
#1647=CIRCLE('',#3887,0.85);
#1648=CIRCLE('',#3889,0.85);
#1649=CIRCLE('',#3891,0.85);
#1650=CIRCLE('',#3893,0.85);
#1651=VERTEX_POINT('',#4918);
#1652=VERTEX_POINT('',#4919);
#1653=VERTEX_POINT('',#4921);
#1654=VERTEX_POINT('',#4923);
#1655=VERTEX_POINT('',#4927);
#1656=VERTEX_POINT('',#4929);
#1657=VERTEX_POINT('',#4933);
#1658=VERTEX_POINT('',#4934);
#1659=VERTEX_POINT('',#4936);
#1660=VERTEX_POINT('',#4938);
#1661=VERTEX_POINT('',#4942);
#1662=VERTEX_POINT('',#4944);
#1663=VERTEX_POINT('',#4948);
#1664=VERTEX_POINT('',#4949);
#1665=VERTEX_POINT('',#4951);
#1666=VERTEX_POINT('',#4953);
#1667=VERTEX_POINT('',#4957);
#1668=VERTEX_POINT('',#4959);
#1669=VERTEX_POINT('',#4963);
#1670=VERTEX_POINT('',#4964);
#1671=VERTEX_POINT('',#4966);
#1672=VERTEX_POINT('',#4968);
#1673=VERTEX_POINT('',#4972);
#1674=VERTEX_POINT('',#4974);
#1675=VERTEX_POINT('',#4978);
#1676=VERTEX_POINT('',#4979);
#1677=VERTEX_POINT('',#4981);
#1678=VERTEX_POINT('',#4983);
#1679=VERTEX_POINT('',#4990);
#1680=VERTEX_POINT('',#4993);
#1681=VERTEX_POINT('',#4995);
#1682=VERTEX_POINT('',#4997);
#1683=VERTEX_POINT('',#5000);
#1684=VERTEX_POINT('',#5002);
#1685=VERTEX_POINT('',#5004);
#1686=VERTEX_POINT('',#5007);
#1687=VERTEX_POINT('',#5009);
#1688=VERTEX_POINT('',#5011);
#1689=VERTEX_POINT('',#5014);
#1690=VERTEX_POINT('',#5016);
#1691=VERTEX_POINT('',#5018);
#1692=VERTEX_POINT('',#5020);
#1693=VERTEX_POINT('',#5022);
#1694=VERTEX_POINT('',#5024);
#1695=VERTEX_POINT('',#5026);
#1696=VERTEX_POINT('',#5028);
#1697=VERTEX_POINT('',#5030);
#1698=VERTEX_POINT('',#5032);
#1699=VERTEX_POINT('',#5034);
#1700=VERTEX_POINT('',#5036);
#1701=VERTEX_POINT('',#5038);
#1702=VERTEX_POINT('',#5040);
#1703=VERTEX_POINT('',#5042);
#1704=VERTEX_POINT('',#5044);
#1705=VERTEX_POINT('',#5046);
#1706=VERTEX_POINT('',#5048);
#1707=VERTEX_POINT('',#5050);
#1708=VERTEX_POINT('',#5052);
#1709=VERTEX_POINT('',#5054);
#1710=VERTEX_POINT('',#5056);
#1711=VERTEX_POINT('',#5058);
#1712=VERTEX_POINT('',#5060);
#1713=VERTEX_POINT('',#5062);
#1714=VERTEX_POINT('',#5064);
#1715=VERTEX_POINT('',#5066);
#1716=VERTEX_POINT('',#5068);
#1717=VERTEX_POINT('',#5070);
#1718=VERTEX_POINT('',#5072);
#1719=VERTEX_POINT('',#5074);
#1720=VERTEX_POINT('',#5076);
#1721=VERTEX_POINT('',#5078);
#1722=VERTEX_POINT('',#5080);
#1723=VERTEX_POINT('',#5082);
#1724=VERTEX_POINT('',#5084);
#1725=VERTEX_POINT('',#5086);
#1726=VERTEX_POINT('',#5088);
#1727=VERTEX_POINT('',#5090);
#1728=VERTEX_POINT('',#5092);
#1729=VERTEX_POINT('',#5094);
#1730=VERTEX_POINT('',#5096);
#1731=VERTEX_POINT('',#5098);
#1732=VERTEX_POINT('',#5100);
#1733=VERTEX_POINT('',#5102);
#1734=VERTEX_POINT('',#5104);
#1735=VERTEX_POINT('',#5106);
#1736=VERTEX_POINT('',#5108);
#1737=VERTEX_POINT('',#5110);
#1738=VERTEX_POINT('',#5112);
#1739=VERTEX_POINT('',#5114);
#1740=VERTEX_POINT('',#5116);
#1741=VERTEX_POINT('',#5118);
#1742=VERTEX_POINT('',#5120);
#1743=VERTEX_POINT('',#5122);
#1744=VERTEX_POINT('',#5124);
#1745=VERTEX_POINT('',#5126);
#1746=VERTEX_POINT('',#5128);
#1747=VERTEX_POINT('',#5130);
#1748=VERTEX_POINT('',#5132);
#1749=VERTEX_POINT('',#5134);
#1750=VERTEX_POINT('',#5136);
#1751=VERTEX_POINT('',#5138);
#1752=VERTEX_POINT('',#5140);
#1753=VERTEX_POINT('',#5142);
#1754=VERTEX_POINT('',#5144);
#1755=VERTEX_POINT('',#5146);
#1756=VERTEX_POINT('',#5148);
#1757=VERTEX_POINT('',#5150);
#1758=VERTEX_POINT('',#5152);
#1759=VERTEX_POINT('',#5154);
#1760=VERTEX_POINT('',#5156);
#1761=VERTEX_POINT('',#5158);
#1762=VERTEX_POINT('',#5160);
#1763=VERTEX_POINT('',#5162);
#1764=VERTEX_POINT('',#5164);
#1765=VERTEX_POINT('',#5166);
#1766=VERTEX_POINT('',#5168);
#1767=VERTEX_POINT('',#5170);
#1768=VERTEX_POINT('',#5172);
#1769=VERTEX_POINT('',#5174);
#1770=VERTEX_POINT('',#5176);
#1771=VERTEX_POINT('',#5178);
#1772=VERTEX_POINT('',#5180);
#1773=VERTEX_POINT('',#5182);
#1774=VERTEX_POINT('',#5184);
#1775=VERTEX_POINT('',#5186);
#1776=VERTEX_POINT('',#5188);
#1777=VERTEX_POINT('',#5190);
#1778=VERTEX_POINT('',#5192);
#1779=VERTEX_POINT('',#5194);
#1780=VERTEX_POINT('',#5196);
#1781=VERTEX_POINT('',#5198);
#1782=VERTEX_POINT('',#5200);
#1783=VERTEX_POINT('',#5202);
#1784=VERTEX_POINT('',#5204);
#1785=VERTEX_POINT('',#5206);
#1786=VERTEX_POINT('',#5208);
#1787=VERTEX_POINT('',#5210);
#1788=VERTEX_POINT('',#5212);
#1789=VERTEX_POINT('',#5214);
#1790=VERTEX_POINT('',#5216);
#1791=VERTEX_POINT('',#5218);
#1792=VERTEX_POINT('',#5220);
#1793=VERTEX_POINT('',#5222);
#1794=VERTEX_POINT('',#5224);
#1795=VERTEX_POINT('',#5226);
#1796=VERTEX_POINT('',#5228);
#1797=VERTEX_POINT('',#5230);
#1798=VERTEX_POINT('',#5232);
#1799=VERTEX_POINT('',#5234);
#1800=VERTEX_POINT('',#5236);
#1801=VERTEX_POINT('',#5238);
#1802=VERTEX_POINT('',#5240);
#1803=VERTEX_POINT('',#5242);
#1804=VERTEX_POINT('',#5244);
#1805=VERTEX_POINT('',#5246);
#1806=VERTEX_POINT('',#5248);
#1807=VERTEX_POINT('',#5250);
#1808=VERTEX_POINT('',#5252);
#1809=VERTEX_POINT('',#5254);
#1810=VERTEX_POINT('',#5256);
#1811=VERTEX_POINT('',#5258);
#1812=VERTEX_POINT('',#5260);
#1813=VERTEX_POINT('',#5262);
#1814=VERTEX_POINT('',#5264);
#1815=VERTEX_POINT('',#5266);
#1816=VERTEX_POINT('',#5268);
#1817=VERTEX_POINT('',#5270);
#1818=VERTEX_POINT('',#5272);
#1819=VERTEX_POINT('',#5274);
#1820=VERTEX_POINT('',#5276);
#1821=VERTEX_POINT('',#5278);
#1822=VERTEX_POINT('',#5280);
#1823=VERTEX_POINT('',#5282);
#1824=VERTEX_POINT('',#5284);
#1825=VERTEX_POINT('',#5286);
#1826=VERTEX_POINT('',#5288);
#1827=VERTEX_POINT('',#5290);
#1828=VERTEX_POINT('',#5292);
#1829=VERTEX_POINT('',#5294);
#1830=VERTEX_POINT('',#5296);
#1831=VERTEX_POINT('',#5298);
#1832=VERTEX_POINT('',#5300);
#1833=VERTEX_POINT('',#5302);
#1834=VERTEX_POINT('',#5305);
#1835=VERTEX_POINT('',#5309);
#1836=VERTEX_POINT('',#5313);
#1837=VERTEX_POINT('',#5319);
#1838=VERTEX_POINT('',#5323);
#1839=VERTEX_POINT('',#5327);
#1840=VERTEX_POINT('',#5333);
#1841=VERTEX_POINT('',#5337);
#1842=VERTEX_POINT('',#5341);
#1843=VERTEX_POINT('',#5347);
#1844=VERTEX_POINT('',#5351);
#1845=VERTEX_POINT('',#5354);
#1846=VERTEX_POINT('',#5357);
#1847=VERTEX_POINT('',#5360);
#1848=VERTEX_POINT('',#5363);
#1849=VERTEX_POINT('',#5366);
#1850=VERTEX_POINT('',#5369);
#1851=VERTEX_POINT('',#5372);
#1852=VERTEX_POINT('',#5375);
#1853=VERTEX_POINT('',#5378);
#1854=VERTEX_POINT('',#5381);
#1855=VERTEX_POINT('',#5384);
#1856=VERTEX_POINT('',#5387);
#1857=VERTEX_POINT('',#5390);
#1858=VERTEX_POINT('',#5393);
#1859=VERTEX_POINT('',#5396);
#1860=VERTEX_POINT('',#5399);
#1861=VERTEX_POINT('',#5402);
#1862=VERTEX_POINT('',#5405);
#1863=VERTEX_POINT('',#5408);
#1864=VERTEX_POINT('',#5411);
#1865=VERTEX_POINT('',#5414);
#1866=VERTEX_POINT('',#5417);
#1867=VERTEX_POINT('',#5420);
#1868=VERTEX_POINT('',#5423);
#1869=VERTEX_POINT('',#5426);
#1870=VERTEX_POINT('',#5429);
#1871=VERTEX_POINT('',#5432);
#1872=VERTEX_POINT('',#5435);
#1873=VERTEX_POINT('',#5438);
#1874=VERTEX_POINT('',#5441);
#1875=VERTEX_POINT('',#5444);
#1876=VERTEX_POINT('',#5447);
#1877=VERTEX_POINT('',#5450);
#1878=VERTEX_POINT('',#5453);
#1879=VERTEX_POINT('',#5456);
#1880=VERTEX_POINT('',#5459);
#1881=VERTEX_POINT('',#5462);
#1882=VERTEX_POINT('',#5465);
#1883=VERTEX_POINT('',#5468);
#1884=VERTEX_POINT('',#5471);
#1885=VERTEX_POINT('',#5474);
#1886=VERTEX_POINT('',#5477);
#1887=VERTEX_POINT('',#5480);
#1888=VERTEX_POINT('',#5483);
#1889=VERTEX_POINT('',#5486);
#1890=VERTEX_POINT('',#5489);
#1891=VERTEX_POINT('',#5492);
#1892=VERTEX_POINT('',#5495);
#1893=VERTEX_POINT('',#5498);
#1894=VERTEX_POINT('',#5501);
#1895=VERTEX_POINT('',#5504);
#1896=VERTEX_POINT('',#5507);
#1897=VERTEX_POINT('',#5510);
#1898=VERTEX_POINT('',#5513);
#1899=VERTEX_POINT('',#5516);
#1900=VERTEX_POINT('',#5519);
#1901=VERTEX_POINT('',#5522);
#1902=VERTEX_POINT('',#5525);
#1903=VERTEX_POINT('',#5528);
#1904=VERTEX_POINT('',#5531);
#1905=VERTEX_POINT('',#5534);
#1906=VERTEX_POINT('',#5537);
#1907=VERTEX_POINT('',#5540);
#1908=VERTEX_POINT('',#5543);
#1909=VERTEX_POINT('',#5546);
#1910=VERTEX_POINT('',#5549);
#1911=VERTEX_POINT('',#5552);
#1912=VERTEX_POINT('',#5555);
#1913=VERTEX_POINT('',#5558);
#1914=VERTEX_POINT('',#5561);
#1915=VERTEX_POINT('',#5564);
#1916=VERTEX_POINT('',#5567);
#1917=VERTEX_POINT('',#5570);
#1918=VERTEX_POINT('',#5573);
#1919=VERTEX_POINT('',#5576);
#1920=VERTEX_POINT('',#5579);
#1921=VERTEX_POINT('',#5582);
#1922=VERTEX_POINT('',#5585);
#1923=VERTEX_POINT('',#5588);
#1924=VERTEX_POINT('',#5591);
#1925=VERTEX_POINT('',#5594);
#1926=VERTEX_POINT('',#5597);
#1927=VERTEX_POINT('',#5600);
#1928=VERTEX_POINT('',#5603);
#1929=VERTEX_POINT('',#5606);
#1930=VERTEX_POINT('',#5609);
#1931=VERTEX_POINT('',#5612);
#1932=VERTEX_POINT('',#5615);
#1933=VERTEX_POINT('',#5618);
#1934=VERTEX_POINT('',#5621);
#1935=VERTEX_POINT('',#5624);
#1936=VERTEX_POINT('',#5627);
#1937=VERTEX_POINT('',#5630);
#1938=VERTEX_POINT('',#5633);
#1939=VERTEX_POINT('',#5636);
#1940=VERTEX_POINT('',#5639);
#1941=VERTEX_POINT('',#5642);
#1942=VERTEX_POINT('',#5645);
#1943=VERTEX_POINT('',#5648);
#1944=VERTEX_POINT('',#5651);
#1945=VERTEX_POINT('',#5654);
#1946=VERTEX_POINT('',#5657);
#1947=VERTEX_POINT('',#5660);
#1948=VERTEX_POINT('',#5663);
#1949=VERTEX_POINT('',#5666);
#1950=VERTEX_POINT('',#5669);
#1951=VERTEX_POINT('',#5672);
#1952=VERTEX_POINT('',#5675);
#1953=VERTEX_POINT('',#5678);
#1954=VERTEX_POINT('',#5681);
#1955=VERTEX_POINT('',#5684);
#1956=VERTEX_POINT('',#5687);
#1957=VERTEX_POINT('',#5690);
#1958=VERTEX_POINT('',#5693);
#1959=VERTEX_POINT('',#5696);
#1960=VERTEX_POINT('',#5699);
#1961=VERTEX_POINT('',#5702);
#1962=VERTEX_POINT('',#5705);
#1963=VERTEX_POINT('',#5708);
#1964=VERTEX_POINT('',#5711);
#1965=VERTEX_POINT('',#5714);
#1966=VERTEX_POINT('',#5717);
#1967=VERTEX_POINT('',#5720);
#1968=VERTEX_POINT('',#5723);
#1969=VERTEX_POINT('',#5726);
#1970=VERTEX_POINT('',#5729);
#1971=VERTEX_POINT('',#5732);
#1972=VERTEX_POINT('',#5735);
#1973=VERTEX_POINT('',#5738);
#1974=VERTEX_POINT('',#5741);
#1975=VERTEX_POINT('',#5744);
#1976=VERTEX_POINT('',#5747);
#1977=VERTEX_POINT('',#5750);
#1978=VERTEX_POINT('',#5753);
#1979=VERTEX_POINT('',#5756);
#1980=VERTEX_POINT('',#5759);
#1981=VERTEX_POINT('',#5762);
#1982=VERTEX_POINT('',#5765);
#1983=VERTEX_POINT('',#5768);
#1984=VERTEX_POINT('',#5771);
#1985=VERTEX_POINT('',#5774);
#1986=VERTEX_POINT('',#5777);
#1987=VERTEX_POINT('',#5780);
#1988=VERTEX_POINT('',#5783);
#1989=EDGE_CURVE('',#1651,#1652,#1337,.T.);
#1990=EDGE_CURVE('',#1652,#1653,#1241,.T.);
#1991=EDGE_CURVE('',#1653,#1654,#1338,.T.);
#1992=EDGE_CURVE('',#1654,#1651,#1242,.T.);
#1993=EDGE_CURVE('',#1655,#1652,#1243,.T.);
#1994=EDGE_CURVE('',#1656,#1655,#1244,.T.);
#1995=EDGE_CURVE('',#1653,#1656,#1245,.T.);
#1996=EDGE_CURVE('',#1657,#1658,#1339,.T.);
#1997=EDGE_CURVE('',#1658,#1659,#1246,.T.);
#1998=EDGE_CURVE('',#1659,#1660,#1340,.T.);
#1999=EDGE_CURVE('',#1660,#1657,#1247,.T.);
#2000=EDGE_CURVE('',#1661,#1658,#1248,.T.);
#2001=EDGE_CURVE('',#1662,#1661,#1249,.T.);
#2002=EDGE_CURVE('',#1659,#1662,#1250,.T.);
#2003=EDGE_CURVE('',#1663,#1664,#1341,.T.);
#2004=EDGE_CURVE('',#1664,#1665,#1251,.T.);
#2005=EDGE_CURVE('',#1665,#1666,#1342,.T.);
#2006=EDGE_CURVE('',#1666,#1663,#1252,.T.);
#2007=EDGE_CURVE('',#1667,#1664,#1253,.T.);
#2008=EDGE_CURVE('',#1668,#1667,#1254,.T.);
#2009=EDGE_CURVE('',#1665,#1668,#1255,.T.);
#2010=EDGE_CURVE('',#1669,#1670,#1343,.T.);
#2011=EDGE_CURVE('',#1670,#1671,#1256,.T.);
#2012=EDGE_CURVE('',#1671,#1672,#1344,.T.);
#2013=EDGE_CURVE('',#1672,#1669,#1257,.T.);
#2014=EDGE_CURVE('',#1673,#1670,#1258,.T.);
#2015=EDGE_CURVE('',#1674,#1673,#1259,.T.);
#2016=EDGE_CURVE('',#1671,#1674,#1260,.T.);
#2017=EDGE_CURVE('',#1675,#1676,#1345,.T.);
#2018=EDGE_CURVE('',#1676,#1677,#1261,.T.);
#2019=EDGE_CURVE('',#1677,#1678,#1346,.T.);
#2020=EDGE_CURVE('',#1678,#1675,#1262,.T.);
#2021=EDGE_CURVE('',#1675,#1672,#1263,.T.);
#2022=EDGE_CURVE('',#1669,#1678,#1264,.T.);
#2023=EDGE_CURVE('',#1677,#1679,#1265,.T.);
#2024=EDGE_CURVE('',#1667,#1679,#1347,.T.);
#2025=EDGE_CURVE('',#1663,#1680,#1266,.T.);
#2026=EDGE_CURVE('',#1681,#1680,#1348,.T.);
#2027=EDGE_CURVE('',#1681,#1682,#1267,.T.);
#2028=EDGE_CURVE('',#1661,#1682,#1349,.T.);
#2029=EDGE_CURVE('',#1657,#1683,#1268,.T.);
#2030=EDGE_CURVE('',#1684,#1683,#1350,.T.);
#2031=EDGE_CURVE('',#1684,#1685,#1269,.T.);
#2032=EDGE_CURVE('',#1655,#1685,#1351,.T.);
#2033=EDGE_CURVE('',#1651,#1686,#1270,.T.);
#2034=EDGE_CURVE('',#1687,#1686,#1352,.T.);
#2035=EDGE_CURVE('',#1687,#1688,#1271,.T.);
#2036=EDGE_CURVE('',#1673,#1688,#1353,.T.);
#2037=EDGE_CURVE('',#1689,#1689,#1354,.T.);
#2038=EDGE_CURVE('',#1690,#1690,#1355,.T.);
#2039=EDGE_CURVE('',#1691,#1691,#1356,.T.);
#2040=EDGE_CURVE('',#1692,#1692,#1357,.T.);
#2041=EDGE_CURVE('',#1693,#1693,#1358,.T.);
#2042=EDGE_CURVE('',#1694,#1694,#1359,.T.);
#2043=EDGE_CURVE('',#1695,#1695,#1360,.T.);
#2044=EDGE_CURVE('',#1696,#1696,#1361,.T.);
#2045=EDGE_CURVE('',#1697,#1697,#1362,.T.);
#2046=EDGE_CURVE('',#1698,#1698,#1363,.T.);
#2047=EDGE_CURVE('',#1699,#1699,#1364,.T.);
#2048=EDGE_CURVE('',#1700,#1700,#1365,.T.);
#2049=EDGE_CURVE('',#1701,#1701,#1366,.T.);
#2050=EDGE_CURVE('',#1702,#1702,#1367,.T.);
#2051=EDGE_CURVE('',#1703,#1703,#1368,.T.);
#2052=EDGE_CURVE('',#1704,#1704,#1369,.T.);
#2053=EDGE_CURVE('',#1705,#1705,#1370,.T.);
#2054=EDGE_CURVE('',#1706,#1706,#1371,.T.);
#2055=EDGE_CURVE('',#1707,#1707,#1372,.T.);
#2056=EDGE_CURVE('',#1708,#1708,#1373,.T.);
#2057=EDGE_CURVE('',#1709,#1709,#1374,.T.);
#2058=EDGE_CURVE('',#1710,#1710,#1375,.T.);
#2059=EDGE_CURVE('',#1711,#1711,#1376,.T.);
#2060=EDGE_CURVE('',#1712,#1712,#1377,.T.);
#2061=EDGE_CURVE('',#1713,#1713,#1378,.T.);
#2062=EDGE_CURVE('',#1714,#1714,#1379,.T.);
#2063=EDGE_CURVE('',#1715,#1715,#1380,.T.);
#2064=EDGE_CURVE('',#1716,#1716,#1381,.T.);
#2065=EDGE_CURVE('',#1717,#1717,#1382,.T.);
#2066=EDGE_CURVE('',#1718,#1718,#1383,.T.);
#2067=EDGE_CURVE('',#1719,#1719,#1384,.T.);
#2068=EDGE_CURVE('',#1720,#1720,#1385,.T.);
#2069=EDGE_CURVE('',#1721,#1721,#1386,.T.);
#2070=EDGE_CURVE('',#1722,#1722,#1387,.T.);
#2071=EDGE_CURVE('',#1723,#1723,#1388,.T.);
#2072=EDGE_CURVE('',#1724,#1724,#1389,.T.);
#2073=EDGE_CURVE('',#1725,#1725,#1390,.T.);
#2074=EDGE_CURVE('',#1726,#1726,#1391,.T.);
#2075=EDGE_CURVE('',#1727,#1727,#1392,.T.);
#2076=EDGE_CURVE('',#1728,#1728,#1393,.T.);
#2077=EDGE_CURVE('',#1729,#1729,#1394,.T.);
#2078=EDGE_CURVE('',#1730,#1730,#1395,.T.);
#2079=EDGE_CURVE('',#1731,#1731,#1396,.T.);
#2080=EDGE_CURVE('',#1732,#1732,#1397,.T.);
#2081=EDGE_CURVE('',#1733,#1733,#1398,.T.);
#2082=EDGE_CURVE('',#1734,#1734,#1399,.T.);
#2083=EDGE_CURVE('',#1735,#1735,#1400,.T.);
#2084=EDGE_CURVE('',#1736,#1736,#1401,.T.);
#2085=EDGE_CURVE('',#1737,#1737,#1402,.T.);
#2086=EDGE_CURVE('',#1738,#1738,#1403,.T.);
#2087=EDGE_CURVE('',#1739,#1739,#1404,.T.);
#2088=EDGE_CURVE('',#1740,#1740,#1405,.T.);
#2089=EDGE_CURVE('',#1741,#1741,#1406,.T.);
#2090=EDGE_CURVE('',#1742,#1742,#1407,.T.);
#2091=EDGE_CURVE('',#1743,#1743,#1408,.T.);
#2092=EDGE_CURVE('',#1744,#1744,#1409,.T.);
#2093=EDGE_CURVE('',#1745,#1745,#1410,.T.);
#2094=EDGE_CURVE('',#1746,#1746,#1411,.T.);
#2095=EDGE_CURVE('',#1747,#1747,#1412,.T.);
#2096=EDGE_CURVE('',#1748,#1748,#1413,.T.);
#2097=EDGE_CURVE('',#1749,#1749,#1414,.T.);
#2098=EDGE_CURVE('',#1750,#1750,#1415,.T.);
#2099=EDGE_CURVE('',#1751,#1751,#1416,.T.);
#2100=EDGE_CURVE('',#1752,#1752,#1417,.T.);
#2101=EDGE_CURVE('',#1753,#1753,#1418,.T.);
#2102=EDGE_CURVE('',#1754,#1754,#1419,.T.);
#2103=EDGE_CURVE('',#1755,#1755,#1420,.T.);
#2104=EDGE_CURVE('',#1756,#1756,#1421,.T.);
#2105=EDGE_CURVE('',#1757,#1757,#1422,.T.);
#2106=EDGE_CURVE('',#1758,#1758,#1423,.T.);
#2107=EDGE_CURVE('',#1759,#1759,#1424,.T.);
#2108=EDGE_CURVE('',#1760,#1760,#1425,.T.);
#2109=EDGE_CURVE('',#1761,#1761,#1426,.T.);
#2110=EDGE_CURVE('',#1762,#1762,#1427,.T.);
#2111=EDGE_CURVE('',#1763,#1763,#1428,.T.);
#2112=EDGE_CURVE('',#1764,#1764,#1429,.T.);
#2113=EDGE_CURVE('',#1765,#1765,#1430,.T.);
#2114=EDGE_CURVE('',#1766,#1766,#1431,.T.);
#2115=EDGE_CURVE('',#1767,#1767,#1432,.T.);
#2116=EDGE_CURVE('',#1768,#1768,#1433,.T.);
#2117=EDGE_CURVE('',#1769,#1769,#1434,.T.);
#2118=EDGE_CURVE('',#1770,#1770,#1435,.T.);
#2119=EDGE_CURVE('',#1771,#1771,#1436,.T.);
#2120=EDGE_CURVE('',#1772,#1772,#1437,.T.);
#2121=EDGE_CURVE('',#1773,#1773,#1438,.T.);
#2122=EDGE_CURVE('',#1774,#1774,#1439,.T.);
#2123=EDGE_CURVE('',#1775,#1775,#1440,.T.);
#2124=EDGE_CURVE('',#1776,#1776,#1441,.T.);
#2125=EDGE_CURVE('',#1777,#1777,#1442,.T.);
#2126=EDGE_CURVE('',#1778,#1778,#1443,.T.);
#2127=EDGE_CURVE('',#1779,#1779,#1444,.T.);
#2128=EDGE_CURVE('',#1780,#1780,#1445,.T.);
#2129=EDGE_CURVE('',#1781,#1781,#1446,.T.);
#2130=EDGE_CURVE('',#1782,#1782,#1447,.T.);
#2131=EDGE_CURVE('',#1783,#1783,#1448,.T.);
#2132=EDGE_CURVE('',#1784,#1784,#1449,.T.);
#2133=EDGE_CURVE('',#1785,#1785,#1450,.T.);
#2134=EDGE_CURVE('',#1786,#1786,#1451,.T.);
#2135=EDGE_CURVE('',#1787,#1787,#1452,.T.);
#2136=EDGE_CURVE('',#1788,#1788,#1453,.T.);
#2137=EDGE_CURVE('',#1789,#1789,#1454,.T.);
#2138=EDGE_CURVE('',#1790,#1790,#1455,.T.);
#2139=EDGE_CURVE('',#1791,#1791,#1456,.T.);
#2140=EDGE_CURVE('',#1792,#1792,#1457,.T.);
#2141=EDGE_CURVE('',#1793,#1793,#1458,.T.);
#2142=EDGE_CURVE('',#1794,#1794,#1459,.T.);
#2143=EDGE_CURVE('',#1795,#1795,#1460,.T.);
#2144=EDGE_CURVE('',#1796,#1796,#1461,.T.);
#2145=EDGE_CURVE('',#1797,#1797,#1462,.T.);
#2146=EDGE_CURVE('',#1798,#1798,#1463,.T.);
#2147=EDGE_CURVE('',#1799,#1799,#1464,.T.);
#2148=EDGE_CURVE('',#1800,#1800,#1465,.T.);
#2149=EDGE_CURVE('',#1801,#1801,#1466,.T.);
#2150=EDGE_CURVE('',#1802,#1802,#1467,.T.);
#2151=EDGE_CURVE('',#1803,#1803,#1468,.T.);
#2152=EDGE_CURVE('',#1804,#1804,#1469,.T.);
#2153=EDGE_CURVE('',#1805,#1805,#1470,.T.);
#2154=EDGE_CURVE('',#1806,#1806,#1471,.T.);
#2155=EDGE_CURVE('',#1807,#1807,#1472,.T.);
#2156=EDGE_CURVE('',#1808,#1808,#1473,.T.);
#2157=EDGE_CURVE('',#1809,#1809,#1474,.T.);
#2158=EDGE_CURVE('',#1810,#1810,#1475,.T.);
#2159=EDGE_CURVE('',#1811,#1811,#1476,.T.);
#2160=EDGE_CURVE('',#1812,#1812,#1477,.T.);
#2161=EDGE_CURVE('',#1813,#1813,#1478,.T.);
#2162=EDGE_CURVE('',#1814,#1814,#1479,.T.);
#2163=EDGE_CURVE('',#1815,#1815,#1480,.T.);
#2164=EDGE_CURVE('',#1816,#1816,#1481,.T.);
#2165=EDGE_CURVE('',#1817,#1817,#1482,.T.);
#2166=EDGE_CURVE('',#1818,#1818,#1483,.T.);
#2167=EDGE_CURVE('',#1819,#1819,#1484,.T.);
#2168=EDGE_CURVE('',#1820,#1820,#1485,.T.);
#2169=EDGE_CURVE('',#1821,#1821,#1486,.T.);
#2170=EDGE_CURVE('',#1822,#1822,#1487,.T.);
#2171=EDGE_CURVE('',#1823,#1823,#1488,.T.);
#2172=EDGE_CURVE('',#1824,#1824,#1489,.T.);
#2173=EDGE_CURVE('',#1825,#1825,#1490,.T.);
#2174=EDGE_CURVE('',#1826,#1826,#1491,.T.);
#2175=EDGE_CURVE('',#1827,#1827,#1492,.T.);
#2176=EDGE_CURVE('',#1828,#1828,#1493,.T.);
#2177=EDGE_CURVE('',#1829,#1829,#1494,.T.);
#2178=EDGE_CURVE('',#1830,#1830,#1495,.T.);
#2179=EDGE_CURVE('',#1831,#1831,#1496,.T.);
#2180=EDGE_CURVE('',#1832,#1832,#1497,.T.);
#2181=EDGE_CURVE('',#1833,#1833,#1498,.T.);
#2182=EDGE_CURVE('',#1834,#1674,#1499,.T.);
#2183=EDGE_CURVE('',#1688,#1834,#1272,.T.);
#2184=EDGE_CURVE('',#1835,#1687,#1273,.T.);
#2185=EDGE_CURVE('',#1834,#1835,#1274,.T.);
#2186=EDGE_CURVE('',#1836,#1835,#1500,.T.);
#2187=EDGE_CURVE('',#1686,#1836,#1275,.T.);
#2188=EDGE_CURVE('',#1836,#1654,#1276,.T.);
#2189=EDGE_CURVE('',#1837,#1656,#1501,.T.);
#2190=EDGE_CURVE('',#1685,#1837,#1277,.T.);
#2191=EDGE_CURVE('',#1838,#1684,#1278,.T.);
#2192=EDGE_CURVE('',#1837,#1838,#1279,.T.);
#2193=EDGE_CURVE('',#1839,#1838,#1502,.T.);
#2194=EDGE_CURVE('',#1683,#1839,#1280,.T.);
#2195=EDGE_CURVE('',#1839,#1660,#1281,.T.);
#2196=EDGE_CURVE('',#1840,#1662,#1503,.T.);
#2197=EDGE_CURVE('',#1682,#1840,#1282,.T.);
#2198=EDGE_CURVE('',#1841,#1681,#1283,.T.);
#2199=EDGE_CURVE('',#1840,#1841,#1284,.T.);
#2200=EDGE_CURVE('',#1842,#1841,#1504,.T.);
#2201=EDGE_CURVE('',#1680,#1842,#1285,.T.);
#2202=EDGE_CURVE('',#1842,#1666,#1286,.T.);
#2203=EDGE_CURVE('',#1843,#1668,#1505,.T.);
#2204=EDGE_CURVE('',#1679,#1843,#1287,.T.);
#2205=EDGE_CURVE('',#1844,#1844,#1506,.T.);
#2206=EDGE_CURVE('',#1845,#1845,#1507,.T.);
#2207=EDGE_CURVE('',#1846,#1846,#1508,.T.);
#2208=EDGE_CURVE('',#1847,#1847,#1509,.T.);
#2209=EDGE_CURVE('',#1848,#1848,#1510,.T.);
#2210=EDGE_CURVE('',#1849,#1849,#1511,.T.);
#2211=EDGE_CURVE('',#1850,#1850,#1512,.T.);
#2212=EDGE_CURVE('',#1851,#1851,#1513,.T.);
#2213=EDGE_CURVE('',#1852,#1852,#1514,.T.);
#2214=EDGE_CURVE('',#1853,#1853,#1515,.T.);
#2215=EDGE_CURVE('',#1854,#1854,#1516,.T.);
#2216=EDGE_CURVE('',#1855,#1855,#1517,.T.);
#2217=EDGE_CURVE('',#1856,#1856,#1518,.T.);
#2218=EDGE_CURVE('',#1857,#1857,#1519,.T.);
#2219=EDGE_CURVE('',#1858,#1858,#1520,.T.);
#2220=EDGE_CURVE('',#1859,#1859,#1521,.T.);
#2221=EDGE_CURVE('',#1860,#1860,#1522,.T.);
#2222=EDGE_CURVE('',#1861,#1861,#1523,.T.);
#2223=EDGE_CURVE('',#1862,#1862,#1524,.T.);
#2224=EDGE_CURVE('',#1863,#1863,#1525,.T.);
#2225=EDGE_CURVE('',#1864,#1864,#1526,.T.);
#2226=EDGE_CURVE('',#1865,#1865,#1527,.T.);
#2227=EDGE_CURVE('',#1866,#1866,#1528,.T.);
#2228=EDGE_CURVE('',#1867,#1867,#1529,.T.);
#2229=EDGE_CURVE('',#1868,#1868,#1530,.T.);
#2230=EDGE_CURVE('',#1869,#1869,#1531,.T.);
#2231=EDGE_CURVE('',#1870,#1870,#1532,.T.);
#2232=EDGE_CURVE('',#1871,#1871,#1533,.T.);
#2233=EDGE_CURVE('',#1872,#1872,#1534,.T.);
#2234=EDGE_CURVE('',#1873,#1873,#1535,.T.);
#2235=EDGE_CURVE('',#1874,#1874,#1536,.T.);
#2236=EDGE_CURVE('',#1875,#1875,#1537,.T.);
#2237=EDGE_CURVE('',#1876,#1876,#1538,.T.);
#2238=EDGE_CURVE('',#1877,#1877,#1539,.T.);
#2239=EDGE_CURVE('',#1878,#1878,#1540,.T.);
#2240=EDGE_CURVE('',#1879,#1879,#1541,.T.);
#2241=EDGE_CURVE('',#1880,#1880,#1542,.T.);
#2242=EDGE_CURVE('',#1881,#1881,#1543,.T.);
#2243=EDGE_CURVE('',#1882,#1882,#1544,.T.);
#2244=EDGE_CURVE('',#1883,#1883,#1545,.T.);
#2245=EDGE_CURVE('',#1884,#1884,#1546,.T.);
#2246=EDGE_CURVE('',#1885,#1885,#1547,.T.);
#2247=EDGE_CURVE('',#1886,#1886,#1548,.T.);
#2248=EDGE_CURVE('',#1887,#1887,#1549,.T.);
#2249=EDGE_CURVE('',#1888,#1888,#1550,.T.);
#2250=EDGE_CURVE('',#1889,#1889,#1551,.T.);
#2251=EDGE_CURVE('',#1890,#1890,#1552,.T.);
#2252=EDGE_CURVE('',#1891,#1891,#1553,.T.);
#2253=EDGE_CURVE('',#1892,#1892,#1554,.T.);
#2254=EDGE_CURVE('',#1893,#1893,#1555,.T.);
#2255=EDGE_CURVE('',#1894,#1894,#1556,.T.);
#2256=EDGE_CURVE('',#1895,#1895,#1557,.T.);
#2257=EDGE_CURVE('',#1896,#1896,#1558,.T.);
#2258=EDGE_CURVE('',#1897,#1897,#1559,.T.);
#2259=EDGE_CURVE('',#1898,#1898,#1560,.T.);
#2260=EDGE_CURVE('',#1899,#1899,#1561,.T.);
#2261=EDGE_CURVE('',#1900,#1900,#1562,.T.);
#2262=EDGE_CURVE('',#1901,#1901,#1563,.T.);
#2263=EDGE_CURVE('',#1902,#1902,#1564,.T.);
#2264=EDGE_CURVE('',#1903,#1903,#1565,.T.);
#2265=EDGE_CURVE('',#1904,#1904,#1566,.T.);
#2266=EDGE_CURVE('',#1905,#1905,#1567,.T.);
#2267=EDGE_CURVE('',#1906,#1906,#1568,.T.);
#2268=EDGE_CURVE('',#1907,#1907,#1569,.T.);
#2269=EDGE_CURVE('',#1908,#1908,#1570,.T.);
#2270=EDGE_CURVE('',#1909,#1909,#1571,.T.);
#2271=EDGE_CURVE('',#1910,#1910,#1572,.T.);
#2272=EDGE_CURVE('',#1911,#1911,#1573,.T.);
#2273=EDGE_CURVE('',#1912,#1912,#1574,.T.);
#2274=EDGE_CURVE('',#1913,#1913,#1575,.T.);
#2275=EDGE_CURVE('',#1914,#1914,#1576,.T.);
#2276=EDGE_CURVE('',#1915,#1915,#1577,.T.);
#2277=EDGE_CURVE('',#1916,#1916,#1578,.T.);
#2278=EDGE_CURVE('',#1917,#1917,#1579,.T.);
#2279=EDGE_CURVE('',#1918,#1918,#1580,.T.);
#2280=EDGE_CURVE('',#1919,#1919,#1581,.T.);
#2281=EDGE_CURVE('',#1920,#1920,#1582,.T.);
#2282=EDGE_CURVE('',#1921,#1921,#1583,.T.);
#2283=EDGE_CURVE('',#1922,#1922,#1584,.T.);
#2284=EDGE_CURVE('',#1923,#1923,#1585,.T.);
#2285=EDGE_CURVE('',#1924,#1924,#1586,.T.);
#2286=EDGE_CURVE('',#1925,#1925,#1587,.T.);
#2287=EDGE_CURVE('',#1926,#1926,#1588,.T.);
#2288=EDGE_CURVE('',#1927,#1927,#1589,.T.);
#2289=EDGE_CURVE('',#1928,#1928,#1590,.T.);
#2290=EDGE_CURVE('',#1929,#1929,#1591,.T.);
#2291=EDGE_CURVE('',#1930,#1930,#1592,.T.);
#2292=EDGE_CURVE('',#1931,#1931,#1593,.T.);
#2293=EDGE_CURVE('',#1932,#1932,#1594,.T.);
#2294=EDGE_CURVE('',#1933,#1933,#1595,.T.);
#2295=EDGE_CURVE('',#1934,#1934,#1596,.T.);
#2296=EDGE_CURVE('',#1935,#1935,#1597,.T.);
#2297=EDGE_CURVE('',#1936,#1936,#1598,.T.);
#2298=EDGE_CURVE('',#1937,#1937,#1599,.T.);
#2299=EDGE_CURVE('',#1938,#1938,#1600,.T.);
#2300=EDGE_CURVE('',#1939,#1939,#1601,.T.);
#2301=EDGE_CURVE('',#1940,#1940,#1602,.T.);
#2302=EDGE_CURVE('',#1941,#1941,#1603,.T.);
#2303=EDGE_CURVE('',#1942,#1942,#1604,.T.);
#2304=EDGE_CURVE('',#1943,#1943,#1605,.T.);
#2305=EDGE_CURVE('',#1944,#1944,#1606,.T.);
#2306=EDGE_CURVE('',#1945,#1945,#1607,.T.);
#2307=EDGE_CURVE('',#1946,#1946,#1608,.T.);
#2308=EDGE_CURVE('',#1947,#1947,#1609,.T.);
#2309=EDGE_CURVE('',#1948,#1948,#1610,.T.);
#2310=EDGE_CURVE('',#1949,#1949,#1611,.T.);
#2311=EDGE_CURVE('',#1950,#1950,#1612,.T.);
#2312=EDGE_CURVE('',#1951,#1951,#1613,.T.);
#2313=EDGE_CURVE('',#1952,#1952,#1614,.T.);
#2314=EDGE_CURVE('',#1953,#1953,#1615,.T.);
#2315=EDGE_CURVE('',#1954,#1954,#1616,.T.);
#2316=EDGE_CURVE('',#1955,#1955,#1617,.T.);
#2317=EDGE_CURVE('',#1956,#1956,#1618,.T.);
#2318=EDGE_CURVE('',#1957,#1957,#1619,.T.);
#2319=EDGE_CURVE('',#1958,#1958,#1620,.T.);
#2320=EDGE_CURVE('',#1959,#1959,#1621,.T.);
#2321=EDGE_CURVE('',#1960,#1960,#1622,.T.);
#2322=EDGE_CURVE('',#1961,#1961,#1623,.T.);
#2323=EDGE_CURVE('',#1962,#1962,#1624,.T.);
#2324=EDGE_CURVE('',#1963,#1963,#1625,.T.);
#2325=EDGE_CURVE('',#1964,#1964,#1626,.T.);
#2326=EDGE_CURVE('',#1965,#1965,#1627,.T.);
#2327=EDGE_CURVE('',#1966,#1966,#1628,.T.);
#2328=EDGE_CURVE('',#1967,#1967,#1629,.T.);
#2329=EDGE_CURVE('',#1968,#1968,#1630,.T.);
#2330=EDGE_CURVE('',#1969,#1969,#1631,.T.);
#2331=EDGE_CURVE('',#1970,#1970,#1632,.T.);
#2332=EDGE_CURVE('',#1971,#1971,#1633,.T.);
#2333=EDGE_CURVE('',#1972,#1972,#1634,.T.);
#2334=EDGE_CURVE('',#1973,#1973,#1635,.T.);
#2335=EDGE_CURVE('',#1974,#1974,#1636,.T.);
#2336=EDGE_CURVE('',#1975,#1975,#1637,.T.);
#2337=EDGE_CURVE('',#1976,#1976,#1638,.T.);
#2338=EDGE_CURVE('',#1977,#1977,#1639,.T.);
#2339=EDGE_CURVE('',#1978,#1978,#1640,.T.);
#2340=EDGE_CURVE('',#1979,#1979,#1641,.T.);
#2341=EDGE_CURVE('',#1980,#1980,#1642,.T.);
#2342=EDGE_CURVE('',#1981,#1981,#1643,.T.);
#2343=EDGE_CURVE('',#1982,#1982,#1644,.T.);
#2344=EDGE_CURVE('',#1983,#1983,#1645,.T.);
#2345=EDGE_CURVE('',#1984,#1984,#1646,.T.);
#2346=EDGE_CURVE('',#1985,#1985,#1647,.T.);
#2347=EDGE_CURVE('',#1986,#1986,#1648,.T.);
#2348=EDGE_CURVE('',#1987,#1987,#1649,.T.);
#2349=EDGE_CURVE('',#1988,#1988,#1650,.T.);
#2350=EDGE_CURVE('',#1843,#1676,#1288,.T.);
#2351=ORIENTED_EDGE('',*,*,#1989,.T.);
#2352=ORIENTED_EDGE('',*,*,#1990,.T.);
#2353=ORIENTED_EDGE('',*,*,#1991,.T.);
#2354=ORIENTED_EDGE('',*,*,#1992,.T.);
#2355=ORIENTED_EDGE('',*,*,#1990,.F.);
#2356=ORIENTED_EDGE('',*,*,#1993,.F.);
#2357=ORIENTED_EDGE('',*,*,#1994,.F.);
#2358=ORIENTED_EDGE('',*,*,#1995,.F.);
#2359=ORIENTED_EDGE('',*,*,#1996,.T.);
#2360=ORIENTED_EDGE('',*,*,#1997,.T.);
#2361=ORIENTED_EDGE('',*,*,#1998,.T.);
#2362=ORIENTED_EDGE('',*,*,#1999,.T.);
#2363=ORIENTED_EDGE('',*,*,#1997,.F.);
#2364=ORIENTED_EDGE('',*,*,#2000,.F.);
#2365=ORIENTED_EDGE('',*,*,#2001,.F.);
#2366=ORIENTED_EDGE('',*,*,#2002,.F.);
#2367=ORIENTED_EDGE('',*,*,#2003,.T.);
#2368=ORIENTED_EDGE('',*,*,#2004,.T.);
#2369=ORIENTED_EDGE('',*,*,#2005,.T.);
#2370=ORIENTED_EDGE('',*,*,#2006,.T.);
#2371=ORIENTED_EDGE('',*,*,#2004,.F.);
#2372=ORIENTED_EDGE('',*,*,#2007,.F.);
#2373=ORIENTED_EDGE('',*,*,#2008,.F.);
#2374=ORIENTED_EDGE('',*,*,#2009,.F.);
#2375=ORIENTED_EDGE('',*,*,#2010,.T.);
#2376=ORIENTED_EDGE('',*,*,#2011,.T.);
#2377=ORIENTED_EDGE('',*,*,#2012,.T.);
#2378=ORIENTED_EDGE('',*,*,#2013,.T.);
#2379=ORIENTED_EDGE('',*,*,#2011,.F.);
#2380=ORIENTED_EDGE('',*,*,#2014,.F.);
#2381=ORIENTED_EDGE('',*,*,#2015,.F.);
#2382=ORIENTED_EDGE('',*,*,#2016,.F.);
#2383=ORIENTED_EDGE('',*,*,#2017,.T.);
#2384=ORIENTED_EDGE('',*,*,#2018,.T.);
#2385=ORIENTED_EDGE('',*,*,#2019,.T.);
#2386=ORIENTED_EDGE('',*,*,#2020,.T.);
#2387=ORIENTED_EDGE('',*,*,#2013,.F.);
#2388=ORIENTED_EDGE('',*,*,#2021,.F.);
#2389=ORIENTED_EDGE('',*,*,#2020,.F.);
#2390=ORIENTED_EDGE('',*,*,#2022,.F.);
#2391=ORIENTED_EDGE('',*,*,#2019,.F.);
#2392=ORIENTED_EDGE('',*,*,#2023,.T.);
#2393=ORIENTED_EDGE('',*,*,#2024,.F.);
#2394=ORIENTED_EDGE('',*,*,#2007,.T.);
#2395=ORIENTED_EDGE('',*,*,#2003,.F.);
#2396=ORIENTED_EDGE('',*,*,#2025,.T.);
#2397=ORIENTED_EDGE('',*,*,#2026,.F.);
#2398=ORIENTED_EDGE('',*,*,#2027,.T.);
#2399=ORIENTED_EDGE('',*,*,#2028,.F.);
#2400=ORIENTED_EDGE('',*,*,#2000,.T.);
#2401=ORIENTED_EDGE('',*,*,#1996,.F.);
#2402=ORIENTED_EDGE('',*,*,#2029,.T.);
#2403=ORIENTED_EDGE('',*,*,#2030,.F.);
#2404=ORIENTED_EDGE('',*,*,#2031,.T.);
#2405=ORIENTED_EDGE('',*,*,#2032,.F.);
#2406=ORIENTED_EDGE('',*,*,#1993,.T.);
#2407=ORIENTED_EDGE('',*,*,#1989,.F.);
#2408=ORIENTED_EDGE('',*,*,#2033,.T.);
#2409=ORIENTED_EDGE('',*,*,#2034,.F.);
#2410=ORIENTED_EDGE('',*,*,#2035,.T.);
#2411=ORIENTED_EDGE('',*,*,#2036,.F.);
#2412=ORIENTED_EDGE('',*,*,#2014,.T.);
#2413=ORIENTED_EDGE('',*,*,#2010,.F.);
#2414=ORIENTED_EDGE('',*,*,#2022,.T.);
#2415=ORIENTED_EDGE('',*,*,#2037,.T.);
#2416=ORIENTED_EDGE('',*,*,#2038,.T.);
#2417=ORIENTED_EDGE('',*,*,#2039,.T.);
#2418=ORIENTED_EDGE('',*,*,#2040,.T.);
#2419=ORIENTED_EDGE('',*,*,#2041,.T.);
#2420=ORIENTED_EDGE('',*,*,#2042,.T.);
#2421=ORIENTED_EDGE('',*,*,#2043,.T.);
#2422=ORIENTED_EDGE('',*,*,#2044,.T.);
#2423=ORIENTED_EDGE('',*,*,#2045,.T.);
#2424=ORIENTED_EDGE('',*,*,#2046,.T.);
#2425=ORIENTED_EDGE('',*,*,#2047,.T.);
#2426=ORIENTED_EDGE('',*,*,#2048,.T.);
#2427=ORIENTED_EDGE('',*,*,#2049,.T.);
#2428=ORIENTED_EDGE('',*,*,#2050,.T.);
#2429=ORIENTED_EDGE('',*,*,#2051,.T.);
#2430=ORIENTED_EDGE('',*,*,#2052,.T.);
#2431=ORIENTED_EDGE('',*,*,#2053,.T.);
#2432=ORIENTED_EDGE('',*,*,#2054,.T.);
#2433=ORIENTED_EDGE('',*,*,#2055,.T.);
#2434=ORIENTED_EDGE('',*,*,#2056,.T.);
#2435=ORIENTED_EDGE('',*,*,#2057,.T.);
#2436=ORIENTED_EDGE('',*,*,#2058,.T.);
#2437=ORIENTED_EDGE('',*,*,#2059,.T.);
#2438=ORIENTED_EDGE('',*,*,#2060,.T.);
#2439=ORIENTED_EDGE('',*,*,#2061,.T.);
#2440=ORIENTED_EDGE('',*,*,#2062,.T.);
#2441=ORIENTED_EDGE('',*,*,#2063,.T.);
#2442=ORIENTED_EDGE('',*,*,#2064,.T.);
#2443=ORIENTED_EDGE('',*,*,#2065,.T.);
#2444=ORIENTED_EDGE('',*,*,#2066,.T.);
#2445=ORIENTED_EDGE('',*,*,#2067,.T.);
#2446=ORIENTED_EDGE('',*,*,#2068,.T.);
#2447=ORIENTED_EDGE('',*,*,#2069,.T.);
#2448=ORIENTED_EDGE('',*,*,#2070,.T.);
#2449=ORIENTED_EDGE('',*,*,#2071,.T.);
#2450=ORIENTED_EDGE('',*,*,#2072,.T.);
#2451=ORIENTED_EDGE('',*,*,#2073,.T.);
#2452=ORIENTED_EDGE('',*,*,#2074,.T.);
#2453=ORIENTED_EDGE('',*,*,#2075,.T.);
#2454=ORIENTED_EDGE('',*,*,#2076,.T.);
#2455=ORIENTED_EDGE('',*,*,#2077,.T.);
#2456=ORIENTED_EDGE('',*,*,#2078,.T.);
#2457=ORIENTED_EDGE('',*,*,#2079,.T.);
#2458=ORIENTED_EDGE('',*,*,#2080,.T.);
#2459=ORIENTED_EDGE('',*,*,#2081,.T.);
#2460=ORIENTED_EDGE('',*,*,#2082,.T.);
#2461=ORIENTED_EDGE('',*,*,#2083,.T.);
#2462=ORIENTED_EDGE('',*,*,#2084,.T.);
#2463=ORIENTED_EDGE('',*,*,#2085,.T.);
#2464=ORIENTED_EDGE('',*,*,#2086,.T.);
#2465=ORIENTED_EDGE('',*,*,#2087,.T.);
#2466=ORIENTED_EDGE('',*,*,#2088,.T.);
#2467=ORIENTED_EDGE('',*,*,#2089,.T.);
#2468=ORIENTED_EDGE('',*,*,#2090,.T.);
#2469=ORIENTED_EDGE('',*,*,#2091,.T.);
#2470=ORIENTED_EDGE('',*,*,#2092,.T.);
#2471=ORIENTED_EDGE('',*,*,#2093,.T.);
#2472=ORIENTED_EDGE('',*,*,#2094,.T.);
#2473=ORIENTED_EDGE('',*,*,#2095,.T.);
#2474=ORIENTED_EDGE('',*,*,#2096,.T.);
#2475=ORIENTED_EDGE('',*,*,#2097,.T.);
#2476=ORIENTED_EDGE('',*,*,#2098,.T.);
#2477=ORIENTED_EDGE('',*,*,#2099,.T.);
#2478=ORIENTED_EDGE('',*,*,#2100,.T.);
#2479=ORIENTED_EDGE('',*,*,#2101,.T.);
#2480=ORIENTED_EDGE('',*,*,#2102,.T.);
#2481=ORIENTED_EDGE('',*,*,#2103,.T.);
#2482=ORIENTED_EDGE('',*,*,#2104,.T.);
#2483=ORIENTED_EDGE('',*,*,#2105,.T.);
#2484=ORIENTED_EDGE('',*,*,#2106,.T.);
#2485=ORIENTED_EDGE('',*,*,#2107,.T.);
#2486=ORIENTED_EDGE('',*,*,#2108,.T.);
#2487=ORIENTED_EDGE('',*,*,#2109,.T.);
#2488=ORIENTED_EDGE('',*,*,#2110,.T.);
#2489=ORIENTED_EDGE('',*,*,#2111,.T.);
#2490=ORIENTED_EDGE('',*,*,#2112,.T.);
#2491=ORIENTED_EDGE('',*,*,#2113,.T.);
#2492=ORIENTED_EDGE('',*,*,#2114,.T.);
#2493=ORIENTED_EDGE('',*,*,#2115,.T.);
#2494=ORIENTED_EDGE('',*,*,#2116,.T.);
#2495=ORIENTED_EDGE('',*,*,#2117,.T.);
#2496=ORIENTED_EDGE('',*,*,#2118,.T.);
#2497=ORIENTED_EDGE('',*,*,#2119,.T.);
#2498=ORIENTED_EDGE('',*,*,#2120,.T.);
#2499=ORIENTED_EDGE('',*,*,#2121,.T.);
#2500=ORIENTED_EDGE('',*,*,#2122,.T.);
#2501=ORIENTED_EDGE('',*,*,#2123,.T.);
#2502=ORIENTED_EDGE('',*,*,#2124,.T.);
#2503=ORIENTED_EDGE('',*,*,#2125,.T.);
#2504=ORIENTED_EDGE('',*,*,#2126,.T.);
#2505=ORIENTED_EDGE('',*,*,#2127,.T.);
#2506=ORIENTED_EDGE('',*,*,#2128,.T.);
#2507=ORIENTED_EDGE('',*,*,#2129,.T.);
#2508=ORIENTED_EDGE('',*,*,#2130,.T.);
#2509=ORIENTED_EDGE('',*,*,#2131,.T.);
#2510=ORIENTED_EDGE('',*,*,#2132,.T.);
#2511=ORIENTED_EDGE('',*,*,#2133,.T.);
#2512=ORIENTED_EDGE('',*,*,#2134,.T.);
#2513=ORIENTED_EDGE('',*,*,#2135,.T.);
#2514=ORIENTED_EDGE('',*,*,#2136,.T.);
#2515=ORIENTED_EDGE('',*,*,#2137,.T.);
#2516=ORIENTED_EDGE('',*,*,#2138,.T.);
#2517=ORIENTED_EDGE('',*,*,#2139,.T.);
#2518=ORIENTED_EDGE('',*,*,#2140,.T.);
#2519=ORIENTED_EDGE('',*,*,#2141,.T.);
#2520=ORIENTED_EDGE('',*,*,#2142,.T.);
#2521=ORIENTED_EDGE('',*,*,#2143,.T.);
#2522=ORIENTED_EDGE('',*,*,#2144,.T.);
#2523=ORIENTED_EDGE('',*,*,#2145,.T.);
#2524=ORIENTED_EDGE('',*,*,#2146,.T.);
#2525=ORIENTED_EDGE('',*,*,#2147,.T.);
#2526=ORIENTED_EDGE('',*,*,#2148,.T.);
#2527=ORIENTED_EDGE('',*,*,#2149,.T.);
#2528=ORIENTED_EDGE('',*,*,#2150,.T.);
#2529=ORIENTED_EDGE('',*,*,#2151,.T.);
#2530=ORIENTED_EDGE('',*,*,#2152,.T.);
#2531=ORIENTED_EDGE('',*,*,#2153,.T.);
#2532=ORIENTED_EDGE('',*,*,#2154,.T.);
#2533=ORIENTED_EDGE('',*,*,#2155,.T.);
#2534=ORIENTED_EDGE('',*,*,#2156,.T.);
#2535=ORIENTED_EDGE('',*,*,#2157,.T.);
#2536=ORIENTED_EDGE('',*,*,#2158,.T.);
#2537=ORIENTED_EDGE('',*,*,#2159,.T.);
#2538=ORIENTED_EDGE('',*,*,#2160,.T.);
#2539=ORIENTED_EDGE('',*,*,#2161,.T.);
#2540=ORIENTED_EDGE('',*,*,#2162,.T.);
#2541=ORIENTED_EDGE('',*,*,#2163,.T.);
#2542=ORIENTED_EDGE('',*,*,#2164,.T.);
#2543=ORIENTED_EDGE('',*,*,#2165,.T.);
#2544=ORIENTED_EDGE('',*,*,#2166,.T.);
#2545=ORIENTED_EDGE('',*,*,#2167,.T.);
#2546=ORIENTED_EDGE('',*,*,#2168,.T.);
#2547=ORIENTED_EDGE('',*,*,#2169,.T.);
#2548=ORIENTED_EDGE('',*,*,#2170,.T.);
#2549=ORIENTED_EDGE('',*,*,#2171,.T.);
#2550=ORIENTED_EDGE('',*,*,#2172,.T.);
#2551=ORIENTED_EDGE('',*,*,#2173,.T.);
#2552=ORIENTED_EDGE('',*,*,#2174,.T.);
#2553=ORIENTED_EDGE('',*,*,#2175,.T.);
#2554=ORIENTED_EDGE('',*,*,#2176,.T.);
#2555=ORIENTED_EDGE('',*,*,#2177,.T.);
#2556=ORIENTED_EDGE('',*,*,#2178,.T.);
#2557=ORIENTED_EDGE('',*,*,#2179,.T.);
#2558=ORIENTED_EDGE('',*,*,#2180,.T.);
#2559=ORIENTED_EDGE('',*,*,#2181,.T.);
#2560=ORIENTED_EDGE('',*,*,#2182,.T.);
#2561=ORIENTED_EDGE('',*,*,#2015,.T.);
#2562=ORIENTED_EDGE('',*,*,#2036,.T.);
#2563=ORIENTED_EDGE('',*,*,#2183,.T.);
#2564=ORIENTED_EDGE('',*,*,#2183,.F.);
#2565=ORIENTED_EDGE('',*,*,#2035,.F.);
#2566=ORIENTED_EDGE('',*,*,#2184,.F.);
#2567=ORIENTED_EDGE('',*,*,#2185,.F.);
#2568=ORIENTED_EDGE('',*,*,#2186,.T.);
#2569=ORIENTED_EDGE('',*,*,#2184,.T.);
#2570=ORIENTED_EDGE('',*,*,#2034,.T.);
#2571=ORIENTED_EDGE('',*,*,#2187,.T.);
#2572=ORIENTED_EDGE('',*,*,#1992,.F.);
#2573=ORIENTED_EDGE('',*,*,#2188,.F.);
#2574=ORIENTED_EDGE('',*,*,#2187,.F.);
#2575=ORIENTED_EDGE('',*,*,#2033,.F.);
#2576=ORIENTED_EDGE('',*,*,#2189,.T.);
#2577=ORIENTED_EDGE('',*,*,#1994,.T.);
#2578=ORIENTED_EDGE('',*,*,#2032,.T.);
#2579=ORIENTED_EDGE('',*,*,#2190,.T.);
#2580=ORIENTED_EDGE('',*,*,#2190,.F.);
#2581=ORIENTED_EDGE('',*,*,#2031,.F.);
#2582=ORIENTED_EDGE('',*,*,#2191,.F.);
#2583=ORIENTED_EDGE('',*,*,#2192,.F.);
#2584=ORIENTED_EDGE('',*,*,#2193,.T.);
#2585=ORIENTED_EDGE('',*,*,#2191,.T.);
#2586=ORIENTED_EDGE('',*,*,#2030,.T.);
#2587=ORIENTED_EDGE('',*,*,#2194,.T.);
#2588=ORIENTED_EDGE('',*,*,#1999,.F.);
#2589=ORIENTED_EDGE('',*,*,#2195,.F.);
#2590=ORIENTED_EDGE('',*,*,#2194,.F.);
#2591=ORIENTED_EDGE('',*,*,#2029,.F.);
#2592=ORIENTED_EDGE('',*,*,#2196,.T.);
#2593=ORIENTED_EDGE('',*,*,#2001,.T.);
#2594=ORIENTED_EDGE('',*,*,#2028,.T.);
#2595=ORIENTED_EDGE('',*,*,#2197,.T.);
#2596=ORIENTED_EDGE('',*,*,#2197,.F.);
#2597=ORIENTED_EDGE('',*,*,#2027,.F.);
#2598=ORIENTED_EDGE('',*,*,#2198,.F.);
#2599=ORIENTED_EDGE('',*,*,#2199,.F.);
#2600=ORIENTED_EDGE('',*,*,#2200,.T.);
#2601=ORIENTED_EDGE('',*,*,#2198,.T.);
#2602=ORIENTED_EDGE('',*,*,#2026,.T.);
#2603=ORIENTED_EDGE('',*,*,#2201,.T.);
#2604=ORIENTED_EDGE('',*,*,#2006,.F.);
#2605=ORIENTED_EDGE('',*,*,#2202,.F.);
#2606=ORIENTED_EDGE('',*,*,#2201,.F.);
#2607=ORIENTED_EDGE('',*,*,#2025,.F.);
#2608=ORIENTED_EDGE('',*,*,#2203,.T.);
#2609=ORIENTED_EDGE('',*,*,#2008,.T.);
#2610=ORIENTED_EDGE('',*,*,#2024,.T.);
#2611=ORIENTED_EDGE('',*,*,#2204,.T.);
#2612=ORIENTED_EDGE('',*,*,#2205,.F.);
#2613=ORIENTED_EDGE('',*,*,#2037,.F.);
#2614=ORIENTED_EDGE('',*,*,#2206,.F.);
#2615=ORIENTED_EDGE('',*,*,#2038,.F.);
#2616=ORIENTED_EDGE('',*,*,#2207,.F.);
#2617=ORIENTED_EDGE('',*,*,#2039,.F.);
#2618=ORIENTED_EDGE('',*,*,#2208,.F.);
#2619=ORIENTED_EDGE('',*,*,#2040,.F.);
#2620=ORIENTED_EDGE('',*,*,#2209,.F.);
#2621=ORIENTED_EDGE('',*,*,#2041,.F.);
#2622=ORIENTED_EDGE('',*,*,#2210,.F.);
#2623=ORIENTED_EDGE('',*,*,#2042,.F.);
#2624=ORIENTED_EDGE('',*,*,#2211,.F.);
#2625=ORIENTED_EDGE('',*,*,#2043,.F.);
#2626=ORIENTED_EDGE('',*,*,#2212,.F.);
#2627=ORIENTED_EDGE('',*,*,#2044,.F.);
#2628=ORIENTED_EDGE('',*,*,#2213,.F.);
#2629=ORIENTED_EDGE('',*,*,#2045,.F.);
#2630=ORIENTED_EDGE('',*,*,#2214,.F.);
#2631=ORIENTED_EDGE('',*,*,#2046,.F.);
#2632=ORIENTED_EDGE('',*,*,#2215,.F.);
#2633=ORIENTED_EDGE('',*,*,#2047,.F.);
#2634=ORIENTED_EDGE('',*,*,#2216,.F.);
#2635=ORIENTED_EDGE('',*,*,#2048,.F.);
#2636=ORIENTED_EDGE('',*,*,#2217,.F.);
#2637=ORIENTED_EDGE('',*,*,#2049,.F.);
#2638=ORIENTED_EDGE('',*,*,#2218,.F.);
#2639=ORIENTED_EDGE('',*,*,#2050,.F.);
#2640=ORIENTED_EDGE('',*,*,#2219,.F.);
#2641=ORIENTED_EDGE('',*,*,#2051,.F.);
#2642=ORIENTED_EDGE('',*,*,#2220,.F.);
#2643=ORIENTED_EDGE('',*,*,#2052,.F.);
#2644=ORIENTED_EDGE('',*,*,#2221,.F.);
#2645=ORIENTED_EDGE('',*,*,#2053,.F.);
#2646=ORIENTED_EDGE('',*,*,#2222,.F.);
#2647=ORIENTED_EDGE('',*,*,#2054,.F.);
#2648=ORIENTED_EDGE('',*,*,#2223,.F.);
#2649=ORIENTED_EDGE('',*,*,#2055,.F.);
#2650=ORIENTED_EDGE('',*,*,#2224,.F.);
#2651=ORIENTED_EDGE('',*,*,#2056,.F.);
#2652=ORIENTED_EDGE('',*,*,#2225,.F.);
#2653=ORIENTED_EDGE('',*,*,#2057,.F.);
#2654=ORIENTED_EDGE('',*,*,#2226,.F.);
#2655=ORIENTED_EDGE('',*,*,#2058,.F.);
#2656=ORIENTED_EDGE('',*,*,#2227,.F.);
#2657=ORIENTED_EDGE('',*,*,#2059,.F.);
#2658=ORIENTED_EDGE('',*,*,#2228,.F.);
#2659=ORIENTED_EDGE('',*,*,#2060,.F.);
#2660=ORIENTED_EDGE('',*,*,#2229,.F.);
#2661=ORIENTED_EDGE('',*,*,#2061,.F.);
#2662=ORIENTED_EDGE('',*,*,#2230,.F.);
#2663=ORIENTED_EDGE('',*,*,#2062,.F.);
#2664=ORIENTED_EDGE('',*,*,#2231,.F.);
#2665=ORIENTED_EDGE('',*,*,#2063,.F.);
#2666=ORIENTED_EDGE('',*,*,#2232,.F.);
#2667=ORIENTED_EDGE('',*,*,#2064,.F.);
#2668=ORIENTED_EDGE('',*,*,#2233,.F.);
#2669=ORIENTED_EDGE('',*,*,#2065,.F.);
#2670=ORIENTED_EDGE('',*,*,#2234,.F.);
#2671=ORIENTED_EDGE('',*,*,#2066,.F.);
#2672=ORIENTED_EDGE('',*,*,#2235,.F.);
#2673=ORIENTED_EDGE('',*,*,#2067,.F.);
#2674=ORIENTED_EDGE('',*,*,#2236,.F.);
#2675=ORIENTED_EDGE('',*,*,#2068,.F.);
#2676=ORIENTED_EDGE('',*,*,#2237,.F.);
#2677=ORIENTED_EDGE('',*,*,#2069,.F.);
#2678=ORIENTED_EDGE('',*,*,#2238,.F.);
#2679=ORIENTED_EDGE('',*,*,#2070,.F.);
#2680=ORIENTED_EDGE('',*,*,#2239,.F.);
#2681=ORIENTED_EDGE('',*,*,#2071,.F.);
#2682=ORIENTED_EDGE('',*,*,#2240,.F.);
#2683=ORIENTED_EDGE('',*,*,#2072,.F.);
#2684=ORIENTED_EDGE('',*,*,#2241,.F.);
#2685=ORIENTED_EDGE('',*,*,#2073,.F.);
#2686=ORIENTED_EDGE('',*,*,#2242,.F.);
#2687=ORIENTED_EDGE('',*,*,#2074,.F.);
#2688=ORIENTED_EDGE('',*,*,#2243,.F.);
#2689=ORIENTED_EDGE('',*,*,#2075,.F.);
#2690=ORIENTED_EDGE('',*,*,#2244,.F.);
#2691=ORIENTED_EDGE('',*,*,#2076,.F.);
#2692=ORIENTED_EDGE('',*,*,#2245,.F.);
#2693=ORIENTED_EDGE('',*,*,#2077,.F.);
#2694=ORIENTED_EDGE('',*,*,#2246,.F.);
#2695=ORIENTED_EDGE('',*,*,#2078,.F.);
#2696=ORIENTED_EDGE('',*,*,#2247,.F.);
#2697=ORIENTED_EDGE('',*,*,#2079,.F.);
#2698=ORIENTED_EDGE('',*,*,#2248,.F.);
#2699=ORIENTED_EDGE('',*,*,#2080,.F.);
#2700=ORIENTED_EDGE('',*,*,#2249,.F.);
#2701=ORIENTED_EDGE('',*,*,#2081,.F.);
#2702=ORIENTED_EDGE('',*,*,#2250,.F.);
#2703=ORIENTED_EDGE('',*,*,#2082,.F.);
#2704=ORIENTED_EDGE('',*,*,#2251,.F.);
#2705=ORIENTED_EDGE('',*,*,#2083,.F.);
#2706=ORIENTED_EDGE('',*,*,#2252,.F.);
#2707=ORIENTED_EDGE('',*,*,#2084,.F.);
#2708=ORIENTED_EDGE('',*,*,#2253,.F.);
#2709=ORIENTED_EDGE('',*,*,#2085,.F.);
#2710=ORIENTED_EDGE('',*,*,#2254,.F.);
#2711=ORIENTED_EDGE('',*,*,#2086,.F.);
#2712=ORIENTED_EDGE('',*,*,#2255,.F.);
#2713=ORIENTED_EDGE('',*,*,#2087,.F.);
#2714=ORIENTED_EDGE('',*,*,#2256,.F.);
#2715=ORIENTED_EDGE('',*,*,#2088,.F.);
#2716=ORIENTED_EDGE('',*,*,#2257,.F.);
#2717=ORIENTED_EDGE('',*,*,#2089,.F.);
#2718=ORIENTED_EDGE('',*,*,#2258,.F.);
#2719=ORIENTED_EDGE('',*,*,#2090,.F.);
#2720=ORIENTED_EDGE('',*,*,#2259,.F.);
#2721=ORIENTED_EDGE('',*,*,#2091,.F.);
#2722=ORIENTED_EDGE('',*,*,#2260,.F.);
#2723=ORIENTED_EDGE('',*,*,#2092,.F.);
#2724=ORIENTED_EDGE('',*,*,#2261,.F.);
#2725=ORIENTED_EDGE('',*,*,#2093,.F.);
#2726=ORIENTED_EDGE('',*,*,#2262,.F.);
#2727=ORIENTED_EDGE('',*,*,#2094,.F.);
#2728=ORIENTED_EDGE('',*,*,#2263,.F.);
#2729=ORIENTED_EDGE('',*,*,#2095,.F.);
#2730=ORIENTED_EDGE('',*,*,#2264,.F.);
#2731=ORIENTED_EDGE('',*,*,#2096,.F.);
#2732=ORIENTED_EDGE('',*,*,#2265,.F.);
#2733=ORIENTED_EDGE('',*,*,#2097,.F.);
#2734=ORIENTED_EDGE('',*,*,#2266,.F.);
#2735=ORIENTED_EDGE('',*,*,#2098,.F.);
#2736=ORIENTED_EDGE('',*,*,#2267,.F.);
#2737=ORIENTED_EDGE('',*,*,#2099,.F.);
#2738=ORIENTED_EDGE('',*,*,#2268,.F.);
#2739=ORIENTED_EDGE('',*,*,#2100,.F.);
#2740=ORIENTED_EDGE('',*,*,#2269,.F.);
#2741=ORIENTED_EDGE('',*,*,#2101,.F.);
#2742=ORIENTED_EDGE('',*,*,#2270,.F.);
#2743=ORIENTED_EDGE('',*,*,#2102,.F.);
#2744=ORIENTED_EDGE('',*,*,#2271,.F.);
#2745=ORIENTED_EDGE('',*,*,#2103,.F.);
#2746=ORIENTED_EDGE('',*,*,#2272,.F.);
#2747=ORIENTED_EDGE('',*,*,#2104,.F.);
#2748=ORIENTED_EDGE('',*,*,#2273,.F.);
#2749=ORIENTED_EDGE('',*,*,#2105,.F.);
#2750=ORIENTED_EDGE('',*,*,#2274,.F.);
#2751=ORIENTED_EDGE('',*,*,#2106,.F.);
#2752=ORIENTED_EDGE('',*,*,#2275,.F.);
#2753=ORIENTED_EDGE('',*,*,#2107,.F.);
#2754=ORIENTED_EDGE('',*,*,#2276,.F.);
#2755=ORIENTED_EDGE('',*,*,#2108,.F.);
#2756=ORIENTED_EDGE('',*,*,#2277,.F.);
#2757=ORIENTED_EDGE('',*,*,#2109,.F.);
#2758=ORIENTED_EDGE('',*,*,#2278,.F.);
#2759=ORIENTED_EDGE('',*,*,#2110,.F.);
#2760=ORIENTED_EDGE('',*,*,#2279,.F.);
#2761=ORIENTED_EDGE('',*,*,#2111,.F.);
#2762=ORIENTED_EDGE('',*,*,#2280,.F.);
#2763=ORIENTED_EDGE('',*,*,#2112,.F.);
#2764=ORIENTED_EDGE('',*,*,#2281,.F.);
#2765=ORIENTED_EDGE('',*,*,#2113,.F.);
#2766=ORIENTED_EDGE('',*,*,#2282,.F.);
#2767=ORIENTED_EDGE('',*,*,#2114,.F.);
#2768=ORIENTED_EDGE('',*,*,#2283,.F.);
#2769=ORIENTED_EDGE('',*,*,#2115,.F.);
#2770=ORIENTED_EDGE('',*,*,#2284,.F.);
#2771=ORIENTED_EDGE('',*,*,#2116,.F.);
#2772=ORIENTED_EDGE('',*,*,#2285,.F.);
#2773=ORIENTED_EDGE('',*,*,#2117,.F.);
#2774=ORIENTED_EDGE('',*,*,#2286,.F.);
#2775=ORIENTED_EDGE('',*,*,#2118,.F.);
#2776=ORIENTED_EDGE('',*,*,#2287,.F.);
#2777=ORIENTED_EDGE('',*,*,#2119,.F.);
#2778=ORIENTED_EDGE('',*,*,#2288,.F.);
#2779=ORIENTED_EDGE('',*,*,#2120,.F.);
#2780=ORIENTED_EDGE('',*,*,#2289,.F.);
#2781=ORIENTED_EDGE('',*,*,#2121,.F.);
#2782=ORIENTED_EDGE('',*,*,#2290,.F.);
#2783=ORIENTED_EDGE('',*,*,#2122,.F.);
#2784=ORIENTED_EDGE('',*,*,#2291,.F.);
#2785=ORIENTED_EDGE('',*,*,#2123,.F.);
#2786=ORIENTED_EDGE('',*,*,#2292,.F.);
#2787=ORIENTED_EDGE('',*,*,#2124,.F.);
#2788=ORIENTED_EDGE('',*,*,#2293,.F.);
#2789=ORIENTED_EDGE('',*,*,#2125,.F.);
#2790=ORIENTED_EDGE('',*,*,#2294,.F.);
#2791=ORIENTED_EDGE('',*,*,#2126,.F.);
#2792=ORIENTED_EDGE('',*,*,#2295,.F.);
#2793=ORIENTED_EDGE('',*,*,#2127,.F.);
#2794=ORIENTED_EDGE('',*,*,#2296,.F.);
#2795=ORIENTED_EDGE('',*,*,#2128,.F.);
#2796=ORIENTED_EDGE('',*,*,#2297,.F.);
#2797=ORIENTED_EDGE('',*,*,#2129,.F.);
#2798=ORIENTED_EDGE('',*,*,#2298,.F.);
#2799=ORIENTED_EDGE('',*,*,#2130,.F.);
#2800=ORIENTED_EDGE('',*,*,#2299,.F.);
#2801=ORIENTED_EDGE('',*,*,#2131,.F.);
#2802=ORIENTED_EDGE('',*,*,#2300,.F.);
#2803=ORIENTED_EDGE('',*,*,#2132,.F.);
#2804=ORIENTED_EDGE('',*,*,#2301,.F.);
#2805=ORIENTED_EDGE('',*,*,#2133,.F.);
#2806=ORIENTED_EDGE('',*,*,#2302,.F.);
#2807=ORIENTED_EDGE('',*,*,#2134,.F.);
#2808=ORIENTED_EDGE('',*,*,#2303,.F.);
#2809=ORIENTED_EDGE('',*,*,#2135,.F.);
#2810=ORIENTED_EDGE('',*,*,#2304,.F.);
#2811=ORIENTED_EDGE('',*,*,#2136,.F.);
#2812=ORIENTED_EDGE('',*,*,#2305,.F.);
#2813=ORIENTED_EDGE('',*,*,#2137,.F.);
#2814=ORIENTED_EDGE('',*,*,#2306,.F.);
#2815=ORIENTED_EDGE('',*,*,#2138,.F.);
#2816=ORIENTED_EDGE('',*,*,#2307,.F.);
#2817=ORIENTED_EDGE('',*,*,#2139,.F.);
#2818=ORIENTED_EDGE('',*,*,#2308,.F.);
#2819=ORIENTED_EDGE('',*,*,#2140,.F.);
#2820=ORIENTED_EDGE('',*,*,#2309,.F.);
#2821=ORIENTED_EDGE('',*,*,#2141,.F.);
#2822=ORIENTED_EDGE('',*,*,#2310,.F.);
#2823=ORIENTED_EDGE('',*,*,#2142,.F.);
#2824=ORIENTED_EDGE('',*,*,#2311,.F.);
#2825=ORIENTED_EDGE('',*,*,#2143,.F.);
#2826=ORIENTED_EDGE('',*,*,#2312,.F.);
#2827=ORIENTED_EDGE('',*,*,#2144,.F.);
#2828=ORIENTED_EDGE('',*,*,#2313,.F.);
#2829=ORIENTED_EDGE('',*,*,#2145,.F.);
#2830=ORIENTED_EDGE('',*,*,#2314,.F.);
#2831=ORIENTED_EDGE('',*,*,#2146,.F.);
#2832=ORIENTED_EDGE('',*,*,#2315,.F.);
#2833=ORIENTED_EDGE('',*,*,#2147,.F.);
#2834=ORIENTED_EDGE('',*,*,#2316,.F.);
#2835=ORIENTED_EDGE('',*,*,#2148,.F.);
#2836=ORIENTED_EDGE('',*,*,#2317,.F.);
#2837=ORIENTED_EDGE('',*,*,#2149,.F.);
#2838=ORIENTED_EDGE('',*,*,#2318,.F.);
#2839=ORIENTED_EDGE('',*,*,#2150,.F.);
#2840=ORIENTED_EDGE('',*,*,#2319,.F.);
#2841=ORIENTED_EDGE('',*,*,#2151,.F.);
#2842=ORIENTED_EDGE('',*,*,#2320,.F.);
#2843=ORIENTED_EDGE('',*,*,#2152,.F.);
#2844=ORIENTED_EDGE('',*,*,#2321,.F.);
#2845=ORIENTED_EDGE('',*,*,#2153,.F.);
#2846=ORIENTED_EDGE('',*,*,#2322,.F.);
#2847=ORIENTED_EDGE('',*,*,#2154,.F.);
#2848=ORIENTED_EDGE('',*,*,#2323,.F.);
#2849=ORIENTED_EDGE('',*,*,#2155,.F.);
#2850=ORIENTED_EDGE('',*,*,#2324,.F.);
#2851=ORIENTED_EDGE('',*,*,#2156,.F.);
#2852=ORIENTED_EDGE('',*,*,#2325,.F.);
#2853=ORIENTED_EDGE('',*,*,#2157,.F.);
#2854=ORIENTED_EDGE('',*,*,#2326,.F.);
#2855=ORIENTED_EDGE('',*,*,#2158,.F.);
#2856=ORIENTED_EDGE('',*,*,#2327,.F.);
#2857=ORIENTED_EDGE('',*,*,#2159,.F.);
#2858=ORIENTED_EDGE('',*,*,#2328,.F.);
#2859=ORIENTED_EDGE('',*,*,#2160,.F.);
#2860=ORIENTED_EDGE('',*,*,#2329,.F.);
#2861=ORIENTED_EDGE('',*,*,#2161,.F.);
#2862=ORIENTED_EDGE('',*,*,#2330,.F.);
#2863=ORIENTED_EDGE('',*,*,#2162,.F.);
#2864=ORIENTED_EDGE('',*,*,#2331,.F.);
#2865=ORIENTED_EDGE('',*,*,#2163,.F.);
#2866=ORIENTED_EDGE('',*,*,#2332,.F.);
#2867=ORIENTED_EDGE('',*,*,#2164,.F.);
#2868=ORIENTED_EDGE('',*,*,#2333,.F.);
#2869=ORIENTED_EDGE('',*,*,#2165,.F.);
#2870=ORIENTED_EDGE('',*,*,#2334,.F.);
#2871=ORIENTED_EDGE('',*,*,#2166,.F.);
#2872=ORIENTED_EDGE('',*,*,#2335,.F.);
#2873=ORIENTED_EDGE('',*,*,#2167,.F.);
#2874=ORIENTED_EDGE('',*,*,#2336,.F.);
#2875=ORIENTED_EDGE('',*,*,#2168,.F.);
#2876=ORIENTED_EDGE('',*,*,#2337,.F.);
#2877=ORIENTED_EDGE('',*,*,#2169,.F.);
#2878=ORIENTED_EDGE('',*,*,#2338,.F.);
#2879=ORIENTED_EDGE('',*,*,#2170,.F.);
#2880=ORIENTED_EDGE('',*,*,#2339,.F.);
#2881=ORIENTED_EDGE('',*,*,#2171,.F.);
#2882=ORIENTED_EDGE('',*,*,#2340,.F.);
#2883=ORIENTED_EDGE('',*,*,#2172,.F.);
#2884=ORIENTED_EDGE('',*,*,#2341,.F.);
#2885=ORIENTED_EDGE('',*,*,#2173,.F.);
#2886=ORIENTED_EDGE('',*,*,#2342,.F.);
#2887=ORIENTED_EDGE('',*,*,#2174,.F.);
#2888=ORIENTED_EDGE('',*,*,#2343,.F.);
#2889=ORIENTED_EDGE('',*,*,#2175,.F.);
#2890=ORIENTED_EDGE('',*,*,#2344,.F.);
#2891=ORIENTED_EDGE('',*,*,#2176,.F.);
#2892=ORIENTED_EDGE('',*,*,#2345,.F.);
#2893=ORIENTED_EDGE('',*,*,#2177,.F.);
#2894=ORIENTED_EDGE('',*,*,#2346,.F.);
#2895=ORIENTED_EDGE('',*,*,#2178,.F.);
#2896=ORIENTED_EDGE('',*,*,#2347,.F.);
#2897=ORIENTED_EDGE('',*,*,#2179,.F.);
#2898=ORIENTED_EDGE('',*,*,#2348,.F.);
#2899=ORIENTED_EDGE('',*,*,#2180,.F.);
#2900=ORIENTED_EDGE('',*,*,#2349,.F.);
#2901=ORIENTED_EDGE('',*,*,#2181,.F.);
#2902=ORIENTED_EDGE('',*,*,#2018,.F.);
#2903=ORIENTED_EDGE('',*,*,#2350,.F.);
#2904=ORIENTED_EDGE('',*,*,#2204,.F.);
#2905=ORIENTED_EDGE('',*,*,#2023,.F.);
#2906=ORIENTED_EDGE('',*,*,#2017,.F.);
#2907=ORIENTED_EDGE('',*,*,#2021,.T.);
#2908=ORIENTED_EDGE('',*,*,#2012,.F.);
#2909=ORIENTED_EDGE('',*,*,#2016,.T.);
#2910=ORIENTED_EDGE('',*,*,#2182,.F.);
#2911=ORIENTED_EDGE('',*,*,#2185,.T.);
#2912=ORIENTED_EDGE('',*,*,#2186,.F.);
#2913=ORIENTED_EDGE('',*,*,#2188,.T.);
#2914=ORIENTED_EDGE('',*,*,#1991,.F.);
#2915=ORIENTED_EDGE('',*,*,#1995,.T.);
#2916=ORIENTED_EDGE('',*,*,#2189,.F.);
#2917=ORIENTED_EDGE('',*,*,#2192,.T.);
#2918=ORIENTED_EDGE('',*,*,#2193,.F.);
#2919=ORIENTED_EDGE('',*,*,#2195,.T.);
#2920=ORIENTED_EDGE('',*,*,#1998,.F.);
#2921=ORIENTED_EDGE('',*,*,#2002,.T.);
#2922=ORIENTED_EDGE('',*,*,#2196,.F.);
#2923=ORIENTED_EDGE('',*,*,#2199,.T.);
#2924=ORIENTED_EDGE('',*,*,#2200,.F.);
#2925=ORIENTED_EDGE('',*,*,#2202,.T.);
#2926=ORIENTED_EDGE('',*,*,#2005,.F.);
#2927=ORIENTED_EDGE('',*,*,#2009,.T.);
#2928=ORIENTED_EDGE('',*,*,#2203,.F.);
#2929=ORIENTED_EDGE('',*,*,#2350,.T.);
#2930=ORIENTED_EDGE('',*,*,#2205,.T.);
#2931=ORIENTED_EDGE('',*,*,#2206,.T.);
#2932=ORIENTED_EDGE('',*,*,#2207,.T.);
#2933=ORIENTED_EDGE('',*,*,#2208,.T.);
#2934=ORIENTED_EDGE('',*,*,#2209,.T.);
#2935=ORIENTED_EDGE('',*,*,#2210,.T.);
#2936=ORIENTED_EDGE('',*,*,#2211,.T.);
#2937=ORIENTED_EDGE('',*,*,#2212,.T.);
#2938=ORIENTED_EDGE('',*,*,#2213,.T.);
#2939=ORIENTED_EDGE('',*,*,#2214,.T.);
#2940=ORIENTED_EDGE('',*,*,#2215,.T.);
#2941=ORIENTED_EDGE('',*,*,#2216,.T.);
#2942=ORIENTED_EDGE('',*,*,#2217,.T.);
#2943=ORIENTED_EDGE('',*,*,#2218,.T.);
#2944=ORIENTED_EDGE('',*,*,#2219,.T.);
#2945=ORIENTED_EDGE('',*,*,#2220,.T.);
#2946=ORIENTED_EDGE('',*,*,#2221,.T.);
#2947=ORIENTED_EDGE('',*,*,#2222,.T.);
#2948=ORIENTED_EDGE('',*,*,#2223,.T.);
#2949=ORIENTED_EDGE('',*,*,#2224,.T.);
#2950=ORIENTED_EDGE('',*,*,#2225,.T.);
#2951=ORIENTED_EDGE('',*,*,#2226,.T.);
#2952=ORIENTED_EDGE('',*,*,#2227,.T.);
#2953=ORIENTED_EDGE('',*,*,#2228,.T.);
#2954=ORIENTED_EDGE('',*,*,#2229,.T.);
#2955=ORIENTED_EDGE('',*,*,#2230,.T.);
#2956=ORIENTED_EDGE('',*,*,#2231,.T.);
#2957=ORIENTED_EDGE('',*,*,#2232,.T.);
#2958=ORIENTED_EDGE('',*,*,#2233,.T.);
#2959=ORIENTED_EDGE('',*,*,#2234,.T.);
#2960=ORIENTED_EDGE('',*,*,#2235,.T.);
#2961=ORIENTED_EDGE('',*,*,#2236,.T.);
#2962=ORIENTED_EDGE('',*,*,#2237,.T.);
#2963=ORIENTED_EDGE('',*,*,#2238,.T.);
#2964=ORIENTED_EDGE('',*,*,#2239,.T.);
#2965=ORIENTED_EDGE('',*,*,#2240,.T.);
#2966=ORIENTED_EDGE('',*,*,#2241,.T.);
#2967=ORIENTED_EDGE('',*,*,#2242,.T.);
#2968=ORIENTED_EDGE('',*,*,#2243,.T.);
#2969=ORIENTED_EDGE('',*,*,#2244,.T.);
#2970=ORIENTED_EDGE('',*,*,#2245,.T.);
#2971=ORIENTED_EDGE('',*,*,#2246,.T.);
#2972=ORIENTED_EDGE('',*,*,#2247,.T.);
#2973=ORIENTED_EDGE('',*,*,#2248,.T.);
#2974=ORIENTED_EDGE('',*,*,#2249,.T.);
#2975=ORIENTED_EDGE('',*,*,#2250,.T.);
#2976=ORIENTED_EDGE('',*,*,#2251,.T.);
#2977=ORIENTED_EDGE('',*,*,#2252,.T.);
#2978=ORIENTED_EDGE('',*,*,#2253,.T.);
#2979=ORIENTED_EDGE('',*,*,#2254,.T.);
#2980=ORIENTED_EDGE('',*,*,#2255,.T.);
#2981=ORIENTED_EDGE('',*,*,#2256,.T.);
#2982=ORIENTED_EDGE('',*,*,#2257,.T.);
#2983=ORIENTED_EDGE('',*,*,#2258,.T.);
#2984=ORIENTED_EDGE('',*,*,#2259,.T.);
#2985=ORIENTED_EDGE('',*,*,#2260,.T.);
#2986=ORIENTED_EDGE('',*,*,#2261,.T.);
#2987=ORIENTED_EDGE('',*,*,#2262,.T.);
#2988=ORIENTED_EDGE('',*,*,#2263,.T.);
#2989=ORIENTED_EDGE('',*,*,#2264,.T.);
#2990=ORIENTED_EDGE('',*,*,#2265,.T.);
#2991=ORIENTED_EDGE('',*,*,#2266,.T.);
#2992=ORIENTED_EDGE('',*,*,#2267,.T.);
#2993=ORIENTED_EDGE('',*,*,#2268,.T.);
#2994=ORIENTED_EDGE('',*,*,#2269,.T.);
#2995=ORIENTED_EDGE('',*,*,#2270,.T.);
#2996=ORIENTED_EDGE('',*,*,#2271,.T.);
#2997=ORIENTED_EDGE('',*,*,#2272,.T.);
#2998=ORIENTED_EDGE('',*,*,#2273,.T.);
#2999=ORIENTED_EDGE('',*,*,#2274,.T.);
#3000=ORIENTED_EDGE('',*,*,#2275,.T.);
#3001=ORIENTED_EDGE('',*,*,#2276,.T.);
#3002=ORIENTED_EDGE('',*,*,#2277,.T.);
#3003=ORIENTED_EDGE('',*,*,#2278,.T.);
#3004=ORIENTED_EDGE('',*,*,#2279,.T.);
#3005=ORIENTED_EDGE('',*,*,#2280,.T.);
#3006=ORIENTED_EDGE('',*,*,#2281,.T.);
#3007=ORIENTED_EDGE('',*,*,#2282,.T.);
#3008=ORIENTED_EDGE('',*,*,#2283,.T.);
#3009=ORIENTED_EDGE('',*,*,#2284,.T.);
#3010=ORIENTED_EDGE('',*,*,#2285,.T.);
#3011=ORIENTED_EDGE('',*,*,#2286,.T.);
#3012=ORIENTED_EDGE('',*,*,#2287,.T.);
#3013=ORIENTED_EDGE('',*,*,#2288,.T.);
#3014=ORIENTED_EDGE('',*,*,#2289,.T.);
#3015=ORIENTED_EDGE('',*,*,#2290,.T.);
#3016=ORIENTED_EDGE('',*,*,#2291,.T.);
#3017=ORIENTED_EDGE('',*,*,#2292,.T.);
#3018=ORIENTED_EDGE('',*,*,#2293,.T.);
#3019=ORIENTED_EDGE('',*,*,#2294,.T.);
#3020=ORIENTED_EDGE('',*,*,#2295,.T.);
#3021=ORIENTED_EDGE('',*,*,#2296,.T.);
#3022=ORIENTED_EDGE('',*,*,#2297,.T.);
#3023=ORIENTED_EDGE('',*,*,#2298,.T.);
#3024=ORIENTED_EDGE('',*,*,#2299,.T.);
#3025=ORIENTED_EDGE('',*,*,#2300,.T.);
#3026=ORIENTED_EDGE('',*,*,#2301,.T.);
#3027=ORIENTED_EDGE('',*,*,#2302,.T.);
#3028=ORIENTED_EDGE('',*,*,#2303,.T.);
#3029=ORIENTED_EDGE('',*,*,#2304,.T.);
#3030=ORIENTED_EDGE('',*,*,#2305,.T.);
#3031=ORIENTED_EDGE('',*,*,#2306,.T.);
#3032=ORIENTED_EDGE('',*,*,#2307,.T.);
#3033=ORIENTED_EDGE('',*,*,#2308,.T.);
#3034=ORIENTED_EDGE('',*,*,#2309,.T.);
#3035=ORIENTED_EDGE('',*,*,#2310,.T.);
#3036=ORIENTED_EDGE('',*,*,#2311,.T.);
#3037=ORIENTED_EDGE('',*,*,#2312,.T.);
#3038=ORIENTED_EDGE('',*,*,#2313,.T.);
#3039=ORIENTED_EDGE('',*,*,#2314,.T.);
#3040=ORIENTED_EDGE('',*,*,#2315,.T.);
#3041=ORIENTED_EDGE('',*,*,#2316,.T.);
#3042=ORIENTED_EDGE('',*,*,#2317,.T.);
#3043=ORIENTED_EDGE('',*,*,#2318,.T.);
#3044=ORIENTED_EDGE('',*,*,#2319,.T.);
#3045=ORIENTED_EDGE('',*,*,#2320,.T.);
#3046=ORIENTED_EDGE('',*,*,#2321,.T.);
#3047=ORIENTED_EDGE('',*,*,#2322,.T.);
#3048=ORIENTED_EDGE('',*,*,#2323,.T.);
#3049=ORIENTED_EDGE('',*,*,#2324,.T.);
#3050=ORIENTED_EDGE('',*,*,#2325,.T.);
#3051=ORIENTED_EDGE('',*,*,#2326,.T.);
#3052=ORIENTED_EDGE('',*,*,#2327,.T.);
#3053=ORIENTED_EDGE('',*,*,#2328,.T.);
#3054=ORIENTED_EDGE('',*,*,#2329,.T.);
#3055=ORIENTED_EDGE('',*,*,#2330,.T.);
#3056=ORIENTED_EDGE('',*,*,#2331,.T.);
#3057=ORIENTED_EDGE('',*,*,#2332,.T.);
#3058=ORIENTED_EDGE('',*,*,#2333,.T.);
#3059=ORIENTED_EDGE('',*,*,#2334,.T.);
#3060=ORIENTED_EDGE('',*,*,#2335,.T.);
#3061=ORIENTED_EDGE('',*,*,#2336,.T.);
#3062=ORIENTED_EDGE('',*,*,#2337,.T.);
#3063=ORIENTED_EDGE('',*,*,#2338,.T.);
#3064=ORIENTED_EDGE('',*,*,#2339,.T.);
#3065=ORIENTED_EDGE('',*,*,#2340,.T.);
#3066=ORIENTED_EDGE('',*,*,#2341,.T.);
#3067=ORIENTED_EDGE('',*,*,#2342,.T.);
#3068=ORIENTED_EDGE('',*,*,#2343,.T.);
#3069=ORIENTED_EDGE('',*,*,#2344,.T.);
#3070=ORIENTED_EDGE('',*,*,#2345,.T.);
#3071=ORIENTED_EDGE('',*,*,#2346,.T.);
#3072=ORIENTED_EDGE('',*,*,#2347,.T.);
#3073=ORIENTED_EDGE('',*,*,#2348,.T.);
#3074=ORIENTED_EDGE('',*,*,#2349,.T.);
#3075=CYLINDRICAL_SURFACE('',#3411,1.5);
#3076=CYLINDRICAL_SURFACE('',#3415,1.5);
#3077=CYLINDRICAL_SURFACE('',#3419,1.5);
#3078=CYLINDRICAL_SURFACE('',#3423,1.5);
#3079=CYLINDRICAL_SURFACE('',#3427,1.);
#3080=CYLINDRICAL_SURFACE('',#3584,1.);
#3081=CYLINDRICAL_SURFACE('',#3587,1.);
#3082=CYLINDRICAL_SURFACE('',#3590,1.);
#3083=CYLINDRICAL_SURFACE('',#3593,1.);
#3084=CYLINDRICAL_SURFACE('',#3596,1.);
#3085=CYLINDRICAL_SURFACE('',#3599,1.);
#3086=CYLINDRICAL_SURFACE('',#3602,1.);
#3087=CYLINDRICAL_SURFACE('',#3604,0.5);
#3088=CYLINDRICAL_SURFACE('',#3606,0.5);
#3089=CYLINDRICAL_SURFACE('',#3608,0.5);
#3090=CYLINDRICAL_SURFACE('',#3610,0.5);
#3091=CYLINDRICAL_SURFACE('',#3612,0.5);
#3092=CYLINDRICAL_SURFACE('',#3614,0.5);
#3093=CYLINDRICAL_SURFACE('',#3616,0.5);
#3094=CYLINDRICAL_SURFACE('',#3618,0.5);
#3095=CYLINDRICAL_SURFACE('',#3620,0.5);
#3096=CYLINDRICAL_SURFACE('',#3622,0.5);
#3097=CYLINDRICAL_SURFACE('',#3624,0.5);
#3098=CYLINDRICAL_SURFACE('',#3626,0.5);
#3099=CYLINDRICAL_SURFACE('',#3628,0.5);
#3100=CYLINDRICAL_SURFACE('',#3630,0.5);
#3101=CYLINDRICAL_SURFACE('',#3632,0.5);
#3102=CYLINDRICAL_SURFACE('',#3634,0.5);
#3103=CYLINDRICAL_SURFACE('',#3636,0.5);
#3104=CYLINDRICAL_SURFACE('',#3638,0.5);
#3105=CYLINDRICAL_SURFACE('',#3640,0.5);
#3106=CYLINDRICAL_SURFACE('',#3642,0.5);
#3107=CYLINDRICAL_SURFACE('',#3644,0.5);
#3108=CYLINDRICAL_SURFACE('',#3646,0.5);
#3109=CYLINDRICAL_SURFACE('',#3648,0.5);
#3110=CYLINDRICAL_SURFACE('',#3650,0.5);
#3111=CYLINDRICAL_SURFACE('',#3652,0.5);
#3112=CYLINDRICAL_SURFACE('',#3654,0.5);
#3113=CYLINDRICAL_SURFACE('',#3656,0.5);
#3114=CYLINDRICAL_SURFACE('',#3658,0.5);
#3115=CYLINDRICAL_SURFACE('',#3660,0.5);
#3116=CYLINDRICAL_SURFACE('',#3662,0.5);
#3117=CYLINDRICAL_SURFACE('',#3664,0.5);
#3118=CYLINDRICAL_SURFACE('',#3666,0.5);
#3119=CYLINDRICAL_SURFACE('',#3668,0.5);
#3120=CYLINDRICAL_SURFACE('',#3670,0.5);
#3121=CYLINDRICAL_SURFACE('',#3672,0.5);
#3122=CYLINDRICAL_SURFACE('',#3674,0.5);
#3123=CYLINDRICAL_SURFACE('',#3676,0.5);
#3124=CYLINDRICAL_SURFACE('',#3678,0.5);
#3125=CYLINDRICAL_SURFACE('',#3680,0.5);
#3126=CYLINDRICAL_SURFACE('',#3682,0.5);
#3127=CYLINDRICAL_SURFACE('',#3684,0.5);
#3128=CYLINDRICAL_SURFACE('',#3686,0.5);
#3129=CYLINDRICAL_SURFACE('',#3688,0.5);
#3130=CYLINDRICAL_SURFACE('',#3690,0.5);
#3131=CYLINDRICAL_SURFACE('',#3692,0.5);
#3132=CYLINDRICAL_SURFACE('',#3694,0.5);
#3133=CYLINDRICAL_SURFACE('',#3696,0.5);
#3134=CYLINDRICAL_SURFACE('',#3698,0.5);
#3135=CYLINDRICAL_SURFACE('',#3700,0.5);
#3136=CYLINDRICAL_SURFACE('',#3702,0.5);
#3137=CYLINDRICAL_SURFACE('',#3704,0.5);
#3138=CYLINDRICAL_SURFACE('',#3706,0.5);
#3139=CYLINDRICAL_SURFACE('',#3708,0.5);
#3140=CYLINDRICAL_SURFACE('',#3710,0.5);
#3141=CYLINDRICAL_SURFACE('',#3712,0.5);
#3142=CYLINDRICAL_SURFACE('',#3714,0.5);
#3143=CYLINDRICAL_SURFACE('',#3716,0.5);
#3144=CYLINDRICAL_SURFACE('',#3718,0.5);
#3145=CYLINDRICAL_SURFACE('',#3720,0.5);
#3146=CYLINDRICAL_SURFACE('',#3722,0.5);
#3147=CYLINDRICAL_SURFACE('',#3724,0.5);
#3148=CYLINDRICAL_SURFACE('',#3726,0.5);
#3149=CYLINDRICAL_SURFACE('',#3728,0.5);
#3150=CYLINDRICAL_SURFACE('',#3730,0.5);
#3151=CYLINDRICAL_SURFACE('',#3732,0.5);
#3152=CYLINDRICAL_SURFACE('',#3734,0.5);
#3153=CYLINDRICAL_SURFACE('',#3736,0.5);
#3154=CYLINDRICAL_SURFACE('',#3738,0.5);
#3155=CYLINDRICAL_SURFACE('',#3740,0.5);
#3156=CYLINDRICAL_SURFACE('',#3742,0.5);
#3157=CYLINDRICAL_SURFACE('',#3744,0.5);
#3158=CYLINDRICAL_SURFACE('',#3746,0.5);
#3159=CYLINDRICAL_SURFACE('',#3748,0.5);
#3160=CYLINDRICAL_SURFACE('',#3750,0.5);
#3161=CYLINDRICAL_SURFACE('',#3752,0.5);
#3162=CYLINDRICAL_SURFACE('',#3754,0.5);
#3163=CYLINDRICAL_SURFACE('',#3756,0.5);
#3164=CYLINDRICAL_SURFACE('',#3758,0.5);
#3165=CYLINDRICAL_SURFACE('',#3760,0.5);
#3166=CYLINDRICAL_SURFACE('',#3762,0.5);
#3167=CYLINDRICAL_SURFACE('',#3764,0.5);
#3168=CYLINDRICAL_SURFACE('',#3766,0.5);
#3169=CYLINDRICAL_SURFACE('',#3768,0.5);
#3170=CYLINDRICAL_SURFACE('',#3770,0.5);
#3171=CYLINDRICAL_SURFACE('',#3772,0.5);
#3172=CYLINDRICAL_SURFACE('',#3774,0.5);
#3173=CYLINDRICAL_SURFACE('',#3776,0.5);
#3174=CYLINDRICAL_SURFACE('',#3778,0.5);
#3175=CYLINDRICAL_SURFACE('',#3780,0.5);
#3176=CYLINDRICAL_SURFACE('',#3782,0.5);
#3177=CYLINDRICAL_SURFACE('',#3784,0.5);
#3178=CYLINDRICAL_SURFACE('',#3786,0.5);
#3179=CYLINDRICAL_SURFACE('',#3788,0.5);
#3180=CYLINDRICAL_SURFACE('',#3790,0.5);
#3181=CYLINDRICAL_SURFACE('',#3792,0.5);
#3182=CYLINDRICAL_SURFACE('',#3794,0.5);
#3183=CYLINDRICAL_SURFACE('',#3796,0.5);
#3184=CYLINDRICAL_SURFACE('',#3798,0.5);
#3185=CYLINDRICAL_SURFACE('',#3800,0.5);
#3186=CYLINDRICAL_SURFACE('',#3802,0.5);
#3187=CYLINDRICAL_SURFACE('',#3804,0.5);
#3188=CYLINDRICAL_SURFACE('',#3806,0.5);
#3189=CYLINDRICAL_SURFACE('',#3808,0.5);
#3190=CYLINDRICAL_SURFACE('',#3810,0.5);
#3191=CYLINDRICAL_SURFACE('',#3812,0.5);
#3192=CYLINDRICAL_SURFACE('',#3814,0.5);
#3193=CYLINDRICAL_SURFACE('',#3816,0.5);
#3194=CYLINDRICAL_SURFACE('',#3818,0.5);
#3195=CYLINDRICAL_SURFACE('',#3820,0.5);
#3196=CYLINDRICAL_SURFACE('',#3822,0.5);
#3197=CYLINDRICAL_SURFACE('',#3824,0.5);
#3198=CYLINDRICAL_SURFACE('',#3826,0.5);
#3199=CYLINDRICAL_SURFACE('',#3828,0.5);
#3200=CYLINDRICAL_SURFACE('',#3830,0.5);
#3201=CYLINDRICAL_SURFACE('',#3832,0.5);
#3202=CYLINDRICAL_SURFACE('',#3834,0.5);
#3203=CYLINDRICAL_SURFACE('',#3836,0.5);
#3204=CYLINDRICAL_SURFACE('',#3838,0.5);
#3205=CYLINDRICAL_SURFACE('',#3840,0.5);
#3206=CYLINDRICAL_SURFACE('',#3842,0.5);
#3207=CYLINDRICAL_SURFACE('',#3844,0.5);
#3208=CYLINDRICAL_SURFACE('',#3846,0.5);
#3209=CYLINDRICAL_SURFACE('',#3848,0.5);
#3210=CYLINDRICAL_SURFACE('',#3850,0.5);
#3211=CYLINDRICAL_SURFACE('',#3852,0.5);
#3212=CYLINDRICAL_SURFACE('',#3854,0.5);
#3213=CYLINDRICAL_SURFACE('',#3856,0.5);
#3214=CYLINDRICAL_SURFACE('',#3858,0.5);
#3215=CYLINDRICAL_SURFACE('',#3860,0.5);
#3216=CYLINDRICAL_SURFACE('',#3862,0.5);
#3217=CYLINDRICAL_SURFACE('',#3864,0.5);
#3218=CYLINDRICAL_SURFACE('',#3866,0.5);
#3219=CYLINDRICAL_SURFACE('',#3868,0.5);
#3220=CYLINDRICAL_SURFACE('',#3870,0.5);
#3221=CYLINDRICAL_SURFACE('',#3872,0.5);
#3222=CYLINDRICAL_SURFACE('',#3874,0.45);
#3223=CYLINDRICAL_SURFACE('',#3876,0.45);
#3224=CYLINDRICAL_SURFACE('',#3878,0.5);
#3225=CYLINDRICAL_SURFACE('',#3880,0.5);
#3226=CYLINDRICAL_SURFACE('',#3882,0.85);
#3227=CYLINDRICAL_SURFACE('',#3884,0.85);
#3228=CYLINDRICAL_SURFACE('',#3886,0.85);
#3229=CYLINDRICAL_SURFACE('',#3888,0.85);
#3230=CYLINDRICAL_SURFACE('',#3890,0.85);
#3231=CYLINDRICAL_SURFACE('',#3892,0.85);
#3232=ADVANCED_FACE('',(#464),#3075,.F.);
#3233=ADVANCED_FACE('',(#465),#450,.T.);
#3234=ADVANCED_FACE('',(#466),#3076,.F.);
#3235=ADVANCED_FACE('',(#467),#451,.T.);
#3236=ADVANCED_FACE('',(#468),#3077,.F.);
#3237=ADVANCED_FACE('',(#469),#452,.T.);
#3238=ADVANCED_FACE('',(#470),#3078,.F.);
#3239=ADVANCED_FACE('',(#471),#453,.T.);
#3240=ADVANCED_FACE('',(#472),#3079,.T.);
#3241=ADVANCED_FACE('',(#473),#454,.T.);
#3242=ADVANCED_FACE('',(#474,#15,#16,#17,#18,#19,#20,#21,#22,#23,#24,#25,
#26,#27,#28,#29,#30,#31,#32,#33,#34,#35,#36,#37,#38,#39,#40,#41,#42,#43,
#44,#45,#46,#47,#48,#49,#50,#51,#52,#53,#54,#55,#56,#57,#58,#59,#60,#61,
#62,#63,#64,#65,#66,#67,#68,#69,#70,#71,#72,#73,#74,#75,#76,#77,#78,#79,
#80,#81,#82,#83,#84,#85,#86,#87,#88,#89,#90,#91,#92,#93,#94,#95,#96,#97,
#98,#99,#100,#101,#102,#103,#104,#105,#106,#107,#108,#109,#110,#111,#112,
#113,#114,#115,#116,#117,#118,#119,#120,#121,#122,#123,#124,#125,#126,#127,
#128,#129,#130,#131,#132,#133,#134,#135,#136,#137,#138,#139,#140,#141,#142,
#143,#144,#145,#146,#147,#148,#149,#150,#151,#152,#153,#154,#155,#156,#157,
#158,#159),#455,.T.);
#3243=ADVANCED_FACE('',(#475),#3080,.T.);
#3244=ADVANCED_FACE('',(#476),#456,.T.);
#3245=ADVANCED_FACE('',(#477),#3081,.T.);
#3246=ADVANCED_FACE('',(#478),#457,.T.);
#3247=ADVANCED_FACE('',(#479),#3082,.T.);
#3248=ADVANCED_FACE('',(#480),#458,.T.);
#3249=ADVANCED_FACE('',(#481),#3083,.T.);
#3250=ADVANCED_FACE('',(#482),#459,.T.);
#3251=ADVANCED_FACE('',(#483),#3084,.T.);
#3252=ADVANCED_FACE('',(#484),#460,.T.);
#3253=ADVANCED_FACE('',(#485),#3085,.T.);
#3254=ADVANCED_FACE('',(#486),#461,.T.);
#3255=ADVANCED_FACE('',(#487),#3086,.T.);
#3256=ADVANCED_FACE('',(#488,#160),#3087,.F.);
#3257=ADVANCED_FACE('',(#489,#161),#3088,.F.);
#3258=ADVANCED_FACE('',(#490,#162),#3089,.F.);
#3259=ADVANCED_FACE('',(#491,#163),#3090,.F.);
#3260=ADVANCED_FACE('',(#492,#164),#3091,.F.);
#3261=ADVANCED_FACE('',(#493,#165),#3092,.F.);
#3262=ADVANCED_FACE('',(#494,#166),#3093,.F.);
#3263=ADVANCED_FACE('',(#495,#167),#3094,.F.);
#3264=ADVANCED_FACE('',(#496,#168),#3095,.F.);
#3265=ADVANCED_FACE('',(#497,#169),#3096,.F.);
#3266=ADVANCED_FACE('',(#498,#170),#3097,.F.);
#3267=ADVANCED_FACE('',(#499,#171),#3098,.F.);
#3268=ADVANCED_FACE('',(#500,#172),#3099,.F.);
#3269=ADVANCED_FACE('',(#501,#173),#3100,.F.);
#3270=ADVANCED_FACE('',(#502,#174),#3101,.F.);
#3271=ADVANCED_FACE('',(#503,#175),#3102,.F.);
#3272=ADVANCED_FACE('',(#504,#176),#3103,.F.);
#3273=ADVANCED_FACE('',(#505,#177),#3104,.F.);
#3274=ADVANCED_FACE('',(#506,#178),#3105,.F.);
#3275=ADVANCED_FACE('',(#507,#179),#3106,.F.);
#3276=ADVANCED_FACE('',(#508,#180),#3107,.F.);
#3277=ADVANCED_FACE('',(#509,#181),#3108,.F.);
#3278=ADVANCED_FACE('',(#510,#182),#3109,.F.);
#3279=ADVANCED_FACE('',(#511,#183),#3110,.F.);
#3280=ADVANCED_FACE('',(#512,#184),#3111,.F.);
#3281=ADVANCED_FACE('',(#513,#185),#3112,.F.);
#3282=ADVANCED_FACE('',(#514,#186),#3113,.F.);
#3283=ADVANCED_FACE('',(#515,#187),#3114,.F.);
#3284=ADVANCED_FACE('',(#516,#188),#3115,.F.);
#3285=ADVANCED_FACE('',(#517,#189),#3116,.F.);
#3286=ADVANCED_FACE('',(#518,#190),#3117,.F.);
#3287=ADVANCED_FACE('',(#519,#191),#3118,.F.);
#3288=ADVANCED_FACE('',(#520,#192),#3119,.F.);
#3289=ADVANCED_FACE('',(#521,#193),#3120,.F.);
#3290=ADVANCED_FACE('',(#522,#194),#3121,.F.);
#3291=ADVANCED_FACE('',(#523,#195),#3122,.F.);
#3292=ADVANCED_FACE('',(#524,#196),#3123,.F.);
#3293=ADVANCED_FACE('',(#525,#197),#3124,.F.);
#3294=ADVANCED_FACE('',(#526,#198),#3125,.F.);
#3295=ADVANCED_FACE('',(#527,#199),#3126,.F.);
#3296=ADVANCED_FACE('',(#528,#200),#3127,.F.);
#3297=ADVANCED_FACE('',(#529,#201),#3128,.F.);
#3298=ADVANCED_FACE('',(#530,#202),#3129,.F.);
#3299=ADVANCED_FACE('',(#531,#203),#3130,.F.);
#3300=ADVANCED_FACE('',(#532,#204),#3131,.F.);
#3301=ADVANCED_FACE('',(#533,#205),#3132,.F.);
#3302=ADVANCED_FACE('',(#534,#206),#3133,.F.);
#3303=ADVANCED_FACE('',(#535,#207),#3134,.F.);
#3304=ADVANCED_FACE('',(#536,#208),#3135,.F.);
#3305=ADVANCED_FACE('',(#537,#209),#3136,.F.);
#3306=ADVANCED_FACE('',(#538,#210),#3137,.F.);
#3307=ADVANCED_FACE('',(#539,#211),#3138,.F.);
#3308=ADVANCED_FACE('',(#540,#212),#3139,.F.);
#3309=ADVANCED_FACE('',(#541,#213),#3140,.F.);
#3310=ADVANCED_FACE('',(#542,#214),#3141,.F.);
#3311=ADVANCED_FACE('',(#543,#215),#3142,.F.);
#3312=ADVANCED_FACE('',(#544,#216),#3143,.F.);
#3313=ADVANCED_FACE('',(#545,#217),#3144,.F.);
#3314=ADVANCED_FACE('',(#546,#218),#3145,.F.);
#3315=ADVANCED_FACE('',(#547,#219),#3146,.F.);
#3316=ADVANCED_FACE('',(#548,#220),#3147,.F.);
#3317=ADVANCED_FACE('',(#549,#221),#3148,.F.);
#3318=ADVANCED_FACE('',(#550,#222),#3149,.F.);
#3319=ADVANCED_FACE('',(#551,#223),#3150,.F.);
#3320=ADVANCED_FACE('',(#552,#224),#3151,.F.);
#3321=ADVANCED_FACE('',(#553,#225),#3152,.F.);
#3322=ADVANCED_FACE('',(#554,#226),#3153,.F.);
#3323=ADVANCED_FACE('',(#555,#227),#3154,.F.);
#3324=ADVANCED_FACE('',(#556,#228),#3155,.F.);
#3325=ADVANCED_FACE('',(#557,#229),#3156,.F.);
#3326=ADVANCED_FACE('',(#558,#230),#3157,.F.);
#3327=ADVANCED_FACE('',(#559,#231),#3158,.F.);
#3328=ADVANCED_FACE('',(#560,#232),#3159,.F.);
#3329=ADVANCED_FACE('',(#561,#233),#3160,.F.);
#3330=ADVANCED_FACE('',(#562,#234),#3161,.F.);
#3331=ADVANCED_FACE('',(#563,#235),#3162,.F.);
#3332=ADVANCED_FACE('',(#564,#236),#3163,.F.);
#3333=ADVANCED_FACE('',(#565,#237),#3164,.F.);
#3334=ADVANCED_FACE('',(#566,#238),#3165,.F.);
#3335=ADVANCED_FACE('',(#567,#239),#3166,.F.);
#3336=ADVANCED_FACE('',(#568,#240),#3167,.F.);
#3337=ADVANCED_FACE('',(#569,#241),#3168,.F.);
#3338=ADVANCED_FACE('',(#570,#242),#3169,.F.);
#3339=ADVANCED_FACE('',(#571,#243),#3170,.F.);
#3340=ADVANCED_FACE('',(#572,#244),#3171,.F.);
#3341=ADVANCED_FACE('',(#573,#245),#3172,.F.);
#3342=ADVANCED_FACE('',(#574,#246),#3173,.F.);
#3343=ADVANCED_FACE('',(#575,#247),#3174,.F.);
#3344=ADVANCED_FACE('',(#576,#248),#3175,.F.);
#3345=ADVANCED_FACE('',(#577,#249),#3176,.F.);
#3346=ADVANCED_FACE('',(#578,#250),#3177,.F.);
#3347=ADVANCED_FACE('',(#579,#251),#3178,.F.);
#3348=ADVANCED_FACE('',(#580,#252),#3179,.F.);
#3349=ADVANCED_FACE('',(#581,#253),#3180,.F.);
#3350=ADVANCED_FACE('',(#582,#254),#3181,.F.);
#3351=ADVANCED_FACE('',(#583,#255),#3182,.F.);
#3352=ADVANCED_FACE('',(#584,#256),#3183,.F.);
#3353=ADVANCED_FACE('',(#585,#257),#3184,.F.);
#3354=ADVANCED_FACE('',(#586,#258),#3185,.F.);
#3355=ADVANCED_FACE('',(#587,#259),#3186,.F.);
#3356=ADVANCED_FACE('',(#588,#260),#3187,.F.);
#3357=ADVANCED_FACE('',(#589,#261),#3188,.F.);
#3358=ADVANCED_FACE('',(#590,#262),#3189,.F.);
#3359=ADVANCED_FACE('',(#591,#263),#3190,.F.);
#3360=ADVANCED_FACE('',(#592,#264),#3191,.F.);
#3361=ADVANCED_FACE('',(#593,#265),#3192,.F.);
#3362=ADVANCED_FACE('',(#594,#266),#3193,.F.);
#3363=ADVANCED_FACE('',(#595,#267),#3194,.F.);
#3364=ADVANCED_FACE('',(#596,#268),#3195,.F.);
#3365=ADVANCED_FACE('',(#597,#269),#3196,.F.);
#3366=ADVANCED_FACE('',(#598,#270),#3197,.F.);
#3367=ADVANCED_FACE('',(#599,#271),#3198,.F.);
#3368=ADVANCED_FACE('',(#600,#272),#3199,.F.);
#3369=ADVANCED_FACE('',(#601,#273),#3200,.F.);
#3370=ADVANCED_FACE('',(#602,#274),#3201,.F.);
#3371=ADVANCED_FACE('',(#603,#275),#3202,.F.);
#3372=ADVANCED_FACE('',(#604,#276),#3203,.F.);
#3373=ADVANCED_FACE('',(#605,#277),#3204,.F.);
#3374=ADVANCED_FACE('',(#606,#278),#3205,.F.);
#3375=ADVANCED_FACE('',(#607,#279),#3206,.F.);
#3376=ADVANCED_FACE('',(#608,#280),#3207,.F.);
#3377=ADVANCED_FACE('',(#609,#281),#3208,.F.);
#3378=ADVANCED_FACE('',(#610,#282),#3209,.F.);
#3379=ADVANCED_FACE('',(#611,#283),#3210,.F.);
#3380=ADVANCED_FACE('',(#612,#284),#3211,.F.);
#3381=ADVANCED_FACE('',(#613,#285),#3212,.F.);
#3382=ADVANCED_FACE('',(#614,#286),#3213,.F.);
#3383=ADVANCED_FACE('',(#615,#287),#3214,.F.);
#3384=ADVANCED_FACE('',(#616,#288),#3215,.F.);
#3385=ADVANCED_FACE('',(#617,#289),#3216,.F.);
#3386=ADVANCED_FACE('',(#618,#290),#3217,.F.);
#3387=ADVANCED_FACE('',(#619,#291),#3218,.F.);
#3388=ADVANCED_FACE('',(#620,#292),#3219,.F.);
#3389=ADVANCED_FACE('',(#621,#293),#3220,.F.);
#3390=ADVANCED_FACE('',(#622,#294),#3221,.F.);
#3391=ADVANCED_FACE('',(#623,#295),#3222,.F.);
#3392=ADVANCED_FACE('',(#624,#296),#3223,.F.);
#3393=ADVANCED_FACE('',(#625,#297),#3224,.F.);
#3394=ADVANCED_FACE('',(#626,#298),#3225,.F.);
#3395=ADVANCED_FACE('',(#627,#299),#3226,.F.);
#3396=ADVANCED_FACE('',(#628,#300),#3227,.F.);
#3397=ADVANCED_FACE('',(#629,#301),#3228,.F.);
#3398=ADVANCED_FACE('',(#630,#302),#3229,.F.);
#3399=ADVANCED_FACE('',(#631,#303),#3230,.F.);
#3400=ADVANCED_FACE('',(#632,#304),#3231,.F.);
#3401=ADVANCED_FACE('',(#633),#462,.T.);
#3402=ADVANCED_FACE('',(#634,#305,#306,#307,#308,#309,#310,#311,#312,#313,
#314,#315,#316,#317,#318,#319,#320,#321,#322,#323,#324,#325,#326,#327,#328,
#329,#330,#331,#332,#333,#334,#335,#336,#337,#338,#339,#340,#341,#342,#343,
#344,#345,#346,#347,#348,#349,#350,#351,#352,#353,#354,#355,#356,#357,#358,
#359,#360,#361,#362,#363,#364,#365,#366,#367,#368,#369,#370,#371,#372,#373,
#374,#375,#376,#377,#378,#379,#380,#381,#382,#383,#384,#385,#386,#387,#388,
#389,#390,#391,#392,#393,#394,#395,#396,#397,#398,#399,#400,#401,#402,#403,
#404,#405,#406,#407,#408,#409,#410,#411,#412,#413,#414,#415,#416,#417,#418,
#419,#420,#421,#422,#423,#424,#425,#426,#427,#428,#429,#430,#431,#432,#433,
#434,#435,#436,#437,#438,#439,#440,#441,#442,#443,#444,#445,#446,#447,#448,
#449),#463,.T.);
#3403=CLOSED_SHELL('',(#3232,#3233,#3234,#3235,#3236,#3237,#3238,#3239,
#3240,#3241,#3242,#3243,#3244,#3245,#3246,#3247,#3248,#3249,#3250,#3251,
#3252,#3253,#3254,#3255,#3256,#3257,#3258,#3259,#3260,#3261,#3262,#3263,
#3264,#3265,#3266,#3267,#3268,#3269,#3270,#3271,#3272,#3273,#3274,#3275,
#3276,#3277,#3278,#3279,#3280,#3281,#3282,#3283,#3284,#3285,#3286,#3287,
#3288,#3289,#3290,#3291,#3292,#3293,#3294,#3295,#3296,#3297,#3298,#3299,
#3300,#3301,#3302,#3303,#3304,#3305,#3306,#3307,#3308,#3309,#3310,#3311,
#3312,#3313,#3314,#3315,#3316,#3317,#3318,#3319,#3320,#3321,#3322,#3323,
#3324,#3325,#3326,#3327,#3328,#3329,#3330,#3331,#3332,#3333,#3334,#3335,
#3336,#3337,#3338,#3339,#3340,#3341,#3342,#3343,#3344,#3345,#3346,#3347,
#3348,#3349,#3350,#3351,#3352,#3353,#3354,#3355,#3356,#3357,#3358,#3359,
#3360,#3361,#3362,#3363,#3364,#3365,#3366,#3367,#3368,#3369,#3370,#3371,
#3372,#3373,#3374,#3375,#3376,#3377,#3378,#3379,#3380,#3381,#3382,#3383,
#3384,#3385,#3386,#3387,#3388,#3389,#3390,#3391,#3392,#3393,#3394,#3395,
#3396,#3397,#3398,#3399,#3400,#3401,#3402));
#3404=DATE_TIME_ROLE('creation_date');
#3405=APPLIED_DATE_AND_TIME_ASSIGNMENT(#3406,#3404,(#5802));
#3406=DATE_AND_TIME(#3407,#3408);
#3407=CALENDAR_DATE(2021,26,7);
#3408=LOCAL_TIME(15,0,0.,#3409);
#3409=COORDINATED_UNIVERSAL_TIME_OFFSET(0,0,.BEHIND.);
#3410=AXIS2_PLACEMENT_3D('placement',#4916,#3896,#3897);
#3411=AXIS2_PLACEMENT_3D('',#4917,#3898,#3899);
#3412=AXIS2_PLACEMENT_3D('',#4920,#3900,#3901);
#3413=AXIS2_PLACEMENT_3D('',#4924,#3903,#3904);
#3414=AXIS2_PLACEMENT_3D('',#4926,#3906,#3907);
#3415=AXIS2_PLACEMENT_3D('',#4932,#3911,#3912);
#3416=AXIS2_PLACEMENT_3D('',#4935,#3913,#3914);
#3417=AXIS2_PLACEMENT_3D('',#4939,#3916,#3917);
#3418=AXIS2_PLACEMENT_3D('',#4941,#3919,#3920);
#3419=AXIS2_PLACEMENT_3D('',#4947,#3924,#3925);
#3420=AXIS2_PLACEMENT_3D('',#4950,#3926,#3927);
#3421=AXIS2_PLACEMENT_3D('',#4954,#3929,#3930);
#3422=AXIS2_PLACEMENT_3D('',#4956,#3932,#3933);
#3423=AXIS2_PLACEMENT_3D('',#4962,#3937,#3938);
#3424=AXIS2_PLACEMENT_3D('',#4965,#3939,#3940);
#3425=AXIS2_PLACEMENT_3D('',#4969,#3942,#3943);
#3426=AXIS2_PLACEMENT_3D('',#4971,#3945,#3946);
#3427=AXIS2_PLACEMENT_3D('',#4977,#3950,#3951);
#3428=AXIS2_PLACEMENT_3D('',#4980,#3952,#3953);
#3429=AXIS2_PLACEMENT_3D('',#4984,#3955,#3956);
#3430=AXIS2_PLACEMENT_3D('',#4986,#3958,#3959);
#3431=AXIS2_PLACEMENT_3D('',#4989,#3962,#3963);
#3432=AXIS2_PLACEMENT_3D('',#4992,#3965,#3966);
#3433=AXIS2_PLACEMENT_3D('',#4996,#3968,#3969);
#3434=AXIS2_PLACEMENT_3D('',#4999,#3971,#3972);
#3435=AXIS2_PLACEMENT_3D('',#5003,#3974,#3975);
#3436=AXIS2_PLACEMENT_3D('',#5006,#3977,#3978);
#3437=AXIS2_PLACEMENT_3D('',#5010,#3980,#3981);
#3438=AXIS2_PLACEMENT_3D('',#5013,#3983,#3984);
#3439=AXIS2_PLACEMENT_3D('',#5015,#3985,#3986);
#3440=AXIS2_PLACEMENT_3D('',#5017,#3987,#3988);
#3441=AXIS2_PLACEMENT_3D('',#5019,#3989,#3990);
#3442=AXIS2_PLACEMENT_3D('',#5021,#3991,#3992);
#3443=AXIS2_PLACEMENT_3D('',#5023,#3993,#3994);
#3444=AXIS2_PLACEMENT_3D('',#5025,#3995,#3996);
#3445=AXIS2_PLACEMENT_3D('',#5027,#3997,#3998);
#3446=AXIS2_PLACEMENT_3D('',#5029,#3999,#4000);
#3447=AXIS2_PLACEMENT_3D('',#5031,#4001,#4002);
#3448=AXIS2_PLACEMENT_3D('',#5033,#4003,#4004);
#3449=AXIS2_PLACEMENT_3D('',#5035,#4005,#4006);
#3450=AXIS2_PLACEMENT_3D('',#5037,#4007,#4008);
#3451=AXIS2_PLACEMENT_3D('',#5039,#4009,#4010);
#3452=AXIS2_PLACEMENT_3D('',#5041,#4011,#4012);
#3453=AXIS2_PLACEMENT_3D('',#5043,#4013,#4014);
#3454=AXIS2_PLACEMENT_3D('',#5045,#4015,#4016);
#3455=AXIS2_PLACEMENT_3D('',#5047,#4017,#4018);
#3456=AXIS2_PLACEMENT_3D('',#5049,#4019,#4020);
#3457=AXIS2_PLACEMENT_3D('',#5051,#4021,#4022);
#3458=AXIS2_PLACEMENT_3D('',#5053,#4023,#4024);
#3459=AXIS2_PLACEMENT_3D('',#5055,#4025,#4026);
#3460=AXIS2_PLACEMENT_3D('',#5057,#4027,#4028);
#3461=AXIS2_PLACEMENT_3D('',#5059,#4029,#4030);
#3462=AXIS2_PLACEMENT_3D('',#5061,#4031,#4032);
#3463=AXIS2_PLACEMENT_3D('',#5063,#4033,#4034);
#3464=AXIS2_PLACEMENT_3D('',#5065,#4035,#4036);
#3465=AXIS2_PLACEMENT_3D('',#5067,#4037,#4038);
#3466=AXIS2_PLACEMENT_3D('',#5069,#4039,#4040);
#3467=AXIS2_PLACEMENT_3D('',#5071,#4041,#4042);
#3468=AXIS2_PLACEMENT_3D('',#5073,#4043,#4044);
#3469=AXIS2_PLACEMENT_3D('',#5075,#4045,#4046);
#3470=AXIS2_PLACEMENT_3D('',#5077,#4047,#4048);
#3471=AXIS2_PLACEMENT_3D('',#5079,#4049,#4050);
#3472=AXIS2_PLACEMENT_3D('',#5081,#4051,#4052);
#3473=AXIS2_PLACEMENT_3D('',#5083,#4053,#4054);
#3474=AXIS2_PLACEMENT_3D('',#5085,#4055,#4056);
#3475=AXIS2_PLACEMENT_3D('',#5087,#4057,#4058);
#3476=AXIS2_PLACEMENT_3D('',#5089,#4059,#4060);
#3477=AXIS2_PLACEMENT_3D('',#5091,#4061,#4062);
#3478=AXIS2_PLACEMENT_3D('',#5093,#4063,#4064);
#3479=AXIS2_PLACEMENT_3D('',#5095,#4065,#4066);
#3480=AXIS2_PLACEMENT_3D('',#5097,#4067,#4068);
#3481=AXIS2_PLACEMENT_3D('',#5099,#4069,#4070);
#3482=AXIS2_PLACEMENT_3D('',#5101,#4071,#4072);
#3483=AXIS2_PLACEMENT_3D('',#5103,#4073,#4074);
#3484=AXIS2_PLACEMENT_3D('',#5105,#4075,#4076);
#3485=AXIS2_PLACEMENT_3D('',#5107,#4077,#4078);
#3486=AXIS2_PLACEMENT_3D('',#5109,#4079,#4080);
#3487=AXIS2_PLACEMENT_3D('',#5111,#4081,#4082);
#3488=AXIS2_PLACEMENT_3D('',#5113,#4083,#4084);
#3489=AXIS2_PLACEMENT_3D('',#5115,#4085,#4086);
#3490=AXIS2_PLACEMENT_3D('',#5117,#4087,#4088);
#3491=AXIS2_PLACEMENT_3D('',#5119,#4089,#4090);
#3492=AXIS2_PLACEMENT_3D('',#5121,#4091,#4092);
#3493=AXIS2_PLACEMENT_3D('',#5123,#4093,#4094);
#3494=AXIS2_PLACEMENT_3D('',#5125,#4095,#4096);
#3495=AXIS2_PLACEMENT_3D('',#5127,#4097,#4098);
#3496=AXIS2_PLACEMENT_3D('',#5129,#4099,#4100);
#3497=AXIS2_PLACEMENT_3D('',#5131,#4101,#4102);
#3498=AXIS2_PLACEMENT_3D('',#5133,#4103,#4104);
#3499=AXIS2_PLACEMENT_3D('',#5135,#4105,#4106);
#3500=AXIS2_PLACEMENT_3D('',#5137,#4107,#4108);
#3501=AXIS2_PLACEMENT_3D('',#5139,#4109,#4110);
#3502=AXIS2_PLACEMENT_3D('',#5141,#4111,#4112);
#3503=AXIS2_PLACEMENT_3D('',#5143,#4113,#4114);
#3504=AXIS2_PLACEMENT_3D('',#5145,#4115,#4116);
#3505=AXIS2_PLACEMENT_3D('',#5147,#4117,#4118);
#3506=AXIS2_PLACEMENT_3D('',#5149,#4119,#4120);
#3507=AXIS2_PLACEMENT_3D('',#5151,#4121,#4122);
#3508=AXIS2_PLACEMENT_3D('',#5153,#4123,#4124);
#3509=AXIS2_PLACEMENT_3D('',#5155,#4125,#4126);
#3510=AXIS2_PLACEMENT_3D('',#5157,#4127,#4128);
#3511=AXIS2_PLACEMENT_3D('',#5159,#4129,#4130);
#3512=AXIS2_PLACEMENT_3D('',#5161,#4131,#4132);
#3513=AXIS2_PLACEMENT_3D('',#5163,#4133,#4134);
#3514=AXIS2_PLACEMENT_3D('',#5165,#4135,#4136);
#3515=AXIS2_PLACEMENT_3D('',#5167,#4137,#4138);
#3516=AXIS2_PLACEMENT_3D('',#5169,#4139,#4140);
#3517=AXIS2_PLACEMENT_3D('',#5171,#4141,#4142);
#3518=AXIS2_PLACEMENT_3D('',#5173,#4143,#4144);
#3519=AXIS2_PLACEMENT_3D('',#5175,#4145,#4146);
#3520=AXIS2_PLACEMENT_3D('',#5177,#4147,#4148);
#3521=AXIS2_PLACEMENT_3D('',#5179,#4149,#4150);
#3522=AXIS2_PLACEMENT_3D('',#5181,#4151,#4152);
#3523=AXIS2_PLACEMENT_3D('',#5183,#4153,#4154);
#3524=AXIS2_PLACEMENT_3D('',#5185,#4155,#4156);
#3525=AXIS2_PLACEMENT_3D('',#5187,#4157,#4158);
#3526=AXIS2_PLACEMENT_3D('',#5189,#4159,#4160);
#3527=AXIS2_PLACEMENT_3D('',#5191,#4161,#4162);
#3528=AXIS2_PLACEMENT_3D('',#5193,#4163,#4164);
#3529=AXIS2_PLACEMENT_3D('',#5195,#4165,#4166);
#3530=AXIS2_PLACEMENT_3D('',#5197,#4167,#4168);
#3531=AXIS2_PLACEMENT_3D('',#5199,#4169,#4170);
#3532=AXIS2_PLACEMENT_3D('',#5201,#4171,#4172);
#3533=AXIS2_PLACEMENT_3D('',#5203,#4173,#4174);
#3534=AXIS2_PLACEMENT_3D('',#5205,#4175,#4176);
#3535=AXIS2_PLACEMENT_3D('',#5207,#4177,#4178);
#3536=AXIS2_PLACEMENT_3D('',#5209,#4179,#4180);
#3537=AXIS2_PLACEMENT_3D('',#5211,#4181,#4182);
#3538=AXIS2_PLACEMENT_3D('',#5213,#4183,#4184);
#3539=AXIS2_PLACEMENT_3D('',#5215,#4185,#4186);
#3540=AXIS2_PLACEMENT_3D('',#5217,#4187,#4188);
#3541=AXIS2_PLACEMENT_3D('',#5219,#4189,#4190);
#3542=AXIS2_PLACEMENT_3D('',#5221,#4191,#4192);
#3543=AXIS2_PLACEMENT_3D('',#5223,#4193,#4194);
#3544=AXIS2_PLACEMENT_3D('',#5225,#4195,#4196);
#3545=AXIS2_PLACEMENT_3D('',#5227,#4197,#4198);
#3546=AXIS2_PLACEMENT_3D('',#5229,#4199,#4200);
#3547=AXIS2_PLACEMENT_3D('',#5231,#4201,#4202);
#3548=AXIS2_PLACEMENT_3D('',#5233,#4203,#4204);
#3549=AXIS2_PLACEMENT_3D('',#5235,#4205,#4206);
#3550=AXIS2_PLACEMENT_3D('',#5237,#4207,#4208);
#3551=AXIS2_PLACEMENT_3D('',#5239,#4209,#4210);
#3552=AXIS2_PLACEMENT_3D('',#5241,#4211,#4212);
#3553=AXIS2_PLACEMENT_3D('',#5243,#4213,#4214);
#3554=AXIS2_PLACEMENT_3D('',#5245,#4215,#4216);
#3555=AXIS2_PLACEMENT_3D('',#5247,#4217,#4218);
#3556=AXIS2_PLACEMENT_3D('',#5249,#4219,#4220);
#3557=AXIS2_PLACEMENT_3D('',#5251,#4221,#4222);
#3558=AXIS2_PLACEMENT_3D('',#5253,#4223,#4224);
#3559=AXIS2_PLACEMENT_3D('',#5255,#4225,#4226);
#3560=AXIS2_PLACEMENT_3D('',#5257,#4227,#4228);
#3561=AXIS2_PLACEMENT_3D('',#5259,#4229,#4230);
#3562=AXIS2_PLACEMENT_3D('',#5261,#4231,#4232);
#3563=AXIS2_PLACEMENT_3D('',#5263,#4233,#4234);
#3564=AXIS2_PLACEMENT_3D('',#5265,#4235,#4236);
#3565=AXIS2_PLACEMENT_3D('',#5267,#4237,#4238);
#3566=AXIS2_PLACEMENT_3D('',#5269,#4239,#4240);
#3567=AXIS2_PLACEMENT_3D('',#5271,#4241,#4242);
#3568=AXIS2_PLACEMENT_3D('',#5273,#4243,#4244);
#3569=AXIS2_PLACEMENT_3D('',#5275,#4245,#4246);
#3570=AXIS2_PLACEMENT_3D('',#5277,#4247,#4248);
#3571=AXIS2_PLACEMENT_3D('',#5279,#4249,#4250);
#3572=AXIS2_PLACEMENT_3D('',#5281,#4251,#4252);
#3573=AXIS2_PLACEMENT_3D('',#5283,#4253,#4254);
#3574=AXIS2_PLACEMENT_3D('',#5285,#4255,#4256);
#3575=AXIS2_PLACEMENT_3D('',#5287,#4257,#4258);
#3576=AXIS2_PLACEMENT_3D('',#5289,#4259,#4260);
#3577=AXIS2_PLACEMENT_3D('',#5291,#4261,#4262);
#3578=AXIS2_PLACEMENT_3D('',#5293,#4263,#4264);
#3579=AXIS2_PLACEMENT_3D('',#5295,#4265,#4266);
#3580=AXIS2_PLACEMENT_3D('',#5297,#4267,#4268);
#3581=AXIS2_PLACEMENT_3D('',#5299,#4269,#4270);
#3582=AXIS2_PLACEMENT_3D('',#5301,#4271,#4272);
#3583=AXIS2_PLACEMENT_3D('',#5303,#4273,#4274);
#3584=AXIS2_PLACEMENT_3D('',#5304,#4275,#4276);
#3585=AXIS2_PLACEMENT_3D('',#5306,#4277,#4278);
#3586=AXIS2_PLACEMENT_3D('',#5308,#4280,#4281);
#3587=AXIS2_PLACEMENT_3D('',#5312,#4284,#4285);
#3588=AXIS2_PLACEMENT_3D('',#5314,#4286,#4287);
#3589=AXIS2_PLACEMENT_3D('',#5316,#4289,#4290);
#3590=AXIS2_PLACEMENT_3D('',#5318,#4292,#4293);
#3591=AXIS2_PLACEMENT_3D('',#5320,#4294,#4295);
#3592=AXIS2_PLACEMENT_3D('',#5322,#4297,#4298);
#3593=AXIS2_PLACEMENT_3D('',#5326,#4301,#4302);
#3594=AXIS2_PLACEMENT_3D('',#5328,#4303,#4304);
#3595=AXIS2_PLACEMENT_3D('',#5330,#4306,#4307);
#3596=AXIS2_PLACEMENT_3D('',#5332,#4309,#4310);
#3597=AXIS2_PLACEMENT_3D('',#5334,#4311,#4312);
#3598=AXIS2_PLACEMENT_3D('',#5336,#4314,#4315);
#3599=AXIS2_PLACEMENT_3D('',#5340,#4318,#4319);
#3600=AXIS2_PLACEMENT_3D('',#5342,#4320,#4321);
#3601=AXIS2_PLACEMENT_3D('',#5344,#4323,#4324);
#3602=AXIS2_PLACEMENT_3D('',#5346,#4326,#4327);
#3603=AXIS2_PLACEMENT_3D('',#5348,#4328,#4329);
#3604=AXIS2_PLACEMENT_3D('',#5350,#4331,#4332);
#3605=AXIS2_PLACEMENT_3D('',#5352,#4333,#4334);
#3606=AXIS2_PLACEMENT_3D('',#5353,#4335,#4336);
#3607=AXIS2_PLACEMENT_3D('',#5355,#4337,#4338);
#3608=AXIS2_PLACEMENT_3D('',#5356,#4339,#4340);
#3609=AXIS2_PLACEMENT_3D('',#5358,#4341,#4342);
#3610=AXIS2_PLACEMENT_3D('',#5359,#4343,#4344);
#3611=AXIS2_PLACEMENT_3D('',#5361,#4345,#4346);
#3612=AXIS2_PLACEMENT_3D('',#5362,#4347,#4348);
#3613=AXIS2_PLACEMENT_3D('',#5364,#4349,#4350);
#3614=AXIS2_PLACEMENT_3D('',#5365,#4351,#4352);
#3615=AXIS2_PLACEMENT_3D('',#5367,#4353,#4354);
#3616=AXIS2_PLACEMENT_3D('',#5368,#4355,#4356);
#3617=AXIS2_PLACEMENT_3D('',#5370,#4357,#4358);
#3618=AXIS2_PLACEMENT_3D('',#5371,#4359,#4360);
#3619=AXIS2_PLACEMENT_3D('',#5373,#4361,#4362);
#3620=AXIS2_PLACEMENT_3D('',#5374,#4363,#4364);
#3621=AXIS2_PLACEMENT_3D('',#5376,#4365,#4366);
#3622=AXIS2_PLACEMENT_3D('',#5377,#4367,#4368);
#3623=AXIS2_PLACEMENT_3D('',#5379,#4369,#4370);
#3624=AXIS2_PLACEMENT_3D('',#5380,#4371,#4372);
#3625=AXIS2_PLACEMENT_3D('',#5382,#4373,#4374);
#3626=AXIS2_PLACEMENT_3D('',#5383,#4375,#4376);
#3627=AXIS2_PLACEMENT_3D('',#5385,#4377,#4378);
#3628=AXIS2_PLACEMENT_3D('',#5386,#4379,#4380);
#3629=AXIS2_PLACEMENT_3D('',#5388,#4381,#4382);
#3630=AXIS2_PLACEMENT_3D('',#5389,#4383,#4384);
#3631=AXIS2_PLACEMENT_3D('',#5391,#4385,#4386);
#3632=AXIS2_PLACEMENT_3D('',#5392,#4387,#4388);
#3633=AXIS2_PLACEMENT_3D('',#5394,#4389,#4390);
#3634=AXIS2_PLACEMENT_3D('',#5395,#4391,#4392);
#3635=AXIS2_PLACEMENT_3D('',#5397,#4393,#4394);
#3636=AXIS2_PLACEMENT_3D('',#5398,#4395,#4396);
#3637=AXIS2_PLACEMENT_3D('',#5400,#4397,#4398);
#3638=AXIS2_PLACEMENT_3D('',#5401,#4399,#4400);
#3639=AXIS2_PLACEMENT_3D('',#5403,#4401,#4402);
#3640=AXIS2_PLACEMENT_3D('',#5404,#4403,#4404);
#3641=AXIS2_PLACEMENT_3D('',#5406,#4405,#4406);
#3642=AXIS2_PLACEMENT_3D('',#5407,#4407,#4408);
#3643=AXIS2_PLACEMENT_3D('',#5409,#4409,#4410);
#3644=AXIS2_PLACEMENT_3D('',#5410,#4411,#4412);
#3645=AXIS2_PLACEMENT_3D('',#5412,#4413,#4414);
#3646=AXIS2_PLACEMENT_3D('',#5413,#4415,#4416);
#3647=AXIS2_PLACEMENT_3D('',#5415,#4417,#4418);
#3648=AXIS2_PLACEMENT_3D('',#5416,#4419,#4420);
#3649=AXIS2_PLACEMENT_3D('',#5418,#4421,#4422);
#3650=AXIS2_PLACEMENT_3D('',#5419,#4423,#4424);
#3651=AXIS2_PLACEMENT_3D('',#5421,#4425,#4426);
#3652=AXIS2_PLACEMENT_3D('',#5422,#4427,#4428);
#3653=AXIS2_PLACEMENT_3D('',#5424,#4429,#4430);
#3654=AXIS2_PLACEMENT_3D('',#5425,#4431,#4432);
#3655=AXIS2_PLACEMENT_3D('',#5427,#4433,#4434);
#3656=AXIS2_PLACEMENT_3D('',#5428,#4435,#4436);
#3657=AXIS2_PLACEMENT_3D('',#5430,#4437,#4438);
#3658=AXIS2_PLACEMENT_3D('',#5431,#4439,#4440);
#3659=AXIS2_PLACEMENT_3D('',#5433,#4441,#4442);
#3660=AXIS2_PLACEMENT_3D('',#5434,#4443,#4444);
#3661=AXIS2_PLACEMENT_3D('',#5436,#4445,#4446);
#3662=AXIS2_PLACEMENT_3D('',#5437,#4447,#4448);
#3663=AXIS2_PLACEMENT_3D('',#5439,#4449,#4450);
#3664=AXIS2_PLACEMENT_3D('',#5440,#4451,#4452);
#3665=AXIS2_PLACEMENT_3D('',#5442,#4453,#4454);
#3666=AXIS2_PLACEMENT_3D('',#5443,#4455,#4456);
#3667=AXIS2_PLACEMENT_3D('',#5445,#4457,#4458);
#3668=AXIS2_PLACEMENT_3D('',#5446,#4459,#4460);
#3669=AXIS2_PLACEMENT_3D('',#5448,#4461,#4462);
#3670=AXIS2_PLACEMENT_3D('',#5449,#4463,#4464);
#3671=AXIS2_PLACEMENT_3D('',#5451,#4465,#4466);
#3672=AXIS2_PLACEMENT_3D('',#5452,#4467,#4468);
#3673=AXIS2_PLACEMENT_3D('',#5454,#4469,#4470);
#3674=AXIS2_PLACEMENT_3D('',#5455,#4471,#4472);
#3675=AXIS2_PLACEMENT_3D('',#5457,#4473,#4474);
#3676=AXIS2_PLACEMENT_3D('',#5458,#4475,#4476);
#3677=AXIS2_PLACEMENT_3D('',#5460,#4477,#4478);
#3678=AXIS2_PLACEMENT_3D('',#5461,#4479,#4480);
#3679=AXIS2_PLACEMENT_3D('',#5463,#4481,#4482);
#3680=AXIS2_PLACEMENT_3D('',#5464,#4483,#4484);
#3681=AXIS2_PLACEMENT_3D('',#5466,#4485,#4486);
#3682=AXIS2_PLACEMENT_3D('',#5467,#4487,#4488);
#3683=AXIS2_PLACEMENT_3D('',#5469,#4489,#4490);
#3684=AXIS2_PLACEMENT_3D('',#5470,#4491,#4492);
#3685=AXIS2_PLACEMENT_3D('',#5472,#4493,#4494);
#3686=AXIS2_PLACEMENT_3D('',#5473,#4495,#4496);
#3687=AXIS2_PLACEMENT_3D('',#5475,#4497,#4498);
#3688=AXIS2_PLACEMENT_3D('',#5476,#4499,#4500);
#3689=AXIS2_PLACEMENT_3D('',#5478,#4501,#4502);
#3690=AXIS2_PLACEMENT_3D('',#5479,#4503,#4504);
#3691=AXIS2_PLACEMENT_3D('',#5481,#4505,#4506);
#3692=AXIS2_PLACEMENT_3D('',#5482,#4507,#4508);
#3693=AXIS2_PLACEMENT_3D('',#5484,#4509,#4510);
#3694=AXIS2_PLACEMENT_3D('',#5485,#4511,#4512);
#3695=AXIS2_PLACEMENT_3D('',#5487,#4513,#4514);
#3696=AXIS2_PLACEMENT_3D('',#5488,#4515,#4516);
#3697=AXIS2_PLACEMENT_3D('',#5490,#4517,#4518);
#3698=AXIS2_PLACEMENT_3D('',#5491,#4519,#4520);
#3699=AXIS2_PLACEMENT_3D('',#5493,#4521,#4522);
#3700=AXIS2_PLACEMENT_3D('',#5494,#4523,#4524);
#3701=AXIS2_PLACEMENT_3D('',#5496,#4525,#4526);
#3702=AXIS2_PLACEMENT_3D('',#5497,#4527,#4528);
#3703=AXIS2_PLACEMENT_3D('',#5499,#4529,#4530);
#3704=AXIS2_PLACEMENT_3D('',#5500,#4531,#4532);
#3705=AXIS2_PLACEMENT_3D('',#5502,#4533,#4534);
#3706=AXIS2_PLACEMENT_3D('',#5503,#4535,#4536);
#3707=AXIS2_PLACEMENT_3D('',#5505,#4537,#4538);
#3708=AXIS2_PLACEMENT_3D('',#5506,#4539,#4540);
#3709=AXIS2_PLACEMENT_3D('',#5508,#4541,#4542);
#3710=AXIS2_PLACEMENT_3D('',#5509,#4543,#4544);
#3711=AXIS2_PLACEMENT_3D('',#5511,#4545,#4546);
#3712=AXIS2_PLACEMENT_3D('',#5512,#4547,#4548);
#3713=AXIS2_PLACEMENT_3D('',#5514,#4549,#4550);
#3714=AXIS2_PLACEMENT_3D('',#5515,#4551,#4552);
#3715=AXIS2_PLACEMENT_3D('',#5517,#4553,#4554);
#3716=AXIS2_PLACEMENT_3D('',#5518,#4555,#4556);
#3717=AXIS2_PLACEMENT_3D('',#5520,#4557,#4558);
#3718=AXIS2_PLACEMENT_3D('',#5521,#4559,#4560);
#3719=AXIS2_PLACEMENT_3D('',#5523,#4561,#4562);
#3720=AXIS2_PLACEMENT_3D('',#5524,#4563,#4564);
#3721=AXIS2_PLACEMENT_3D('',#5526,#4565,#4566);
#3722=AXIS2_PLACEMENT_3D('',#5527,#4567,#4568);
#3723=AXIS2_PLACEMENT_3D('',#5529,#4569,#4570);
#3724=AXIS2_PLACEMENT_3D('',#5530,#4571,#4572);
#3725=AXIS2_PLACEMENT_3D('',#5532,#4573,#4574);
#3726=AXIS2_PLACEMENT_3D('',#5533,#4575,#4576);
#3727=AXIS2_PLACEMENT_3D('',#5535,#4577,#4578);
#3728=AXIS2_PLACEMENT_3D('',#5536,#4579,#4580);
#3729=AXIS2_PLACEMENT_3D('',#5538,#4581,#4582);
#3730=AXIS2_PLACEMENT_3D('',#5539,#4583,#4584);
#3731=AXIS2_PLACEMENT_3D('',#5541,#4585,#4586);
#3732=AXIS2_PLACEMENT_3D('',#5542,#4587,#4588);
#3733=AXIS2_PLACEMENT_3D('',#5544,#4589,#4590);
#3734=AXIS2_PLACEMENT_3D('',#5545,#4591,#4592);
#3735=AXIS2_PLACEMENT_3D('',#5547,#4593,#4594);
#3736=AXIS2_PLACEMENT_3D('',#5548,#4595,#4596);
#3737=AXIS2_PLACEMENT_3D('',#5550,#4597,#4598);
#3738=AXIS2_PLACEMENT_3D('',#5551,#4599,#4600);
#3739=AXIS2_PLACEMENT_3D('',#5553,#4601,#4602);
#3740=AXIS2_PLACEMENT_3D('',#5554,#4603,#4604);
#3741=AXIS2_PLACEMENT_3D('',#5556,#4605,#4606);
#3742=AXIS2_PLACEMENT_3D('',#5557,#4607,#4608);
#3743=AXIS2_PLACEMENT_3D('',#5559,#4609,#4610);
#3744=AXIS2_PLACEMENT_3D('',#5560,#4611,#4612);
#3745=AXIS2_PLACEMENT_3D('',#5562,#4613,#4614);
#3746=AXIS2_PLACEMENT_3D('',#5563,#4615,#4616);
#3747=AXIS2_PLACEMENT_3D('',#5565,#4617,#4618);
#3748=AXIS2_PLACEMENT_3D('',#5566,#4619,#4620);
#3749=AXIS2_PLACEMENT_3D('',#5568,#4621,#4622);
#3750=AXIS2_PLACEMENT_3D('',#5569,#4623,#4624);
#3751=AXIS2_PLACEMENT_3D('',#5571,#4625,#4626);
#3752=AXIS2_PLACEMENT_3D('',#5572,#4627,#4628);
#3753=AXIS2_PLACEMENT_3D('',#5574,#4629,#4630);
#3754=AXIS2_PLACEMENT_3D('',#5575,#4631,#4632);
#3755=AXIS2_PLACEMENT_3D('',#5577,#4633,#4634);
#3756=AXIS2_PLACEMENT_3D('',#5578,#4635,#4636);
#3757=AXIS2_PLACEMENT_3D('',#5580,#4637,#4638);
#3758=AXIS2_PLACEMENT_3D('',#5581,#4639,#4640);
#3759=AXIS2_PLACEMENT_3D('',#5583,#4641,#4642);
#3760=AXIS2_PLACEMENT_3D('',#5584,#4643,#4644);
#3761=AXIS2_PLACEMENT_3D('',#5586,#4645,#4646);
#3762=AXIS2_PLACEMENT_3D('',#5587,#4647,#4648);
#3763=AXIS2_PLACEMENT_3D('',#5589,#4649,#4650);
#3764=AXIS2_PLACEMENT_3D('',#5590,#4651,#4652);
#3765=AXIS2_PLACEMENT_3D('',#5592,#4653,#4654);
#3766=AXIS2_PLACEMENT_3D('',#5593,#4655,#4656);
#3767=AXIS2_PLACEMENT_3D('',#5595,#4657,#4658);
#3768=AXIS2_PLACEMENT_3D('',#5596,#4659,#4660);
#3769=AXIS2_PLACEMENT_3D('',#5598,#4661,#4662);
#3770=AXIS2_PLACEMENT_3D('',#5599,#4663,#4664);
#3771=AXIS2_PLACEMENT_3D('',#5601,#4665,#4666);
#3772=AXIS2_PLACEMENT_3D('',#5602,#4667,#4668);
#3773=AXIS2_PLACEMENT_3D('',#5604,#4669,#4670);
#3774=AXIS2_PLACEMENT_3D('',#5605,#4671,#4672);
#3775=AXIS2_PLACEMENT_3D('',#5607,#4673,#4674);
#3776=AXIS2_PLACEMENT_3D('',#5608,#4675,#4676);
#3777=AXIS2_PLACEMENT_3D('',#5610,#4677,#4678);
#3778=AXIS2_PLACEMENT_3D('',#5611,#4679,#4680);
#3779=AXIS2_PLACEMENT_3D('',#5613,#4681,#4682);
#3780=AXIS2_PLACEMENT_3D('',#5614,#4683,#4684);
#3781=AXIS2_PLACEMENT_3D('',#5616,#4685,#4686);
#3782=AXIS2_PLACEMENT_3D('',#5617,#4687,#4688);
#3783=AXIS2_PLACEMENT_3D('',#5619,#4689,#4690);
#3784=AXIS2_PLACEMENT_3D('',#5620,#4691,#4692);
#3785=AXIS2_PLACEMENT_3D('',#5622,#4693,#4694);
#3786=AXIS2_PLACEMENT_3D('',#5623,#4695,#4696);
#3787=AXIS2_PLACEMENT_3D('',#5625,#4697,#4698);
#3788=AXIS2_PLACEMENT_3D('',#5626,#4699,#4700);
#3789=AXIS2_PLACEMENT_3D('',#5628,#4701,#4702);
#3790=AXIS2_PLACEMENT_3D('',#5629,#4703,#4704);
#3791=AXIS2_PLACEMENT_3D('',#5631,#4705,#4706);
#3792=AXIS2_PLACEMENT_3D('',#5632,#4707,#4708);
#3793=AXIS2_PLACEMENT_3D('',#5634,#4709,#4710);
#3794=AXIS2_PLACEMENT_3D('',#5635,#4711,#4712);
#3795=AXIS2_PLACEMENT_3D('',#5637,#4713,#4714);
#3796=AXIS2_PLACEMENT_3D('',#5638,#4715,#4716);
#3797=AXIS2_PLACEMENT_3D('',#5640,#4717,#4718);
#3798=AXIS2_PLACEMENT_3D('',#5641,#4719,#4720);
#3799=AXIS2_PLACEMENT_3D('',#5643,#4721,#4722);
#3800=AXIS2_PLACEMENT_3D('',#5644,#4723,#4724);
#3801=AXIS2_PLACEMENT_3D('',#5646,#4725,#4726);
#3802=AXIS2_PLACEMENT_3D('',#5647,#4727,#4728);
#3803=AXIS2_PLACEMENT_3D('',#5649,#4729,#4730);
#3804=AXIS2_PLACEMENT_3D('',#5650,#4731,#4732);
#3805=AXIS2_PLACEMENT_3D('',#5652,#4733,#4734);
#3806=AXIS2_PLACEMENT_3D('',#5653,#4735,#4736);
#3807=AXIS2_PLACEMENT_3D('',#5655,#4737,#4738);
#3808=AXIS2_PLACEMENT_3D('',#5656,#4739,#4740);
#3809=AXIS2_PLACEMENT_3D('',#5658,#4741,#4742);
#3810=AXIS2_PLACEMENT_3D('',#5659,#4743,#4744);
#3811=AXIS2_PLACEMENT_3D('',#5661,#4745,#4746);
#3812=AXIS2_PLACEMENT_3D('',#5662,#4747,#4748);
#3813=AXIS2_PLACEMENT_3D('',#5664,#4749,#4750);
#3814=AXIS2_PLACEMENT_3D('',#5665,#4751,#4752);
#3815=AXIS2_PLACEMENT_3D('',#5667,#4753,#4754);
#3816=AXIS2_PLACEMENT_3D('',#5668,#4755,#4756);
#3817=AXIS2_PLACEMENT_3D('',#5670,#4757,#4758);
#3818=AXIS2_PLACEMENT_3D('',#5671,#4759,#4760);
#3819=AXIS2_PLACEMENT_3D('',#5673,#4761,#4762);
#3820=AXIS2_PLACEMENT_3D('',#5674,#4763,#4764);
#3821=AXIS2_PLACEMENT_3D('',#5676,#4765,#4766);
#3822=AXIS2_PLACEMENT_3D('',#5677,#4767,#4768);
#3823=AXIS2_PLACEMENT_3D('',#5679,#4769,#4770);
#3824=AXIS2_PLACEMENT_3D('',#5680,#4771,#4772);
#3825=AXIS2_PLACEMENT_3D('',#5682,#4773,#4774);
#3826=AXIS2_PLACEMENT_3D('',#5683,#4775,#4776);
#3827=AXIS2_PLACEMENT_3D('',#5685,#4777,#4778);
#3828=AXIS2_PLACEMENT_3D('',#5686,#4779,#4780);
#3829=AXIS2_PLACEMENT_3D('',#5688,#4781,#4782);
#3830=AXIS2_PLACEMENT_3D('',#5689,#4783,#4784);
#3831=AXIS2_PLACEMENT_3D('',#5691,#4785,#4786);
#3832=AXIS2_PLACEMENT_3D('',#5692,#4787,#4788);
#3833=AXIS2_PLACEMENT_3D('',#5694,#4789,#4790);
#3834=AXIS2_PLACEMENT_3D('',#5695,#4791,#4792);
#3835=AXIS2_PLACEMENT_3D('',#5697,#4793,#4794);
#3836=AXIS2_PLACEMENT_3D('',#5698,#4795,#4796);
#3837=AXIS2_PLACEMENT_3D('',#5700,#4797,#4798);
#3838=AXIS2_PLACEMENT_3D('',#5701,#4799,#4800);
#3839=AXIS2_PLACEMENT_3D('',#5703,#4801,#4802);
#3840=AXIS2_PLACEMENT_3D('',#5704,#4803,#4804);
#3841=AXIS2_PLACEMENT_3D('',#5706,#4805,#4806);
#3842=AXIS2_PLACEMENT_3D('',#5707,#4807,#4808);
#3843=AXIS2_PLACEMENT_3D('',#5709,#4809,#4810);
#3844=AXIS2_PLACEMENT_3D('',#5710,#4811,#4812);
#3845=AXIS2_PLACEMENT_3D('',#5712,#4813,#4814);
#3846=AXIS2_PLACEMENT_3D('',#5713,#4815,#4816);
#3847=AXIS2_PLACEMENT_3D('',#5715,#4817,#4818);
#3848=AXIS2_PLACEMENT_3D('',#5716,#4819,#4820);
#3849=AXIS2_PLACEMENT_3D('',#5718,#4821,#4822);
#3850=AXIS2_PLACEMENT_3D('',#5719,#4823,#4824);
#3851=AXIS2_PLACEMENT_3D('',#5721,#4825,#4826);
#3852=AXIS2_PLACEMENT_3D('',#5722,#4827,#4828);
#3853=AXIS2_PLACEMENT_3D('',#5724,#4829,#4830);
#3854=AXIS2_PLACEMENT_3D('',#5725,#4831,#4832);
#3855=AXIS2_PLACEMENT_3D('',#5727,#4833,#4834);
#3856=AXIS2_PLACEMENT_3D('',#5728,#4835,#4836);
#3857=AXIS2_PLACEMENT_3D('',#5730,#4837,#4838);
#3858=AXIS2_PLACEMENT_3D('',#5731,#4839,#4840);
#3859=AXIS2_PLACEMENT_3D('',#5733,#4841,#4842);
#3860=AXIS2_PLACEMENT_3D('',#5734,#4843,#4844);
#3861=AXIS2_PLACEMENT_3D('',#5736,#4845,#4846);
#3862=AXIS2_PLACEMENT_3D('',#5737,#4847,#4848);
#3863=AXIS2_PLACEMENT_3D('',#5739,#4849,#4850);
#3864=AXIS2_PLACEMENT_3D('',#5740,#4851,#4852);
#3865=AXIS2_PLACEMENT_3D('',#5742,#4853,#4854);
#3866=AXIS2_PLACEMENT_3D('',#5743,#4855,#4856);
#3867=AXIS2_PLACEMENT_3D('',#5745,#4857,#4858);
#3868=AXIS2_PLACEMENT_3D('',#5746,#4859,#4860);
#3869=AXIS2_PLACEMENT_3D('',#5748,#4861,#4862);
#3870=AXIS2_PLACEMENT_3D('',#5749,#4863,#4864);
#3871=AXIS2_PLACEMENT_3D('',#5751,#4865,#4866);
#3872=AXIS2_PLACEMENT_3D('',#5752,#4867,#4868);
#3873=AXIS2_PLACEMENT_3D('',#5754,#4869,#4870);
#3874=AXIS2_PLACEMENT_3D('',#5755,#4871,#4872);
#3875=AXIS2_PLACEMENT_3D('',#5757,#4873,#4874);
#3876=AXIS2_PLACEMENT_3D('',#5758,#4875,#4876);
#3877=AXIS2_PLACEMENT_3D('',#5760,#4877,#4878);
#3878=AXIS2_PLACEMENT_3D('',#5761,#4879,#4880);
#3879=AXIS2_PLACEMENT_3D('',#5763,#4881,#4882);
#3880=AXIS2_PLACEMENT_3D('',#5764,#4883,#4884);
#3881=AXIS2_PLACEMENT_3D('',#5766,#4885,#4886);
#3882=AXIS2_PLACEMENT_3D('',#5767,#4887,#4888);
#3883=AXIS2_PLACEMENT_3D('',#5769,#4889,#4890);
#3884=AXIS2_PLACEMENT_3D('',#5770,#4891,#4892);
#3885=AXIS2_PLACEMENT_3D('',#5772,#4893,#4894);
#3886=AXIS2_PLACEMENT_3D('',#5773,#4895,#4896);
#3887=AXIS2_PLACEMENT_3D('',#5775,#4897,#4898);
#3888=AXIS2_PLACEMENT_3D('',#5776,#4899,#4900);
#3889=AXIS2_PLACEMENT_3D('',#5778,#4901,#4902);
#3890=AXIS2_PLACEMENT_3D('',#5779,#4903,#4904);
#3891=AXIS2_PLACEMENT_3D('',#5781,#4905,#4906);
#3892=AXIS2_PLACEMENT_3D('',#5782,#4907,#4908);
#3893=AXIS2_PLACEMENT_3D('',#5784,#4909,#4910);
#3894=AXIS2_PLACEMENT_3D('',#5785,#4911,#4912);
#3895=AXIS2_PLACEMENT_3D('',#5787,#4914,#4915);
#3896=DIRECTION('axis',(0.,0.,1.));
#3897=DIRECTION('refdir',(1.,0.,0.));
#3898=DIRECTION('center_axis',(0.,0.,-1.));
#3899=DIRECTION('ref_axis',(-0.707106781186548,0.707106781186548,0.));
#3900=DIRECTION('center_axis',(0.,0.,1.));
#3901=DIRECTION('ref_axis',(-0.707106781186548,0.707106781186548,0.));
#3902=DIRECTION('',(0.,0.,-1.));
#3903=DIRECTION('center_axis',(0.,0.,-1.));
#3904=DIRECTION('ref_axis',(-0.707106781186548,0.707106781186548,0.));
#3905=DIRECTION('',(0.,0.,1.));
#3906=DIRECTION('center_axis',(1.,4.98976640280968E-16,0.));
#3907=DIRECTION('ref_axis',(5.32907051820075E-16,-1.,0.));
#3908=DIRECTION('',(-4.98976640280968E-16,1.,0.));
#3909=DIRECTION('',(0.,0.,1.));
#3910=DIRECTION('',(4.98976640280968E-16,-1.,0.));
#3911=DIRECTION('center_axis',(0.,0.,-1.));
#3912=DIRECTION('ref_axis',(0.707106781186548,0.707106781186547,0.));
#3913=DIRECTION('center_axis',(0.,0.,1.));
#3914=DIRECTION('ref_axis',(0.707106781186548,0.707106781186547,0.));
#3915=DIRECTION('',(0.,0.,-1.));
#3916=DIRECTION('center_axis',(0.,0.,-1.));
#3917=DIRECTION('ref_axis',(0.707106781186548,0.707106781186547,0.));
#3918=DIRECTION('',(0.,0.,1.));
#3919=DIRECTION('center_axis',(0.,-1.,0.));
#3920=DIRECTION('ref_axis',(-1.,0.,0.));
#3921=DIRECTION('',(1.,0.,0.));
#3922=DIRECTION('',(0.,0.,1.));
#3923=DIRECTION('',(-1.,0.,0.));
#3924=DIRECTION('center_axis',(0.,0.,-1.));
#3925=DIRECTION('ref_axis',(0.707106781186548,-0.707106781186548,0.));
#3926=DIRECTION('center_axis',(0.,0.,1.));
#3927=DIRECTION('ref_axis',(0.707106781186548,-0.707106781186548,0.));
#3928=DIRECTION('',(0.,0.,-1.));
#3929=DIRECTION('center_axis',(0.,0.,-1.));
#3930=DIRECTION('ref_axis',(0.707106781186548,-0.707106781186548,0.));
#3931=DIRECTION('',(0.,0.,1.));
#3932=DIRECTION('center_axis',(-1.,0.,0.));
#3933=DIRECTION('ref_axis',(0.,1.,0.));
#3934=DIRECTION('',(0.,-1.,0.));
#3935=DIRECTION('',(0.,0.,1.));
#3936=DIRECTION('',(0.,1.,0.));
#3937=DIRECTION('center_axis',(0.,0.,-1.));
#3938=DIRECTION('ref_axis',(-0.707106781186548,-0.707106781186547,0.));
#3939=DIRECTION('center_axis',(0.,0.,1.));
#3940=DIRECTION('ref_axis',(-0.707106781186548,-0.707106781186547,0.));
#3941=DIRECTION('',(0.,0.,-1.));
#3942=DIRECTION('center_axis',(0.,0.,-1.));
#3943=DIRECTION('ref_axis',(-0.707106781186548,-0.707106781186547,0.));
#3944=DIRECTION('',(0.,0.,1.));
#3945=DIRECTION('center_axis',(0.,1.,0.));
#3946=DIRECTION('ref_axis',(1.,0.,0.));
#3947=DIRECTION('',(-1.,0.,0.));
#3948=DIRECTION('',(0.,0.,1.));
#3949=DIRECTION('',(1.,0.,0.));
#3950=DIRECTION('center_axis',(0.,0.,-1.));
#3951=DIRECTION('ref_axis',(0.707106781186549,0.707106781186546,0.));
#3952=DIRECTION('center_axis',(0.,0.,1.));
#3953=DIRECTION('ref_axis',(0.707106781186549,0.707106781186546,0.));
#3954=DIRECTION('',(0.,0.,1.));
#3955=DIRECTION('center_axis',(0.,0.,-1.));
#3956=DIRECTION('ref_axis',(0.707106781186549,0.707106781186546,0.));
#3957=DIRECTION('',(0.,0.,-1.));
#3958=DIRECTION('center_axis',(1.,7.48464960421453E-16,0.));
#3959=DIRECTION('ref_axis',(7.105427357601E-16,-1.,0.));
#3960=DIRECTION('',(7.48464960421453E-16,-1.,0.));
#3961=DIRECTION('',(-7.48464960421453E-16,1.,0.));
#3962=DIRECTION('center_axis',(0.,0.,1.));
#3963=DIRECTION('ref_axis',(1.,0.,0.));
#3964=DIRECTION('',(-1.,0.,0.));
#3965=DIRECTION('center_axis',(0.,0.,-1.));
#3966=DIRECTION('ref_axis',(-0.707106781186546,0.707106781186549,0.));
#3967=DIRECTION('',(-1.,0.,0.));
#3968=DIRECTION('center_axis',(0.,0.,-1.));
#3969=DIRECTION('ref_axis',(-0.707106781186546,0.707106781186549,0.));
#3970=DIRECTION('',(2.22044604925031E-16,-1.,0.));
#3971=DIRECTION('center_axis',(0.,0.,-1.));
#3972=DIRECTION('ref_axis',(-0.707106781186549,-0.707106781186546,0.));
#3973=DIRECTION('',(-2.24539488126436E-15,-1.,0.));
#3974=DIRECTION('center_axis',(0.,0.,-1.));
#3975=DIRECTION('ref_axis',(-0.707106781186549,-0.707106781186546,0.));
#3976=DIRECTION('',(1.,0.,0.));
#3977=DIRECTION('center_axis',(0.,0.,-1.));
#3978=DIRECTION('ref_axis',(0.707106781186546,-0.707106781186549,0.));
#3979=DIRECTION('',(1.,0.,0.));
#3980=DIRECTION('center_axis',(0.,0.,-1.));
#3981=DIRECTION('ref_axis',(0.707106781186549,-0.707106781186546,0.));
#3982=DIRECTION('',(-7.40148683083438E-17,1.,0.));
#3983=DIRECTION('center_axis',(0.,0.,-1.));
#3984=DIRECTION('ref_axis',(0.707106781186546,0.707106781186549,0.));
#3985=DIRECTION('center_axis',(0.,0.,-1.));
#3986=DIRECTION('ref_axis',(1.,0.,0.));
#3987=DIRECTION('center_axis',(0.,0.,-1.));
#3988=DIRECTION('ref_axis',(1.,0.,0.));
#3989=DIRECTION('center_axis',(0.,0.,-1.));
#3990=DIRECTION('ref_axis',(1.,0.,0.));
#3991=DIRECTION('center_axis',(0.,0.,-1.));
#3992=DIRECTION('ref_axis',(1.,0.,0.));
#3993=DIRECTION('center_axis',(0.,0.,-1.));
#3994=DIRECTION('ref_axis',(1.,0.,0.));
#3995=DIRECTION('center_axis',(0.,0.,-1.));
#3996=DIRECTION('ref_axis',(1.,0.,0.));
#3997=DIRECTION('center_axis',(0.,0.,-1.));
#3998=DIRECTION('ref_axis',(1.,0.,0.));
#3999=DIRECTION('center_axis',(0.,0.,-1.));
#4000=DIRECTION('ref_axis',(1.,0.,0.));
#4001=DIRECTION('center_axis',(0.,0.,-1.));
#4002=DIRECTION('ref_axis',(1.,0.,0.));
#4003=DIRECTION('center_axis',(0.,0.,-1.));
#4004=DIRECTION('ref_axis',(1.,0.,0.));
#4005=DIRECTION('center_axis',(0.,0.,-1.));
#4006=DIRECTION('ref_axis',(1.,0.,0.));
#4007=DIRECTION('center_axis',(0.,0.,-1.));
#4008=DIRECTION('ref_axis',(1.,0.,0.));
#4009=DIRECTION('center_axis',(0.,0.,-1.));
#4010=DIRECTION('ref_axis',(1.,0.,0.));
#4011=DIRECTION('center_axis',(0.,0.,-1.));
#4012=DIRECTION('ref_axis',(1.,0.,0.));
#4013=DIRECTION('center_axis',(0.,0.,-1.));
#4014=DIRECTION('ref_axis',(1.,0.,0.));
#4015=DIRECTION('center_axis',(0.,0.,-1.));
#4016=DIRECTION('ref_axis',(1.,0.,0.));
#4017=DIRECTION('center_axis',(0.,0.,-1.));
#4018=DIRECTION('ref_axis',(1.,0.,0.));
#4019=DIRECTION('center_axis',(0.,0.,-1.));
#4020=DIRECTION('ref_axis',(1.,0.,0.));
#4021=DIRECTION('center_axis',(0.,0.,-1.));
#4022=DIRECTION('ref_axis',(1.,0.,0.));
#4023=DIRECTION('center_axis',(0.,0.,-1.));
#4024=DIRECTION('ref_axis',(1.,0.,0.));
#4025=DIRECTION('center_axis',(0.,0.,-1.));
#4026=DIRECTION('ref_axis',(1.,0.,0.));
#4027=DIRECTION('center_axis',(0.,0.,-1.));
#4028=DIRECTION('ref_axis',(1.,0.,0.));
#4029=DIRECTION('center_axis',(0.,0.,-1.));
#4030=DIRECTION('ref_axis',(1.,0.,0.));
#4031=DIRECTION('center_axis',(0.,0.,-1.));
#4032=DIRECTION('ref_axis',(1.,0.,0.));
#4033=DIRECTION('center_axis',(0.,0.,-1.));
#4034=DIRECTION('ref_axis',(1.,0.,0.));
#4035=DIRECTION('center_axis',(0.,0.,-1.));
#4036=DIRECTION('ref_axis',(1.,0.,0.));
#4037=DIRECTION('center_axis',(0.,0.,-1.));
#4038=DIRECTION('ref_axis',(1.,0.,0.));
#4039=DIRECTION('center_axis',(0.,0.,-1.));
#4040=DIRECTION('ref_axis',(1.,0.,0.));
#4041=DIRECTION('center_axis',(0.,0.,-1.));
#4042=DIRECTION('ref_axis',(1.,0.,0.));
#4043=DIRECTION('center_axis',(0.,0.,-1.));
#4044=DIRECTION('ref_axis',(1.,0.,0.));
#4045=DIRECTION('center_axis',(0.,0.,-1.));
#4046=DIRECTION('ref_axis',(1.,0.,0.));
#4047=DIRECTION('center_axis',(0.,0.,-1.));
#4048=DIRECTION('ref_axis',(1.,0.,0.));
#4049=DIRECTION('center_axis',(0.,0.,-1.));
#4050=DIRECTION('ref_axis',(1.,0.,0.));
#4051=DIRECTION('center_axis',(0.,0.,-1.));
#4052=DIRECTION('ref_axis',(1.,0.,0.));
#4053=DIRECTION('center_axis',(0.,0.,-1.));
#4054=DIRECTION('ref_axis',(1.,0.,0.));
#4055=DIRECTION('center_axis',(0.,0.,-1.));
#4056=DIRECTION('ref_axis',(1.,0.,0.));
#4057=DIRECTION('center_axis',(0.,0.,-1.));
#4058=DIRECTION('ref_axis',(1.,0.,0.));
#4059=DIRECTION('center_axis',(0.,0.,-1.));
#4060=DIRECTION('ref_axis',(1.,0.,0.));
#4061=DIRECTION('center_axis',(0.,0.,-1.));
#4062=DIRECTION('ref_axis',(1.,0.,0.));
#4063=DIRECTION('center_axis',(0.,0.,-1.));
#4064=DIRECTION('ref_axis',(1.,0.,0.));
#4065=DIRECTION('center_axis',(0.,0.,-1.));
#4066=DIRECTION('ref_axis',(1.,0.,0.));
#4067=DIRECTION('center_axis',(0.,0.,-1.));
#4068=DIRECTION('ref_axis',(1.,0.,0.));
#4069=DIRECTION('center_axis',(0.,0.,-1.));
#4070=DIRECTION('ref_axis',(1.,0.,0.));
#4071=DIRECTION('center_axis',(0.,0.,-1.));
#4072=DIRECTION('ref_axis',(1.,0.,0.));
#4073=DIRECTION('center_axis',(0.,0.,-1.));
#4074=DIRECTION('ref_axis',(1.,0.,0.));
#4075=DIRECTION('center_axis',(0.,0.,-1.));
#4076=DIRECTION('ref_axis',(1.,0.,0.));
#4077=DIRECTION('center_axis',(0.,0.,-1.));
#4078=DIRECTION('ref_axis',(1.,0.,0.));
#4079=DIRECTION('center_axis',(0.,0.,-1.));
#4080=DIRECTION('ref_axis',(1.,0.,0.));
#4081=DIRECTION('center_axis',(0.,0.,-1.));
#4082=DIRECTION('ref_axis',(1.,0.,0.));
#4083=DIRECTION('center_axis',(0.,0.,-1.));
#4084=DIRECTION('ref_axis',(1.,0.,0.));
#4085=DIRECTION('center_axis',(0.,0.,-1.));
#4086=DIRECTION('ref_axis',(1.,0.,0.));
#4087=DIRECTION('center_axis',(0.,0.,-1.));
#4088=DIRECTION('ref_axis',(1.,0.,0.));
#4089=DIRECTION('center_axis',(0.,0.,-1.));
#4090=DIRECTION('ref_axis',(1.,0.,0.));
#4091=DIRECTION('center_axis',(0.,0.,-1.));
#4092=DIRECTION('ref_axis',(1.,0.,0.));
#4093=DIRECTION('center_axis',(0.,0.,-1.));
#4094=DIRECTION('ref_axis',(1.,0.,0.));
#4095=DIRECTION('center_axis',(0.,0.,-1.));
#4096=DIRECTION('ref_axis',(1.,0.,0.));
#4097=DIRECTION('center_axis',(0.,0.,-1.));
#4098=DIRECTION('ref_axis',(1.,0.,0.));
#4099=DIRECTION('center_axis',(0.,0.,-1.));
#4100=DIRECTION('ref_axis',(1.,0.,0.));
#4101=DIRECTION('center_axis',(0.,0.,-1.));
#4102=DIRECTION('ref_axis',(1.,0.,0.));
#4103=DIRECTION('center_axis',(0.,0.,-1.));
#4104=DIRECTION('ref_axis',(1.,0.,0.));
#4105=DIRECTION('center_axis',(0.,0.,-1.));
#4106=DIRECTION('ref_axis',(1.,0.,0.));
#4107=DIRECTION('center_axis',(0.,0.,-1.));
#4108=DIRECTION('ref_axis',(1.,0.,0.));
#4109=DIRECTION('center_axis',(0.,0.,-1.));
#4110=DIRECTION('ref_axis',(1.,0.,0.));
#4111=DIRECTION('center_axis',(0.,0.,-1.));
#4112=DIRECTION('ref_axis',(1.,0.,0.));
#4113=DIRECTION('center_axis',(0.,0.,-1.));
#4114=DIRECTION('ref_axis',(1.,0.,0.));
#4115=DIRECTION('center_axis',(0.,0.,-1.));
#4116=DIRECTION('ref_axis',(1.,0.,0.));
#4117=DIRECTION('center_axis',(0.,0.,-1.));
#4118=DIRECTION('ref_axis',(1.,0.,0.));
#4119=DIRECTION('center_axis',(0.,0.,-1.));
#4120=DIRECTION('ref_axis',(1.,0.,0.));
#4121=DIRECTION('center_axis',(0.,0.,-1.));
#4122=DIRECTION('ref_axis',(1.,0.,0.));
#4123=DIRECTION('center_axis',(0.,0.,-1.));
#4124=DIRECTION('ref_axis',(1.,0.,0.));
#4125=DIRECTION('center_axis',(0.,0.,-1.));
#4126=DIRECTION('ref_axis',(1.,0.,0.));
#4127=DIRECTION('center_axis',(0.,0.,-1.));
#4128=DIRECTION('ref_axis',(1.,0.,0.));
#4129=DIRECTION('center_axis',(0.,0.,-1.));
#4130=DIRECTION('ref_axis',(1.,0.,0.));
#4131=DIRECTION('center_axis',(0.,0.,-1.));
#4132=DIRECTION('ref_axis',(1.,0.,0.));
#4133=DIRECTION('center_axis',(0.,0.,-1.));
#4134=DIRECTION('ref_axis',(1.,0.,0.));
#4135=DIRECTION('center_axis',(0.,0.,-1.));
#4136=DIRECTION('ref_axis',(1.,0.,0.));
#4137=DIRECTION('center_axis',(0.,0.,-1.));
#4138=DIRECTION('ref_axis',(1.,0.,0.));
#4139=DIRECTION('center_axis',(0.,0.,-1.));
#4140=DIRECTION('ref_axis',(1.,0.,0.));
#4141=DIRECTION('center_axis',(0.,0.,-1.));
#4142=DIRECTION('ref_axis',(1.,0.,0.));
#4143=DIRECTION('center_axis',(0.,0.,-1.));
#4144=DIRECTION('ref_axis',(1.,0.,0.));
#4145=DIRECTION('center_axis',(0.,0.,-1.));
#4146=DIRECTION('ref_axis',(1.,0.,0.));
#4147=DIRECTION('center_axis',(0.,0.,-1.));
#4148=DIRECTION('ref_axis',(1.,0.,0.));
#4149=DIRECTION('center_axis',(0.,0.,-1.));
#4150=DIRECTION('ref_axis',(1.,0.,0.));
#4151=DIRECTION('center_axis',(0.,0.,-1.));
#4152=DIRECTION('ref_axis',(1.,0.,0.));
#4153=DIRECTION('center_axis',(0.,0.,-1.));
#4154=DIRECTION('ref_axis',(1.,0.,0.));
#4155=DIRECTION('center_axis',(0.,0.,-1.));
#4156=DIRECTION('ref_axis',(1.,0.,0.));
#4157=DIRECTION('center_axis',(0.,0.,-1.));
#4158=DIRECTION('ref_axis',(1.,0.,0.));
#4159=DIRECTION('center_axis',(0.,0.,-1.));
#4160=DIRECTION('ref_axis',(1.,0.,0.));
#4161=DIRECTION('center_axis',(0.,0.,-1.));
#4162=DIRECTION('ref_axis',(1.,0.,0.));
#4163=DIRECTION('center_axis',(0.,0.,-1.));
#4164=DIRECTION('ref_axis',(1.,0.,0.));
#4165=DIRECTION('center_axis',(0.,0.,-1.));
#4166=DIRECTION('ref_axis',(1.,0.,0.));
#4167=DIRECTION('center_axis',(0.,0.,-1.));
#4168=DIRECTION('ref_axis',(1.,0.,0.));
#4169=DIRECTION('center_axis',(0.,0.,-1.));
#4170=DIRECTION('ref_axis',(1.,0.,0.));
#4171=DIRECTION('center_axis',(0.,0.,-1.));
#4172=DIRECTION('ref_axis',(1.,0.,0.));
#4173=DIRECTION('center_axis',(0.,0.,-1.));
#4174=DIRECTION('ref_axis',(1.,0.,0.));
#4175=DIRECTION('center_axis',(0.,0.,-1.));
#4176=DIRECTION('ref_axis',(1.,0.,0.));
#4177=DIRECTION('center_axis',(0.,0.,-1.));
#4178=DIRECTION('ref_axis',(1.,0.,0.));
#4179=DIRECTION('center_axis',(0.,0.,-1.));
#4180=DIRECTION('ref_axis',(1.,0.,0.));
#4181=DIRECTION('center_axis',(0.,0.,-1.));
#4182=DIRECTION('ref_axis',(1.,0.,0.));
#4183=DIRECTION('center_axis',(0.,0.,-1.));
#4184=DIRECTION('ref_axis',(1.,0.,0.));
#4185=DIRECTION('center_axis',(0.,0.,-1.));
#4186=DIRECTION('ref_axis',(1.,0.,0.));
#4187=DIRECTION('center_axis',(0.,0.,-1.));
#4188=DIRECTION('ref_axis',(1.,0.,0.));
#4189=DIRECTION('center_axis',(0.,0.,-1.));
#4190=DIRECTION('ref_axis',(1.,0.,0.));
#4191=DIRECTION('center_axis',(0.,0.,-1.));
#4192=DIRECTION('ref_axis',(1.,0.,0.));
#4193=DIRECTION('center_axis',(0.,0.,-1.));
#4194=DIRECTION('ref_axis',(1.,0.,0.));
#4195=DIRECTION('center_axis',(0.,0.,-1.));
#4196=DIRECTION('ref_axis',(1.,0.,0.));
#4197=DIRECTION('center_axis',(0.,0.,-1.));
#4198=DIRECTION('ref_axis',(1.,0.,0.));
#4199=DIRECTION('center_axis',(0.,0.,-1.));
#4200=DIRECTION('ref_axis',(1.,0.,0.));
#4201=DIRECTION('center_axis',(0.,0.,-1.));
#4202=DIRECTION('ref_axis',(1.,0.,0.));
#4203=DIRECTION('center_axis',(0.,0.,-1.));
#4204=DIRECTION('ref_axis',(1.,0.,0.));
#4205=DIRECTION('center_axis',(0.,0.,-1.));
#4206=DIRECTION('ref_axis',(1.,0.,0.));
#4207=DIRECTION('center_axis',(0.,0.,-1.));
#4208=DIRECTION('ref_axis',(1.,0.,0.));
#4209=DIRECTION('center_axis',(0.,0.,-1.));
#4210=DIRECTION('ref_axis',(1.,0.,0.));
#4211=DIRECTION('center_axis',(0.,0.,-1.));
#4212=DIRECTION('ref_axis',(1.,0.,0.));
#4213=DIRECTION('center_axis',(0.,0.,-1.));
#4214=DIRECTION('ref_axis',(1.,0.,0.));
#4215=DIRECTION('center_axis',(0.,0.,-1.));
#4216=DIRECTION('ref_axis',(1.,0.,0.));
#4217=DIRECTION('center_axis',(0.,0.,-1.));
#4218=DIRECTION('ref_axis',(1.,0.,0.));
#4219=DIRECTION('center_axis',(0.,0.,-1.));
#4220=DIRECTION('ref_axis',(1.,0.,0.));
#4221=DIRECTION('center_axis',(0.,0.,-1.));
#4222=DIRECTION('ref_axis',(1.,0.,0.));
#4223=DIRECTION('center_axis',(0.,0.,-1.));
#4224=DIRECTION('ref_axis',(1.,0.,0.));
#4225=DIRECTION('center_axis',(0.,0.,-1.));
#4226=DIRECTION('ref_axis',(1.,0.,0.));
#4227=DIRECTION('center_axis',(0.,0.,-1.));
#4228=DIRECTION('ref_axis',(1.,0.,0.));
#4229=DIRECTION('center_axis',(0.,0.,-1.));
#4230=DIRECTION('ref_axis',(1.,0.,0.));
#4231=DIRECTION('center_axis',(0.,0.,-1.));
#4232=DIRECTION('ref_axis',(1.,0.,0.));
#4233=DIRECTION('center_axis',(0.,0.,-1.));
#4234=DIRECTION('ref_axis',(1.,0.,0.));
#4235=DIRECTION('center_axis',(0.,0.,-1.));
#4236=DIRECTION('ref_axis',(1.,0.,0.));
#4237=DIRECTION('center_axis',(0.,0.,-1.));
#4238=DIRECTION('ref_axis',(1.,0.,0.));
#4239=DIRECTION('center_axis',(0.,0.,-1.));
#4240=DIRECTION('ref_axis',(1.,0.,0.));
#4241=DIRECTION('center_axis',(0.,0.,-1.));
#4242=DIRECTION('ref_axis',(1.,0.,0.));
#4243=DIRECTION('center_axis',(0.,0.,-1.));
#4244=DIRECTION('ref_axis',(1.,0.,0.));
#4245=DIRECTION('center_axis',(0.,0.,-1.));
#4246=DIRECTION('ref_axis',(1.,0.,0.));
#4247=DIRECTION('center_axis',(0.,0.,-1.));
#4248=DIRECTION('ref_axis',(1.,0.,0.));
#4249=DIRECTION('center_axis',(0.,0.,-1.));
#4250=DIRECTION('ref_axis',(1.,0.,0.));
#4251=DIRECTION('center_axis',(0.,0.,-1.));
#4252=DIRECTION('ref_axis',(-1.,0.,0.));
#4253=DIRECTION('center_axis',(0.,0.,-1.));
#4254=DIRECTION('ref_axis',(-1.,0.,0.));
#4255=DIRECTION('center_axis',(0.,0.,-1.));
#4256=DIRECTION('ref_axis',(-1.,0.,0.));
#4257=DIRECTION('center_axis',(0.,0.,-1.));
#4258=DIRECTION('ref_axis',(-1.,0.,0.));
#4259=DIRECTION('center_axis',(0.,0.,-1.));
#4260=DIRECTION('ref_axis',(-1.,0.,0.));
#4261=DIRECTION('center_axis',(0.,0.,-1.));
#4262=DIRECTION('ref_axis',(-1.,0.,0.));
#4263=DIRECTION('center_axis',(0.,0.,-1.));
#4264=DIRECTION('ref_axis',(1.,0.,0.));
#4265=DIRECTION('center_axis',(0.,0.,-1.));
#4266=DIRECTION('ref_axis',(1.,0.,0.));
#4267=DIRECTION('center_axis',(0.,0.,-1.));
#4268=DIRECTION('ref_axis',(1.,0.,0.));
#4269=DIRECTION('center_axis',(0.,0.,-1.));
#4270=DIRECTION('ref_axis',(1.,0.,0.));
#4271=DIRECTION('center_axis',(0.,0.,-1.));
#4272=DIRECTION('ref_axis',(1.,0.,0.));
#4273=DIRECTION('center_axis',(0.,0.,-1.));
#4274=DIRECTION('ref_axis',(1.,0.,0.));
#4275=DIRECTION('center_axis',(0.,0.,-1.));
#4276=DIRECTION('ref_axis',(0.707106781186546,0.707106781186549,0.));
#4277=DIRECTION('center_axis',(0.,0.,1.));
#4278=DIRECTION('ref_axis',(0.707106781186546,0.707106781186549,0.));
#4279=DIRECTION('',(0.,0.,-1.));
#4280=DIRECTION('center_axis',(1.,7.40148683083438E-17,0.));
#4281=DIRECTION('ref_axis',(0.,-1.,0.));
#4282=DIRECTION('',(0.,0.,1.));
#4283=DIRECTION('',(7.40148683083438E-17,-1.,0.));
#4284=DIRECTION('center_axis',(0.,0.,-1.));
#4285=DIRECTION('ref_axis',(0.707106781186549,-0.707106781186546,0.));
#4286=DIRECTION('center_axis',(0.,0.,1.));
#4287=DIRECTION('ref_axis',(0.707106781186549,-0.707106781186546,0.));
#4288=DIRECTION('',(0.,0.,-1.));
#4289=DIRECTION('center_axis',(0.,-1.,0.));
#4290=DIRECTION('ref_axis',(-1.,0.,0.));
#4291=DIRECTION('',(-1.,0.,0.));
#4292=DIRECTION('center_axis',(0.,0.,-1.));
#4293=DIRECTION('ref_axis',(0.707106781186546,-0.707106781186549,0.));
#4294=DIRECTION('center_axis',(0.,0.,1.));
#4295=DIRECTION('ref_axis',(0.707106781186546,-0.707106781186549,0.));
#4296=DIRECTION('',(0.,0.,-1.));
#4297=DIRECTION('center_axis',(0.,-1.,0.));
#4298=DIRECTION('ref_axis',(-1.,0.,0.));
#4299=DIRECTION('',(0.,0.,1.));
#4300=DIRECTION('',(-1.,0.,0.));
#4301=DIRECTION('center_axis',(0.,0.,-1.));
#4302=DIRECTION('ref_axis',(-0.707106781186549,-0.707106781186546,0.));
#4303=DIRECTION('center_axis',(0.,0.,1.));
#4304=DIRECTION('ref_axis',(-0.707106781186549,-0.707106781186546,0.));
#4305=DIRECTION('',(0.,0.,-1.));
#4306=DIRECTION('center_axis',(-1.,2.24539488126436E-15,0.));
#4307=DIRECTION('ref_axis',(2.30926389122033E-15,1.,0.));
#4308=DIRECTION('',(2.24539488126436E-15,1.,0.));
#4309=DIRECTION('center_axis',(0.,0.,-1.));
#4310=DIRECTION('ref_axis',(-0.707106781186549,-0.707106781186546,0.));
#4311=DIRECTION('center_axis',(0.,0.,1.));
#4312=DIRECTION('ref_axis',(-0.707106781186549,-0.707106781186546,0.));
#4313=DIRECTION('',(0.,0.,-1.));
#4314=DIRECTION('center_axis',(-1.,-2.22044604925031E-16,0.));
#4315=DIRECTION('ref_axis',(-1.77635683940025E-16,1.,0.));
#4316=DIRECTION('',(0.,0.,1.));
#4317=DIRECTION('',(-2.22044604925031E-16,1.,0.));
#4318=DIRECTION('center_axis',(0.,0.,-1.));
#4319=DIRECTION('ref_axis',(-0.707106781186546,0.707106781186549,0.));
#4320=DIRECTION('center_axis',(0.,0.,1.));
#4321=DIRECTION('ref_axis',(-0.707106781186546,0.707106781186549,0.));
#4322=DIRECTION('',(0.,0.,-1.));
#4323=DIRECTION('center_axis',(0.,1.,0.));
#4324=DIRECTION('ref_axis',(1.,0.,0.));
#4325=DIRECTION('',(1.,0.,0.));
#4326=DIRECTION('center_axis',(0.,0.,-1.));
#4327=DIRECTION('ref_axis',(-0.707106781186546,0.707106781186549,0.));
#4328=DIRECTION('center_axis',(0.,0.,1.));
#4329=DIRECTION('ref_axis',(-0.707106781186546,0.707106781186549,0.));
#4330=DIRECTION('',(0.,0.,-1.));
#4331=DIRECTION('center_axis',(0.,0.,1.));
#4332=DIRECTION('ref_axis',(1.,0.,0.));
#4333=DIRECTION('center_axis',(0.,0.,1.));
#4334=DIRECTION('ref_axis',(1.,0.,0.));
#4335=DIRECTION('center_axis',(0.,0.,1.));
#4336=DIRECTION('ref_axis',(1.,0.,0.));
#4337=DIRECTION('center_axis',(0.,0.,1.));
#4338=DIRECTION('ref_axis',(1.,0.,0.));
#4339=DIRECTION('center_axis',(0.,0.,1.));
#4340=DIRECTION('ref_axis',(1.,0.,0.));
#4341=DIRECTION('center_axis',(0.,0.,1.));
#4342=DIRECTION('ref_axis',(1.,0.,0.));
#4343=DIRECTION('center_axis',(0.,0.,1.));
#4344=DIRECTION('ref_axis',(1.,0.,0.));
#4345=DIRECTION('center_axis',(0.,0.,1.));
#4346=DIRECTION('ref_axis',(1.,0.,0.));
#4347=DIRECTION('center_axis',(0.,0.,1.));
#4348=DIRECTION('ref_axis',(1.,0.,0.));
#4349=DIRECTION('center_axis',(0.,0.,1.));
#4350=DIRECTION('ref_axis',(1.,0.,0.));
#4351=DIRECTION('center_axis',(0.,0.,1.));
#4352=DIRECTION('ref_axis',(1.,0.,0.));
#4353=DIRECTION('center_axis',(0.,0.,1.));
#4354=DIRECTION('ref_axis',(1.,0.,0.));
#4355=DIRECTION('center_axis',(0.,0.,1.));
#4356=DIRECTION('ref_axis',(1.,0.,0.));
#4357=DIRECTION('center_axis',(0.,0.,1.));
#4358=DIRECTION('ref_axis',(1.,0.,0.));
#4359=DIRECTION('center_axis',(0.,0.,1.));
#4360=DIRECTION('ref_axis',(1.,0.,0.));
#4361=DIRECTION('center_axis',(0.,0.,1.));
#4362=DIRECTION('ref_axis',(1.,0.,0.));
#4363=DIRECTION('center_axis',(0.,0.,1.));
#4364=DIRECTION('ref_axis',(1.,0.,0.));
#4365=DIRECTION('center_axis',(0.,0.,1.));
#4366=DIRECTION('ref_axis',(1.,0.,0.));
#4367=DIRECTION('center_axis',(0.,0.,1.));
#4368=DIRECTION('ref_axis',(1.,0.,0.));
#4369=DIRECTION('center_axis',(0.,0.,1.));
#4370=DIRECTION('ref_axis',(1.,0.,0.));
#4371=DIRECTION('center_axis',(0.,0.,1.));
#4372=DIRECTION('ref_axis',(1.,0.,0.));
#4373=DIRECTION('center_axis',(0.,0.,1.));
#4374=DIRECTION('ref_axis',(1.,0.,0.));
#4375=DIRECTION('center_axis',(0.,0.,1.));
#4376=DIRECTION('ref_axis',(1.,0.,0.));
#4377=DIRECTION('center_axis',(0.,0.,1.));
#4378=DIRECTION('ref_axis',(1.,0.,0.));
#4379=DIRECTION('center_axis',(0.,0.,1.));
#4380=DIRECTION('ref_axis',(1.,0.,0.));
#4381=DIRECTION('center_axis',(0.,0.,1.));
#4382=DIRECTION('ref_axis',(1.,0.,0.));
#4383=DIRECTION('center_axis',(0.,0.,1.));
#4384=DIRECTION('ref_axis',(1.,0.,0.));
#4385=DIRECTION('center_axis',(0.,0.,1.));
#4386=DIRECTION('ref_axis',(1.,0.,0.));
#4387=DIRECTION('center_axis',(0.,0.,1.));
#4388=DIRECTION('ref_axis',(1.,0.,0.));
#4389=DIRECTION('center_axis',(0.,0.,1.));
#4390=DIRECTION('ref_axis',(1.,0.,0.));
#4391=DIRECTION('center_axis',(0.,0.,1.));
#4392=DIRECTION('ref_axis',(1.,0.,0.));
#4393=DIRECTION('center_axis',(0.,0.,1.));
#4394=DIRECTION('ref_axis',(1.,0.,0.));
#4395=DIRECTION('center_axis',(0.,0.,1.));
#4396=DIRECTION('ref_axis',(1.,0.,0.));
#4397=DIRECTION('center_axis',(0.,0.,1.));
#4398=DIRECTION('ref_axis',(1.,0.,0.));
#4399=DIRECTION('center_axis',(0.,0.,1.));
#4400=DIRECTION('ref_axis',(1.,0.,0.));
#4401=DIRECTION('center_axis',(0.,0.,1.));
#4402=DIRECTION('ref_axis',(1.,0.,0.));
#4403=DIRECTION('center_axis',(0.,0.,1.));
#4404=DIRECTION('ref_axis',(1.,0.,0.));
#4405=DIRECTION('center_axis',(0.,0.,1.));
#4406=DIRECTION('ref_axis',(1.,0.,0.));
#4407=DIRECTION('center_axis',(0.,0.,1.));
#4408=DIRECTION('ref_axis',(1.,0.,0.));
#4409=DIRECTION('center_axis',(0.,0.,1.));
#4410=DIRECTION('ref_axis',(1.,0.,0.));
#4411=DIRECTION('center_axis',(0.,0.,1.));
#4412=DIRECTION('ref_axis',(1.,0.,0.));
#4413=DIRECTION('center_axis',(0.,0.,1.));
#4414=DIRECTION('ref_axis',(1.,0.,0.));
#4415=DIRECTION('center_axis',(0.,0.,1.));
#4416=DIRECTION('ref_axis',(1.,0.,0.));
#4417=DIRECTION('center_axis',(0.,0.,1.));
#4418=DIRECTION('ref_axis',(1.,0.,0.));
#4419=DIRECTION('center_axis',(0.,0.,1.));
#4420=DIRECTION('ref_axis',(1.,0.,0.));
#4421=DIRECTION('center_axis',(0.,0.,1.));
#4422=DIRECTION('ref_axis',(1.,0.,0.));
#4423=DIRECTION('center_axis',(0.,0.,1.));
#4424=DIRECTION('ref_axis',(1.,0.,0.));
#4425=DIRECTION('center_axis',(0.,0.,1.));
#4426=DIRECTION('ref_axis',(1.,0.,0.));
#4427=DIRECTION('center_axis',(0.,0.,1.));
#4428=DIRECTION('ref_axis',(1.,0.,0.));
#4429=DIRECTION('center_axis',(0.,0.,1.));
#4430=DIRECTION('ref_axis',(1.,0.,0.));
#4431=DIRECTION('center_axis',(0.,0.,1.));
#4432=DIRECTION('ref_axis',(1.,0.,0.));
#4433=DIRECTION('center_axis',(0.,0.,1.));
#4434=DIRECTION('ref_axis',(1.,0.,0.));
#4435=DIRECTION('center_axis',(0.,0.,1.));
#4436=DIRECTION('ref_axis',(1.,0.,0.));
#4437=DIRECTION('center_axis',(0.,0.,1.));
#4438=DIRECTION('ref_axis',(1.,0.,0.));
#4439=DIRECTION('center_axis',(0.,0.,1.));
#4440=DIRECTION('ref_axis',(1.,0.,0.));
#4441=DIRECTION('center_axis',(0.,0.,1.));
#4442=DIRECTION('ref_axis',(1.,0.,0.));
#4443=DIRECTION('center_axis',(0.,0.,1.));
#4444=DIRECTION('ref_axis',(1.,0.,0.));
#4445=DIRECTION('center_axis',(0.,0.,1.));
#4446=DIRECTION('ref_axis',(1.,0.,0.));
#4447=DIRECTION('center_axis',(0.,0.,1.));
#4448=DIRECTION('ref_axis',(1.,0.,0.));
#4449=DIRECTION('center_axis',(0.,0.,1.));
#4450=DIRECTION('ref_axis',(1.,0.,0.));
#4451=DIRECTION('center_axis',(0.,0.,1.));
#4452=DIRECTION('ref_axis',(1.,0.,0.));
#4453=DIRECTION('center_axis',(0.,0.,1.));
#4454=DIRECTION('ref_axis',(1.,0.,0.));
#4455=DIRECTION('center_axis',(0.,0.,1.));
#4456=DIRECTION('ref_axis',(1.,0.,0.));
#4457=DIRECTION('center_axis',(0.,0.,1.));
#4458=DIRECTION('ref_axis',(1.,0.,0.));
#4459=DIRECTION('center_axis',(0.,0.,1.));
#4460=DIRECTION('ref_axis',(1.,0.,0.));
#4461=DIRECTION('center_axis',(0.,0.,1.));
#4462=DIRECTION('ref_axis',(1.,0.,0.));
#4463=DIRECTION('center_axis',(0.,0.,1.));
#4464=DIRECTION('ref_axis',(1.,0.,0.));
#4465=DIRECTION('center_axis',(0.,0.,1.));
#4466=DIRECTION('ref_axis',(1.,0.,0.));
#4467=DIRECTION('center_axis',(0.,0.,1.));
#4468=DIRECTION('ref_axis',(1.,0.,0.));
#4469=DIRECTION('center_axis',(0.,0.,1.));
#4470=DIRECTION('ref_axis',(1.,0.,0.));
#4471=DIRECTION('center_axis',(0.,0.,1.));
#4472=DIRECTION('ref_axis',(1.,0.,0.));
#4473=DIRECTION('center_axis',(0.,0.,1.));
#4474=DIRECTION('ref_axis',(1.,0.,0.));
#4475=DIRECTION('center_axis',(0.,0.,1.));
#4476=DIRECTION('ref_axis',(1.,0.,0.));
#4477=DIRECTION('center_axis',(0.,0.,1.));
#4478=DIRECTION('ref_axis',(1.,0.,0.));
#4479=DIRECTION('center_axis',(0.,0.,1.));
#4480=DIRECTION('ref_axis',(1.,0.,0.));
#4481=DIRECTION('center_axis',(0.,0.,1.));
#4482=DIRECTION('ref_axis',(1.,0.,0.));
#4483=DIRECTION('center_axis',(0.,0.,1.));
#4484=DIRECTION('ref_axis',(1.,0.,0.));
#4485=DIRECTION('center_axis',(0.,0.,1.));
#4486=DIRECTION('ref_axis',(1.,0.,0.));
#4487=DIRECTION('center_axis',(0.,0.,1.));
#4488=DIRECTION('ref_axis',(1.,0.,0.));
#4489=DIRECTION('center_axis',(0.,0.,1.));
#4490=DIRECTION('ref_axis',(1.,0.,0.));
#4491=DIRECTION('center_axis',(0.,0.,1.));
#4492=DIRECTION('ref_axis',(1.,0.,0.));
#4493=DIRECTION('center_axis',(0.,0.,1.));
#4494=DIRECTION('ref_axis',(1.,0.,0.));
#4495=DIRECTION('center_axis',(0.,0.,1.));
#4496=DIRECTION('ref_axis',(1.,0.,0.));
#4497=DIRECTION('center_axis',(0.,0.,1.));
#4498=DIRECTION('ref_axis',(1.,0.,0.));
#4499=DIRECTION('center_axis',(0.,0.,1.));
#4500=DIRECTION('ref_axis',(1.,0.,0.));
#4501=DIRECTION('center_axis',(0.,0.,1.));
#4502=DIRECTION('ref_axis',(1.,0.,0.));
#4503=DIRECTION('center_axis',(0.,0.,1.));
#4504=DIRECTION('ref_axis',(1.,0.,0.));
#4505=DIRECTION('center_axis',(0.,0.,1.));
#4506=DIRECTION('ref_axis',(1.,0.,0.));
#4507=DIRECTION('center_axis',(0.,0.,1.));
#4508=DIRECTION('ref_axis',(1.,0.,0.));
#4509=DIRECTION('center_axis',(0.,0.,1.));
#4510=DIRECTION('ref_axis',(1.,0.,0.));
#4511=DIRECTION('center_axis',(0.,0.,1.));
#4512=DIRECTION('ref_axis',(1.,0.,0.));
#4513=DIRECTION('center_axis',(0.,0.,1.));
#4514=DIRECTION('ref_axis',(1.,0.,0.));
#4515=DIRECTION('center_axis',(0.,0.,1.));
#4516=DIRECTION('ref_axis',(1.,0.,0.));
#4517=DIRECTION('center_axis',(0.,0.,1.));
#4518=DIRECTION('ref_axis',(1.,0.,0.));
#4519=DIRECTION('center_axis',(0.,0.,1.));
#4520=DIRECTION('ref_axis',(1.,0.,0.));
#4521=DIRECTION('center_axis',(0.,0.,1.));
#4522=DIRECTION('ref_axis',(1.,0.,0.));
#4523=DIRECTION('center_axis',(0.,0.,1.));
#4524=DIRECTION('ref_axis',(1.,0.,0.));
#4525=DIRECTION('center_axis',(0.,0.,1.));
#4526=DIRECTION('ref_axis',(1.,0.,0.));
#4527=DIRECTION('center_axis',(0.,0.,1.));
#4528=DIRECTION('ref_axis',(1.,0.,0.));
#4529=DIRECTION('center_axis',(0.,0.,1.));
#4530=DIRECTION('ref_axis',(1.,0.,0.));
#4531=DIRECTION('center_axis',(0.,0.,1.));
#4532=DIRECTION('ref_axis',(1.,0.,0.));
#4533=DIRECTION('center_axis',(0.,0.,1.));
#4534=DIRECTION('ref_axis',(1.,0.,0.));
#4535=DIRECTION('center_axis',(0.,0.,1.));
#4536=DIRECTION('ref_axis',(1.,0.,0.));
#4537=DIRECTION('center_axis',(0.,0.,1.));
#4538=DIRECTION('ref_axis',(1.,0.,0.));
#4539=DIRECTION('center_axis',(0.,0.,1.));
#4540=DIRECTION('ref_axis',(1.,0.,0.));
#4541=DIRECTION('center_axis',(0.,0.,1.));
#4542=DIRECTION('ref_axis',(1.,0.,0.));
#4543=DIRECTION('center_axis',(0.,0.,1.));
#4544=DIRECTION('ref_axis',(1.,0.,0.));
#4545=DIRECTION('center_axis',(0.,0.,1.));
#4546=DIRECTION('ref_axis',(1.,0.,0.));
#4547=DIRECTION('center_axis',(0.,0.,1.));
#4548=DIRECTION('ref_axis',(1.,0.,0.));
#4549=DIRECTION('center_axis',(0.,0.,1.));
#4550=DIRECTION('ref_axis',(1.,0.,0.));
#4551=DIRECTION('center_axis',(0.,0.,1.));
#4552=DIRECTION('ref_axis',(1.,0.,0.));
#4553=DIRECTION('center_axis',(0.,0.,1.));
#4554=DIRECTION('ref_axis',(1.,0.,0.));
#4555=DIRECTION('center_axis',(0.,0.,1.));
#4556=DIRECTION('ref_axis',(1.,0.,0.));
#4557=DIRECTION('center_axis',(0.,0.,1.));
#4558=DIRECTION('ref_axis',(1.,0.,0.));
#4559=DIRECTION('center_axis',(0.,0.,1.));
#4560=DIRECTION('ref_axis',(1.,0.,0.));
#4561=DIRECTION('center_axis',(0.,0.,1.));
#4562=DIRECTION('ref_axis',(1.,0.,0.));
#4563=DIRECTION('center_axis',(0.,0.,1.));
#4564=DIRECTION('ref_axis',(1.,0.,0.));
#4565=DIRECTION('center_axis',(0.,0.,1.));
#4566=DIRECTION('ref_axis',(1.,0.,0.));
#4567=DIRECTION('center_axis',(0.,0.,1.));
#4568=DIRECTION('ref_axis',(1.,0.,0.));
#4569=DIRECTION('center_axis',(0.,0.,1.));
#4570=DIRECTION('ref_axis',(1.,0.,0.));
#4571=DIRECTION('center_axis',(0.,0.,1.));
#4572=DIRECTION('ref_axis',(1.,0.,0.));
#4573=DIRECTION('center_axis',(0.,0.,1.));
#4574=DIRECTION('ref_axis',(1.,0.,0.));
#4575=DIRECTION('center_axis',(0.,0.,1.));
#4576=DIRECTION('ref_axis',(1.,0.,0.));
#4577=DIRECTION('center_axis',(0.,0.,1.));
#4578=DIRECTION('ref_axis',(1.,0.,0.));
#4579=DIRECTION('center_axis',(0.,0.,1.));
#4580=DIRECTION('ref_axis',(1.,0.,0.));
#4581=DIRECTION('center_axis',(0.,0.,1.));
#4582=DIRECTION('ref_axis',(1.,0.,0.));
#4583=DIRECTION('center_axis',(0.,0.,1.));
#4584=DIRECTION('ref_axis',(1.,0.,0.));
#4585=DIRECTION('center_axis',(0.,0.,1.));
#4586=DIRECTION('ref_axis',(1.,0.,0.));
#4587=DIRECTION('center_axis',(0.,0.,1.));
#4588=DIRECTION('ref_axis',(1.,0.,0.));
#4589=DIRECTION('center_axis',(0.,0.,1.));
#4590=DIRECTION('ref_axis',(1.,0.,0.));
#4591=DIRECTION('center_axis',(0.,0.,1.));
#4592=DIRECTION('ref_axis',(1.,0.,0.));
#4593=DIRECTION('center_axis',(0.,0.,1.));
#4594=DIRECTION('ref_axis',(1.,0.,0.));
#4595=DIRECTION('center_axis',(0.,0.,1.));
#4596=DIRECTION('ref_axis',(1.,0.,0.));
#4597=DIRECTION('center_axis',(0.,0.,1.));
#4598=DIRECTION('ref_axis',(1.,0.,0.));
#4599=DIRECTION('center_axis',(0.,0.,1.));
#4600=DIRECTION('ref_axis',(1.,0.,0.));
#4601=DIRECTION('center_axis',(0.,0.,1.));
#4602=DIRECTION('ref_axis',(1.,0.,0.));
#4603=DIRECTION('center_axis',(0.,0.,1.));
#4604=DIRECTION('ref_axis',(1.,0.,0.));
#4605=DIRECTION('center_axis',(0.,0.,1.));
#4606=DIRECTION('ref_axis',(1.,0.,0.));
#4607=DIRECTION('center_axis',(0.,0.,1.));
#4608=DIRECTION('ref_axis',(1.,0.,0.));
#4609=DIRECTION('center_axis',(0.,0.,1.));
#4610=DIRECTION('ref_axis',(1.,0.,0.));
#4611=DIRECTION('center_axis',(0.,0.,1.));
#4612=DIRECTION('ref_axis',(1.,0.,0.));
#4613=DIRECTION('center_axis',(0.,0.,1.));
#4614=DIRECTION('ref_axis',(1.,0.,0.));
#4615=DIRECTION('center_axis',(0.,0.,1.));
#4616=DIRECTION('ref_axis',(1.,0.,0.));
#4617=DIRECTION('center_axis',(0.,0.,1.));
#4618=DIRECTION('ref_axis',(1.,0.,0.));
#4619=DIRECTION('center_axis',(0.,0.,1.));
#4620=DIRECTION('ref_axis',(1.,0.,0.));
#4621=DIRECTION('center_axis',(0.,0.,1.));
#4622=DIRECTION('ref_axis',(1.,0.,0.));
#4623=DIRECTION('center_axis',(0.,0.,1.));
#4624=DIRECTION('ref_axis',(1.,0.,0.));
#4625=DIRECTION('center_axis',(0.,0.,1.));
#4626=DIRECTION('ref_axis',(1.,0.,0.));
#4627=DIRECTION('center_axis',(0.,0.,1.));
#4628=DIRECTION('ref_axis',(1.,0.,0.));
#4629=DIRECTION('center_axis',(0.,0.,1.));
#4630=DIRECTION('ref_axis',(1.,0.,0.));
#4631=DIRECTION('center_axis',(0.,0.,1.));
#4632=DIRECTION('ref_axis',(1.,0.,0.));
#4633=DIRECTION('center_axis',(0.,0.,1.));
#4634=DIRECTION('ref_axis',(1.,0.,0.));
#4635=DIRECTION('center_axis',(0.,0.,1.));
#4636=DIRECTION('ref_axis',(1.,0.,0.));
#4637=DIRECTION('center_axis',(0.,0.,1.));
#4638=DIRECTION('ref_axis',(1.,0.,0.));
#4639=DIRECTION('center_axis',(0.,0.,1.));
#4640=DIRECTION('ref_axis',(1.,0.,0.));
#4641=DIRECTION('center_axis',(0.,0.,1.));
#4642=DIRECTION('ref_axis',(1.,0.,0.));
#4643=DIRECTION('center_axis',(0.,0.,1.));
#4644=DIRECTION('ref_axis',(1.,0.,0.));
#4645=DIRECTION('center_axis',(0.,0.,1.));
#4646=DIRECTION('ref_axis',(1.,0.,0.));
#4647=DIRECTION('center_axis',(0.,0.,1.));
#4648=DIRECTION('ref_axis',(1.,0.,0.));
#4649=DIRECTION('center_axis',(0.,0.,1.));
#4650=DIRECTION('ref_axis',(1.,0.,0.));
#4651=DIRECTION('center_axis',(0.,0.,1.));
#4652=DIRECTION('ref_axis',(1.,0.,0.));
#4653=DIRECTION('center_axis',(0.,0.,1.));
#4654=DIRECTION('ref_axis',(1.,0.,0.));
#4655=DIRECTION('center_axis',(0.,0.,1.));
#4656=DIRECTION('ref_axis',(1.,0.,0.));
#4657=DIRECTION('center_axis',(0.,0.,1.));
#4658=DIRECTION('ref_axis',(1.,0.,0.));
#4659=DIRECTION('center_axis',(0.,0.,1.));
#4660=DIRECTION('ref_axis',(1.,0.,0.));
#4661=DIRECTION('center_axis',(0.,0.,1.));
#4662=DIRECTION('ref_axis',(1.,0.,0.));
#4663=DIRECTION('center_axis',(0.,0.,1.));
#4664=DIRECTION('ref_axis',(1.,0.,0.));
#4665=DIRECTION('center_axis',(0.,0.,1.));
#4666=DIRECTION('ref_axis',(1.,0.,0.));
#4667=DIRECTION('center_axis',(0.,0.,1.));
#4668=DIRECTION('ref_axis',(1.,0.,0.));
#4669=DIRECTION('center_axis',(0.,0.,1.));
#4670=DIRECTION('ref_axis',(1.,0.,0.));
#4671=DIRECTION('center_axis',(0.,0.,1.));
#4672=DIRECTION('ref_axis',(1.,0.,0.));
#4673=DIRECTION('center_axis',(0.,0.,1.));
#4674=DIRECTION('ref_axis',(1.,0.,0.));
#4675=DIRECTION('center_axis',(0.,0.,1.));
#4676=DIRECTION('ref_axis',(1.,0.,0.));
#4677=DIRECTION('center_axis',(0.,0.,1.));
#4678=DIRECTION('ref_axis',(1.,0.,0.));
#4679=DIRECTION('center_axis',(0.,0.,1.));
#4680=DIRECTION('ref_axis',(1.,0.,0.));
#4681=DIRECTION('center_axis',(0.,0.,1.));
#4682=DIRECTION('ref_axis',(1.,0.,0.));
#4683=DIRECTION('center_axis',(0.,0.,1.));
#4684=DIRECTION('ref_axis',(1.,0.,0.));
#4685=DIRECTION('center_axis',(0.,0.,1.));
#4686=DIRECTION('ref_axis',(1.,0.,0.));
#4687=DIRECTION('center_axis',(0.,0.,1.));
#4688=DIRECTION('ref_axis',(1.,0.,0.));
#4689=DIRECTION('center_axis',(0.,0.,1.));
#4690=DIRECTION('ref_axis',(1.,0.,0.));
#4691=DIRECTION('center_axis',(0.,0.,1.));
#4692=DIRECTION('ref_axis',(1.,0.,0.));
#4693=DIRECTION('center_axis',(0.,0.,1.));
#4694=DIRECTION('ref_axis',(1.,0.,0.));
#4695=DIRECTION('center_axis',(0.,0.,1.));
#4696=DIRECTION('ref_axis',(1.,0.,0.));
#4697=DIRECTION('center_axis',(0.,0.,1.));
#4698=DIRECTION('ref_axis',(1.,0.,0.));
#4699=DIRECTION('center_axis',(0.,0.,1.));
#4700=DIRECTION('ref_axis',(1.,0.,0.));
#4701=DIRECTION('center_axis',(0.,0.,1.));
#4702=DIRECTION('ref_axis',(1.,0.,0.));
#4703=DIRECTION('center_axis',(0.,0.,1.));
#4704=DIRECTION('ref_axis',(1.,0.,0.));
#4705=DIRECTION('center_axis',(0.,0.,1.));
#4706=DIRECTION('ref_axis',(1.,0.,0.));
#4707=DIRECTION('center_axis',(0.,0.,1.));
#4708=DIRECTION('ref_axis',(1.,0.,0.));
#4709=DIRECTION('center_axis',(0.,0.,1.));
#4710=DIRECTION('ref_axis',(1.,0.,0.));
#4711=DIRECTION('center_axis',(0.,0.,1.));
#4712=DIRECTION('ref_axis',(1.,0.,0.));
#4713=DIRECTION('center_axis',(0.,0.,1.));
#4714=DIRECTION('ref_axis',(1.,0.,0.));
#4715=DIRECTION('center_axis',(0.,0.,1.));
#4716=DIRECTION('ref_axis',(1.,0.,0.));
#4717=DIRECTION('center_axis',(0.,0.,1.));
#4718=DIRECTION('ref_axis',(1.,0.,0.));
#4719=DIRECTION('center_axis',(0.,0.,1.));
#4720=DIRECTION('ref_axis',(1.,0.,0.));
#4721=DIRECTION('center_axis',(0.,0.,1.));
#4722=DIRECTION('ref_axis',(1.,0.,0.));
#4723=DIRECTION('center_axis',(0.,0.,1.));
#4724=DIRECTION('ref_axis',(1.,0.,0.));
#4725=DIRECTION('center_axis',(0.,0.,1.));
#4726=DIRECTION('ref_axis',(1.,0.,0.));
#4727=DIRECTION('center_axis',(0.,0.,1.));
#4728=DIRECTION('ref_axis',(1.,0.,0.));
#4729=DIRECTION('center_axis',(0.,0.,1.));
#4730=DIRECTION('ref_axis',(1.,0.,0.));
#4731=DIRECTION('center_axis',(0.,0.,1.));
#4732=DIRECTION('ref_axis',(1.,0.,0.));
#4733=DIRECTION('center_axis',(0.,0.,1.));
#4734=DIRECTION('ref_axis',(1.,0.,0.));
#4735=DIRECTION('center_axis',(0.,0.,1.));
#4736=DIRECTION('ref_axis',(1.,0.,0.));
#4737=DIRECTION('center_axis',(0.,0.,1.));
#4738=DIRECTION('ref_axis',(1.,0.,0.));
#4739=DIRECTION('center_axis',(0.,0.,1.));
#4740=DIRECTION('ref_axis',(1.,0.,0.));
#4741=DIRECTION('center_axis',(0.,0.,1.));
#4742=DIRECTION('ref_axis',(1.,0.,0.));
#4743=DIRECTION('center_axis',(0.,0.,1.));
#4744=DIRECTION('ref_axis',(1.,0.,0.));
#4745=DIRECTION('center_axis',(0.,0.,1.));
#4746=DIRECTION('ref_axis',(1.,0.,0.));
#4747=DIRECTION('center_axis',(0.,0.,1.));
#4748=DIRECTION('ref_axis',(1.,0.,0.));
#4749=DIRECTION('center_axis',(0.,0.,1.));
#4750=DIRECTION('ref_axis',(1.,0.,0.));
#4751=DIRECTION('center_axis',(0.,0.,1.));
#4752=DIRECTION('ref_axis',(1.,0.,0.));
#4753=DIRECTION('center_axis',(0.,0.,1.));
#4754=DIRECTION('ref_axis',(1.,0.,0.));
#4755=DIRECTION('center_axis',(0.,0.,1.));
#4756=DIRECTION('ref_axis',(1.,0.,0.));
#4757=DIRECTION('center_axis',(0.,0.,1.));
#4758=DIRECTION('ref_axis',(1.,0.,0.));
#4759=DIRECTION('center_axis',(0.,0.,1.));
#4760=DIRECTION('ref_axis',(1.,0.,0.));
#4761=DIRECTION('center_axis',(0.,0.,1.));
#4762=DIRECTION('ref_axis',(1.,0.,0.));
#4763=DIRECTION('center_axis',(0.,0.,1.));
#4764=DIRECTION('ref_axis',(1.,0.,0.));
#4765=DIRECTION('center_axis',(0.,0.,1.));
#4766=DIRECTION('ref_axis',(1.,0.,0.));
#4767=DIRECTION('center_axis',(0.,0.,1.));
#4768=DIRECTION('ref_axis',(1.,0.,0.));
#4769=DIRECTION('center_axis',(0.,0.,1.));
#4770=DIRECTION('ref_axis',(1.,0.,0.));
#4771=DIRECTION('center_axis',(0.,0.,1.));
#4772=DIRECTION('ref_axis',(1.,0.,0.));
#4773=DIRECTION('center_axis',(0.,0.,1.));
#4774=DIRECTION('ref_axis',(1.,0.,0.));
#4775=DIRECTION('center_axis',(0.,0.,1.));
#4776=DIRECTION('ref_axis',(1.,0.,0.));
#4777=DIRECTION('center_axis',(0.,0.,1.));
#4778=DIRECTION('ref_axis',(1.,0.,0.));
#4779=DIRECTION('center_axis',(0.,0.,1.));
#4780=DIRECTION('ref_axis',(1.,0.,0.));
#4781=DIRECTION('center_axis',(0.,0.,1.));
#4782=DIRECTION('ref_axis',(1.,0.,0.));
#4783=DIRECTION('center_axis',(0.,0.,1.));
#4784=DIRECTION('ref_axis',(1.,0.,0.));
#4785=DIRECTION('center_axis',(0.,0.,1.));
#4786=DIRECTION('ref_axis',(1.,0.,0.));
#4787=DIRECTION('center_axis',(0.,0.,1.));
#4788=DIRECTION('ref_axis',(1.,0.,0.));
#4789=DIRECTION('center_axis',(0.,0.,1.));
#4790=DIRECTION('ref_axis',(1.,0.,0.));
#4791=DIRECTION('center_axis',(0.,0.,1.));
#4792=DIRECTION('ref_axis',(1.,0.,0.));
#4793=DIRECTION('center_axis',(0.,0.,1.));
#4794=DIRECTION('ref_axis',(1.,0.,0.));
#4795=DIRECTION('center_axis',(0.,0.,1.));
#4796=DIRECTION('ref_axis',(1.,0.,0.));
#4797=DIRECTION('center_axis',(0.,0.,1.));
#4798=DIRECTION('ref_axis',(1.,0.,0.));
#4799=DIRECTION('center_axis',(0.,0.,1.));
#4800=DIRECTION('ref_axis',(1.,0.,0.));
#4801=DIRECTION('center_axis',(0.,0.,1.));
#4802=DIRECTION('ref_axis',(1.,0.,0.));
#4803=DIRECTION('center_axis',(0.,0.,1.));
#4804=DIRECTION('ref_axis',(1.,0.,0.));
#4805=DIRECTION('center_axis',(0.,0.,1.));
#4806=DIRECTION('ref_axis',(1.,0.,0.));
#4807=DIRECTION('center_axis',(0.,0.,1.));
#4808=DIRECTION('ref_axis',(1.,0.,0.));
#4809=DIRECTION('center_axis',(0.,0.,1.));
#4810=DIRECTION('ref_axis',(1.,0.,0.));
#4811=DIRECTION('center_axis',(0.,0.,1.));
#4812=DIRECTION('ref_axis',(1.,0.,0.));
#4813=DIRECTION('center_axis',(0.,0.,1.));
#4814=DIRECTION('ref_axis',(1.,0.,0.));
#4815=DIRECTION('center_axis',(0.,0.,1.));
#4816=DIRECTION('ref_axis',(1.,0.,0.));
#4817=DIRECTION('center_axis',(0.,0.,1.));
#4818=DIRECTION('ref_axis',(1.,0.,0.));
#4819=DIRECTION('center_axis',(0.,0.,1.));
#4820=DIRECTION('ref_axis',(1.,0.,0.));
#4821=DIRECTION('center_axis',(0.,0.,1.));
#4822=DIRECTION('ref_axis',(1.,0.,0.));
#4823=DIRECTION('center_axis',(0.,0.,1.));
#4824=DIRECTION('ref_axis',(1.,0.,0.));
#4825=DIRECTION('center_axis',(0.,0.,1.));
#4826=DIRECTION('ref_axis',(1.,0.,0.));
#4827=DIRECTION('center_axis',(0.,0.,1.));
#4828=DIRECTION('ref_axis',(1.,0.,0.));
#4829=DIRECTION('center_axis',(0.,0.,1.));
#4830=DIRECTION('ref_axis',(1.,0.,0.));
#4831=DIRECTION('center_axis',(0.,0.,1.));
#4832=DIRECTION('ref_axis',(1.,0.,0.));
#4833=DIRECTION('center_axis',(0.,0.,1.));
#4834=DIRECTION('ref_axis',(1.,0.,0.));
#4835=DIRECTION('center_axis',(0.,0.,1.));
#4836=DIRECTION('ref_axis',(1.,0.,0.));
#4837=DIRECTION('center_axis',(0.,0.,1.));
#4838=DIRECTION('ref_axis',(1.,0.,0.));
#4839=DIRECTION('center_axis',(0.,0.,1.));
#4840=DIRECTION('ref_axis',(1.,0.,0.));
#4841=DIRECTION('center_axis',(0.,0.,1.));
#4842=DIRECTION('ref_axis',(1.,0.,0.));
#4843=DIRECTION('center_axis',(0.,0.,1.));
#4844=DIRECTION('ref_axis',(1.,0.,0.));
#4845=DIRECTION('center_axis',(0.,0.,1.));
#4846=DIRECTION('ref_axis',(1.,0.,0.));
#4847=DIRECTION('center_axis',(0.,0.,1.));
#4848=DIRECTION('ref_axis',(1.,0.,0.));
#4849=DIRECTION('center_axis',(0.,0.,1.));
#4850=DIRECTION('ref_axis',(1.,0.,0.));
#4851=DIRECTION('center_axis',(0.,0.,1.));
#4852=DIRECTION('ref_axis',(1.,0.,0.));
#4853=DIRECTION('center_axis',(0.,0.,1.));
#4854=DIRECTION('ref_axis',(1.,0.,0.));
#4855=DIRECTION('center_axis',(0.,0.,1.));
#4856=DIRECTION('ref_axis',(1.,0.,0.));
#4857=DIRECTION('center_axis',(0.,0.,1.));
#4858=DIRECTION('ref_axis',(1.,0.,0.));
#4859=DIRECTION('center_axis',(0.,0.,1.));
#4860=DIRECTION('ref_axis',(1.,0.,0.));
#4861=DIRECTION('center_axis',(0.,0.,1.));
#4862=DIRECTION('ref_axis',(1.,0.,0.));
#4863=DIRECTION('center_axis',(0.,0.,-1.));
#4864=DIRECTION('ref_axis',(-1.,0.,0.));
#4865=DIRECTION('center_axis',(0.,0.,1.));
#4866=DIRECTION('ref_axis',(-1.,0.,0.));
#4867=DIRECTION('center_axis',(0.,0.,-1.));
#4868=DIRECTION('ref_axis',(-1.,0.,0.));
#4869=DIRECTION('center_axis',(0.,0.,1.));
#4870=DIRECTION('ref_axis',(-1.,0.,0.));
#4871=DIRECTION('center_axis',(0.,0.,-1.));
#4872=DIRECTION('ref_axis',(-1.,0.,0.));
#4873=DIRECTION('center_axis',(0.,0.,1.));
#4874=DIRECTION('ref_axis',(-1.,0.,0.));
#4875=DIRECTION('center_axis',(0.,0.,-1.));
#4876=DIRECTION('ref_axis',(-1.,0.,0.));
#4877=DIRECTION('center_axis',(0.,0.,1.));
#4878=DIRECTION('ref_axis',(-1.,0.,0.));
#4879=DIRECTION('center_axis',(0.,0.,-1.));
#4880=DIRECTION('ref_axis',(-1.,0.,0.));
#4881=DIRECTION('center_axis',(0.,0.,1.));
#4882=DIRECTION('ref_axis',(-1.,0.,0.));
#4883=DIRECTION('center_axis',(0.,0.,-1.));
#4884=DIRECTION('ref_axis',(-1.,0.,0.));
#4885=DIRECTION('center_axis',(0.,0.,1.));
#4886=DIRECTION('ref_axis',(-1.,0.,0.));
#4887=DIRECTION('center_axis',(0.,0.,1.));
#4888=DIRECTION('ref_axis',(1.,0.,0.));
#4889=DIRECTION('center_axis',(0.,0.,1.));
#4890=DIRECTION('ref_axis',(1.,0.,0.));
#4891=DIRECTION('center_axis',(0.,0.,1.));
#4892=DIRECTION('ref_axis',(1.,0.,0.));
#4893=DIRECTION('center_axis',(0.,0.,1.));
#4894=DIRECTION('ref_axis',(1.,0.,0.));
#4895=DIRECTION('center_axis',(0.,0.,1.));
#4896=DIRECTION('ref_axis',(1.,0.,0.));
#4897=DIRECTION('center_axis',(0.,0.,1.));
#4898=DIRECTION('ref_axis',(1.,0.,0.));
#4899=DIRECTION('center_axis',(0.,0.,1.));
#4900=DIRECTION('ref_axis',(1.,0.,0.));
#4901=DIRECTION('center_axis',(0.,0.,1.));
#4902=DIRECTION('ref_axis',(1.,0.,0.));
#4903=DIRECTION('center_axis',(0.,0.,1.));
#4904=DIRECTION('ref_axis',(1.,0.,0.));
#4905=DIRECTION('center_axis',(0.,0.,1.));
#4906=DIRECTION('ref_axis',(1.,0.,0.));
#4907=DIRECTION('center_axis',(0.,0.,1.));
#4908=DIRECTION('ref_axis',(1.,0.,0.));
#4909=DIRECTION('center_axis',(0.,0.,1.));
#4910=DIRECTION('ref_axis',(1.,0.,0.));
#4911=DIRECTION('center_axis',(0.,1.,0.));
#4912=DIRECTION('ref_axis',(1.,0.,0.));
#4913=DIRECTION('',(1.,0.,0.));
#4914=DIRECTION('center_axis',(0.,0.,-1.));
#4915=DIRECTION('ref_axis',(-1.,0.,0.));
#4916=CARTESIAN_POINT('',(0.,0.,0.));
#4917=CARTESIAN_POINT('Origin',(11.5,-31.5,0.));
#4918=CARTESIAN_POINT('',(11.5,-30.,0.));
#4919=CARTESIAN_POINT('',(10.,-31.5,0.));
#4920=CARTESIAN_POINT('Origin',(11.5,-31.5,0.));
#4921=CARTESIAN_POINT('',(10.,-31.5,-1.));
#4922=CARTESIAN_POINT('',(10.,-31.5,0.));
#4923=CARTESIAN_POINT('',(11.5,-30.,-1.));
#4924=CARTESIAN_POINT('Origin',(11.5,-31.5,-1.));
#4925=CARTESIAN_POINT('',(11.5,-30.,0.));
#4926=CARTESIAN_POINT('Origin',(10.,-30.,0.));
#4927=CARTESIAN_POINT('',(10.,-33.45,0.));
#4928=CARTESIAN_POINT('',(10.,-34.45,0.));
#4929=CARTESIAN_POINT('',(10.,-33.45,-1.));
#4930=CARTESIAN_POINT('',(10.,-33.45,0.));
#4931=CARTESIAN_POINT('',(10.,-34.45,-1.));
#4932=CARTESIAN_POINT('Origin',(-11.5,-31.5,0.));
#4933=CARTESIAN_POINT('',(-10.,-31.5,0.));
#4934=CARTESIAN_POINT('',(-11.5,-30.,0.));
#4935=CARTESIAN_POINT('Origin',(-11.5,-31.5,0.));
#4936=CARTESIAN_POINT('',(-11.5,-30.,-1.));
#4937=CARTESIAN_POINT('',(-11.5,-30.,0.));
#4938=CARTESIAN_POINT('',(-10.,-31.5,-1.));
#4939=CARTESIAN_POINT('Origin',(-11.5,-31.5,-1.));
#4940=CARTESIAN_POINT('',(-10.,-31.5,0.));
#4941=CARTESIAN_POINT('Origin',(-9.99999999999999,-30.,0.));
#4942=CARTESIAN_POINT('',(-13.45,-30.,0.));
#4943=CARTESIAN_POINT('',(-14.45,-30.,0.));
#4944=CARTESIAN_POINT('',(-13.45,-30.,-1.));
#4945=CARTESIAN_POINT('',(-13.45,-30.,0.));
#4946=CARTESIAN_POINT('',(-14.45,-30.,-1.));
#4947=CARTESIAN_POINT('Origin',(-11.5,31.5,0.));
#4948=CARTESIAN_POINT('',(-11.5,30.,0.));
#4949=CARTESIAN_POINT('',(-10.,31.5,0.));
#4950=CARTESIAN_POINT('Origin',(-11.5,31.5,0.));
#4951=CARTESIAN_POINT('',(-10.,31.5,-1.));
#4952=CARTESIAN_POINT('',(-10.,31.5,0.));
#4953=CARTESIAN_POINT('',(-11.5,30.,-1.));
#4954=CARTESIAN_POINT('Origin',(-11.5,31.5,-1.));
#4955=CARTESIAN_POINT('',(-11.5,30.,0.));
#4956=CARTESIAN_POINT('Origin',(-10.,30.,0.));
#4957=CARTESIAN_POINT('',(-10.,33.45,0.));
#4958=CARTESIAN_POINT('',(-10.,34.45,0.));
#4959=CARTESIAN_POINT('',(-10.,33.45,-1.));
#4960=CARTESIAN_POINT('',(-10.,33.45,0.));
#4961=CARTESIAN_POINT('',(-10.,34.45,-1.));
#4962=CARTESIAN_POINT('Origin',(11.5,31.5,0.));
#4963=CARTESIAN_POINT('',(9.99999999999999,31.5,0.));
#4964=CARTESIAN_POINT('',(11.5,30.,0.));
#4965=CARTESIAN_POINT('Origin',(11.5,31.5,0.));
#4966=CARTESIAN_POINT('',(11.5,30.,-1.));
#4967=CARTESIAN_POINT('',(11.5,30.,0.));
#4968=CARTESIAN_POINT('',(9.99999999999999,31.5,-1.));
#4969=CARTESIAN_POINT('Origin',(11.5,31.5,-1.));
#4970=CARTESIAN_POINT('',(9.99999999999999,31.5,0.));
#4971=CARTESIAN_POINT('Origin',(9.99999999999999,30.,0.));
#4972=CARTESIAN_POINT('',(13.45,30.,0.));
#4973=CARTESIAN_POINT('',(14.45,30.,0.));
#4974=CARTESIAN_POINT('',(13.45,30.,-1.));
#4975=CARTESIAN_POINT('',(13.45,30.,0.));
#4976=CARTESIAN_POINT('',(14.45,30.,-1.));
#4977=CARTESIAN_POINT('Origin',(8.99999999999999,33.45,0.));
#4978=CARTESIAN_POINT('',(9.99999999999999,33.45,-1.));
#4979=CARTESIAN_POINT('',(8.99999999999999,34.45,-1.));
#4980=CARTESIAN_POINT('Origin',(8.99999999999999,33.45,-1.));
#4981=CARTESIAN_POINT('',(8.99999999999999,34.45,0.));
#4982=CARTESIAN_POINT('',(8.99999999999999,34.45,0.));
#4983=CARTESIAN_POINT('',(9.99999999999999,33.45,0.));
#4984=CARTESIAN_POINT('Origin',(8.99999999999999,33.45,0.));
#4985=CARTESIAN_POINT('',(9.99999999999999,33.45,0.));
#4986=CARTESIAN_POINT('Origin',(9.99999999999999,34.45,0.));
#4987=CARTESIAN_POINT('',(9.99999999999999,30.,-1.));
#4988=CARTESIAN_POINT('',(9.99999999999999,30.,0.));
#4989=CARTESIAN_POINT('Origin',(-3.88805098092143E-15,-6.81118420015433E-16,
0.));
#4990=CARTESIAN_POINT('',(-9.00000000000001,34.45,0.));
#4991=CARTESIAN_POINT('',(9.99999999999999,34.45,0.));
#4992=CARTESIAN_POINT('Origin',(-9.00000000000001,33.45,0.));
#4993=CARTESIAN_POINT('',(-13.45,30.,0.));
#4994=CARTESIAN_POINT('',(-10.,30.,0.));
#4995=CARTESIAN_POINT('',(-14.45,29.,0.));
#4996=CARTESIAN_POINT('Origin',(-13.45,29.,0.));
#4997=CARTESIAN_POINT('',(-14.45,-29.,0.));
#4998=CARTESIAN_POINT('',(-14.45,30.,0.));
#4999=CARTESIAN_POINT('Origin',(-13.45,-29.,0.));
#5000=CARTESIAN_POINT('',(-10.,-33.45,0.));
#5001=CARTESIAN_POINT('',(-9.99999999999999,-30.,0.));
#5002=CARTESIAN_POINT('',(-9.,-34.45,0.));
#5003=CARTESIAN_POINT('Origin',(-9.,-33.45,0.));
#5004=CARTESIAN_POINT('',(9.00000000000001,-34.45,0.));
#5005=CARTESIAN_POINT('',(-10.,-34.45,0.));
#5006=CARTESIAN_POINT('Origin',(9.00000000000001,-33.45,0.));
#5007=CARTESIAN_POINT('',(13.45,-30.,0.));
#5008=CARTESIAN_POINT('',(10.,-30.,0.));
#5009=CARTESIAN_POINT('',(14.45,-29.,0.));
#5010=CARTESIAN_POINT('Origin',(13.45,-29.,0.));
#5011=CARTESIAN_POINT('',(14.45,29.,0.));
#5012=CARTESIAN_POINT('',(14.45,-30.,0.));
#5013=CARTESIAN_POINT('Origin',(13.45,29.,0.));
#5014=CARTESIAN_POINT('',(10.66,-5.11,0.));
#5015=CARTESIAN_POINT('Origin',(10.16,-5.11,0.));
#5016=CARTESIAN_POINT('',(-9.65999999999999,-5.11,0.));
#5017=CARTESIAN_POINT('Origin',(-10.16,-5.11,0.));
#5018=CARTESIAN_POINT('',(10.66,-2.57,0.));
#5019=CARTESIAN_POINT('Origin',(10.16,-2.57,0.));
#5020=CARTESIAN_POINT('',(-9.65999999999999,-2.57,0.));
#5021=CARTESIAN_POINT('Origin',(-10.16,-2.57,0.));
#5022=CARTESIAN_POINT('',(10.66,-0.0299999999999967,0.));
#5023=CARTESIAN_POINT('Origin',(10.16,-0.0299999999999967,0.));
#5024=CARTESIAN_POINT('',(-9.65999999999999,-0.0299999999999967,0.));
#5025=CARTESIAN_POINT('Origin',(-10.16,-0.0299999999999967,0.));
#5026=CARTESIAN_POINT('',(10.66,2.51,0.));
#5027=CARTESIAN_POINT('Origin',(10.16,2.51,0.));
#5028=CARTESIAN_POINT('',(-9.65999999999999,2.51,0.));
#5029=CARTESIAN_POINT('Origin',(-10.16,2.51,0.));
#5030=CARTESIAN_POINT('',(10.66,5.05,0.));
#5031=CARTESIAN_POINT('Origin',(10.16,5.05,0.));
#5032=CARTESIAN_POINT('',(-9.65999999999999,5.05,0.));
#5033=CARTESIAN_POINT('Origin',(-10.16,5.05,0.));
#5034=CARTESIAN_POINT('',(10.66,7.59,0.));
#5035=CARTESIAN_POINT('Origin',(10.16,7.59,0.));
#5036=CARTESIAN_POINT('',(-9.65999999999999,7.59,0.));
#5037=CARTESIAN_POINT('Origin',(-10.16,7.59,0.));
#5038=CARTESIAN_POINT('',(10.66,10.13,0.));
#5039=CARTESIAN_POINT('Origin',(10.16,10.13,0.));
#5040=CARTESIAN_POINT('',(-9.65999999999999,10.13,0.));
#5041=CARTESIAN_POINT('Origin',(-10.16,10.13,0.));
#5042=CARTESIAN_POINT('',(10.66,12.67,0.));
#5043=CARTESIAN_POINT('Origin',(10.16,12.67,0.));
#5044=CARTESIAN_POINT('',(-9.65999999999999,12.67,0.));
#5045=CARTESIAN_POINT('Origin',(-10.16,12.67,0.));
#5046=CARTESIAN_POINT('',(10.66,15.21,0.));
#5047=CARTESIAN_POINT('Origin',(10.16,15.21,0.));
#5048=CARTESIAN_POINT('',(-9.65999999999999,15.21,0.));
#5049=CARTESIAN_POINT('Origin',(-10.16,15.21,0.));
#5050=CARTESIAN_POINT('',(10.66,17.75,0.));
#5051=CARTESIAN_POINT('Origin',(10.16,17.75,0.));
#5052=CARTESIAN_POINT('',(-9.65999999999999,17.75,0.));
#5053=CARTESIAN_POINT('Origin',(-10.16,17.75,0.));
#5054=CARTESIAN_POINT('',(10.66,20.29,0.));
#5055=CARTESIAN_POINT('Origin',(10.16,20.29,0.));
#5056=CARTESIAN_POINT('',(-9.66,20.29,0.));
#5057=CARTESIAN_POINT('Origin',(-10.16,20.29,0.));
#5058=CARTESIAN_POINT('',(10.66,22.83,0.));
#5059=CARTESIAN_POINT('Origin',(10.16,22.83,0.));
#5060=CARTESIAN_POINT('',(-9.66,22.83,0.));
#5061=CARTESIAN_POINT('Origin',(-10.16,22.83,0.));
#5062=CARTESIAN_POINT('',(10.66,25.37,0.));
#5063=CARTESIAN_POINT('Origin',(10.16,25.37,0.));
#5064=CARTESIAN_POINT('',(-9.66,25.37,0.));
#5065=CARTESIAN_POINT('Origin',(-10.16,25.37,0.));
#5066=CARTESIAN_POINT('',(10.66,27.91,0.));
#5067=CARTESIAN_POINT('Origin',(10.16,27.91,0.));
#5068=CARTESIAN_POINT('',(-9.66,27.91,0.));
#5069=CARTESIAN_POINT('Origin',(-10.16,27.91,0.));
#5070=CARTESIAN_POINT('',(-7.11999999999999,-5.11,0.));
#5071=CARTESIAN_POINT('Origin',(-7.61999999999999,-5.11,0.));
#5072=CARTESIAN_POINT('',(-4.57999999999999,-5.11,0.));
#5073=CARTESIAN_POINT('Origin',(-5.07999999999999,-5.11,0.));
#5074=CARTESIAN_POINT('',(-2.03999999999999,-5.11,0.));
#5075=CARTESIAN_POINT('Origin',(-2.53999999999999,-5.11,0.));
#5076=CARTESIAN_POINT('',(0.500000000000008,-5.11,0.));
#5077=CARTESIAN_POINT('Origin',(7.7715611723761E-15,-5.11,0.));
#5078=CARTESIAN_POINT('',(3.04000000000001,-5.11,0.));
#5079=CARTESIAN_POINT('Origin',(2.54000000000001,-5.11,0.));
#5080=CARTESIAN_POINT('',(5.58000000000001,-5.11,0.));
#5081=CARTESIAN_POINT('Origin',(5.08000000000001,-5.11,0.));
#5082=CARTESIAN_POINT('',(8.12000000000001,-5.11,0.));
#5083=CARTESIAN_POINT('Origin',(7.62000000000001,-5.11,0.));
#5084=CARTESIAN_POINT('',(-7.11999999999999,-2.57,0.));
#5085=CARTESIAN_POINT('Origin',(-7.61999999999999,-2.57,0.));
#5086=CARTESIAN_POINT('',(-4.57999999999999,-2.57,0.));
#5087=CARTESIAN_POINT('Origin',(-5.07999999999999,-2.57,0.));
#5088=CARTESIAN_POINT('',(-2.03999999999999,-2.57,0.));
#5089=CARTESIAN_POINT('Origin',(-2.53999999999999,-2.57,0.));
#5090=CARTESIAN_POINT('',(0.500000000000008,-2.57,0.));
#5091=CARTESIAN_POINT('Origin',(7.7715611723761E-15,-2.57,0.));
#5092=CARTESIAN_POINT('',(3.04000000000001,-2.57,0.));
#5093=CARTESIAN_POINT('Origin',(2.54000000000001,-2.57,0.));
#5094=CARTESIAN_POINT('',(5.58000000000001,-2.57,0.));
#5095=CARTESIAN_POINT('Origin',(5.08000000000001,-2.57,0.));
#5096=CARTESIAN_POINT('',(8.12000000000001,-2.57,0.));
#5097=CARTESIAN_POINT('Origin',(7.62000000000001,-2.57,0.));
#5098=CARTESIAN_POINT('',(-7.11999999999999,-0.0299999999999967,0.));
#5099=CARTESIAN_POINT('Origin',(-7.61999999999999,-0.0299999999999967,0.));
#5100=CARTESIAN_POINT('',(-4.57999999999999,-0.0299999999999967,0.));
#5101=CARTESIAN_POINT('Origin',(-5.07999999999999,-0.0299999999999967,0.));
#5102=CARTESIAN_POINT('',(-2.03999999999999,-0.0299999999999967,0.));
#5103=CARTESIAN_POINT('Origin',(-2.53999999999999,-0.0299999999999967,0.));
#5104=CARTESIAN_POINT('',(0.500000000000007,-0.0299999999999967,0.));
#5105=CARTESIAN_POINT('Origin',(6.66133814775094E-15,-0.0299999999999967,
0.));
#5106=CARTESIAN_POINT('',(3.04000000000001,-0.0299999999999967,0.));
#5107=CARTESIAN_POINT('Origin',(2.54000000000001,-0.0299999999999967,0.));
#5108=CARTESIAN_POINT('',(5.58000000000001,-0.0299999999999967,0.));
#5109=CARTESIAN_POINT('Origin',(5.08000000000001,-0.0299999999999967,0.));
#5110=CARTESIAN_POINT('',(8.12000000000001,-0.0299999999999967,0.));
#5111=CARTESIAN_POINT('Origin',(7.62000000000001,-0.0299999999999967,0.));
#5112=CARTESIAN_POINT('',(-7.11999999999999,2.51,0.));
#5113=CARTESIAN_POINT('Origin',(-7.61999999999999,2.51,0.));
#5114=CARTESIAN_POINT('',(-4.57999999999999,2.51,0.));
#5115=CARTESIAN_POINT('Origin',(-5.07999999999999,2.51,0.));
#5116=CARTESIAN_POINT('',(-2.03999999999999,2.51,0.));
#5117=CARTESIAN_POINT('Origin',(-2.53999999999999,2.51,0.));
#5118=CARTESIAN_POINT('',(0.500000000000007,2.51,0.));
#5119=CARTESIAN_POINT('Origin',(6.66133814775094E-15,2.51,0.));
#5120=CARTESIAN_POINT('',(3.04000000000001,2.51,0.));
#5121=CARTESIAN_POINT('Origin',(2.54000000000001,2.51,0.));
#5122=CARTESIAN_POINT('',(5.58000000000001,2.51,0.));
#5123=CARTESIAN_POINT('Origin',(5.08000000000001,2.51,0.));
#5124=CARTESIAN_POINT('',(8.12000000000001,2.51,0.));
#5125=CARTESIAN_POINT('Origin',(7.62000000000001,2.51,0.));
#5126=CARTESIAN_POINT('',(-7.12,5.05,0.));
#5127=CARTESIAN_POINT('Origin',(-7.62,5.05,0.));
#5128=CARTESIAN_POINT('',(-4.57999999999999,5.05,0.));
#5129=CARTESIAN_POINT('Origin',(-5.08,5.05,0.));
#5130=CARTESIAN_POINT('',(-2.04,5.05,0.));
#5131=CARTESIAN_POINT('Origin',(-2.54,5.05,0.));
#5132=CARTESIAN_POINT('',(0.500000000000006,5.05,0.));
#5133=CARTESIAN_POINT('Origin',(5.55111512312578E-15,5.05,0.));
#5134=CARTESIAN_POINT('',(3.04000000000001,5.05,0.));
#5135=CARTESIAN_POINT('Origin',(2.54000000000001,5.05,0.));
#5136=CARTESIAN_POINT('',(5.58000000000001,5.05,0.));
#5137=CARTESIAN_POINT('Origin',(5.08000000000001,5.05,0.));
#5138=CARTESIAN_POINT('',(8.12000000000001,5.05,0.));
#5139=CARTESIAN_POINT('Origin',(7.62000000000001,5.05,0.));
#5140=CARTESIAN_POINT('',(-7.12,7.59,0.));
#5141=CARTESIAN_POINT('Origin',(-7.62,7.59,0.));
#5142=CARTESIAN_POINT('',(-4.57999999999999,7.59,0.));
#5143=CARTESIAN_POINT('Origin',(-5.08,7.59,0.));
#5144=CARTESIAN_POINT('',(-2.04,7.59,0.));
#5145=CARTESIAN_POINT('Origin',(-2.54,7.59,0.));
#5146=CARTESIAN_POINT('',(0.500000000000006,7.59,0.));
#5147=CARTESIAN_POINT('Origin',(5.55111512312578E-15,7.59,0.));
#5148=CARTESIAN_POINT('',(3.04,7.59,0.));
#5149=CARTESIAN_POINT('Origin',(2.54,7.59,0.));
#5150=CARTESIAN_POINT('',(5.58000000000001,7.59,0.));
#5151=CARTESIAN_POINT('Origin',(5.08000000000001,7.59,0.));
#5152=CARTESIAN_POINT('',(8.12000000000001,7.59,0.));
#5153=CARTESIAN_POINT('Origin',(7.62000000000001,7.59,0.));
#5154=CARTESIAN_POINT('',(-7.12,10.13,0.));
#5155=CARTESIAN_POINT('Origin',(-7.62,10.13,0.));
#5156=CARTESIAN_POINT('',(-4.57999999999999,10.13,0.));
#5157=CARTESIAN_POINT('Origin',(-5.08,10.13,0.));
#5158=CARTESIAN_POINT('',(-2.04,10.13,0.));
#5159=CARTESIAN_POINT('Origin',(-2.54,10.13,0.));
#5160=CARTESIAN_POINT('',(0.500000000000005,10.13,0.));
#5161=CARTESIAN_POINT('Origin',(4.44089209850063E-15,10.13,0.));
#5162=CARTESIAN_POINT('',(3.04,10.13,0.));
#5163=CARTESIAN_POINT('Origin',(2.54,10.13,0.));
#5164=CARTESIAN_POINT('',(5.58000000000001,10.13,0.));
#5165=CARTESIAN_POINT('Origin',(5.08,10.13,0.));
#5166=CARTESIAN_POINT('',(8.12,10.13,0.));
#5167=CARTESIAN_POINT('Origin',(7.62,10.13,0.));
#5168=CARTESIAN_POINT('',(-7.12,12.67,0.));
#5169=CARTESIAN_POINT('Origin',(-7.62,12.67,0.));
#5170=CARTESIAN_POINT('',(-4.57999999999999,12.67,0.));
#5171=CARTESIAN_POINT('Origin',(-5.08,12.67,0.));
#5172=CARTESIAN_POINT('',(-2.04,12.67,0.));
#5173=CARTESIAN_POINT('Origin',(-2.54,12.67,0.));
#5174=CARTESIAN_POINT('',(0.500000000000005,12.67,0.));
#5175=CARTESIAN_POINT('Origin',(4.44089209850063E-15,12.67,0.));
#5176=CARTESIAN_POINT('',(3.04,12.67,0.));
#5177=CARTESIAN_POINT('Origin',(2.54,12.67,0.));
#5178=CARTESIAN_POINT('',(5.58000000000001,12.67,0.));
#5179=CARTESIAN_POINT('Origin',(5.08,12.67,0.));
#5180=CARTESIAN_POINT('',(8.12,12.67,0.));
#5181=CARTESIAN_POINT('Origin',(7.62,12.67,0.));
#5182=CARTESIAN_POINT('',(-7.12,15.21,0.));
#5183=CARTESIAN_POINT('Origin',(-7.62,15.21,0.));
#5184=CARTESIAN_POINT('',(-4.57999999999999,15.21,0.));
#5185=CARTESIAN_POINT('Origin',(-5.08,15.21,0.));
#5186=CARTESIAN_POINT('',(-2.04,15.21,0.));
#5187=CARTESIAN_POINT('Origin',(-2.54,15.21,0.));
#5188=CARTESIAN_POINT('',(0.500000000000004,15.21,0.));
#5189=CARTESIAN_POINT('Origin',(3.33066907387547E-15,15.21,0.));
#5190=CARTESIAN_POINT('',(3.04,15.21,0.));
#5191=CARTESIAN_POINT('Origin',(2.54,15.21,0.));
#5192=CARTESIAN_POINT('',(5.58,15.21,0.));
#5193=CARTESIAN_POINT('Origin',(5.08,15.21,0.));
#5194=CARTESIAN_POINT('',(8.12,15.21,0.));
#5195=CARTESIAN_POINT('Origin',(7.62,15.21,0.));
#5196=CARTESIAN_POINT('',(-7.12,17.75,0.));
#5197=CARTESIAN_POINT('Origin',(-7.62,17.75,0.));
#5198=CARTESIAN_POINT('',(-4.57999999999999,17.75,0.));
#5199=CARTESIAN_POINT('Origin',(-5.08,17.75,0.));
#5200=CARTESIAN_POINT('',(-2.04,17.75,0.));
#5201=CARTESIAN_POINT('Origin',(-2.54,17.75,0.));
#5202=CARTESIAN_POINT('',(0.500000000000004,17.75,0.));
#5203=CARTESIAN_POINT('Origin',(3.33066907387547E-15,17.75,0.));
#5204=CARTESIAN_POINT('',(3.04,17.75,0.));
#5205=CARTESIAN_POINT('Origin',(2.54,17.75,0.));
#5206=CARTESIAN_POINT('',(5.58,17.75,0.));
#5207=CARTESIAN_POINT('Origin',(5.08,17.75,0.));
#5208=CARTESIAN_POINT('',(8.12,17.75,0.));
#5209=CARTESIAN_POINT('Origin',(7.62,17.75,0.));
#5210=CARTESIAN_POINT('',(-7.12,20.29,0.));
#5211=CARTESIAN_POINT('Origin',(-7.62,20.29,0.));
#5212=CARTESIAN_POINT('',(-4.58,20.29,0.));
#5213=CARTESIAN_POINT('Origin',(-5.08,20.29,0.));
#5214=CARTESIAN_POINT('',(-2.04,20.29,0.));
#5215=CARTESIAN_POINT('Origin',(-2.54,20.29,0.));
#5216=CARTESIAN_POINT('',(0.500000000000003,20.29,0.));
#5217=CARTESIAN_POINT('Origin',(2.22044604925031E-15,20.29,0.));
#5218=CARTESIAN_POINT('',(3.04,20.29,0.));
#5219=CARTESIAN_POINT('Origin',(2.54,20.29,0.));
#5220=CARTESIAN_POINT('',(5.58,20.29,0.));
#5221=CARTESIAN_POINT('Origin',(5.08,20.29,0.));
#5222=CARTESIAN_POINT('',(8.12,20.29,0.));
#5223=CARTESIAN_POINT('Origin',(7.62,20.29,0.));
#5224=CARTESIAN_POINT('',(-7.12,22.83,0.));
#5225=CARTESIAN_POINT('Origin',(-7.62,22.83,0.));
#5226=CARTESIAN_POINT('',(-4.58,22.83,0.));
#5227=CARTESIAN_POINT('Origin',(-5.08,22.83,0.));
#5228=CARTESIAN_POINT('',(-2.04,22.83,0.));
#5229=CARTESIAN_POINT('Origin',(-2.54,22.83,0.));
#5230=CARTESIAN_POINT('',(0.500000000000003,22.83,0.));
#5231=CARTESIAN_POINT('Origin',(2.22044604925031E-15,22.83,0.));
#5232=CARTESIAN_POINT('',(3.04,22.83,0.));
#5233=CARTESIAN_POINT('Origin',(2.54,22.83,0.));
#5234=CARTESIAN_POINT('',(5.58,22.83,0.));
#5235=CARTESIAN_POINT('Origin',(5.08,22.83,0.));
#5236=CARTESIAN_POINT('',(8.12,22.83,0.));
#5237=CARTESIAN_POINT('Origin',(7.62,22.83,0.));
#5238=CARTESIAN_POINT('',(-7.12,25.37,0.));
#5239=CARTESIAN_POINT('Origin',(-7.62,25.37,0.));
#5240=CARTESIAN_POINT('',(-4.58,25.37,0.));
#5241=CARTESIAN_POINT('Origin',(-5.08,25.37,0.));
#5242=CARTESIAN_POINT('',(-2.04,25.37,0.));
#5243=CARTESIAN_POINT('Origin',(-2.54,25.37,0.));
#5244=CARTESIAN_POINT('',(0.500000000000002,25.37,0.));
#5245=CARTESIAN_POINT('Origin',(1.11022302462516E-15,25.37,0.));
#5246=CARTESIAN_POINT('',(3.04,25.37,0.));
#5247=CARTESIAN_POINT('Origin',(2.54,25.37,0.));
#5248=CARTESIAN_POINT('',(5.58,25.37,0.));
#5249=CARTESIAN_POINT('Origin',(5.08,25.37,0.));
#5250=CARTESIAN_POINT('',(8.12,25.37,0.));
#5251=CARTESIAN_POINT('Origin',(7.62,25.37,0.));
#5252=CARTESIAN_POINT('',(-7.12,27.91,0.));
#5253=CARTESIAN_POINT('Origin',(-7.62,27.91,0.));
#5254=CARTESIAN_POINT('',(-4.58,27.91,0.));
#5255=CARTESIAN_POINT('Origin',(-5.08,27.91,0.));
#5256=CARTESIAN_POINT('',(-2.04,27.91,0.));
#5257=CARTESIAN_POINT('Origin',(-2.54,27.91,0.));
#5258=CARTESIAN_POINT('',(0.500000000000002,27.91,0.));
#5259=CARTESIAN_POINT('Origin',(1.11022302462516E-15,27.91,0.));
#5260=CARTESIAN_POINT('',(3.04,27.91,0.));
#5261=CARTESIAN_POINT('Origin',(2.54,27.91,0.));
#5262=CARTESIAN_POINT('',(5.58,27.91,0.));
#5263=CARTESIAN_POINT('Origin',(5.08,27.91,0.));
#5264=CARTESIAN_POINT('',(8.12,27.91,0.));
#5265=CARTESIAN_POINT('Origin',(7.62,27.91,0.));
#5266=CARTESIAN_POINT('',(-7.12,30.45,0.));
#5267=CARTESIAN_POINT('Origin',(-7.62,30.45,0.));
#5268=CARTESIAN_POINT('',(-4.58,30.45,0.));
#5269=CARTESIAN_POINT('Origin',(-5.08,30.45,0.));
#5270=CARTESIAN_POINT('',(-2.04,30.45,0.));
#5271=CARTESIAN_POINT('Origin',(-2.54,30.45,0.));
#5272=CARTESIAN_POINT('',(3.04,30.45,0.));
#5273=CARTESIAN_POINT('Origin',(2.54,30.45,0.));
#5274=CARTESIAN_POINT('',(5.58,30.45,0.));
#5275=CARTESIAN_POINT('Origin',(5.08,30.45,0.));
#5276=CARTESIAN_POINT('',(8.12,30.45,0.));
#5277=CARTESIAN_POINT('Origin',(7.62,30.45,0.));
#5278=CARTESIAN_POINT('',(0.5,30.45,0.));
#5279=CARTESIAN_POINT('Origin',(0.,30.45,0.));
#5280=CARTESIAN_POINT('',(10.1,-8.56846467004541,0.));
#5281=CARTESIAN_POINT('Origin',(9.6,-8.56846467004541,0.));
#5282=CARTESIAN_POINT('',(7.1,-8.56846467004541,0.));
#5283=CARTESIAN_POINT('Origin',(6.6,-8.56846467004541,0.));
#5284=CARTESIAN_POINT('',(-10.0083302491977,-12.1143593539449,0.));
#5285=CARTESIAN_POINT('Origin',(-10.4583302491977,-12.1143593539449,0.));
#5286=CARTESIAN_POINT('',(-11.6083302491977,-14.8856406460551,0.));
#5287=CARTESIAN_POINT('Origin',(-12.0583302491977,-14.8856406460551,0.));
#5288=CARTESIAN_POINT('',(-6.09999999999999,-31.4315353299546,0.));
#5289=CARTESIAN_POINT('Origin',(-6.59999999999999,-31.4315353299546,0.));
#5290=CARTESIAN_POINT('',(-9.95833024919771,-9.1143593539449,0.));
#5291=CARTESIAN_POINT('Origin',(-10.4583302491977,-9.1143593539449,0.));
#5292=CARTESIAN_POINT('',(-11.6,-28.,0.));
#5293=CARTESIAN_POINT('Origin',(-12.45,-28.,0.));
#5294=CARTESIAN_POINT('',(-11.6,0.,0.));
#5295=CARTESIAN_POINT('Origin',(-12.45,0.,0.));
#5296=CARTESIAN_POINT('',(-11.6,28.,0.));
#5297=CARTESIAN_POINT('Origin',(-12.45,28.,0.));
#5298=CARTESIAN_POINT('',(13.3,28.,0.));
#5299=CARTESIAN_POINT('Origin',(12.45,28.,0.));
#5300=CARTESIAN_POINT('',(13.3,0.,0.));
#5301=CARTESIAN_POINT('Origin',(12.45,0.,0.));
#5302=CARTESIAN_POINT('',(13.3,-28.,0.));
#5303=CARTESIAN_POINT('Origin',(12.45,-28.,0.));
#5304=CARTESIAN_POINT('Origin',(13.45,29.,0.));
#5305=CARTESIAN_POINT('',(14.45,29.,-1.));
#5306=CARTESIAN_POINT('Origin',(13.45,29.,-1.));
#5307=CARTESIAN_POINT('',(14.45,29.,0.));
#5308=CARTESIAN_POINT('Origin',(14.45,30.,0.));
#5309=CARTESIAN_POINT('',(14.45,-29.,-1.));
#5310=CARTESIAN_POINT('',(14.45,-29.,0.));
#5311=CARTESIAN_POINT('',(14.45,-30.,-1.));
#5312=CARTESIAN_POINT('Origin',(13.45,-29.,0.));
#5313=CARTESIAN_POINT('',(13.45,-30.,-1.));
#5314=CARTESIAN_POINT('Origin',(13.45,-29.,-1.));
#5315=CARTESIAN_POINT('',(13.45,-30.,0.));
#5316=CARTESIAN_POINT('Origin',(14.45,-30.,0.));
#5317=CARTESIAN_POINT('',(10.,-30.,-1.));
#5318=CARTESIAN_POINT('Origin',(9.00000000000001,-33.45,0.));
#5319=CARTESIAN_POINT('',(9.00000000000001,-34.45,-1.));
#5320=CARTESIAN_POINT('Origin',(9.00000000000001,-33.45,-1.));
#5321=CARTESIAN_POINT('',(9.00000000000001,-34.45,0.));
#5322=CARTESIAN_POINT('Origin',(10.,-34.45,0.));
#5323=CARTESIAN_POINT('',(-9.,-34.45,-1.));
#5324=CARTESIAN_POINT('',(-9.,-34.45,0.));
#5325=CARTESIAN_POINT('',(-10.,-34.45,-1.));
#5326=CARTESIAN_POINT('Origin',(-9.,-33.45,0.));
#5327=CARTESIAN_POINT('',(-10.,-33.45,-1.));
#5328=CARTESIAN_POINT('Origin',(-9.,-33.45,-1.));
#5329=CARTESIAN_POINT('',(-10.,-33.45,0.));
#5330=CARTESIAN_POINT('Origin',(-10.,-34.45,0.));
#5331=CARTESIAN_POINT('',(-9.99999999999999,-30.,-1.));
#5332=CARTESIAN_POINT('Origin',(-13.45,-29.,0.));
#5333=CARTESIAN_POINT('',(-14.45,-29.,-1.));
#5334=CARTESIAN_POINT('Origin',(-13.45,-29.,-1.));
#5335=CARTESIAN_POINT('',(-14.45,-29.,0.));
#5336=CARTESIAN_POINT('Origin',(-14.45,-30.,0.));
#5337=CARTESIAN_POINT('',(-14.45,29.,-1.));
#5338=CARTESIAN_POINT('',(-14.45,29.,0.));
#5339=CARTESIAN_POINT('',(-14.45,30.,-1.));
#5340=CARTESIAN_POINT('Origin',(-13.45,29.,0.));
#5341=CARTESIAN_POINT('',(-13.45,30.,-1.));
#5342=CARTESIAN_POINT('Origin',(-13.45,29.,-1.));
#5343=CARTESIAN_POINT('',(-13.45,30.,0.));
#5344=CARTESIAN_POINT('Origin',(-14.45,30.,0.));
#5345=CARTESIAN_POINT('',(-10.,30.,-1.));
#5346=CARTESIAN_POINT('Origin',(-9.00000000000001,33.45,0.));
#5347=CARTESIAN_POINT('',(-9.00000000000001,34.45,-1.));
#5348=CARTESIAN_POINT('Origin',(-9.00000000000001,33.45,-1.));
#5349=CARTESIAN_POINT('',(-9.00000000000001,34.45,0.));
#5350=CARTESIAN_POINT('Origin',(10.16,-5.11,-74.7222858322736));
#5351=CARTESIAN_POINT('',(9.66000000000001,-5.11,-0.999999999999996));
#5352=CARTESIAN_POINT('Origin',(10.16,-5.11,-0.999999999999996));
#5353=CARTESIAN_POINT('Origin',(-10.16,-5.11,-74.7222858322736));
#5354=CARTESIAN_POINT('',(-10.66,-5.11,-0.999999999999996));
#5355=CARTESIAN_POINT('Origin',(-10.16,-5.11,-0.999999999999996));
#5356=CARTESIAN_POINT('Origin',(10.16,-2.57,-74.7222858322736));
#5357=CARTESIAN_POINT('',(9.66000000000001,-2.57,-0.999999999999996));
#5358=CARTESIAN_POINT('Origin',(10.16,-2.57,-0.999999999999996));
#5359=CARTESIAN_POINT('Origin',(-10.16,-2.57,-74.7222858322736));
#5360=CARTESIAN_POINT('',(-10.66,-2.57,-0.999999999999996));
#5361=CARTESIAN_POINT('Origin',(-10.16,-2.57,-0.999999999999996));
#5362=CARTESIAN_POINT('Origin',(10.16,-0.0299999999999967,-74.7222858322736));
#5363=CARTESIAN_POINT('',(9.66,-0.0299999999999967,-0.999999999999996));
#5364=CARTESIAN_POINT('Origin',(10.16,-0.0299999999999967,-0.999999999999996));
#5365=CARTESIAN_POINT('Origin',(-10.16,-0.0299999999999967,-74.7222858322736));
#5366=CARTESIAN_POINT('',(-10.66,-0.0299999999999967,-0.999999999999996));
#5367=CARTESIAN_POINT('Origin',(-10.16,-0.0299999999999967,-0.999999999999996));
#5368=CARTESIAN_POINT('Origin',(10.16,2.51,-74.7222858322736));
#5369=CARTESIAN_POINT('',(9.66,2.51,-0.999999999999996));
#5370=CARTESIAN_POINT('Origin',(10.16,2.51,-0.999999999999996));
#5371=CARTESIAN_POINT('Origin',(-10.16,2.51,-74.7222858322736));
#5372=CARTESIAN_POINT('',(-10.66,2.51,-0.999999999999996));
#5373=CARTESIAN_POINT('Origin',(-10.16,2.51,-0.999999999999996));
#5374=CARTESIAN_POINT('Origin',(10.16,5.05,-74.7222858322736));
#5375=CARTESIAN_POINT('',(9.66,5.05,-0.999999999999996));
#5376=CARTESIAN_POINT('Origin',(10.16,5.05,-0.999999999999996));
#5377=CARTESIAN_POINT('Origin',(-10.16,5.05,-74.7222858322736));
#5378=CARTESIAN_POINT('',(-10.66,5.05,-0.999999999999996));
#5379=CARTESIAN_POINT('Origin',(-10.16,5.05,-0.999999999999996));
#5380=CARTESIAN_POINT('Origin',(10.16,7.59,-74.7222858322736));
#5381=CARTESIAN_POINT('',(9.66,7.59,-0.999999999999996));
#5382=CARTESIAN_POINT('Origin',(10.16,7.59,-0.999999999999996));
#5383=CARTESIAN_POINT('Origin',(-10.16,7.59,-74.7222858322736));
#5384=CARTESIAN_POINT('',(-10.66,7.59,-0.999999999999996));
#5385=CARTESIAN_POINT('Origin',(-10.16,7.59,-0.999999999999996));
#5386=CARTESIAN_POINT('Origin',(10.16,10.13,-74.7222858322736));
#5387=CARTESIAN_POINT('',(9.66,10.13,-0.999999999999996));
#5388=CARTESIAN_POINT('Origin',(10.16,10.13,-0.999999999999996));
#5389=CARTESIAN_POINT('Origin',(-10.16,10.13,-74.7222858322736));
#5390=CARTESIAN_POINT('',(-10.66,10.13,-0.999999999999996));
#5391=CARTESIAN_POINT('Origin',(-10.16,10.13,-0.999999999999996));
#5392=CARTESIAN_POINT('Origin',(10.16,12.67,-74.7222858322736));
#5393=CARTESIAN_POINT('',(9.66,12.67,-0.999999999999996));
#5394=CARTESIAN_POINT('Origin',(10.16,12.67,-0.999999999999996));
#5395=CARTESIAN_POINT('Origin',(-10.16,12.67,-74.7222858322736));
#5396=CARTESIAN_POINT('',(-10.66,12.67,-0.999999999999996));
#5397=CARTESIAN_POINT('Origin',(-10.16,12.67,-0.999999999999996));
#5398=CARTESIAN_POINT('Origin',(10.16,15.21,-74.7222858322736));
#5399=CARTESIAN_POINT('',(9.66,15.21,-0.999999999999996));
#5400=CARTESIAN_POINT('Origin',(10.16,15.21,-0.999999999999996));
#5401=CARTESIAN_POINT('Origin',(-10.16,15.21,-74.7222858322736));
#5402=CARTESIAN_POINT('',(-10.66,15.21,-0.999999999999996));
#5403=CARTESIAN_POINT('Origin',(-10.16,15.21,-0.999999999999996));
#5404=CARTESIAN_POINT('Origin',(10.16,17.75,-74.7222858322736));
#5405=CARTESIAN_POINT('',(9.66,17.75,-0.999999999999996));
#5406=CARTESIAN_POINT('Origin',(10.16,17.75,-0.999999999999996));
#5407=CARTESIAN_POINT('Origin',(-10.16,17.75,-74.7222858322736));
#5408=CARTESIAN_POINT('',(-10.66,17.75,-0.999999999999996));
#5409=CARTESIAN_POINT('Origin',(-10.16,17.75,-0.999999999999996));
#5410=CARTESIAN_POINT('Origin',(10.16,20.29,-74.7222858322736));
#5411=CARTESIAN_POINT('',(9.66,20.29,-0.999999999999996));
#5412=CARTESIAN_POINT('Origin',(10.16,20.29,-0.999999999999996));
#5413=CARTESIAN_POINT('Origin',(-10.16,20.29,-74.7222858322736));
#5414=CARTESIAN_POINT('',(-10.66,20.29,-0.999999999999996));
#5415=CARTESIAN_POINT('Origin',(-10.16,20.29,-0.999999999999996));
#5416=CARTESIAN_POINT('Origin',(10.16,22.83,-74.7222858322736));
#5417=CARTESIAN_POINT('',(9.66,22.83,-0.999999999999996));
#5418=CARTESIAN_POINT('Origin',(10.16,22.83,-0.999999999999996));
#5419=CARTESIAN_POINT('Origin',(-10.16,22.83,-74.7222858322736));
#5420=CARTESIAN_POINT('',(-10.66,22.83,-0.999999999999996));
#5421=CARTESIAN_POINT('Origin',(-10.16,22.83,-0.999999999999996));
#5422=CARTESIAN_POINT('Origin',(10.16,25.37,-74.7222858322736));
#5423=CARTESIAN_POINT('',(9.66,25.37,-0.999999999999996));
#5424=CARTESIAN_POINT('Origin',(10.16,25.37,-0.999999999999996));
#5425=CARTESIAN_POINT('Origin',(-10.16,25.37,-74.7222858322736));
#5426=CARTESIAN_POINT('',(-10.66,25.37,-0.999999999999996));
#5427=CARTESIAN_POINT('Origin',(-10.16,25.37,-0.999999999999996));
#5428=CARTESIAN_POINT('Origin',(10.16,27.91,-74.7222858322736));
#5429=CARTESIAN_POINT('',(9.66,27.91,-0.999999999999996));
#5430=CARTESIAN_POINT('Origin',(10.16,27.91,-0.999999999999996));
#5431=CARTESIAN_POINT('Origin',(-10.16,27.91,-74.7222858322736));
#5432=CARTESIAN_POINT('',(-10.66,27.91,-0.999999999999996));
#5433=CARTESIAN_POINT('Origin',(-10.16,27.91,-0.999999999999996));
#5434=CARTESIAN_POINT('Origin',(-7.61999999999999,-5.11,-74.7222858322736));
#5435=CARTESIAN_POINT('',(-8.11999999999999,-5.11,-0.999999999999996));
#5436=CARTESIAN_POINT('Origin',(-7.61999999999999,-5.11,-0.999999999999996));
#5437=CARTESIAN_POINT('Origin',(-5.07999999999999,-5.11,-74.7222858322736));
#5438=CARTESIAN_POINT('',(-5.57999999999999,-5.11,-0.999999999999996));
#5439=CARTESIAN_POINT('Origin',(-5.07999999999999,-5.11,-0.999999999999996));
#5440=CARTESIAN_POINT('Origin',(-2.53999999999999,-5.11,-74.7222858322736));
#5441=CARTESIAN_POINT('',(-3.03999999999999,-5.11,-0.999999999999996));
#5442=CARTESIAN_POINT('Origin',(-2.53999999999999,-5.11,-0.999999999999996));
#5443=CARTESIAN_POINT('Origin',(7.7715611723761E-15,-5.11,-74.7222858322736));
#5444=CARTESIAN_POINT('',(-0.499999999999993,-5.11,-0.999999999999996));
#5445=CARTESIAN_POINT('Origin',(7.7715611723761E-15,-5.11,-0.999999999999996));
#5446=CARTESIAN_POINT('Origin',(2.54000000000001,-5.11,-74.7222858322736));
#5447=CARTESIAN_POINT('',(2.04000000000001,-5.11,-0.999999999999996));
#5448=CARTESIAN_POINT('Origin',(2.54000000000001,-5.11,-0.999999999999996));
#5449=CARTESIAN_POINT('Origin',(5.08000000000001,-5.11,-74.7222858322736));
#5450=CARTESIAN_POINT('',(4.58000000000001,-5.11,-0.999999999999996));
#5451=CARTESIAN_POINT('Origin',(5.08000000000001,-5.11,-0.999999999999996));
#5452=CARTESIAN_POINT('Origin',(7.62000000000001,-5.11,-74.7222858322736));
#5453=CARTESIAN_POINT('',(7.12000000000001,-5.11,-0.999999999999996));
#5454=CARTESIAN_POINT('Origin',(7.62000000000001,-5.11,-0.999999999999996));
#5455=CARTESIAN_POINT('Origin',(-7.61999999999999,-2.57,-74.7222858322736));
#5456=CARTESIAN_POINT('',(-8.11999999999999,-2.57,-0.999999999999996));
#5457=CARTESIAN_POINT('Origin',(-7.61999999999999,-2.57,-0.999999999999996));
#5458=CARTESIAN_POINT('Origin',(-5.07999999999999,-2.57,-74.7222858322736));
#5459=CARTESIAN_POINT('',(-5.57999999999999,-2.57,-0.999999999999996));
#5460=CARTESIAN_POINT('Origin',(-5.07999999999999,-2.57,-0.999999999999996));
#5461=CARTESIAN_POINT('Origin',(-2.53999999999999,-2.57,-74.7222858322736));
#5462=CARTESIAN_POINT('',(-3.03999999999999,-2.57,-0.999999999999996));
#5463=CARTESIAN_POINT('Origin',(-2.53999999999999,-2.57,-0.999999999999996));
#5464=CARTESIAN_POINT('Origin',(7.7715611723761E-15,-2.57,-74.7222858322736));
#5465=CARTESIAN_POINT('',(-0.499999999999993,-2.57,-0.999999999999996));
#5466=CARTESIAN_POINT('Origin',(7.7715611723761E-15,-2.57,-0.999999999999996));
#5467=CARTESIAN_POINT('Origin',(2.54000000000001,-2.57,-74.7222858322736));
#5468=CARTESIAN_POINT('',(2.04000000000001,-2.57,-0.999999999999996));
#5469=CARTESIAN_POINT('Origin',(2.54000000000001,-2.57,-0.999999999999996));
#5470=CARTESIAN_POINT('Origin',(5.08000000000001,-2.57,-74.7222858322736));
#5471=CARTESIAN_POINT('',(4.58000000000001,-2.57,-0.999999999999996));
#5472=CARTESIAN_POINT('Origin',(5.08000000000001,-2.57,-0.999999999999996));
#5473=CARTESIAN_POINT('Origin',(7.62000000000001,-2.57,-74.7222858322736));
#5474=CARTESIAN_POINT('',(7.12000000000001,-2.57,-0.999999999999996));
#5475=CARTESIAN_POINT('Origin',(7.62000000000001,-2.57,-0.999999999999996));
#5476=CARTESIAN_POINT('Origin',(-7.61999999999999,-0.0299999999999967,-74.7222858322736));
#5477=CARTESIAN_POINT('',(-8.11999999999999,-0.0299999999999967,-0.999999999999996));
#5478=CARTESIAN_POINT('Origin',(-7.61999999999999,-0.0299999999999967,-0.999999999999996));
#5479=CARTESIAN_POINT('Origin',(-5.07999999999999,-0.0299999999999967,-74.7222858322736));
#5480=CARTESIAN_POINT('',(-5.57999999999999,-0.0299999999999967,-0.999999999999996));
#5481=CARTESIAN_POINT('Origin',(-5.07999999999999,-0.0299999999999967,-0.999999999999996));
#5482=CARTESIAN_POINT('Origin',(-2.53999999999999,-0.0299999999999967,-74.7222858322736));
#5483=CARTESIAN_POINT('',(-3.03999999999999,-0.0299999999999967,-0.999999999999996));
#5484=CARTESIAN_POINT('Origin',(-2.53999999999999,-0.0299999999999967,-0.999999999999996));
#5485=CARTESIAN_POINT('Origin',(6.66133814775094E-15,-0.0299999999999967,
-74.7222858322736));
#5486=CARTESIAN_POINT('',(-0.499999999999994,-0.0299999999999967,-0.999999999999996));
#5487=CARTESIAN_POINT('Origin',(6.66133814775094E-15,-0.0299999999999967,
-0.999999999999996));
#5488=CARTESIAN_POINT('Origin',(2.54000000000001,-0.0299999999999967,-74.7222858322736));
#5489=CARTESIAN_POINT('',(2.04000000000001,-0.0299999999999967,-0.999999999999996));
#5490=CARTESIAN_POINT('Origin',(2.54000000000001,-0.0299999999999967,-0.999999999999996));
#5491=CARTESIAN_POINT('Origin',(5.08000000000001,-0.0299999999999967,-74.7222858322736));
#5492=CARTESIAN_POINT('',(4.58000000000001,-0.0299999999999967,-0.999999999999996));
#5493=CARTESIAN_POINT('Origin',(5.08000000000001,-0.0299999999999967,-0.999999999999996));
#5494=CARTESIAN_POINT('Origin',(7.62000000000001,-0.0299999999999967,-74.7222858322736));
#5495=CARTESIAN_POINT('',(7.12000000000001,-0.0299999999999967,-0.999999999999996));
#5496=CARTESIAN_POINT('Origin',(7.62000000000001,-0.0299999999999967,-0.999999999999996));
#5497=CARTESIAN_POINT('Origin',(-7.61999999999999,2.51,-74.7222858322736));
#5498=CARTESIAN_POINT('',(-8.11999999999999,2.51,-0.999999999999996));
#5499=CARTESIAN_POINT('Origin',(-7.61999999999999,2.51,-0.999999999999996));
#5500=CARTESIAN_POINT('Origin',(-5.07999999999999,2.51,-74.7222858322736));
#5501=CARTESIAN_POINT('',(-5.57999999999999,2.51,-0.999999999999996));
#5502=CARTESIAN_POINT('Origin',(-5.07999999999999,2.51,-0.999999999999996));
#5503=CARTESIAN_POINT('Origin',(-2.53999999999999,2.51,-74.7222858322736));
#5504=CARTESIAN_POINT('',(-3.03999999999999,2.51,-0.999999999999996));
#5505=CARTESIAN_POINT('Origin',(-2.53999999999999,2.51,-0.999999999999996));
#5506=CARTESIAN_POINT('Origin',(6.66133814775094E-15,2.51,-74.7222858322736));
#5507=CARTESIAN_POINT('',(-0.499999999999994,2.51,-0.999999999999996));
#5508=CARTESIAN_POINT('Origin',(6.66133814775094E-15,2.51,-0.999999999999996));
#5509=CARTESIAN_POINT('Origin',(2.54000000000001,2.51,-74.7222858322736));
#5510=CARTESIAN_POINT('',(2.04000000000001,2.51,-0.999999999999996));
#5511=CARTESIAN_POINT('Origin',(2.54000000000001,2.51,-0.999999999999996));
#5512=CARTESIAN_POINT('Origin',(5.08000000000001,2.51,-74.7222858322736));
#5513=CARTESIAN_POINT('',(4.58000000000001,2.51,-0.999999999999996));
#5514=CARTESIAN_POINT('Origin',(5.08000000000001,2.51,-0.999999999999996));
#5515=CARTESIAN_POINT('Origin',(7.62000000000001,2.51,-74.7222858322736));
#5516=CARTESIAN_POINT('',(7.12000000000001,2.51,-0.999999999999996));
#5517=CARTESIAN_POINT('Origin',(7.62000000000001,2.51,-0.999999999999996));
#5518=CARTESIAN_POINT('Origin',(-7.62,5.05,-74.7222858322736));
#5519=CARTESIAN_POINT('',(-8.12,5.05,-0.999999999999996));
#5520=CARTESIAN_POINT('Origin',(-7.62,5.05,-0.999999999999996));
#5521=CARTESIAN_POINT('Origin',(-5.08,5.05,-74.7222858322736));
#5522=CARTESIAN_POINT('',(-5.58,5.05,-0.999999999999996));
#5523=CARTESIAN_POINT('Origin',(-5.08,5.05,-0.999999999999996));
#5524=CARTESIAN_POINT('Origin',(-2.54,5.05,-74.7222858322736));
#5525=CARTESIAN_POINT('',(-3.04,5.05,-0.999999999999996));
#5526=CARTESIAN_POINT('Origin',(-2.54,5.05,-0.999999999999996));
#5527=CARTESIAN_POINT('Origin',(5.55111512312578E-15,5.05,-74.7222858322736));
#5528=CARTESIAN_POINT('',(-0.499999999999995,5.05,-0.999999999999996));
#5529=CARTESIAN_POINT('Origin',(5.55111512312578E-15,5.05,-0.999999999999996));
#5530=CARTESIAN_POINT('Origin',(2.54000000000001,5.05,-74.7222858322736));
#5531=CARTESIAN_POINT('',(2.04000000000001,5.05,-0.999999999999996));
#5532=CARTESIAN_POINT('Origin',(2.54000000000001,5.05,-0.999999999999996));
#5533=CARTESIAN_POINT('Origin',(5.08000000000001,5.05,-74.7222858322736));
#5534=CARTESIAN_POINT('',(4.58000000000001,5.05,-0.999999999999996));
#5535=CARTESIAN_POINT('Origin',(5.08000000000001,5.05,-0.999999999999996));
#5536=CARTESIAN_POINT('Origin',(7.62000000000001,5.05,-74.7222858322736));
#5537=CARTESIAN_POINT('',(7.12000000000001,5.05,-0.999999999999996));
#5538=CARTESIAN_POINT('Origin',(7.62000000000001,5.05,-0.999999999999996));
#5539=CARTESIAN_POINT('Origin',(-7.62,7.59,-74.7222858322736));
#5540=CARTESIAN_POINT('',(-8.12,7.59,-0.999999999999996));
#5541=CARTESIAN_POINT('Origin',(-7.62,7.59,-0.999999999999996));
#5542=CARTESIAN_POINT('Origin',(-5.08,7.59,-74.7222858322736));
#5543=CARTESIAN_POINT('',(-5.58,7.59,-0.999999999999996));
#5544=CARTESIAN_POINT('Origin',(-5.08,7.59,-0.999999999999996));
#5545=CARTESIAN_POINT('Origin',(-2.54,7.59,-74.7222858322736));
#5546=CARTESIAN_POINT('',(-3.04,7.59,-0.999999999999996));
#5547=CARTESIAN_POINT('Origin',(-2.54,7.59,-0.999999999999996));
#5548=CARTESIAN_POINT('Origin',(5.55111512312578E-15,7.59,-74.7222858322736));
#5549=CARTESIAN_POINT('',(-0.499999999999995,7.59,-0.999999999999996));
#5550=CARTESIAN_POINT('Origin',(5.55111512312578E-15,7.59,-0.999999999999996));
#5551=CARTESIAN_POINT('Origin',(2.54,7.59,-74.7222858322736));
#5552=CARTESIAN_POINT('',(2.04,7.59,-0.999999999999996));
#5553=CARTESIAN_POINT('Origin',(2.54,7.59,-0.999999999999996));
#5554=CARTESIAN_POINT('Origin',(5.08000000000001,7.59,-74.7222858322736));
#5555=CARTESIAN_POINT('',(4.58000000000001,7.59,-0.999999999999996));
#5556=CARTESIAN_POINT('Origin',(5.08000000000001,7.59,-0.999999999999996));
#5557=CARTESIAN_POINT('Origin',(7.62000000000001,7.59,-74.7222858322736));
#5558=CARTESIAN_POINT('',(7.12000000000001,7.59,-0.999999999999996));
#5559=CARTESIAN_POINT('Origin',(7.62000000000001,7.59,-0.999999999999996));
#5560=CARTESIAN_POINT('Origin',(-7.62,10.13,-74.7222858322736));
#5561=CARTESIAN_POINT('',(-8.12,10.13,-0.999999999999996));
#5562=CARTESIAN_POINT('Origin',(-7.62,10.13,-0.999999999999996));
#5563=CARTESIAN_POINT('Origin',(-5.08,10.13,-74.7222858322736));
#5564=CARTESIAN_POINT('',(-5.58,10.13,-0.999999999999996));
#5565=CARTESIAN_POINT('Origin',(-5.08,10.13,-0.999999999999996));
#5566=CARTESIAN_POINT('Origin',(-2.54,10.13,-74.7222858322736));
#5567=CARTESIAN_POINT('',(-3.04,10.13,-0.999999999999996));
#5568=CARTESIAN_POINT('Origin',(-2.54,10.13,-0.999999999999996));
#5569=CARTESIAN_POINT('Origin',(4.44089209850063E-15,10.13,-74.7222858322736));
#5570=CARTESIAN_POINT('',(-0.499999999999996,10.13,-0.999999999999996));
#5571=CARTESIAN_POINT('Origin',(4.44089209850063E-15,10.13,-0.999999999999996));
#5572=CARTESIAN_POINT('Origin',(2.54,10.13,-74.7222858322736));
#5573=CARTESIAN_POINT('',(2.04,10.13,-0.999999999999996));
#5574=CARTESIAN_POINT('Origin',(2.54,10.13,-0.999999999999996));
#5575=CARTESIAN_POINT('Origin',(5.08,10.13,-74.7222858322736));
#5576=CARTESIAN_POINT('',(4.58,10.13,-0.999999999999996));
#5577=CARTESIAN_POINT('Origin',(5.08,10.13,-0.999999999999996));
#5578=CARTESIAN_POINT('Origin',(7.62,10.13,-74.7222858322736));
#5579=CARTESIAN_POINT('',(7.12,10.13,-0.999999999999996));
#5580=CARTESIAN_POINT('Origin',(7.62,10.13,-0.999999999999996));
#5581=CARTESIAN_POINT('Origin',(-7.62,12.67,-74.7222858322736));
#5582=CARTESIAN_POINT('',(-8.12,12.67,-0.999999999999996));
#5583=CARTESIAN_POINT('Origin',(-7.62,12.67,-0.999999999999996));
#5584=CARTESIAN_POINT('Origin',(-5.08,12.67,-74.7222858322736));
#5585=CARTESIAN_POINT('',(-5.58,12.67,-0.999999999999996));
#5586=CARTESIAN_POINT('Origin',(-5.08,12.67,-0.999999999999996));
#5587=CARTESIAN_POINT('Origin',(-2.54,12.67,-74.7222858322736));
#5588=CARTESIAN_POINT('',(-3.04,12.67,-0.999999999999996));
#5589=CARTESIAN_POINT('Origin',(-2.54,12.67,-0.999999999999996));
#5590=CARTESIAN_POINT('Origin',(4.44089209850063E-15,12.67,-74.7222858322736));
#5591=CARTESIAN_POINT('',(-0.499999999999996,12.67,-0.999999999999996));
#5592=CARTESIAN_POINT('Origin',(4.44089209850063E-15,12.67,-0.999999999999996));
#5593=CARTESIAN_POINT('Origin',(2.54,12.67,-74.7222858322736));
#5594=CARTESIAN_POINT('',(2.04,12.67,-0.999999999999996));
#5595=CARTESIAN_POINT('Origin',(2.54,12.67,-0.999999999999996));
#5596=CARTESIAN_POINT('Origin',(5.08,12.67,-74.7222858322736));
#5597=CARTESIAN_POINT('',(4.58,12.67,-0.999999999999996));
#5598=CARTESIAN_POINT('Origin',(5.08,12.67,-0.999999999999996));
#5599=CARTESIAN_POINT('Origin',(7.62,12.67,-74.7222858322736));
#5600=CARTESIAN_POINT('',(7.12,12.67,-0.999999999999996));
#5601=CARTESIAN_POINT('Origin',(7.62,12.67,-0.999999999999996));
#5602=CARTESIAN_POINT('Origin',(-7.62,15.21,-74.7222858322736));
#5603=CARTESIAN_POINT('',(-8.12,15.21,-0.999999999999996));
#5604=CARTESIAN_POINT('Origin',(-7.62,15.21,-0.999999999999996));
#5605=CARTESIAN_POINT('Origin',(-5.08,15.21,-74.7222858322736));
#5606=CARTESIAN_POINT('',(-5.58,15.21,-0.999999999999996));
#5607=CARTESIAN_POINT('Origin',(-5.08,15.21,-0.999999999999996));
#5608=CARTESIAN_POINT('Origin',(-2.54,15.21,-74.7222858322736));
#5609=CARTESIAN_POINT('',(-3.04,15.21,-0.999999999999996));
#5610=CARTESIAN_POINT('Origin',(-2.54,15.21,-0.999999999999996));
#5611=CARTESIAN_POINT('Origin',(3.33066907387547E-15,15.21,-74.7222858322736));
#5612=CARTESIAN_POINT('',(-0.499999999999997,15.21,-0.999999999999996));
#5613=CARTESIAN_POINT('Origin',(3.33066907387547E-15,15.21,-0.999999999999996));
#5614=CARTESIAN_POINT('Origin',(2.54,15.21,-74.7222858322736));
#5615=CARTESIAN_POINT('',(2.04,15.21,-0.999999999999996));
#5616=CARTESIAN_POINT('Origin',(2.54,15.21,-0.999999999999996));
#5617=CARTESIAN_POINT('Origin',(5.08,15.21,-74.7222858322736));
#5618=CARTESIAN_POINT('',(4.58,15.21,-0.999999999999996));
#5619=CARTESIAN_POINT('Origin',(5.08,15.21,-0.999999999999996));
#5620=CARTESIAN_POINT('Origin',(7.62,15.21,-74.7222858322736));
#5621=CARTESIAN_POINT('',(7.12,15.21,-0.999999999999996));
#5622=CARTESIAN_POINT('Origin',(7.62,15.21,-0.999999999999996));
#5623=CARTESIAN_POINT('Origin',(-7.62,17.75,-74.7222858322736));
#5624=CARTESIAN_POINT('',(-8.12,17.75,-0.999999999999996));
#5625=CARTESIAN_POINT('Origin',(-7.62,17.75,-0.999999999999996));
#5626=CARTESIAN_POINT('Origin',(-5.08,17.75,-74.7222858322736));
#5627=CARTESIAN_POINT('',(-5.58,17.75,-0.999999999999996));
#5628=CARTESIAN_POINT('Origin',(-5.08,17.75,-0.999999999999996));
#5629=CARTESIAN_POINT('Origin',(-2.54,17.75,-74.7222858322736));
#5630=CARTESIAN_POINT('',(-3.04,17.75,-0.999999999999996));
#5631=CARTESIAN_POINT('Origin',(-2.54,17.75,-0.999999999999996));
#5632=CARTESIAN_POINT('Origin',(3.33066907387547E-15,17.75,-74.7222858322736));
#5633=CARTESIAN_POINT('',(-0.499999999999997,17.75,-0.999999999999996));
#5634=CARTESIAN_POINT('Origin',(3.33066907387547E-15,17.75,-0.999999999999996));
#5635=CARTESIAN_POINT('Origin',(2.54,17.75,-74.7222858322736));
#5636=CARTESIAN_POINT('',(2.04,17.75,-0.999999999999996));
#5637=CARTESIAN_POINT('Origin',(2.54,17.75,-0.999999999999996));
#5638=CARTESIAN_POINT('Origin',(5.08,17.75,-74.7222858322736));
#5639=CARTESIAN_POINT('',(4.58,17.75,-0.999999999999996));
#5640=CARTESIAN_POINT('Origin',(5.08,17.75,-0.999999999999996));
#5641=CARTESIAN_POINT('Origin',(7.62,17.75,-74.7222858322736));
#5642=CARTESIAN_POINT('',(7.12,17.75,-0.999999999999996));
#5643=CARTESIAN_POINT('Origin',(7.62,17.75,-0.999999999999996));
#5644=CARTESIAN_POINT('Origin',(-7.62,20.29,-74.7222858322736));
#5645=CARTESIAN_POINT('',(-8.12,20.29,-0.999999999999996));
#5646=CARTESIAN_POINT('Origin',(-7.62,20.29,-0.999999999999996));
#5647=CARTESIAN_POINT('Origin',(-5.08,20.29,-74.7222858322736));
#5648=CARTESIAN_POINT('',(-5.58,20.29,-0.999999999999996));
#5649=CARTESIAN_POINT('Origin',(-5.08,20.29,-0.999999999999996));
#5650=CARTESIAN_POINT('Origin',(-2.54,20.29,-74.7222858322736));
#5651=CARTESIAN_POINT('',(-3.04,20.29,-0.999999999999996));
#5652=CARTESIAN_POINT('Origin',(-2.54,20.29,-0.999999999999996));
#5653=CARTESIAN_POINT('Origin',(2.22044604925031E-15,20.29,-74.7222858322736));
#5654=CARTESIAN_POINT('',(-0.499999999999998,20.29,-0.999999999999996));
#5655=CARTESIAN_POINT('Origin',(2.22044604925031E-15,20.29,-0.999999999999996));
#5656=CARTESIAN_POINT('Origin',(2.54,20.29,-74.7222858322736));
#5657=CARTESIAN_POINT('',(2.04,20.29,-0.999999999999996));
#5658=CARTESIAN_POINT('Origin',(2.54,20.29,-0.999999999999996));
#5659=CARTESIAN_POINT('Origin',(5.08,20.29,-74.7222858322736));
#5660=CARTESIAN_POINT('',(4.58,20.29,-0.999999999999996));
#5661=CARTESIAN_POINT('Origin',(5.08,20.29,-0.999999999999996));
#5662=CARTESIAN_POINT('Origin',(7.62,20.29,-74.7222858322736));
#5663=CARTESIAN_POINT('',(7.12,20.29,-0.999999999999996));
#5664=CARTESIAN_POINT('Origin',(7.62,20.29,-0.999999999999996));
#5665=CARTESIAN_POINT('Origin',(-7.62,22.83,-74.7222858322736));
#5666=CARTESIAN_POINT('',(-8.12,22.83,-0.999999999999996));
#5667=CARTESIAN_POINT('Origin',(-7.62,22.83,-0.999999999999996));
#5668=CARTESIAN_POINT('Origin',(-5.08,22.83,-74.7222858322736));
#5669=CARTESIAN_POINT('',(-5.58,22.83,-0.999999999999996));
#5670=CARTESIAN_POINT('Origin',(-5.08,22.83,-0.999999999999996));
#5671=CARTESIAN_POINT('Origin',(-2.54,22.83,-74.7222858322736));
#5672=CARTESIAN_POINT('',(-3.04,22.83,-0.999999999999996));
#5673=CARTESIAN_POINT('Origin',(-2.54,22.83,-0.999999999999996));
#5674=CARTESIAN_POINT('Origin',(2.22044604925031E-15,22.83,-74.7222858322736));
#5675=CARTESIAN_POINT('',(-0.499999999999998,22.83,-0.999999999999996));
#5676=CARTESIAN_POINT('Origin',(2.22044604925031E-15,22.83,-0.999999999999996));
#5677=CARTESIAN_POINT('Origin',(2.54,22.83,-74.7222858322736));
#5678=CARTESIAN_POINT('',(2.04,22.83,-0.999999999999996));
#5679=CARTESIAN_POINT('Origin',(2.54,22.83,-0.999999999999996));
#5680=CARTESIAN_POINT('Origin',(5.08,22.83,-74.7222858322736));
#5681=CARTESIAN_POINT('',(4.58,22.83,-0.999999999999996));
#5682=CARTESIAN_POINT('Origin',(5.08,22.83,-0.999999999999996));
#5683=CARTESIAN_POINT('Origin',(7.62,22.83,-74.7222858322736));
#5684=CARTESIAN_POINT('',(7.12,22.83,-0.999999999999996));
#5685=CARTESIAN_POINT('Origin',(7.62,22.83,-0.999999999999996));
#5686=CARTESIAN_POINT('Origin',(-7.62,25.37,-74.7222858322736));
#5687=CARTESIAN_POINT('',(-8.12,25.37,-0.999999999999996));
#5688=CARTESIAN_POINT('Origin',(-7.62,25.37,-0.999999999999996));
#5689=CARTESIAN_POINT('Origin',(-5.08,25.37,-74.7222858322736));
#5690=CARTESIAN_POINT('',(-5.58,25.37,-0.999999999999996));
#5691=CARTESIAN_POINT('Origin',(-5.08,25.37,-0.999999999999996));
#5692=CARTESIAN_POINT('Origin',(-2.54,25.37,-74.7222858322736));
#5693=CARTESIAN_POINT('',(-3.04,25.37,-0.999999999999996));
#5694=CARTESIAN_POINT('Origin',(-2.54,25.37,-0.999999999999996));
#5695=CARTESIAN_POINT('Origin',(1.11022302462516E-15,25.37,-74.7222858322736));
#5696=CARTESIAN_POINT('',(-0.499999999999999,25.37,-0.999999999999996));
#5697=CARTESIAN_POINT('Origin',(1.11022302462516E-15,25.37,-0.999999999999996));
#5698=CARTESIAN_POINT('Origin',(2.54,25.37,-74.7222858322736));
#5699=CARTESIAN_POINT('',(2.04,25.37,-0.999999999999996));
#5700=CARTESIAN_POINT('Origin',(2.54,25.37,-0.999999999999996));
#5701=CARTESIAN_POINT('Origin',(5.08,25.37,-74.7222858322736));
#5702=CARTESIAN_POINT('',(4.58,25.37,-0.999999999999996));
#5703=CARTESIAN_POINT('Origin',(5.08,25.37,-0.999999999999996));
#5704=CARTESIAN_POINT('Origin',(7.62,25.37,-74.7222858322736));
#5705=CARTESIAN_POINT('',(7.12,25.37,-0.999999999999996));
#5706=CARTESIAN_POINT('Origin',(7.62,25.37,-0.999999999999996));
#5707=CARTESIAN_POINT('Origin',(-7.62,27.91,-74.7222858322736));
#5708=CARTESIAN_POINT('',(-8.12,27.91,-0.999999999999996));
#5709=CARTESIAN_POINT('Origin',(-7.62,27.91,-0.999999999999996));
#5710=CARTESIAN_POINT('Origin',(-5.08,27.91,-74.7222858322736));
#5711=CARTESIAN_POINT('',(-5.58,27.91,-0.999999999999996));
#5712=CARTESIAN_POINT('Origin',(-5.08,27.91,-0.999999999999996));
#5713=CARTESIAN_POINT('Origin',(-2.54,27.91,-74.7222858322736));
#5714=CARTESIAN_POINT('',(-3.04,27.91,-0.999999999999996));
#5715=CARTESIAN_POINT('Origin',(-2.54,27.91,-0.999999999999996));
#5716=CARTESIAN_POINT('Origin',(1.11022302462516E-15,27.91,-74.7222858322736));
#5717=CARTESIAN_POINT('',(-0.499999999999999,27.91,-0.999999999999996));
#5718=CARTESIAN_POINT('Origin',(1.11022302462516E-15,27.91,-0.999999999999996));
#5719=CARTESIAN_POINT('Origin',(2.54,27.91,-74.7222858322736));
#5720=CARTESIAN_POINT('',(2.04,27.91,-0.999999999999996));
#5721=CARTESIAN_POINT('Origin',(2.54,27.91,-0.999999999999996));
#5722=CARTESIAN_POINT('Origin',(5.08,27.91,-74.7222858322736));
#5723=CARTESIAN_POINT('',(4.58,27.91,-0.999999999999996));
#5724=CARTESIAN_POINT('Origin',(5.08,27.91,-0.999999999999996));
#5725=CARTESIAN_POINT('Origin',(7.62,27.91,-74.7222858322736));
#5726=CARTESIAN_POINT('',(7.12,27.91,-0.999999999999996));
#5727=CARTESIAN_POINT('Origin',(7.62,27.91,-0.999999999999996));
#5728=CARTESIAN_POINT('Origin',(-7.62,30.45,-74.7222858322736));
#5729=CARTESIAN_POINT('',(-8.12,30.45,-0.999999999999996));
#5730=CARTESIAN_POINT('Origin',(-7.62,30.45,-0.999999999999996));
#5731=CARTESIAN_POINT('Origin',(-5.08,30.45,-74.7222858322736));
#5732=CARTESIAN_POINT('',(-5.58,30.45,-0.999999999999996));
#5733=CARTESIAN_POINT('Origin',(-5.08,30.45,-0.999999999999996));
#5734=CARTESIAN_POINT('Origin',(-2.54,30.45,-74.7222858322736));
#5735=CARTESIAN_POINT('',(-3.04,30.45,-0.999999999999996));
#5736=CARTESIAN_POINT('Origin',(-2.54,30.45,-0.999999999999996));
#5737=CARTESIAN_POINT('Origin',(2.54,30.45,-74.7222858322736));
#5738=CARTESIAN_POINT('',(2.04,30.45,-0.999999999999996));
#5739=CARTESIAN_POINT('Origin',(2.54,30.45,-0.999999999999996));
#5740=CARTESIAN_POINT('Origin',(5.08,30.45,-74.7222858322736));
#5741=CARTESIAN_POINT('',(4.58,30.45,-0.999999999999996));
#5742=CARTESIAN_POINT('Origin',(5.08,30.45,-0.999999999999996));
#5743=CARTESIAN_POINT('Origin',(7.62,30.45,-74.7222858322736));
#5744=CARTESIAN_POINT('',(7.12,30.45,-0.999999999999996));
#5745=CARTESIAN_POINT('Origin',(7.62,30.45,-0.999999999999996));
#5746=CARTESIAN_POINT('Origin',(0.,30.45,-74.7222858322736));
#5747=CARTESIAN_POINT('',(-0.5,30.45,-0.999999999999996));
#5748=CARTESIAN_POINT('Origin',(0.,30.45,-0.999999999999996));
#5749=CARTESIAN_POINT('Origin',(9.6,-8.56846467004541,0.));
#5750=CARTESIAN_POINT('',(10.1,-8.56846467004541,-1.));
#5751=CARTESIAN_POINT('Origin',(9.6,-8.56846467004541,-1.));
#5752=CARTESIAN_POINT('Origin',(6.6,-8.56846467004541,0.));
#5753=CARTESIAN_POINT('',(7.1,-8.56846467004541,-1.));
#5754=CARTESIAN_POINT('Origin',(6.6,-8.56846467004541,-1.));
#5755=CARTESIAN_POINT('Origin',(-10.4583302491977,-12.1143593539449,0.));
#5756=CARTESIAN_POINT('',(-10.0083302491977,-12.1143593539449,-1.));
#5757=CARTESIAN_POINT('Origin',(-10.4583302491977,-12.1143593539449,-1.));
#5758=CARTESIAN_POINT('Origin',(-12.0583302491977,-14.8856406460551,0.));
#5759=CARTESIAN_POINT('',(-11.6083302491977,-14.8856406460551,-1.));
#5760=CARTESIAN_POINT('Origin',(-12.0583302491977,-14.8856406460551,-1.));
#5761=CARTESIAN_POINT('Origin',(-6.59999999999999,-31.4315353299546,0.));
#5762=CARTESIAN_POINT('',(-6.09999999999999,-31.4315353299546,-1.));
#5763=CARTESIAN_POINT('Origin',(-6.59999999999999,-31.4315353299546,-1.));
#5764=CARTESIAN_POINT('Origin',(-10.4583302491977,-9.1143593539449,0.));
#5765=CARTESIAN_POINT('',(-9.95833024919771,-9.1143593539449,-1.));
#5766=CARTESIAN_POINT('Origin',(-10.4583302491977,-9.1143593539449,-1.));
#5767=CARTESIAN_POINT('Origin',(-12.45,-28.,-74.7222858322736));
#5768=CARTESIAN_POINT('',(-13.3,-28.,-0.999999999999996));
#5769=CARTESIAN_POINT('Origin',(-12.45,-28.,-0.999999999999996));
#5770=CARTESIAN_POINT('Origin',(-12.45,0.,-74.7222858322736));
#5771=CARTESIAN_POINT('',(-13.3,-1.04094977927525E-16,-0.999999999999996));
#5772=CARTESIAN_POINT('Origin',(-12.45,0.,-0.999999999999996));
#5773=CARTESIAN_POINT('Origin',(-12.45,28.,-74.7222858322736));
#5774=CARTESIAN_POINT('',(-13.3,28.,-0.999999999999996));
#5775=CARTESIAN_POINT('Origin',(-12.45,28.,-0.999999999999996));
#5776=CARTESIAN_POINT('Origin',(12.45,28.,-74.7222858322736));
#5777=CARTESIAN_POINT('',(11.6,28.,-0.999999999999996));
#5778=CARTESIAN_POINT('Origin',(12.45,28.,-0.999999999999996));
#5779=CARTESIAN_POINT('Origin',(12.45,0.,-74.7222858322736));
#5780=CARTESIAN_POINT('',(11.6,-1.04094977927525E-16,-0.999999999999996));
#5781=CARTESIAN_POINT('Origin',(12.45,0.,-0.999999999999996));
#5782=CARTESIAN_POINT('Origin',(12.45,-28.,-74.7222858322736));
#5783=CARTESIAN_POINT('',(11.6,-28.,-0.999999999999996));
#5784=CARTESIAN_POINT('Origin',(12.45,-28.,-0.999999999999996));
#5785=CARTESIAN_POINT('Origin',(-10.,34.45,0.));
#5786=CARTESIAN_POINT('',(9.99999999999999,34.45,-1.));
#5787=CARTESIAN_POINT('Origin',(-4.44089209850063E-15,0.,-1.));
#5788=UNCERTAINTY_MEASURE_WITH_UNIT(LENGTH_MEASURE(0.01),#5792,
'DISTANCE_ACCURACY_VALUE',
'Maximum model space distance between geometric entities at asserted c
onnectivities');
#5789=UNCERTAINTY_MEASURE_WITH_UNIT(LENGTH_MEASURE(1.E-6),#5792,
'DISTANCE_ACCURACY_VALUE',
'Maximum model space distance between geometric entities at asserted c
onnectivities');
#5790=(
GEOMETRIC_REPRESENTATION_CONTEXT(3)
GLOBAL_UNCERTAINTY_ASSIGNED_CONTEXT((#5788))
GLOBAL_UNIT_ASSIGNED_CONTEXT((#5792,#5795,#5793))
REPRESENTATION_CONTEXT('','3D')
);
#5791=(
GEOMETRIC_REPRESENTATION_CONTEXT(3)
GLOBAL_UNCERTAINTY_ASSIGNED_CONTEXT((#5789))
GLOBAL_UNIT_ASSIGNED_CONTEXT((#5792,#5795,#5793))
REPRESENTATION_CONTEXT('','3D')
);
#5792=(
LENGTH_UNIT()
NAMED_UNIT(*)
SI_UNIT(.MILLI.,.METRE.)
);
#5793=(
NAMED_UNIT(*)
SI_UNIT($,.STERADIAN.)
SOLID_ANGLE_UNIT()
);
#5794=DIMENSIONAL_EXPONENTS(0.,0.,0.,0.,0.,0.,0.);
#5795=(
CONVERSION_BASED_UNIT('degree',#5797)
NAMED_UNIT(#5794)
PLANE_ANGLE_UNIT()
);
#5796=(
NAMED_UNIT(*)
PLANE_ANGLE_UNIT()
SI_UNIT($,.RADIAN.)
);
#5797=PLANE_ANGLE_MEASURE_WITH_UNIT(PLANE_ANGLE_MEASURE(0.01745329252),
#5796);
#5798=SHAPE_DEFINITION_REPRESENTATION(#5799,#5800);
#5799=PRODUCT_DEFINITION_SHAPE('',$,#5802);
#5800=SHAPE_REPRESENTATION('',(#3410),#5790);
#5801=PRODUCT_DEFINITION_CONTEXT('part definition',#5806,'design');
#5802=PRODUCT_DEFINITION('CSPB-75','CSPB-75',#5803,#5801);
#5803=PRODUCT_DEFINITION_FORMATION('',$,#5808);
#5804=PRODUCT_RELATED_PRODUCT_CATEGORY('CSPB-75','CSPB-75',(#5808));
#5805=APPLICATION_PROTOCOL_DEFINITION('international standard',
'automotive_design',2009,#5806);
#5806=APPLICATION_CONTEXT(
'Core Data for Automotive Mechanical Design Process');
#5807=PRODUCT_CONTEXT('part definition',#5806,'mechanical');
#5808=PRODUCT('CSPB-75','CSPB-75',$,(#5807));
#5809=PRESENTATION_STYLE_ASSIGNMENT((#5810));
#5810=SURFACE_STYLE_USAGE(.BOTH.,#5811);
#5811=SURFACE_SIDE_STYLE('',(#5812));
#5812=SURFACE_STYLE_FILL_AREA(#5813);
#5813=FILL_AREA_STYLE('',(#5814));
#5814=FILL_AREA_STYLE_COLOUR('',#5815);
#5815=COLOUR_RGB('',0.0509803921568627,0.615686274509804,0.0509803921568627);
ENDSEC;
END-ISO-10303-21;
